<?xml version="1.0" encoding="UTF-8"?>
<zabbix_export>
  <version>4.2</version>
  <date>2019-05-28T23:11:52Z</date>
  <groups>
    <group>
      <name>Templates/Modules</name>
    </group>
  </groups>
  <templates>
    <template>
      <template>Template Module Cisco Inventory SNMPv2</template>
      <name>Template Module Cisco Inventory SNMPv2</name>
      <description>Template Cisco Inventory version: 0.15&#13;\nMIBs used:&#13;\nENTITY-MIB&#13;\nSNMPv2-MIB</description>
      <groups>
        <group>
          <name>Templates/Modules</name>
        </group>
      </groups>
      <applications>
        <application>
          <name>Inventory</name>
        </application>
      </applications>
      <items>
        <item>
          <name>Hardware model name</name>
          <type>4</type>
          <snmp_community>{$SNMP_COMMUNITY}</snmp_community>
          <snmp_oid>1.3.6.1.2.1.47.1.1.1.1.13.1</snmp_oid>
          <key>system.hw.model</key>
          <delay>1h</delay>
          <history>2w</history>
          <trends>0</trends>
          <status>0</status>
          <value_type>1</value_type>
          <allowed_hosts/>
          <units/>
          <snmpv3_contextname/>
          <snmpv3_securityname/>
          <snmpv3_securitylevel>0</snmpv3_securitylevel>
          <snmpv3_authprotocol>0</snmpv3_authprotocol>
          <snmpv3_authpassphrase/>
          <snmpv3_privprotocol>0</snmpv3_privprotocol>
          <snmpv3_privpassphrase/>
          <params/>
          <ipmi_sensor/>
          <authtype>0</authtype>
          <username/>
          <password/>
          <publickey/>
          <privatekey/>
          <port/>
          <description>MIB: ENTITY-MIB</description>
          <inventory_link>29</inventory_link>
          <applications>
            <application>
              <name>Inventory</name>
            </application>
          </applications>
          <valuemap/>
          <logtimefmt/>
          <preprocessing/>
          <jmx_endpoint/>
          <timeout>3s</timeout>
          <url/>
          <query_fields/>
          <posts/>
          <status_codes>200</status_codes>
          <follow_redirects>1</follow_redirects>
          <post_type>0</post_type>
          <http_proxy/>
          <headers/>
          <retrieve_mode>0</retrieve_mode>
          <request_method>0</request_method>
          <output_format>0</output_format>
          <allow_traps>0</allow_traps>
          <ssl_cert_file/>
          <ssl_key_file/>
          <ssl_key_password/>
          <verify_peer>0</verify_peer>
          <verify_host>0</verify_host>
          <master_item/>
        </item>
        <item>
          <name>Hardware serial number</name>
          <type>4</type>
          <snmp_community>{$SNMP_COMMUNITY}</snmp_community>
          <snmp_oid>1.3.6.1.2.1.47.1.1.1.1.11.1</snmp_oid>
          <key>system.hw.serialnumber</key>
          <delay>1h</delay>
          <history>2w</history>
          <trends>0</trends>
          <status>0</status>
          <value_type>1</value_type>
          <allowed_hosts/>
          <units/>
          <snmpv3_contextname/>
          <snmpv3_securityname/>
          <snmpv3_securitylevel>0</snmpv3_securitylevel>
          <snmpv3_authprotocol>0</snmpv3_authprotocol>
          <snmpv3_authpassphrase/>
          <snmpv3_privprotocol>0</snmpv3_privprotocol>
          <snmpv3_privpassphrase/>
          <params/>
          <ipmi_sensor/>
          <authtype>0</authtype>
          <username/>
          <password/>
          <publickey/>
          <privatekey/>
          <port/>
          <description>MIB: ENTITY-MIB</description>
          <inventory_link>8</inventory_link>
          <applications>
            <application>
              <name>Inventory</name>
            </application>
          </applications>
          <valuemap/>
          <logtimefmt/>
          <preprocessing/>
          <jmx_endpoint/>
          <timeout>3s</timeout>
          <url/>
          <query_fields/>
          <posts/>
          <status_codes>200</status_codes>
          <follow_redirects>1</follow_redirects>
          <post_type>0</post_type>
          <http_proxy/>
          <headers/>
          <retrieve_mode>0</retrieve_mode>
          <request_method>0</request_method>
          <output_format>0</output_format>
          <allow_traps>0</allow_traps>
          <ssl_cert_file/>
          <ssl_key_file/>
          <ssl_key_password/>
          <verify_peer>0</verify_peer>
          <verify_host>0</verify_host>
          <master_item/>
        </item>
        <item>
          <name>Operating system</name>
          <type>4</type>
          <snmp_community>{$SNMP_COMMUNITY}</snmp_community>
          <snmp_oid>1.3.6.1.2.1.1.1.0</snmp_oid>
          <key>system.sw.os</key>
          <delay>1h</delay>
          <history>2w</history>
          <trends>0</trends>
          <status>0</status>
          <value_type>1</value_type>
          <allowed_hosts/>
          <units/>
          <snmpv3_contextname/>
          <snmpv3_securityname/>
          <snmpv3_securitylevel>0</snmpv3_securitylevel>
          <snmpv3_authprotocol>0</snmpv3_authprotocol>
          <snmpv3_authpassphrase/>
          <snmpv3_privprotocol>0</snmpv3_privprotocol>
          <snmpv3_privpassphrase/>
          <params/>
          <ipmi_sensor/>
          <authtype>0</authtype>
          <username/>
          <password/>
          <publickey/>
          <privatekey/>
          <port/>
          <description>MIB: SNMPv2-MIB</description>
          <inventory_link>5</inventory_link>
          <applications>
            <application>
              <name>Inventory</name>
            </application>
          </applications>
          <valuemap/>
          <logtimefmt/>
          <preprocessing>
            <step>
              <type>5</type>
              <params>Version (.+), RELEASE\n\1</params>
              <error_handler>0</error_handler>
              <error_handler_params/>
            </step>
          </preprocessing>
          <jmx_endpoint/>
          <timeout>3s</timeout>
          <url/>
          <query_fields/>
          <posts/>
          <status_codes>200</status_codes>
          <follow_redirects>1</follow_redirects>
          <post_type>0</post_type>
          <http_proxy/>
          <headers/>
          <retrieve_mode>0</retrieve_mode>
          <request_method>0</request_method>
          <output_format>0</output_format>
          <allow_traps>0</allow_traps>
          <ssl_cert_file/>
          <ssl_key_file/>
          <ssl_key_password/>
          <verify_peer>0</verify_peer>
          <verify_host>0</verify_host>
          <master_item/>
        </item>
      </items>
      <discovery_rules>
        <discovery_rule>
          <name>Entity Serial Numbers Discovery</name>
          <type>4</type>
          <snmp_community>{$SNMP_COMMUNITY}</snmp_community>
          <snmp_oid>discovery[{#ENT_CLASS},1.3.6.1.2.1.47.1.1.1.1.5,{#ENT_NAME},1.3.6.1.2.1.47.1.1.1.1.7,{#ENT_SN},1.3.6.1.2.1.47.1.1.1.1.11]</snmp_oid>
          <key>entity_sn.discovery</key>
          <delay>1h</delay>
          <status>0</status>
          <allowed_hosts/>
          <snmpv3_contextname/>
          <snmpv3_securityname/>
          <snmpv3_securitylevel>0</snmpv3_securitylevel>
          <snmpv3_authprotocol>0</snmpv3_authprotocol>
          <snmpv3_authpassphrase/>
          <snmpv3_privprotocol>0</snmpv3_privprotocol>
          <snmpv3_privpassphrase/>
          <params/>
          <ipmi_sensor/>
          <authtype>0</authtype>
          <username/>
          <password/>
          <publickey/>
          <privatekey/>
          <port/>
          <filter>
            <evaltype>1</evaltype>
            <formula/>
            <conditions>
              <condition>
                <macro>{#ENT_SN}</macro>
                <value>.+</value>
                <operator>8</operator>
                <formulaid>B</formulaid>
              </condition>
              <condition>
                <macro>{#ENT_CLASS}</macro>
                <value>[^3]</value>
                <operator>8</operator>
                <formulaid>A</formulaid>
              </condition>
            </conditions>
          </filter>
          <lifetime>30d</lifetime>
          <description/>
          <item_prototypes>
            <item_prototype>
              <name>{#ENT_NAME}: Hardware serial number</name>
              <type>4</type>
              <snmp_community>{$SNMP_COMMUNITY}</snmp_community>
              <snmp_oid>1.3.6.1.2.1.47.1.1.1.1.11.{#SNMPINDEX}</snmp_oid>
              <key>system.hw.serialnumber[entPhysicalSerialNum.{#SNMPINDEX}]</key>
              <delay>1h</delay>
              <history>2w</history>
              <trends>0</trends>
              <status>0</status>
              <value_type>1</value_type>
              <allowed_hosts/>
              <units/>
              <snmpv3_contextname/>
              <snmpv3_securityname/>
              <snmpv3_securitylevel>0</snmpv3_securitylevel>
              <snmpv3_authprotocol>0</snmpv3_authprotocol>
              <snmpv3_authpassphrase/>
              <snmpv3_privprotocol>0</snmpv3_privprotocol>
              <snmpv3_privpassphrase/>
              <params/>
              <ipmi_sensor/>
              <authtype>0</authtype>
              <username/>
              <password/>
              <publickey/>
              <privatekey/>
              <port/>
              <description>MIB: ENTITY-MIB</description>
              <inventory_link>0</inventory_link>
              <applications>
                <application>
                  <name>Inventory</name>
                </application>
              </applications>
              <valuemap/>
              <logtimefmt/>
              <preprocessing/>
              <jmx_endpoint/>
              <timeout>3s</timeout>
              <url/>
              <query_fields/>
              <posts/>
              <status_codes>200</status_codes>
              <follow_redirects>1</follow_redirects>
              <post_type>0</post_type>
              <http_proxy/>
              <headers/>
              <retrieve_mode>0</retrieve_mode>
              <request_method>0</request_method>
              <output_format>0</output_format>
              <allow_traps>0</allow_traps>
              <ssl_cert_file/>
              <ssl_key_file/>
              <ssl_key_password/>
              <verify_peer>0</verify_peer>
              <verify_host>0</verify_host>
              <application_prototypes/>
              <master_item/>
            </item_prototype>
          </item_prototypes>
          <trigger_prototypes>
            <trigger_prototype>
              <expression>{Template Module Cisco Inventory SNMPv2:system.hw.serialnumber[entPhysicalSerialNum.{#SNMPINDEX}].diff()}=1 and {Template Module Cisco Inventory SNMPv2:system.hw.serialnumber[entPhysicalSerialNum.{#SNMPINDEX}].strlen()}&gt;0</expression>
              <recovery_mode>2</recovery_mode>
              <recovery_expression/>
              <name>{#ENT_NAME}: Device has been replaced (new serial number received)</name>
              <correlation_mode>0</correlation_mode>
              <correlation_tag/>
              <url/>
              <status>0</status>
              <priority>1</priority>
              <description>Last value: {ITEM.LASTVALUE1}.&#13;\nDevice serial number has changed. Ack to close</description>
              <type>0</type>
              <manual_close>1</manual_close>
              <dependencies/>
              <tags/>
            </trigger_prototype>
          </trigger_prototypes>
          <graph_prototypes/>
          <host_prototypes/>
          <jmx_endpoint/>
          <timeout>3s</timeout>
          <url/>
          <query_fields/>
          <posts/>
          <status_codes>200</status_codes>
          <follow_redirects>1</follow_redirects>
          <post_type>0</post_type>
          <http_proxy/>
          <headers/>
          <retrieve_mode>0</retrieve_mode>
          <request_method>0</request_method>
          <allow_traps>0</allow_traps>
          <ssl_cert_file/>
          <ssl_key_file/>
          <ssl_key_password/>
          <verify_peer>0</verify_peer>
          <verify_host>0</verify_host>
          <lld_macro_paths/>
          <preprocessing/>
          <master_item/>
        </discovery_rule>
      </discovery_rules>
      <httptests/>
      <macros/>
      <templates/>
      <screens/>
      <tags/>
    </template>
  </templates>
  <triggers>
    <trigger>
      <expression>{Template Module Cisco Inventory SNMPv2:system.hw.serialnumber.diff()}=1 and {Template Module Cisco Inventory SNMPv2:system.hw.serialnumber.strlen()}&gt;0</expression>
      <recovery_mode>2</recovery_mode>
      <recovery_expression/>
      <name>Device has been replaced (new serial number received)</name>
      <correlation_mode>0</correlation_mode>
      <correlation_tag/>
      <url/>
      <status>0</status>
      <priority>1</priority>
      <description>Last value: {ITEM.LASTVALUE1}.&#13;\nDevice serial number has changed. Ack to close</description>
      <type>0</type>
      <manual_close>1</manual_close>
      <dependencies/>
      <tags/>
    </trigger>
  </triggers>
</zabbix_export>
