<?xml version="1.0" encoding="UTF-8"?>
<zabbix_export>
  <version>4.2</version>
  <date>2019-05-28T23:11:51Z</date>
  <groups>
    <group>
      <name>Templates/Modules</name>
    </group>
  </groups>
  <templates>
    <template>
      <template>Template Module Brocade_Foundry Performance SNMPv2</template>
      <name>Template Module Brocade_Foundry Performance SNMPv2</name>
      <description>Template Module Brocade_Foundry Performance version: 0.15&#13;\nMIBs used:&#13;\nFOUNDRY-SN-AGENT-MIB</description>
      <groups>
        <group>
          <name>Templates/Modules</name>
        </group>
      </groups>
      <applications>
        <application>
          <name>CPU</name>
        </application>
        <application>
          <name>Memory</name>
        </application>
      </applications>
      <items>
        <item>
          <name>CPU utilization</name>
          <type>4</type>
          <snmp_community>{$SNMP_COMMUNITY}</snmp_community>
          <snmp_oid>1.3.6.1.4.1.1991.1.1.2.1.52.0</snmp_oid>
          <key>system.cpu.util[snAgGblCpuUtil1MinAvg.0]</key>
          <delay>3m</delay>
          <history>30d</history>
          <trends>365d</trends>
          <status>0</status>
          <value_type>0</value_type>
          <allowed_hosts/>
          <units>%</units>
          <snmpv3_contextname/>
          <snmpv3_securityname/>
          <snmpv3_securitylevel>0</snmpv3_securitylevel>
          <snmpv3_authprotocol>0</snmpv3_authprotocol>
          <snmpv3_authpassphrase/>
          <snmpv3_privprotocol>0</snmpv3_privprotocol>
          <snmpv3_privpassphrase/>
          <params/>
          <ipmi_sensor/>
          <authtype>0</authtype>
          <username/>
          <password/>
          <publickey/>
          <privatekey/>
          <port/>
          <description>MIB: FOUNDRY-SN-AGENT-MIB&#13;\nThe statistics collection of 1 minute CPU utilization.</description>
          <inventory_link>0</inventory_link>
          <applications>
            <application>
              <name>CPU</name>
            </application>
          </applications>
          <valuemap/>
          <logtimefmt/>
          <preprocessing/>
          <jmx_endpoint/>
          <timeout>3s</timeout>
          <url/>
          <query_fields/>
          <posts/>
          <status_codes>200</status_codes>
          <follow_redirects>1</follow_redirects>
          <post_type>0</post_type>
          <http_proxy/>
          <headers/>
          <retrieve_mode>0</retrieve_mode>
          <request_method>0</request_method>
          <output_format>0</output_format>
          <allow_traps>0</allow_traps>
          <ssl_cert_file/>
          <ssl_key_file/>
          <ssl_key_password/>
          <verify_peer>0</verify_peer>
          <verify_host>0</verify_host>
          <master_item/>
        </item>
        <item>
          <name>Memory utilization</name>
          <type>4</type>
          <snmp_community>{$SNMP_COMMUNITY}</snmp_community>
          <snmp_oid>1.3.6.1.4.1.1991.1.1.2.1.53.0</snmp_oid>
          <key>vm.memory.pused[snAgGblDynMemUtil.0]</key>
          <delay>3m</delay>
          <history>30d</history>
          <trends>365d</trends>
          <status>0</status>
          <value_type>0</value_type>
          <allowed_hosts/>
          <units>%</units>
          <snmpv3_contextname/>
          <snmpv3_securityname/>
          <snmpv3_securitylevel>0</snmpv3_securitylevel>
          <snmpv3_authprotocol>0</snmpv3_authprotocol>
          <snmpv3_authpassphrase/>
          <snmpv3_privprotocol>0</snmpv3_privprotocol>
          <snmpv3_privpassphrase/>
          <params/>
          <ipmi_sensor/>
          <authtype>0</authtype>
          <username/>
          <password/>
          <publickey/>
          <privatekey/>
          <port/>
          <description>MIB: FOUNDRY-SN-AGENT-MIB&#13;\nThe system dynamic memory utilization, in unit of percentage.&#13;\nDeprecated: Refer to snAgSystemDRAMUtil.&#13;\nFor NI platforms, refer to snAgentBrdMemoryUtil100thPercent</description>
          <inventory_link>0</inventory_link>
          <applications>
            <application>
              <name>Memory</name>
            </application>
          </applications>
          <valuemap/>
          <logtimefmt/>
          <preprocessing/>
          <jmx_endpoint/>
          <timeout>3s</timeout>
          <url/>
          <query_fields/>
          <posts/>
          <status_codes>200</status_codes>
          <follow_redirects>1</follow_redirects>
          <post_type>0</post_type>
          <http_proxy/>
          <headers/>
          <retrieve_mode>0</retrieve_mode>
          <request_method>0</request_method>
          <output_format>0</output_format>
          <allow_traps>0</allow_traps>
          <ssl_cert_file/>
          <ssl_key_file/>
          <ssl_key_password/>
          <verify_peer>0</verify_peer>
          <verify_host>0</verify_host>
          <master_item/>
        </item>
      </items>
      <discovery_rules/>
      <httptests/>
      <macros>
        <macro>
          <macro>{$CPU_UTIL_MAX}</macro>
          <value>90</value>
        </macro>
        <macro>
          <macro>{$MEMORY_UTIL_MAX}</macro>
          <value>90</value>
        </macro>
      </macros>
      <templates/>
      <screens/>
      <tags/>
    </template>
  </templates>
  <triggers>
    <trigger>
      <expression>{Template Module Brocade_Foundry Performance SNMPv2:system.cpu.util[snAgGblCpuUtil1MinAvg.0].avg(5m)}&gt;{$CPU_UTIL_MAX}</expression>
      <recovery_mode>0</recovery_mode>
      <recovery_expression/>
      <name>High CPU utilization</name>
      <correlation_mode>0</correlation_mode>
      <correlation_tag/>
      <url/>
      <status>0</status>
      <priority>3</priority>
      <description>Last value: {ITEM.LASTVALUE1}.</description>
      <type>0</type>
      <manual_close>0</manual_close>
      <dependencies/>
      <tags/>
    </trigger>
    <trigger>
      <expression>{Template Module Brocade_Foundry Performance SNMPv2:vm.memory.pused[snAgGblDynMemUtil.0].avg(5m)}&gt;{$MEMORY_UTIL_MAX}</expression>
      <recovery_mode>0</recovery_mode>
      <recovery_expression/>
      <name>High memory utilization</name>
      <correlation_mode>0</correlation_mode>
      <correlation_tag/>
      <url/>
      <status>0</status>
      <priority>3</priority>
      <description>Last value: {ITEM.LASTVALUE1}.</description>
      <type>0</type>
      <manual_close>0</manual_close>
      <dependencies/>
      <tags/>
    </trigger>
  </triggers>
  <graphs>
    <graph>
      <name>CPU utilization</name>
      <width>900</width>
      <height>200</height>
      <yaxismin>0.0000</yaxismin>
      <yaxismax>100.0000</yaxismax>
      <show_work_period>1</show_work_period>
      <show_triggers>1</show_triggers>
      <type>0</type>
      <show_legend>1</show_legend>
      <show_3d>0</show_3d>
      <percent_left>0.0000</percent_left>
      <percent_right>0.0000</percent_right>
      <ymin_type_1>1</ymin_type_1>
      <ymax_type_1>1</ymax_type_1>
      <ymin_item_1>0</ymin_item_1>
      <ymax_item_1>0</ymax_item_1>
      <graph_items>
        <graph_item>
          <sortorder>0</sortorder>
          <drawtype>5</drawtype>
          <color>1A7C11</color>
          <yaxisside>0</yaxisside>
          <calc_fnc>2</calc_fnc>
          <type>0</type>
          <item>
            <host>Template Module Brocade_Foundry Performance SNMPv2</host>
            <key>system.cpu.util[snAgGblCpuUtil1MinAvg.0]</key>
          </item>
        </graph_item>
      </graph_items>
    </graph>
    <graph>
      <name>Memory utilization</name>
      <width>900</width>
      <height>200</height>
      <yaxismin>0.0000</yaxismin>
      <yaxismax>100.0000</yaxismax>
      <show_work_period>1</show_work_period>
      <show_triggers>1</show_triggers>
      <type>0</type>
      <show_legend>1</show_legend>
      <show_3d>0</show_3d>
      <percent_left>0.0000</percent_left>
      <percent_right>0.0000</percent_right>
      <ymin_type_1>1</ymin_type_1>
      <ymax_type_1>1</ymax_type_1>
      <ymin_item_1>0</ymin_item_1>
      <ymax_item_1>0</ymax_item_1>
      <graph_items>
        <graph_item>
          <sortorder>0</sortorder>
          <drawtype>5</drawtype>
          <color>1A7C11</color>
          <yaxisside>0</yaxisside>
          <calc_fnc>2</calc_fnc>
          <type>0</type>
          <item>
            <host>Template Module Brocade_Foundry Performance SNMPv2</host>
            <key>vm.memory.pused[snAgGblDynMemUtil.0]</key>
          </item>
        </graph_item>
      </graph_items>
    </graph>
  </graphs>
</zabbix_export>
