<?xml version="1.0" encoding="UTF-8"?>
<zabbix_export>
  <version>4.2</version>
  <date>2019-05-28T23:11:54Z</date>
  <groups>
    <group>
      <name>Templates/Network devices</name>
    </group>
  </groups>
  <templates>
    <template>
      <template>Template Net Netgear Fastpath SNMPv2</template>
      <name>Template Net Netgear Fastpath SNMPv2</name>
      <description>Template Net Netgear Fastpath version: 0.15&#13;\nOverview: https://kb.netgear.com/24352/MIBs-for-Smart-switches&#13;\nMIBs used:&#13;\nFASTPATH-SWITCHING-MIB&#13;\nFASTPATH-BOXSERVICES-PRIVATE-MIB</description>
      <groups>
        <group>
          <name>Templates/Network devices</name>
        </group>
      </groups>
      <applications>
        <application>
          <name>CPU</name>
        </application>
        <application>
          <name>Fans</name>
        </application>
        <application>
          <name>Inventory</name>
        </application>
        <application>
          <name>Memory</name>
        </application>
        <application>
          <name>Power supply</name>
        </application>
        <application>
          <name>Temperature</name>
        </application>
      </applications>
      <items>
        <item>
          <name>CPU utilization</name>
          <type>4</type>
          <snmp_community>{$SNMP_COMMUNITY}</snmp_community>
          <snmp_oid>1.3.6.1.4.1.4526.10.1.1.4.9.0</snmp_oid>
          <key>system.cpu.util[agentSwitchCpuProcessTotalUtilization.0]</key>
          <delay>3m</delay>
          <history>30d</history>
          <trends>365d</trends>
          <status>0</status>
          <value_type>0</value_type>
          <allowed_hosts/>
          <units>%</units>
          <snmpv3_contextname/>
          <snmpv3_securityname/>
          <snmpv3_securitylevel>0</snmpv3_securitylevel>
          <snmpv3_authprotocol>0</snmpv3_authprotocol>
          <snmpv3_authpassphrase/>
          <snmpv3_privprotocol>0</snmpv3_privprotocol>
          <snmpv3_privpassphrase/>
          <params/>
          <ipmi_sensor/>
          <authtype>0</authtype>
          <username/>
          <password/>
          <publickey/>
          <privatekey/>
          <port/>
          <description>MIB: FASTPATH-SWITCHING-MIB&#13;\nCPU utilization in %</description>
          <inventory_link>0</inventory_link>
          <applications>
            <application>
              <name>CPU</name>
            </application>
          </applications>
          <valuemap/>
          <logtimefmt/>
          <preprocessing>
            <step>
              <type>5</type>
              <params>60 Secs \( ([0-9\.]+)%\).+300 Secs\n\1</params>
              <error_handler>0</error_handler>
              <error_handler_params/>
            </step>
          </preprocessing>
          <jmx_endpoint/>
          <timeout>3s</timeout>
          <url/>
          <query_fields/>
          <posts/>
          <status_codes>200</status_codes>
          <follow_redirects>1</follow_redirects>
          <post_type>0</post_type>
          <http_proxy/>
          <headers/>
          <retrieve_mode>0</retrieve_mode>
          <request_method>0</request_method>
          <output_format>0</output_format>
          <allow_traps>0</allow_traps>
          <ssl_cert_file/>
          <ssl_key_file/>
          <ssl_key_password/>
          <verify_peer>0</verify_peer>
          <verify_host>0</verify_host>
          <master_item/>
        </item>
        <item>
          <name>Hardware model name</name>
          <type>4</type>
          <snmp_community>{$SNMP_COMMUNITY}</snmp_community>
          <snmp_oid>1.3.6.1.4.1.4526.10.1.1.1.3.0</snmp_oid>
          <key>system.hw.model</key>
          <delay>1h</delay>
          <history>2w</history>
          <trends>0</trends>
          <status>0</status>
          <value_type>1</value_type>
          <allowed_hosts/>
          <units/>
          <snmpv3_contextname/>
          <snmpv3_securityname/>
          <snmpv3_securitylevel>0</snmpv3_securitylevel>
          <snmpv3_authprotocol>0</snmpv3_authprotocol>
          <snmpv3_authpassphrase/>
          <snmpv3_privprotocol>0</snmpv3_privprotocol>
          <snmpv3_privpassphrase/>
          <params/>
          <ipmi_sensor/>
          <authtype>0</authtype>
          <username/>
          <password/>
          <publickey/>
          <privatekey/>
          <port/>
          <description>MIB: FASTPATH-SWITCHING-MIB</description>
          <inventory_link>29</inventory_link>
          <applications>
            <application>
              <name>Inventory</name>
            </application>
          </applications>
          <valuemap/>
          <logtimefmt/>
          <preprocessing/>
          <jmx_endpoint/>
          <timeout>3s</timeout>
          <url/>
          <query_fields/>
          <posts/>
          <status_codes>200</status_codes>
          <follow_redirects>1</follow_redirects>
          <post_type>0</post_type>
          <http_proxy/>
          <headers/>
          <retrieve_mode>0</retrieve_mode>
          <request_method>0</request_method>
          <output_format>0</output_format>
          <allow_traps>0</allow_traps>
          <ssl_cert_file/>
          <ssl_key_file/>
          <ssl_key_password/>
          <verify_peer>0</verify_peer>
          <verify_host>0</verify_host>
          <master_item/>
        </item>
        <item>
          <name>Hardware serial number</name>
          <type>4</type>
          <snmp_community>{$SNMP_COMMUNITY}</snmp_community>
          <snmp_oid>1.3.6.1.4.1.4526.10.1.1.1.4.0</snmp_oid>
          <key>system.hw.serialnumber</key>
          <delay>1h</delay>
          <history>2w</history>
          <trends>0</trends>
          <status>0</status>
          <value_type>1</value_type>
          <allowed_hosts/>
          <units/>
          <snmpv3_contextname/>
          <snmpv3_securityname/>
          <snmpv3_securitylevel>0</snmpv3_securitylevel>
          <snmpv3_authprotocol>0</snmpv3_authprotocol>
          <snmpv3_authpassphrase/>
          <snmpv3_privprotocol>0</snmpv3_privprotocol>
          <snmpv3_privpassphrase/>
          <params/>
          <ipmi_sensor/>
          <authtype>0</authtype>
          <username/>
          <password/>
          <publickey/>
          <privatekey/>
          <port/>
          <description>MIB: FASTPATH-SWITCHING-MIB&#13;\nSerial number of the switch</description>
          <inventory_link>8</inventory_link>
          <applications>
            <application>
              <name>Inventory</name>
            </application>
          </applications>
          <valuemap/>
          <logtimefmt/>
          <preprocessing/>
          <jmx_endpoint/>
          <timeout>3s</timeout>
          <url/>
          <query_fields/>
          <posts/>
          <status_codes>200</status_codes>
          <follow_redirects>1</follow_redirects>
          <post_type>0</post_type>
          <http_proxy/>
          <headers/>
          <retrieve_mode>0</retrieve_mode>
          <request_method>0</request_method>
          <output_format>0</output_format>
          <allow_traps>0</allow_traps>
          <ssl_cert_file/>
          <ssl_key_file/>
          <ssl_key_password/>
          <verify_peer>0</verify_peer>
          <verify_host>0</verify_host>
          <master_item/>
        </item>
        <item>
          <name>Operating system</name>
          <type>4</type>
          <snmp_community>{$SNMP_COMMUNITY}</snmp_community>
          <snmp_oid>1.3.6.1.4.1.4526.10.1.1.1.10.0</snmp_oid>
          <key>system.sw.os</key>
          <delay>1h</delay>
          <history>2w</history>
          <trends>0</trends>
          <status>0</status>
          <value_type>1</value_type>
          <allowed_hosts/>
          <units/>
          <snmpv3_contextname/>
          <snmpv3_securityname/>
          <snmpv3_securitylevel>0</snmpv3_securitylevel>
          <snmpv3_authprotocol>0</snmpv3_authprotocol>
          <snmpv3_authpassphrase/>
          <snmpv3_privprotocol>0</snmpv3_privprotocol>
          <snmpv3_privpassphrase/>
          <params/>
          <ipmi_sensor/>
          <authtype>0</authtype>
          <username/>
          <password/>
          <publickey/>
          <privatekey/>
          <port/>
          <description>MIB: FASTPATH-SWITCHING-MIB&#13;\nOperating System running on this unit</description>
          <inventory_link>5</inventory_link>
          <applications>
            <application>
              <name>Inventory</name>
            </application>
          </applications>
          <valuemap/>
          <logtimefmt/>
          <preprocessing/>
          <jmx_endpoint/>
          <timeout>3s</timeout>
          <url/>
          <query_fields/>
          <posts/>
          <status_codes>200</status_codes>
          <follow_redirects>1</follow_redirects>
          <post_type>0</post_type>
          <http_proxy/>
          <headers/>
          <retrieve_mode>0</retrieve_mode>
          <request_method>0</request_method>
          <output_format>0</output_format>
          <allow_traps>0</allow_traps>
          <ssl_cert_file/>
          <ssl_key_file/>
          <ssl_key_password/>
          <verify_peer>0</verify_peer>
          <verify_host>0</verify_host>
          <master_item/>
        </item>
        <item>
          <name>Available memory</name>
          <type>4</type>
          <snmp_community>{$SNMP_COMMUNITY}</snmp_community>
          <snmp_oid>1.3.6.1.4.1.4526.10.1.1.5.1.0</snmp_oid>
          <key>vm.memory.free[agentSwitchCpuProcessMemFree.0]</key>
          <delay>3m</delay>
          <history>30d</history>
          <trends>365d</trends>
          <status>0</status>
          <value_type>3</value_type>
          <allowed_hosts/>
          <units>B</units>
          <snmpv3_contextname/>
          <snmpv3_securityname/>
          <snmpv3_securitylevel>0</snmpv3_securitylevel>
          <snmpv3_authprotocol>0</snmpv3_authprotocol>
          <snmpv3_authpassphrase/>
          <snmpv3_privprotocol>0</snmpv3_privprotocol>
          <snmpv3_privpassphrase/>
          <params/>
          <ipmi_sensor/>
          <authtype>0</authtype>
          <username/>
          <password/>
          <publickey/>
          <privatekey/>
          <port/>
          <description>MIB: FASTPATH-SWITCHING-MIB&#13;\nThe total memory freed for utilization.</description>
          <inventory_link>0</inventory_link>
          <applications>
            <application>
              <name>Memory</name>
            </application>
          </applications>
          <valuemap/>
          <logtimefmt/>
          <preprocessing/>
          <jmx_endpoint/>
          <timeout>3s</timeout>
          <url/>
          <query_fields/>
          <posts/>
          <status_codes>200</status_codes>
          <follow_redirects>1</follow_redirects>
          <post_type>0</post_type>
          <http_proxy/>
          <headers/>
          <retrieve_mode>0</retrieve_mode>
          <request_method>0</request_method>
          <output_format>0</output_format>
          <allow_traps>0</allow_traps>
          <ssl_cert_file/>
          <ssl_key_file/>
          <ssl_key_password/>
          <verify_peer>0</verify_peer>
          <verify_host>0</verify_host>
          <master_item/>
        </item>
        <item>
          <name>Memory utilization</name>
          <type>15</type>
          <snmp_community/>
          <snmp_oid/>
          <key>vm.memory.pused[memoryUsedPercentage.0]</key>
          <delay>3m</delay>
          <history>30d</history>
          <trends>365d</trends>
          <status>0</status>
          <value_type>0</value_type>
          <allowed_hosts/>
          <units>%</units>
          <snmpv3_contextname/>
          <snmpv3_securityname/>
          <snmpv3_securitylevel>0</snmpv3_securitylevel>
          <snmpv3_authprotocol>0</snmpv3_authprotocol>
          <snmpv3_authpassphrase/>
          <snmpv3_privprotocol>0</snmpv3_privprotocol>
          <snmpv3_privpassphrase/>
          <params>((last(vm.memory.total[agentSwitchCpuProcessMemAvailable.0])-last(vm.memory.free[agentSwitchCpuProcessMemFree.0]))/last(vm.memory.total[agentSwitchCpuProcessMemAvailable.0]))*100</params>
          <ipmi_sensor/>
          <authtype>0</authtype>
          <username/>
          <password/>
          <publickey/>
          <privatekey/>
          <port/>
          <description>Memory utilization in %</description>
          <inventory_link>0</inventory_link>
          <applications>
            <application>
              <name>Memory</name>
            </application>
          </applications>
          <valuemap/>
          <logtimefmt/>
          <preprocessing/>
          <jmx_endpoint/>
          <timeout>3s</timeout>
          <url/>
          <query_fields/>
          <posts/>
          <status_codes>200</status_codes>
          <follow_redirects>1</follow_redirects>
          <post_type>0</post_type>
          <http_proxy/>
          <headers/>
          <retrieve_mode>0</retrieve_mode>
          <request_method>0</request_method>
          <output_format>0</output_format>
          <allow_traps>0</allow_traps>
          <ssl_cert_file/>
          <ssl_key_file/>
          <ssl_key_password/>
          <verify_peer>0</verify_peer>
          <verify_host>0</verify_host>
          <master_item/>
        </item>
        <item>
          <name>Total memory</name>
          <type>4</type>
          <snmp_community>{$SNMP_COMMUNITY}</snmp_community>
          <snmp_oid>1.3.6.1.4.1.4526.10.1.1.5.2.0</snmp_oid>
          <key>vm.memory.total[agentSwitchCpuProcessMemAvailable.0]</key>
          <delay>3m</delay>
          <history>30d</history>
          <trends>365d</trends>
          <status>0</status>
          <value_type>3</value_type>
          <allowed_hosts/>
          <units>B</units>
          <snmpv3_contextname/>
          <snmpv3_securityname/>
          <snmpv3_securitylevel>0</snmpv3_securitylevel>
          <snmpv3_authprotocol>0</snmpv3_authprotocol>
          <snmpv3_authpassphrase/>
          <snmpv3_privprotocol>0</snmpv3_privprotocol>
          <snmpv3_privpassphrase/>
          <params/>
          <ipmi_sensor/>
          <authtype>0</authtype>
          <username/>
          <password/>
          <publickey/>
          <privatekey/>
          <port/>
          <description>MIB: FASTPATH-SWITCHING-MIB&#13;\nThe total Memory allocated for the tasks</description>
          <inventory_link>0</inventory_link>
          <applications>
            <application>
              <name>Memory</name>
            </application>
          </applications>
          <valuemap/>
          <logtimefmt/>
          <preprocessing/>
          <jmx_endpoint/>
          <timeout>3s</timeout>
          <url/>
          <query_fields/>
          <posts/>
          <status_codes>200</status_codes>
          <follow_redirects>1</follow_redirects>
          <post_type>0</post_type>
          <http_proxy/>
          <headers/>
          <retrieve_mode>0</retrieve_mode>
          <request_method>0</request_method>
          <output_format>0</output_format>
          <allow_traps>0</allow_traps>
          <ssl_cert_file/>
          <ssl_key_file/>
          <ssl_key_password/>
          <verify_peer>0</verify_peer>
          <verify_host>0</verify_host>
          <master_item/>
        </item>
      </items>
      <discovery_rules>
        <discovery_rule>
          <name>FAN Discovery</name>
          <type>4</type>
          <snmp_community>{$SNMP_COMMUNITY}</snmp_community>
          <snmp_oid>discovery[{#SNMPVALUE},1.3.6.1.4.1.4526.10.43.1.6.1.1]</snmp_oid>
          <key>fan.discovery</key>
          <delay>1h</delay>
          <status>0</status>
          <allowed_hosts/>
          <snmpv3_contextname/>
          <snmpv3_securityname/>
          <snmpv3_securitylevel>0</snmpv3_securitylevel>
          <snmpv3_authprotocol>0</snmpv3_authprotocol>
          <snmpv3_authpassphrase/>
          <snmpv3_privprotocol>0</snmpv3_privprotocol>
          <snmpv3_privpassphrase/>
          <params/>
          <ipmi_sensor/>
          <authtype>0</authtype>
          <username/>
          <password/>
          <publickey/>
          <privatekey/>
          <port/>
          <filter>
            <evaltype>0</evaltype>
            <formula/>
            <conditions/>
          </filter>
          <lifetime>30d</lifetime>
          <description>FASTPATH-BOXSERVICES-PRIVATE-MIB::1.3.6.1.4.1.4526.10.43.1.6.1.1</description>
          <item_prototypes>
            <item_prototype>
              <name>#{#SNMPVALUE}: Fan status</name>
              <type>4</type>
              <snmp_community>{$SNMP_COMMUNITY}</snmp_community>
              <snmp_oid>1.3.6.1.4.1.4526.10.43.1.6.1.3.{#SNMPINDEX}</snmp_oid>
              <key>sensor.fan.status[boxServicesFanItemState.{#SNMPINDEX}]</key>
              <delay>3m</delay>
              <history>2w</history>
              <trends>0d</trends>
              <status>0</status>
              <value_type>3</value_type>
              <allowed_hosts/>
              <units/>
              <snmpv3_contextname/>
              <snmpv3_securityname/>
              <snmpv3_securitylevel>0</snmpv3_securitylevel>
              <snmpv3_authprotocol>0</snmpv3_authprotocol>
              <snmpv3_authpassphrase/>
              <snmpv3_privprotocol>0</snmpv3_privprotocol>
              <snmpv3_privpassphrase/>
              <params/>
              <ipmi_sensor/>
              <authtype>0</authtype>
              <username/>
              <password/>
              <publickey/>
              <privatekey/>
              <port/>
              <description>MIB: FASTPATH-BOXSERVICES-PRIVATE-MIB&#13;\nThe status of fan</description>
              <inventory_link>0</inventory_link>
              <applications>
                <application>
                  <name>Fans</name>
                </application>
              </applications>
              <valuemap>
                <name>FASTPATH-BOXSERVICES-PRIVATE-MIB::boxServicesFanItemState</name>
              </valuemap>
              <logtimefmt/>
              <preprocessing/>
              <jmx_endpoint/>
              <timeout>3s</timeout>
              <url/>
              <query_fields/>
              <posts/>
              <status_codes>200</status_codes>
              <follow_redirects>1</follow_redirects>
              <post_type>0</post_type>
              <http_proxy/>
              <headers/>
              <retrieve_mode>0</retrieve_mode>
              <request_method>0</request_method>
              <output_format>0</output_format>
              <allow_traps>0</allow_traps>
              <ssl_cert_file/>
              <ssl_key_file/>
              <ssl_key_password/>
              <verify_peer>0</verify_peer>
              <verify_host>0</verify_host>
              <application_prototypes/>
              <master_item/>
            </item_prototype>
          </item_prototypes>
          <trigger_prototypes>
            <trigger_prototype>
              <expression>{Template Net Netgear Fastpath SNMPv2:sensor.fan.status[boxServicesFanItemState.{#SNMPINDEX}].count(#1,{$FAN_CRIT_STATUS:"failed"},eq)}=1</expression>
              <recovery_mode>0</recovery_mode>
              <recovery_expression/>
              <name>#{#SNMPVALUE}: Fan is in critical state</name>
              <correlation_mode>0</correlation_mode>
              <correlation_tag/>
              <url/>
              <status>0</status>
              <priority>3</priority>
              <description>Last value: {ITEM.LASTVALUE1}.&#13;\nPlease check the fan unit</description>
              <type>0</type>
              <manual_close>0</manual_close>
              <dependencies/>
              <tags/>
            </trigger_prototype>
          </trigger_prototypes>
          <graph_prototypes/>
          <host_prototypes/>
          <jmx_endpoint/>
          <timeout>3s</timeout>
          <url/>
          <query_fields/>
          <posts/>
          <status_codes>200</status_codes>
          <follow_redirects>1</follow_redirects>
          <post_type>0</post_type>
          <http_proxy/>
          <headers/>
          <retrieve_mode>0</retrieve_mode>
          <request_method>0</request_method>
          <allow_traps>0</allow_traps>
          <ssl_cert_file/>
          <ssl_key_file/>
          <ssl_key_password/>
          <verify_peer>0</verify_peer>
          <verify_host>0</verify_host>
          <lld_macro_paths/>
          <preprocessing/>
          <master_item/>
        </discovery_rule>
        <discovery_rule>
          <name>PSU Discovery</name>
          <type>4</type>
          <snmp_community>{$SNMP_COMMUNITY}</snmp_community>
          <snmp_oid>discovery[{#SNMPVALUE},1.3.6.1.4.1.4526.10.43.1.7.1.1]</snmp_oid>
          <key>psu.discovery</key>
          <delay>1h</delay>
          <status>0</status>
          <allowed_hosts/>
          <snmpv3_contextname/>
          <snmpv3_securityname/>
          <snmpv3_securitylevel>0</snmpv3_securitylevel>
          <snmpv3_authprotocol>0</snmpv3_authprotocol>
          <snmpv3_authpassphrase/>
          <snmpv3_privprotocol>0</snmpv3_privprotocol>
          <snmpv3_privpassphrase/>
          <params/>
          <ipmi_sensor/>
          <authtype>0</authtype>
          <username/>
          <password/>
          <publickey/>
          <privatekey/>
          <port/>
          <filter>
            <evaltype>0</evaltype>
            <formula/>
            <conditions/>
          </filter>
          <lifetime>30d</lifetime>
          <description>FASTPATH-BOXSERVICES-PRIVATE-MIB::boxServicesPowSupplyIndex</description>
          <item_prototypes>
            <item_prototype>
              <name>#{#SNMPVALUE}: Power supply status</name>
              <type>4</type>
              <snmp_community>{$SNMP_COMMUNITY}</snmp_community>
              <snmp_oid>1.3.6.1.4.1.4526.10.43.1.7.1.3.{#SNMPINDEX}</snmp_oid>
              <key>sensor.psu.status[boxServicesPowSupplyItemState.{#SNMPINDEX}]</key>
              <delay>3m</delay>
              <history>2w</history>
              <trends>0d</trends>
              <status>0</status>
              <value_type>3</value_type>
              <allowed_hosts/>
              <units/>
              <snmpv3_contextname/>
              <snmpv3_securityname/>
              <snmpv3_securitylevel>0</snmpv3_securitylevel>
              <snmpv3_authprotocol>0</snmpv3_authprotocol>
              <snmpv3_authpassphrase/>
              <snmpv3_privprotocol>0</snmpv3_privprotocol>
              <snmpv3_privpassphrase/>
              <params/>
              <ipmi_sensor/>
              <authtype>0</authtype>
              <username/>
              <password/>
              <publickey/>
              <privatekey/>
              <port/>
              <description>MIB: FASTPATH-BOXSERVICES-PRIVATE-MIB&#13;\nThe status of power supply</description>
              <inventory_link>0</inventory_link>
              <applications>
                <application>
                  <name>Power supply</name>
                </application>
              </applications>
              <valuemap>
                <name>FASTPATH-BOXSERVICES-PRIVATE-MIB::boxServicesPowSupplyItemState</name>
              </valuemap>
              <logtimefmt/>
              <preprocessing/>
              <jmx_endpoint/>
              <timeout>3s</timeout>
              <url/>
              <query_fields/>
              <posts/>
              <status_codes>200</status_codes>
              <follow_redirects>1</follow_redirects>
              <post_type>0</post_type>
              <http_proxy/>
              <headers/>
              <retrieve_mode>0</retrieve_mode>
              <request_method>0</request_method>
              <output_format>0</output_format>
              <allow_traps>0</allow_traps>
              <ssl_cert_file/>
              <ssl_key_file/>
              <ssl_key_password/>
              <verify_peer>0</verify_peer>
              <verify_host>0</verify_host>
              <application_prototypes/>
              <master_item/>
            </item_prototype>
          </item_prototypes>
          <trigger_prototypes>
            <trigger_prototype>
              <expression>{Template Net Netgear Fastpath SNMPv2:sensor.psu.status[boxServicesPowSupplyItemState.{#SNMPINDEX}].count(#1,{$PSU_CRIT_STATUS:"failed"},eq)}=1</expression>
              <recovery_mode>0</recovery_mode>
              <recovery_expression/>
              <name>#{#SNMPVALUE}: Power supply is in critical state</name>
              <correlation_mode>0</correlation_mode>
              <correlation_tag/>
              <url/>
              <status>0</status>
              <priority>3</priority>
              <description>Last value: {ITEM.LASTVALUE1}.&#13;\nPlease check the power supply unit for errors</description>
              <type>0</type>
              <manual_close>0</manual_close>
              <dependencies/>
              <tags/>
            </trigger_prototype>
          </trigger_prototypes>
          <graph_prototypes/>
          <host_prototypes/>
          <jmx_endpoint/>
          <timeout>3s</timeout>
          <url/>
          <query_fields/>
          <posts/>
          <status_codes>200</status_codes>
          <follow_redirects>1</follow_redirects>
          <post_type>0</post_type>
          <http_proxy/>
          <headers/>
          <retrieve_mode>0</retrieve_mode>
          <request_method>0</request_method>
          <allow_traps>0</allow_traps>
          <ssl_cert_file/>
          <ssl_key_file/>
          <ssl_key_password/>
          <verify_peer>0</verify_peer>
          <verify_host>0</verify_host>
          <lld_macro_paths/>
          <preprocessing/>
          <master_item/>
        </discovery_rule>
        <discovery_rule>
          <name>Temperature Discovery</name>
          <type>4</type>
          <snmp_community>{$SNMP_COMMUNITY}</snmp_community>
          <snmp_oid>discovery[{#SNMPVALUE},1.3.6.1.4.1.4526.10.43.1.8.1.1]</snmp_oid>
          <key>temp.discovery</key>
          <delay>1h</delay>
          <status>0</status>
          <allowed_hosts/>
          <snmpv3_contextname/>
          <snmpv3_securityname/>
          <snmpv3_securitylevel>0</snmpv3_securitylevel>
          <snmpv3_authprotocol>0</snmpv3_authprotocol>
          <snmpv3_authpassphrase/>
          <snmpv3_privprotocol>0</snmpv3_privprotocol>
          <snmpv3_privpassphrase/>
          <params/>
          <ipmi_sensor/>
          <authtype>0</authtype>
          <username/>
          <password/>
          <publickey/>
          <privatekey/>
          <port/>
          <filter>
            <evaltype>0</evaltype>
            <formula/>
            <conditions/>
          </filter>
          <lifetime>30d</lifetime>
          <description>FASTPATH-BOXSERVICES-PRIVATE-MIB::boxServicesTempSensorsTable</description>
          <item_prototypes>
            <item_prototype>
              <name>#{#SNMPVALUE}: Temperature status</name>
              <type>4</type>
              <snmp_community>{$SNMP_COMMUNITY}</snmp_community>
              <snmp_oid>1.3.6.1.4.1.4526.10.43.1.8.1.3.{#SNMPINDEX}</snmp_oid>
              <key>sensor.temp.status[boxServicesTempSensorState.{#SNMPINDEX}]</key>
              <delay>3m</delay>
              <history>2w</history>
              <trends>0d</trends>
              <status>0</status>
              <value_type>3</value_type>
              <allowed_hosts/>
              <units/>
              <snmpv3_contextname/>
              <snmpv3_securityname/>
              <snmpv3_securitylevel>0</snmpv3_securitylevel>
              <snmpv3_authprotocol>0</snmpv3_authprotocol>
              <snmpv3_authpassphrase/>
              <snmpv3_privprotocol>0</snmpv3_privprotocol>
              <snmpv3_privpassphrase/>
              <params/>
              <ipmi_sensor/>
              <authtype>0</authtype>
              <username/>
              <password/>
              <publickey/>
              <privatekey/>
              <port/>
              <description>MIB: FASTPATH-BOXSERVICES-PRIVATE-MIB&#13;\nThe state of temperature sensor</description>
              <inventory_link>0</inventory_link>
              <applications>
                <application>
                  <name>Temperature</name>
                </application>
              </applications>
              <valuemap>
                <name>FASTPATH-BOXSERVICES-PRIVATE-MIB::boxServicesTempSensorState</name>
              </valuemap>
              <logtimefmt/>
              <preprocessing/>
              <jmx_endpoint/>
              <timeout>3s</timeout>
              <url/>
              <query_fields/>
              <posts/>
              <status_codes>200</status_codes>
              <follow_redirects>1</follow_redirects>
              <post_type>0</post_type>
              <http_proxy/>
              <headers/>
              <retrieve_mode>0</retrieve_mode>
              <request_method>0</request_method>
              <output_format>0</output_format>
              <allow_traps>0</allow_traps>
              <ssl_cert_file/>
              <ssl_key_file/>
              <ssl_key_password/>
              <verify_peer>0</verify_peer>
              <verify_host>0</verify_host>
              <application_prototypes/>
              <master_item/>
            </item_prototype>
            <item_prototype>
              <name>#{#SNMPVALUE}: Temperature</name>
              <type>4</type>
              <snmp_community>{$SNMP_COMMUNITY}</snmp_community>
              <snmp_oid>1.3.6.1.4.1.4526.10.43.1.8.1.5.{#SNMPINDEX}</snmp_oid>
              <key>sensor.temp.value[boxServicesTempSensorTemperature.{#SNMPINDEX}]</key>
              <delay>3m</delay>
              <history>30d</history>
              <trends>365d</trends>
              <status>0</status>
              <value_type>0</value_type>
              <allowed_hosts/>
              <units>\u00b0C</units>
              <snmpv3_contextname/>
              <snmpv3_securityname/>
              <snmpv3_securitylevel>0</snmpv3_securitylevel>
              <snmpv3_authprotocol>0</snmpv3_authprotocol>
              <snmpv3_authpassphrase/>
              <snmpv3_privprotocol>0</snmpv3_privprotocol>
              <snmpv3_privpassphrase/>
              <params/>
              <ipmi_sensor/>
              <authtype>0</authtype>
              <username/>
              <password/>
              <publickey/>
              <privatekey/>
              <port/>
              <description>MIB: FASTPATH-BOXSERVICES-PRIVATE-MIB&#13;\nThe temperature value reported by sensor</description>
              <inventory_link>0</inventory_link>
              <applications>
                <application>
                  <name>Temperature</name>
                </application>
              </applications>
              <valuemap/>
              <logtimefmt/>
              <preprocessing/>
              <jmx_endpoint/>
              <timeout>3s</timeout>
              <url/>
              <query_fields/>
              <posts/>
              <status_codes>200</status_codes>
              <follow_redirects>1</follow_redirects>
              <post_type>0</post_type>
              <http_proxy/>
              <headers/>
              <retrieve_mode>0</retrieve_mode>
              <request_method>0</request_method>
              <output_format>0</output_format>
              <allow_traps>0</allow_traps>
              <ssl_cert_file/>
              <ssl_key_file/>
              <ssl_key_password/>
              <verify_peer>0</verify_peer>
              <verify_host>0</verify_host>
              <application_prototypes/>
              <master_item/>
            </item_prototype>
          </item_prototypes>
          <trigger_prototypes>
            <trigger_prototype>
              <expression>{Template Net Netgear Fastpath SNMPv2:sensor.temp.value[boxServicesTempSensorTemperature.{#SNMPINDEX}].avg(5m)}&gt;{$TEMP_CRIT:""}&#13;\nor&#13;\n{Template Net Netgear Fastpath SNMPv2:sensor.temp.status[boxServicesTempSensorState.{#SNMPINDEX}].last(0)}={$TEMP_CRIT_STATUS}</expression>
              <recovery_mode>1</recovery_mode>
              <recovery_expression>{Template Net Netgear Fastpath SNMPv2:sensor.temp.value[boxServicesTempSensorTemperature.{#SNMPINDEX}].max(5m)}&lt;{$TEMP_CRIT:""}-3</recovery_expression>
              <name>#{#SNMPVALUE}: Temperature is above critical threshold: &gt;{$TEMP_CRIT:""}</name>
              <correlation_mode>0</correlation_mode>
              <correlation_tag/>
              <url/>
              <status>0</status>
              <priority>4</priority>
              <description>Last value: {ITEM.LASTVALUE1}.&#13;\nThis trigger uses temperature sensor values as well as temperature sensor status if available</description>
              <type>0</type>
              <manual_close>0</manual_close>
              <dependencies/>
              <tags/>
            </trigger_prototype>
            <trigger_prototype>
              <expression>{Template Net Netgear Fastpath SNMPv2:sensor.temp.value[boxServicesTempSensorTemperature.{#SNMPINDEX}].avg(5m)}&gt;{$TEMP_WARN:""}&#13;\nor&#13;\n{Template Net Netgear Fastpath SNMPv2:sensor.temp.status[boxServicesTempSensorState.{#SNMPINDEX}].last(0)}={$TEMP_WARN_STATUS}</expression>
              <recovery_mode>1</recovery_mode>
              <recovery_expression>{Template Net Netgear Fastpath SNMPv2:sensor.temp.value[boxServicesTempSensorTemperature.{#SNMPINDEX}].max(5m)}&lt;{$TEMP_WARN:""}-3</recovery_expression>
              <name>#{#SNMPVALUE}: Temperature is above warning threshold: &gt;{$TEMP_WARN:""}</name>
              <correlation_mode>0</correlation_mode>
              <correlation_tag/>
              <url/>
              <status>0</status>
              <priority>2</priority>
              <description>Last value: {ITEM.LASTVALUE1}.&#13;\nThis trigger uses temperature sensor values as well as temperature sensor status if available</description>
              <type>0</type>
              <manual_close>0</manual_close>
              <dependencies>
                <dependency>
                  <name>#{#SNMPVALUE}: Temperature is above critical threshold: &gt;{$TEMP_CRIT:""}</name>
                  <expression>{Template Net Netgear Fastpath SNMPv2:sensor.temp.value[boxServicesTempSensorTemperature.{#SNMPINDEX}].avg(5m)}&gt;{$TEMP_CRIT:""}&#13;\nor&#13;\n{Template Net Netgear Fastpath SNMPv2:sensor.temp.status[boxServicesTempSensorState.{#SNMPINDEX}].last(0)}={$TEMP_CRIT_STATUS}</expression>
                  <recovery_expression>{Template Net Netgear Fastpath SNMPv2:sensor.temp.value[boxServicesTempSensorTemperature.{#SNMPINDEX}].max(5m)}&lt;{$TEMP_CRIT:""}-3</recovery_expression>
                </dependency>
              </dependencies>
              <tags/>
            </trigger_prototype>
            <trigger_prototype>
              <expression>{Template Net Netgear Fastpath SNMPv2:sensor.temp.value[boxServicesTempSensorTemperature.{#SNMPINDEX}].avg(5m)}&lt;{$TEMP_CRIT_LOW:""}</expression>
              <recovery_mode>1</recovery_mode>
              <recovery_expression>{Template Net Netgear Fastpath SNMPv2:sensor.temp.value[boxServicesTempSensorTemperature.{#SNMPINDEX}].min(5m)}&gt;{$TEMP_CRIT_LOW:""}+3</recovery_expression>
              <name>#{#SNMPVALUE}: Temperature is too low: &lt;{$TEMP_CRIT_LOW:""}</name>
              <correlation_mode>0</correlation_mode>
              <correlation_tag/>
              <url/>
              <status>0</status>
              <priority>3</priority>
              <description>Last value: {ITEM.LASTVALUE1}.</description>
              <type>0</type>
              <manual_close>0</manual_close>
              <dependencies/>
              <tags/>
            </trigger_prototype>
          </trigger_prototypes>
          <graph_prototypes/>
          <host_prototypes/>
          <jmx_endpoint/>
          <timeout>3s</timeout>
          <url/>
          <query_fields/>
          <posts/>
          <status_codes>200</status_codes>
          <follow_redirects>1</follow_redirects>
          <post_type>0</post_type>
          <http_proxy/>
          <headers/>
          <retrieve_mode>0</retrieve_mode>
          <request_method>0</request_method>
          <allow_traps>0</allow_traps>
          <ssl_cert_file/>
          <ssl_key_file/>
          <ssl_key_password/>
          <verify_peer>0</verify_peer>
          <verify_host>0</verify_host>
          <lld_macro_paths/>
          <preprocessing/>
          <master_item/>
        </discovery_rule>
      </discovery_rules>
      <httptests/>
      <macros>
        <macro>
          <macro>{$CPU_UTIL_MAX}</macro>
          <value>90</value>
        </macro>
        <macro>
          <macro>{$FAN_CRIT_STATUS:"failed"}</macro>
          <value>2</value>
        </macro>
        <macro>
          <macro>{$MEMORY_UTIL_MAX}</macro>
          <value>90</value>
        </macro>
        <macro>
          <macro>{$PSU_CRIT_STATUS:"failed"}</macro>
          <value>2</value>
        </macro>
        <macro>
          <macro>{$TEMP_CRIT}</macro>
          <value>60</value>
        </macro>
        <macro>
          <macro>{$TEMP_CRIT_LOW}</macro>
          <value>5</value>
        </macro>
        <macro>
          <macro>{$TEMP_CRIT_STATUS}</macro>
          <value>3</value>
        </macro>
        <macro>
          <macro>{$TEMP_WARN}</macro>
          <value>50</value>
        </macro>
        <macro>
          <macro>{$TEMP_WARN_STATUS}</macro>
          <value>2</value>
        </macro>
      </macros>
      <templates>
        <template>
          <name>Template Module Generic SNMPv2</name>
        </template>
        <template>
          <name>Template Module Interfaces SNMPv2</name>
        </template>
      </templates>
      <screens/>
      <tags/>
    </template>
  </templates>
  <triggers>
    <trigger>
      <expression>{Template Net Netgear Fastpath SNMPv2:system.hw.serialnumber.diff()}=1 and {Template Net Netgear Fastpath SNMPv2:system.hw.serialnumber.strlen()}&gt;0</expression>
      <recovery_mode>2</recovery_mode>
      <recovery_expression/>
      <name>Device has been replaced (new serial number received)</name>
      <correlation_mode>0</correlation_mode>
      <correlation_tag/>
      <url/>
      <status>0</status>
      <priority>1</priority>
      <description>Last value: {ITEM.LASTVALUE1}.&#13;\nDevice serial number has changed. Ack to close</description>
      <type>0</type>
      <manual_close>1</manual_close>
      <dependencies/>
      <tags/>
    </trigger>
    <trigger>
      <expression>{Template Net Netgear Fastpath SNMPv2:system.cpu.util[agentSwitchCpuProcessTotalUtilization.0].avg(5m)}&gt;{$CPU_UTIL_MAX}</expression>
      <recovery_mode>0</recovery_mode>
      <recovery_expression/>
      <name>High CPU utilization</name>
      <correlation_mode>0</correlation_mode>
      <correlation_tag/>
      <url/>
      <status>0</status>
      <priority>3</priority>
      <description>Last value: {ITEM.LASTVALUE1}.</description>
      <type>0</type>
      <manual_close>0</manual_close>
      <dependencies/>
      <tags/>
    </trigger>
    <trigger>
      <expression>{Template Net Netgear Fastpath SNMPv2:vm.memory.pused[memoryUsedPercentage.0].avg(5m)}&gt;{$MEMORY_UTIL_MAX}</expression>
      <recovery_mode>0</recovery_mode>
      <recovery_expression/>
      <name>High memory utilization</name>
      <correlation_mode>0</correlation_mode>
      <correlation_tag/>
      <url/>
      <status>0</status>
      <priority>3</priority>
      <description>Last value: {ITEM.LASTVALUE1}.</description>
      <type>0</type>
      <manual_close>0</manual_close>
      <dependencies/>
      <tags/>
    </trigger>
  </triggers>
  <graphs>
    <graph>
      <name>CPU utilization</name>
      <width>900</width>
      <height>200</height>
      <yaxismin>0.0000</yaxismin>
      <yaxismax>100.0000</yaxismax>
      <show_work_period>1</show_work_period>
      <show_triggers>1</show_triggers>
      <type>0</type>
      <show_legend>1</show_legend>
      <show_3d>0</show_3d>
      <percent_left>0.0000</percent_left>
      <percent_right>0.0000</percent_right>
      <ymin_type_1>1</ymin_type_1>
      <ymax_type_1>1</ymax_type_1>
      <ymin_item_1>0</ymin_item_1>
      <ymax_item_1>0</ymax_item_1>
      <graph_items>
        <graph_item>
          <sortorder>0</sortorder>
          <drawtype>5</drawtype>
          <color>1A7C11</color>
          <yaxisside>0</yaxisside>
          <calc_fnc>2</calc_fnc>
          <type>0</type>
          <item>
            <host>Template Net Netgear Fastpath SNMPv2</host>
            <key>system.cpu.util[agentSwitchCpuProcessTotalUtilization.0]</key>
          </item>
        </graph_item>
      </graph_items>
    </graph>
    <graph>
      <name>Memory utilization</name>
      <width>900</width>
      <height>200</height>
      <yaxismin>0.0000</yaxismin>
      <yaxismax>100.0000</yaxismax>
      <show_work_period>1</show_work_period>
      <show_triggers>1</show_triggers>
      <type>0</type>
      <show_legend>1</show_legend>
      <show_3d>0</show_3d>
      <percent_left>0.0000</percent_left>
      <percent_right>0.0000</percent_right>
      <ymin_type_1>1</ymin_type_1>
      <ymax_type_1>1</ymax_type_1>
      <ymin_item_1>0</ymin_item_1>
      <ymax_item_1>0</ymax_item_1>
      <graph_items>
        <graph_item>
          <sortorder>0</sortorder>
          <drawtype>5</drawtype>
          <color>1A7C11</color>
          <yaxisside>0</yaxisside>
          <calc_fnc>2</calc_fnc>
          <type>0</type>
          <item>
            <host>Template Net Netgear Fastpath SNMPv2</host>
            <key>vm.memory.pused[memoryUsedPercentage.0]</key>
          </item>
        </graph_item>
      </graph_items>
    </graph>
  </graphs>
  <value_maps>
    <value_map>
      <name>FASTPATH-BOXSERVICES-PRIVATE-MIB::boxServicesFanItemState</name>
      <mappings>
        <mapping>
          <value>1</value>
          <newvalue>operational</newvalue>
        </mapping>
        <mapping>
          <value>2</value>
          <newvalue>failed</newvalue>
        </mapping>
        <mapping>
          <value>3</value>
          <newvalue>powering</newvalue>
        </mapping>
        <mapping>
          <value>4</value>
          <newvalue>notpowering</newvalue>
        </mapping>
        <mapping>
          <value>5</value>
          <newvalue>notpresent</newvalue>
        </mapping>
      </mappings>
    </value_map>
    <value_map>
      <name>FASTPATH-BOXSERVICES-PRIVATE-MIB::boxServicesPowSupplyItemState</name>
      <mappings>
        <mapping>
          <value>1</value>
          <newvalue>operational</newvalue>
        </mapping>
        <mapping>
          <value>2</value>
          <newvalue>failed</newvalue>
        </mapping>
        <mapping>
          <value>3</value>
          <newvalue>powering</newvalue>
        </mapping>
        <mapping>
          <value>4</value>
          <newvalue>notpowering</newvalue>
        </mapping>
        <mapping>
          <value>5</value>
          <newvalue>notpresent</newvalue>
        </mapping>
      </mappings>
    </value_map>
    <value_map>
      <name>FASTPATH-BOXSERVICES-PRIVATE-MIB::boxServicesTempSensorState</name>
      <mappings>
        <mapping>
          <value>1</value>
          <newvalue>normal</newvalue>
        </mapping>
        <mapping>
          <value>2</value>
          <newvalue>warning</newvalue>
        </mapping>
        <mapping>
          <value>3</value>
          <newvalue>critical</newvalue>
        </mapping>
        <mapping>
          <value>4</value>
          <newvalue>shutdown</newvalue>
        </mapping>
        <mapping>
          <value>5</value>
          <newvalue>notpresent</newvalue>
        </mapping>
        <mapping>
          <value>6</value>
          <newvalue>notoperational</newvalue>
        </mapping>
      </mappings>
    </value_map>
  </value_maps>
</zabbix_export>
