<?xml version="1.0" encoding="UTF-8"?>
<zabbix_export>
  <version>4.2</version>
  <date>2019-05-28T23:11:53Z</date>
  <groups>
    <group>
      <name>Templates/Network devices</name>
    </group>
  </groups>
  <templates>
    <template>
      <template>Template Net Network Generic Device SNMPv2</template>
      <name>Template Net Network Generic Device SNMPv2</name>
      <description>Template Net Network Generic Device version: 0.15&#13;\nOverview: Use this template if you can't find the template for specific vendor or device family.</description>
      <groups>
        <group>
          <name>Templates/Network devices</name>
        </group>
      </groups>
      <applications/>
      <items/>
      <discovery_rules/>
      <httptests/>
      <macros/>
      <templates>
        <template>
          <name>Template Module EtherLike-MIB SNMPv2</name>
        </template>
        <template>
          <name>Template Module Generic SNMPv2</name>
        </template>
        <template>
          <name>Template Module Interfaces Simple SNMPv2</name>
        </template>
      </templates>
      <screens/>
      <tags/>
    </template>
  </templates>
</zabbix_export>
