<?xml version="1.0" encoding="UTF-8"?>
<zabbix_export>
  <version>4.2</version>
  <date>2019-05-28T23:11:47Z</date>
  <groups>
    <group>
      <name>Templates/Modules</name>
    </group>
  </groups>
  <templates>
    <template>
      <template>Template App IMAP Service</template>
      <name>Template App IMAP Service</name>
      <description/>
      <groups>
        <group>
          <name>Templates/Modules</name>
        </group>
      </groups>
      <applications>
        <application>
          <name>IMAP service</name>
        </application>
      </applications>
      <items>
        <item>
          <name>IMAP service is running</name>
          <type>3</type>
          <snmp_community/>
          <snmp_oid/>
          <key>net.tcp.service[imap]</key>
          <delay>1m</delay>
          <history>1w</history>
          <trends>365d</trends>
          <status>0</status>
          <value_type>3</value_type>
          <allowed_hosts/>
          <units/>
          <snmpv3_contextname/>
          <snmpv3_securityname/>
          <snmpv3_securitylevel>0</snmpv3_securitylevel>
          <snmpv3_authprotocol>0</snmpv3_authprotocol>
          <snmpv3_authpassphrase/>
          <snmpv3_privprotocol>0</snmpv3_privprotocol>
          <snmpv3_privpassphrase/>
          <params/>
          <ipmi_sensor/>
          <authtype>0</authtype>
          <username/>
          <password/>
          <publickey/>
          <privatekey/>
          <port/>
          <description/>
          <inventory_link>0</inventory_link>
          <applications>
            <application>
              <name>IMAP service</name>
            </application>
          </applications>
          <valuemap>
            <name>Service state</name>
          </valuemap>
          <logtimefmt/>
          <preprocessing/>
          <jmx_endpoint/>
          <timeout>3s</timeout>
          <url/>
          <query_fields/>
          <posts/>
          <status_codes>200</status_codes>
          <follow_redirects>1</follow_redirects>
          <post_type>0</post_type>
          <http_proxy/>
          <headers/>
          <retrieve_mode>0</retrieve_mode>
          <request_method>0</request_method>
          <output_format>0</output_format>
          <allow_traps>0</allow_traps>
          <ssl_cert_file/>
          <ssl_key_file/>
          <ssl_key_password/>
          <verify_peer>0</verify_peer>
          <verify_host>0</verify_host>
          <master_item/>
        </item>
      </items>
      <discovery_rules/>
      <httptests/>
      <macros/>
      <templates/>
      <screens/>
      <tags/>
    </template>
  </templates>
  <triggers>
    <trigger>
      <expression>{Template App IMAP Service:net.tcp.service[imap].max(#3)}=0</expression>
      <recovery_mode>0</recovery_mode>
      <recovery_expression/>
      <name>IMAP service is down on {HOST.NAME}</name>
      <correlation_mode>0</correlation_mode>
      <correlation_tag/>
      <url/>
      <status>0</status>
      <priority>3</priority>
      <description/>
      <type>0</type>
      <manual_close>0</manual_close>
      <dependencies/>
      <tags/>
    </trigger>
  </triggers>
  <value_maps>
    <value_map>
      <name>Service state</name>
      <mappings>
        <mapping>
          <value>0</value>
          <newvalue>Down</newvalue>
        </mapping>
        <mapping>
          <value>1</value>
          <newvalue>Up</newvalue>
        </mapping>
      </mappings>
    </value_map>
  </value_maps>
</zabbix_export>
