<?xml version="1.0" encoding="UTF-8"?>
<zabbix_export>
  <version>4.2</version>
  <date>2019-05-28T23:11:54Z</date>
  <groups>
    <group>
      <name>Templates/Network devices</name>
    </group>
  </groups>
  <templates>
    <template>
      <template>Template Net QTech QSW SNMPv2</template>
      <name>Template Net QTech QSW SNMPv2</name>
      <description>Template Net QTech QSW version: 0.15&#13;\nMIBs used:&#13;\nQTECH-MIB&#13;\nENTITY-MIB</description>
      <groups>
        <group>
          <name>Templates/Network devices</name>
        </group>
      </groups>
      <applications>
        <application>
          <name>CPU</name>
        </application>
        <application>
          <name>Inventory</name>
        </application>
        <application>
          <name>Memory</name>
        </application>
      </applications>
      <items>
        <item>
          <name>CPU utilization</name>
          <type>4</type>
          <snmp_community>{$SNMP_COMMUNITY}</snmp_community>
          <snmp_oid>1.3.6.1.4.1.27514.100.1.11.10.0</snmp_oid>
          <key>system.cpu.util[switchCpuUsage.0]</key>
          <delay>3m</delay>
          <history>30d</history>
          <trends>365d</trends>
          <status>0</status>
          <value_type>0</value_type>
          <allowed_hosts/>
          <units>%</units>
          <snmpv3_contextname/>
          <snmpv3_securityname/>
          <snmpv3_securitylevel>0</snmpv3_securitylevel>
          <snmpv3_authprotocol>0</snmpv3_authprotocol>
          <snmpv3_authpassphrase/>
          <snmpv3_privprotocol>0</snmpv3_privprotocol>
          <snmpv3_privpassphrase/>
          <params/>
          <ipmi_sensor/>
          <authtype>0</authtype>
          <username/>
          <password/>
          <publickey/>
          <privatekey/>
          <port/>
          <description>MIB: QTECH-MIB&#13;\nCPU utilization in %</description>
          <inventory_link>0</inventory_link>
          <applications>
            <application>
              <name>CPU</name>
            </application>
          </applications>
          <valuemap/>
          <logtimefmt/>
          <preprocessing/>
          <jmx_endpoint/>
          <timeout>3s</timeout>
          <url/>
          <query_fields/>
          <posts/>
          <status_codes>200</status_codes>
          <follow_redirects>1</follow_redirects>
          <post_type>0</post_type>
          <http_proxy/>
          <headers/>
          <retrieve_mode>0</retrieve_mode>
          <request_method>0</request_method>
          <output_format>0</output_format>
          <allow_traps>0</allow_traps>
          <ssl_cert_file/>
          <ssl_key_file/>
          <ssl_key_password/>
          <verify_peer>0</verify_peer>
          <verify_host>0</verify_host>
          <master_item/>
        </item>
        <item>
          <name>Firmware version</name>
          <type>4</type>
          <snmp_community>{$SNMP_COMMUNITY}</snmp_community>
          <snmp_oid>1.3.6.1.2.1.47.1.1.1.1.9.1</snmp_oid>
          <key>system.hw.firmware</key>
          <delay>1h</delay>
          <history>2w</history>
          <trends>0</trends>
          <status>0</status>
          <value_type>1</value_type>
          <allowed_hosts/>
          <units/>
          <snmpv3_contextname/>
          <snmpv3_securityname/>
          <snmpv3_securitylevel>0</snmpv3_securitylevel>
          <snmpv3_authprotocol>0</snmpv3_authprotocol>
          <snmpv3_authpassphrase/>
          <snmpv3_privprotocol>0</snmpv3_privprotocol>
          <snmpv3_privpassphrase/>
          <params/>
          <ipmi_sensor/>
          <authtype>0</authtype>
          <username/>
          <password/>
          <publickey/>
          <privatekey/>
          <port/>
          <description>MIB: ENTITY-MIB</description>
          <inventory_link>0</inventory_link>
          <applications>
            <application>
              <name>Inventory</name>
            </application>
          </applications>
          <valuemap/>
          <logtimefmt/>
          <preprocessing/>
          <jmx_endpoint/>
          <timeout>3s</timeout>
          <url/>
          <query_fields/>
          <posts/>
          <status_codes>200</status_codes>
          <follow_redirects>1</follow_redirects>
          <post_type>0</post_type>
          <http_proxy/>
          <headers/>
          <retrieve_mode>0</retrieve_mode>
          <request_method>0</request_method>
          <output_format>0</output_format>
          <allow_traps>0</allow_traps>
          <ssl_cert_file/>
          <ssl_key_file/>
          <ssl_key_password/>
          <verify_peer>0</verify_peer>
          <verify_host>0</verify_host>
          <master_item/>
        </item>
        <item>
          <name>Hardware model name</name>
          <type>4</type>
          <snmp_community>{$SNMP_COMMUNITY}</snmp_community>
          <snmp_oid>1.3.6.1.2.1.47.1.1.1.1.13.1</snmp_oid>
          <key>system.hw.model</key>
          <delay>1h</delay>
          <history>2w</history>
          <trends>0</trends>
          <status>0</status>
          <value_type>1</value_type>
          <allowed_hosts/>
          <units/>
          <snmpv3_contextname/>
          <snmpv3_securityname/>
          <snmpv3_securitylevel>0</snmpv3_securitylevel>
          <snmpv3_authprotocol>0</snmpv3_authprotocol>
          <snmpv3_authpassphrase/>
          <snmpv3_privprotocol>0</snmpv3_privprotocol>
          <snmpv3_privpassphrase/>
          <params/>
          <ipmi_sensor/>
          <authtype>0</authtype>
          <username/>
          <password/>
          <publickey/>
          <privatekey/>
          <port/>
          <description>MIB: ENTITY-MIB</description>
          <inventory_link>29</inventory_link>
          <applications>
            <application>
              <name>Inventory</name>
            </application>
          </applications>
          <valuemap/>
          <logtimefmt/>
          <preprocessing/>
          <jmx_endpoint/>
          <timeout>3s</timeout>
          <url/>
          <query_fields/>
          <posts/>
          <status_codes>200</status_codes>
          <follow_redirects>1</follow_redirects>
          <post_type>0</post_type>
          <http_proxy/>
          <headers/>
          <retrieve_mode>0</retrieve_mode>
          <request_method>0</request_method>
          <output_format>0</output_format>
          <allow_traps>0</allow_traps>
          <ssl_cert_file/>
          <ssl_key_file/>
          <ssl_key_password/>
          <verify_peer>0</verify_peer>
          <verify_host>0</verify_host>
          <master_item/>
        </item>
        <item>
          <name>Hardware serial number</name>
          <type>4</type>
          <snmp_community>{$SNMP_COMMUNITY}</snmp_community>
          <snmp_oid>1.3.6.1.2.1.47.1.1.1.1.11.1</snmp_oid>
          <key>system.hw.serialnumber</key>
          <delay>1h</delay>
          <history>2w</history>
          <trends>0</trends>
          <status>0</status>
          <value_type>1</value_type>
          <allowed_hosts/>
          <units/>
          <snmpv3_contextname/>
          <snmpv3_securityname/>
          <snmpv3_securitylevel>0</snmpv3_securitylevel>
          <snmpv3_authprotocol>0</snmpv3_authprotocol>
          <snmpv3_authpassphrase/>
          <snmpv3_privprotocol>0</snmpv3_privprotocol>
          <snmpv3_privpassphrase/>
          <params/>
          <ipmi_sensor/>
          <authtype>0</authtype>
          <username/>
          <password/>
          <publickey/>
          <privatekey/>
          <port/>
          <description>MIB: ENTITY-MIB</description>
          <inventory_link>8</inventory_link>
          <applications>
            <application>
              <name>Inventory</name>
            </application>
          </applications>
          <valuemap/>
          <logtimefmt/>
          <preprocessing/>
          <jmx_endpoint/>
          <timeout>3s</timeout>
          <url/>
          <query_fields/>
          <posts/>
          <status_codes>200</status_codes>
          <follow_redirects>1</follow_redirects>
          <post_type>0</post_type>
          <http_proxy/>
          <headers/>
          <retrieve_mode>0</retrieve_mode>
          <request_method>0</request_method>
          <output_format>0</output_format>
          <allow_traps>0</allow_traps>
          <ssl_cert_file/>
          <ssl_key_file/>
          <ssl_key_password/>
          <verify_peer>0</verify_peer>
          <verify_host>0</verify_host>
          <master_item/>
        </item>
        <item>
          <name>Hardware version(revision)</name>
          <type>4</type>
          <snmp_community>{$SNMP_COMMUNITY}</snmp_community>
          <snmp_oid>1.3.6.1.2.1.47.1.1.1.1.8.1</snmp_oid>
          <key>system.hw.version</key>
          <delay>1h</delay>
          <history>2w</history>
          <trends>0</trends>
          <status>0</status>
          <value_type>1</value_type>
          <allowed_hosts/>
          <units/>
          <snmpv3_contextname/>
          <snmpv3_securityname/>
          <snmpv3_securitylevel>0</snmpv3_securitylevel>
          <snmpv3_authprotocol>0</snmpv3_authprotocol>
          <snmpv3_authpassphrase/>
          <snmpv3_privprotocol>0</snmpv3_privprotocol>
          <snmpv3_privpassphrase/>
          <params/>
          <ipmi_sensor/>
          <authtype>0</authtype>
          <username/>
          <password/>
          <publickey/>
          <privatekey/>
          <port/>
          <description>MIB: ENTITY-MIB</description>
          <inventory_link>0</inventory_link>
          <applications>
            <application>
              <name>Inventory</name>
            </application>
          </applications>
          <valuemap/>
          <logtimefmt/>
          <preprocessing/>
          <jmx_endpoint/>
          <timeout>3s</timeout>
          <url/>
          <query_fields/>
          <posts/>
          <status_codes>200</status_codes>
          <follow_redirects>1</follow_redirects>
          <post_type>0</post_type>
          <http_proxy/>
          <headers/>
          <retrieve_mode>0</retrieve_mode>
          <request_method>0</request_method>
          <output_format>0</output_format>
          <allow_traps>0</allow_traps>
          <ssl_cert_file/>
          <ssl_key_file/>
          <ssl_key_password/>
          <verify_peer>0</verify_peer>
          <verify_host>0</verify_host>
          <master_item/>
        </item>
        <item>
          <name>Operating system</name>
          <type>4</type>
          <snmp_community>{$SNMP_COMMUNITY}</snmp_community>
          <snmp_oid>1.3.6.1.4.1.27514.100.1.3.0</snmp_oid>
          <key>system.sw.os</key>
          <delay>1h</delay>
          <history>2w</history>
          <trends>0</trends>
          <status>0</status>
          <value_type>1</value_type>
          <allowed_hosts/>
          <units/>
          <snmpv3_contextname/>
          <snmpv3_securityname/>
          <snmpv3_securitylevel>0</snmpv3_securitylevel>
          <snmpv3_authprotocol>0</snmpv3_authprotocol>
          <snmpv3_authpassphrase/>
          <snmpv3_privprotocol>0</snmpv3_privprotocol>
          <snmpv3_privpassphrase/>
          <params/>
          <ipmi_sensor/>
          <authtype>0</authtype>
          <username/>
          <password/>
          <publickey/>
          <privatekey/>
          <port/>
          <description>MIB: QTECH-MIB</description>
          <inventory_link>5</inventory_link>
          <applications>
            <application>
              <name>Inventory</name>
            </application>
          </applications>
          <valuemap/>
          <logtimefmt/>
          <preprocessing/>
          <jmx_endpoint/>
          <timeout>3s</timeout>
          <url/>
          <query_fields/>
          <posts/>
          <status_codes>200</status_codes>
          <follow_redirects>1</follow_redirects>
          <post_type>0</post_type>
          <http_proxy/>
          <headers/>
          <retrieve_mode>0</retrieve_mode>
          <request_method>0</request_method>
          <output_format>0</output_format>
          <allow_traps>0</allow_traps>
          <ssl_cert_file/>
          <ssl_key_file/>
          <ssl_key_password/>
          <verify_peer>0</verify_peer>
          <verify_host>0</verify_host>
          <master_item/>
        </item>
        <item>
          <name>Memory utilization</name>
          <type>15</type>
          <snmp_community/>
          <snmp_oid/>
          <key>vm.memory.pused[vm.memory.pused.0]</key>
          <delay>3m</delay>
          <history>30d</history>
          <trends>365d</trends>
          <status>0</status>
          <value_type>0</value_type>
          <allowed_hosts/>
          <units>%</units>
          <snmpv3_contextname/>
          <snmpv3_securityname/>
          <snmpv3_securitylevel>0</snmpv3_securitylevel>
          <snmpv3_authprotocol>0</snmpv3_authprotocol>
          <snmpv3_authpassphrase/>
          <snmpv3_privprotocol>0</snmpv3_privprotocol>
          <snmpv3_privpassphrase/>
          <params>(last(vm.memory.used[switchMemoryBusy.0])/last(vm.memory.total[switchMemorySize.0]))*100</params>
          <ipmi_sensor/>
          <authtype>0</authtype>
          <username/>
          <password/>
          <publickey/>
          <privatekey/>
          <port/>
          <description>Memory utilization in %</description>
          <inventory_link>0</inventory_link>
          <applications>
            <application>
              <name>Memory</name>
            </application>
          </applications>
          <valuemap/>
          <logtimefmt/>
          <preprocessing/>
          <jmx_endpoint/>
          <timeout>3s</timeout>
          <url/>
          <query_fields/>
          <posts/>
          <status_codes>200</status_codes>
          <follow_redirects>1</follow_redirects>
          <post_type>0</post_type>
          <http_proxy/>
          <headers/>
          <retrieve_mode>0</retrieve_mode>
          <request_method>0</request_method>
          <output_format>0</output_format>
          <allow_traps>0</allow_traps>
          <ssl_cert_file/>
          <ssl_key_file/>
          <ssl_key_password/>
          <verify_peer>0</verify_peer>
          <verify_host>0</verify_host>
          <master_item/>
        </item>
        <item>
          <name>Total memory</name>
          <type>4</type>
          <snmp_community>{$SNMP_COMMUNITY}</snmp_community>
          <snmp_oid>1.3.6.1.4.1.27514.100.1.11.6.0</snmp_oid>
          <key>vm.memory.total[switchMemorySize.0]</key>
          <delay>3m</delay>
          <history>30d</history>
          <trends>365d</trends>
          <status>0</status>
          <value_type>3</value_type>
          <allowed_hosts/>
          <units>B</units>
          <snmpv3_contextname/>
          <snmpv3_securityname/>
          <snmpv3_securitylevel>0</snmpv3_securitylevel>
          <snmpv3_authprotocol>0</snmpv3_authprotocol>
          <snmpv3_authpassphrase/>
          <snmpv3_privprotocol>0</snmpv3_privprotocol>
          <snmpv3_privpassphrase/>
          <params/>
          <ipmi_sensor/>
          <authtype>0</authtype>
          <username/>
          <password/>
          <publickey/>
          <privatekey/>
          <port/>
          <description>MIB: QTECH-MIB&#13;\nTotal memory in Bytes</description>
          <inventory_link>0</inventory_link>
          <applications>
            <application>
              <name>Memory</name>
            </application>
          </applications>
          <valuemap/>
          <logtimefmt/>
          <preprocessing/>
          <jmx_endpoint/>
          <timeout>3s</timeout>
          <url/>
          <query_fields/>
          <posts/>
          <status_codes>200</status_codes>
          <follow_redirects>1</follow_redirects>
          <post_type>0</post_type>
          <http_proxy/>
          <headers/>
          <retrieve_mode>0</retrieve_mode>
          <request_method>0</request_method>
          <output_format>0</output_format>
          <allow_traps>0</allow_traps>
          <ssl_cert_file/>
          <ssl_key_file/>
          <ssl_key_password/>
          <verify_peer>0</verify_peer>
          <verify_host>0</verify_host>
          <master_item/>
        </item>
        <item>
          <name>Used memory</name>
          <type>4</type>
          <snmp_community>{$SNMP_COMMUNITY}</snmp_community>
          <snmp_oid>1.3.6.1.4.1.27514.100.1.11.7.0</snmp_oid>
          <key>vm.memory.used[switchMemoryBusy.0]</key>
          <delay>3m</delay>
          <history>30d</history>
          <trends>365d</trends>
          <status>0</status>
          <value_type>3</value_type>
          <allowed_hosts/>
          <units>B</units>
          <snmpv3_contextname/>
          <snmpv3_securityname/>
          <snmpv3_securitylevel>0</snmpv3_securitylevel>
          <snmpv3_authprotocol>0</snmpv3_authprotocol>
          <snmpv3_authpassphrase/>
          <snmpv3_privprotocol>0</snmpv3_privprotocol>
          <snmpv3_privpassphrase/>
          <params/>
          <ipmi_sensor/>
          <authtype>0</authtype>
          <username/>
          <password/>
          <publickey/>
          <privatekey/>
          <port/>
          <description>MIB: QTECH-MIB&#13;\nUsed memory in Bytes</description>
          <inventory_link>0</inventory_link>
          <applications>
            <application>
              <name>Memory</name>
            </application>
          </applications>
          <valuemap/>
          <logtimefmt/>
          <preprocessing/>
          <jmx_endpoint/>
          <timeout>3s</timeout>
          <url/>
          <query_fields/>
          <posts/>
          <status_codes>200</status_codes>
          <follow_redirects>1</follow_redirects>
          <post_type>0</post_type>
          <http_proxy/>
          <headers/>
          <retrieve_mode>0</retrieve_mode>
          <request_method>0</request_method>
          <output_format>0</output_format>
          <allow_traps>0</allow_traps>
          <ssl_cert_file/>
          <ssl_key_file/>
          <ssl_key_password/>
          <verify_peer>0</verify_peer>
          <verify_host>0</verify_host>
          <master_item/>
        </item>
      </items>
      <discovery_rules/>
      <httptests/>
      <macros>
        <macro>
          <macro>{$CPU_UTIL_MAX}</macro>
          <value>90</value>
        </macro>
        <macro>
          <macro>{$FAN_CRIT_STATUS}</macro>
          <value>1</value>
        </macro>
        <macro>
          <macro>{$MEMORY_UTIL_MAX}</macro>
          <value>90</value>
        </macro>
        <macro>
          <macro>{$PSU_CRIT_STATUS}</macro>
          <value>1</value>
        </macro>
        <macro>
          <macro>{$TEMP_CRIT}</macro>
          <value>75</value>
        </macro>
        <macro>
          <macro>{$TEMP_WARN}</macro>
          <value>65</value>
        </macro>
      </macros>
      <templates>
        <template>
          <name>Template Module EtherLike-MIB SNMPv2</name>
        </template>
        <template>
          <name>Template Module Generic SNMPv2</name>
        </template>
        <template>
          <name>Template Module Interfaces SNMPv2</name>
        </template>
      </templates>
      <screens/>
      <tags/>
    </template>
  </templates>
  <triggers>
    <trigger>
      <expression>{Template Net QTech QSW SNMPv2:system.hw.serialnumber.diff()}=1 and {Template Net QTech QSW SNMPv2:system.hw.serialnumber.strlen()}&gt;0</expression>
      <recovery_mode>2</recovery_mode>
      <recovery_expression/>
      <name>Device has been replaced (new serial number received)</name>
      <correlation_mode>0</correlation_mode>
      <correlation_tag/>
      <url/>
      <status>0</status>
      <priority>1</priority>
      <description>Last value: {ITEM.LASTVALUE1}.&#13;\nDevice serial number has changed. Ack to close</description>
      <type>0</type>
      <manual_close>1</manual_close>
      <dependencies/>
      <tags/>
    </trigger>
    <trigger>
      <expression>{Template Net QTech QSW SNMPv2:system.hw.firmware.diff()}=1 and {Template Net QTech QSW SNMPv2:system.hw.firmware.strlen()}&gt;0</expression>
      <recovery_mode>2</recovery_mode>
      <recovery_expression/>
      <name>Firmware has changed</name>
      <correlation_mode>0</correlation_mode>
      <correlation_tag/>
      <url/>
      <status>0</status>
      <priority>1</priority>
      <description>Last value: {ITEM.LASTVALUE1}.&#13;\nFirmware version has changed. Ack to close</description>
      <type>0</type>
      <manual_close>1</manual_close>
      <dependencies/>
      <tags/>
    </trigger>
    <trigger>
      <expression>{Template Net QTech QSW SNMPv2:system.cpu.util[switchCpuUsage.0].avg(5m)}&gt;{$CPU_UTIL_MAX}</expression>
      <recovery_mode>0</recovery_mode>
      <recovery_expression/>
      <name>High CPU utilization</name>
      <correlation_mode>0</correlation_mode>
      <correlation_tag/>
      <url/>
      <status>0</status>
      <priority>3</priority>
      <description>Last value: {ITEM.LASTVALUE1}.</description>
      <type>0</type>
      <manual_close>0</manual_close>
      <dependencies/>
      <tags/>
    </trigger>
    <trigger>
      <expression>{Template Net QTech QSW SNMPv2:vm.memory.pused[vm.memory.pused.0].avg(5m)}&gt;{$MEMORY_UTIL_MAX}</expression>
      <recovery_mode>0</recovery_mode>
      <recovery_expression/>
      <name>High memory utilization</name>
      <correlation_mode>0</correlation_mode>
      <correlation_tag/>
      <url/>
      <status>0</status>
      <priority>3</priority>
      <description>Last value: {ITEM.LASTVALUE1}.</description>
      <type>0</type>
      <manual_close>0</manual_close>
      <dependencies/>
      <tags/>
    </trigger>
  </triggers>
  <graphs>
    <graph>
      <name>CPU utilization</name>
      <width>900</width>
      <height>200</height>
      <yaxismin>0.0000</yaxismin>
      <yaxismax>100.0000</yaxismax>
      <show_work_period>1</show_work_period>
      <show_triggers>1</show_triggers>
      <type>0</type>
      <show_legend>1</show_legend>
      <show_3d>0</show_3d>
      <percent_left>0.0000</percent_left>
      <percent_right>0.0000</percent_right>
      <ymin_type_1>1</ymin_type_1>
      <ymax_type_1>1</ymax_type_1>
      <ymin_item_1>0</ymin_item_1>
      <ymax_item_1>0</ymax_item_1>
      <graph_items>
        <graph_item>
          <sortorder>0</sortorder>
          <drawtype>5</drawtype>
          <color>1A7C11</color>
          <yaxisside>0</yaxisside>
          <calc_fnc>2</calc_fnc>
          <type>0</type>
          <item>
            <host>Template Net QTech QSW SNMPv2</host>
            <key>system.cpu.util[switchCpuUsage.0]</key>
          </item>
        </graph_item>
      </graph_items>
    </graph>
    <graph>
      <name>Memory utilization</name>
      <width>900</width>
      <height>200</height>
      <yaxismin>0.0000</yaxismin>
      <yaxismax>100.0000</yaxismax>
      <show_work_period>1</show_work_period>
      <show_triggers>1</show_triggers>
      <type>0</type>
      <show_legend>1</show_legend>
      <show_3d>0</show_3d>
      <percent_left>0.0000</percent_left>
      <percent_right>0.0000</percent_right>
      <ymin_type_1>1</ymin_type_1>
      <ymax_type_1>1</ymax_type_1>
      <ymin_item_1>0</ymin_item_1>
      <ymax_item_1>0</ymax_item_1>
      <graph_items>
        <graph_item>
          <sortorder>0</sortorder>
          <drawtype>5</drawtype>
          <color>1A7C11</color>
          <yaxisside>0</yaxisside>
          <calc_fnc>2</calc_fnc>
          <type>0</type>
          <item>
            <host>Template Net QTech QSW SNMPv2</host>
            <key>vm.memory.pused[vm.memory.pused.0]</key>
          </item>
        </graph_item>
      </graph_items>
    </graph>
  </graphs>
</zabbix_export>
