<?xml version="1.0" encoding="UTF-8"?>
<zabbix_export>
  <version>4.2</version>
  <date>2019-05-28T23:11:48Z</date>
  <groups>
    <group>
      <name>Templates/Server hardware</name>
    </group>
  </groups>
  <templates>
    <template>
      <template>Template Server Intel SR1530 IPMI</template>
      <name>Template Server Intel SR1530 IPMI</name>
      <description/>
      <groups>
        <group>
          <name>Templates/Server hardware</name>
        </group>
      </groups>
      <applications>
        <application>
          <name>Fans</name>
        </application>
        <application>
          <name>Temperature</name>
        </application>
        <application>
          <name>Voltage</name>
        </application>
      </applications>
      <items>
        <item>
          <name>BB +1.8V SM</name>
          <type>12</type>
          <snmp_community/>
          <snmp_oid/>
          <key>bb_1.8v_sm</key>
          <delay>1m</delay>
          <history>1w</history>
          <trends>365d</trends>
          <status>0</status>
          <value_type>0</value_type>
          <allowed_hosts/>
          <units>V</units>
          <snmpv3_contextname/>
          <snmpv3_securityname/>
          <snmpv3_securitylevel>0</snmpv3_securitylevel>
          <snmpv3_authprotocol>0</snmpv3_authprotocol>
          <snmpv3_authpassphrase/>
          <snmpv3_privprotocol>0</snmpv3_privprotocol>
          <snmpv3_privpassphrase/>
          <params/>
          <ipmi_sensor>BB +1.8V SM</ipmi_sensor>
          <authtype>0</authtype>
          <username/>
          <password/>
          <publickey/>
          <privatekey/>
          <port/>
          <description/>
          <inventory_link>0</inventory_link>
          <applications>
            <application>
              <name>Voltage</name>
            </application>
          </applications>
          <valuemap/>
          <logtimefmt/>
          <preprocessing/>
          <jmx_endpoint/>
          <timeout>3s</timeout>
          <url/>
          <query_fields/>
          <posts/>
          <status_codes>200</status_codes>
          <follow_redirects>1</follow_redirects>
          <post_type>0</post_type>
          <http_proxy/>
          <headers/>
          <retrieve_mode>0</retrieve_mode>
          <request_method>0</request_method>
          <output_format>0</output_format>
          <allow_traps>0</allow_traps>
          <ssl_cert_file/>
          <ssl_key_file/>
          <ssl_key_password/>
          <verify_peer>0</verify_peer>
          <verify_host>0</verify_host>
          <master_item/>
        </item>
        <item>
          <name>BB +3.3V</name>
          <type>12</type>
          <snmp_community/>
          <snmp_oid/>
          <key>bb_3.3v</key>
          <delay>1m</delay>
          <history>1w</history>
          <trends>365d</trends>
          <status>0</status>
          <value_type>0</value_type>
          <allowed_hosts/>
          <units>V</units>
          <snmpv3_contextname/>
          <snmpv3_securityname/>
          <snmpv3_securitylevel>0</snmpv3_securitylevel>
          <snmpv3_authprotocol>0</snmpv3_authprotocol>
          <snmpv3_authpassphrase/>
          <snmpv3_privprotocol>0</snmpv3_privprotocol>
          <snmpv3_privpassphrase/>
          <params/>
          <ipmi_sensor>BB +3.3V</ipmi_sensor>
          <authtype>0</authtype>
          <username/>
          <password/>
          <publickey/>
          <privatekey/>
          <port/>
          <description/>
          <inventory_link>0</inventory_link>
          <applications>
            <application>
              <name>Voltage</name>
            </application>
          </applications>
          <valuemap/>
          <logtimefmt/>
          <preprocessing/>
          <jmx_endpoint/>
          <timeout>3s</timeout>
          <url/>
          <query_fields/>
          <posts/>
          <status_codes>200</status_codes>
          <follow_redirects>1</follow_redirects>
          <post_type>0</post_type>
          <http_proxy/>
          <headers/>
          <retrieve_mode>0</retrieve_mode>
          <request_method>0</request_method>
          <output_format>0</output_format>
          <allow_traps>0</allow_traps>
          <ssl_cert_file/>
          <ssl_key_file/>
          <ssl_key_password/>
          <verify_peer>0</verify_peer>
          <verify_host>0</verify_host>
          <master_item/>
        </item>
        <item>
          <name>BB +3.3V STBY</name>
          <type>12</type>
          <snmp_community/>
          <snmp_oid/>
          <key>bb_3.3v_stby</key>
          <delay>1m</delay>
          <history>1w</history>
          <trends>365d</trends>
          <status>0</status>
          <value_type>0</value_type>
          <allowed_hosts/>
          <units>V</units>
          <snmpv3_contextname/>
          <snmpv3_securityname/>
          <snmpv3_securitylevel>0</snmpv3_securitylevel>
          <snmpv3_authprotocol>0</snmpv3_authprotocol>
          <snmpv3_authpassphrase/>
          <snmpv3_privprotocol>0</snmpv3_privprotocol>
          <snmpv3_privpassphrase/>
          <params/>
          <ipmi_sensor>BB +3.3V STBY</ipmi_sensor>
          <authtype>0</authtype>
          <username/>
          <password/>
          <publickey/>
          <privatekey/>
          <port/>
          <description/>
          <inventory_link>0</inventory_link>
          <applications>
            <application>
              <name>Voltage</name>
            </application>
          </applications>
          <valuemap/>
          <logtimefmt/>
          <preprocessing/>
          <jmx_endpoint/>
          <timeout>3s</timeout>
          <url/>
          <query_fields/>
          <posts/>
          <status_codes>200</status_codes>
          <follow_redirects>1</follow_redirects>
          <post_type>0</post_type>
          <http_proxy/>
          <headers/>
          <retrieve_mode>0</retrieve_mode>
          <request_method>0</request_method>
          <output_format>0</output_format>
          <allow_traps>0</allow_traps>
          <ssl_cert_file/>
          <ssl_key_file/>
          <ssl_key_password/>
          <verify_peer>0</verify_peer>
          <verify_host>0</verify_host>
          <master_item/>
        </item>
        <item>
          <name>BB +5.0V</name>
          <type>12</type>
          <snmp_community/>
          <snmp_oid/>
          <key>bb_5.0v</key>
          <delay>1m</delay>
          <history>1w</history>
          <trends>365d</trends>
          <status>0</status>
          <value_type>0</value_type>
          <allowed_hosts/>
          <units>V</units>
          <snmpv3_contextname/>
          <snmpv3_securityname/>
          <snmpv3_securitylevel>0</snmpv3_securitylevel>
          <snmpv3_authprotocol>0</snmpv3_authprotocol>
          <snmpv3_authpassphrase/>
          <snmpv3_privprotocol>0</snmpv3_privprotocol>
          <snmpv3_privpassphrase/>
          <params/>
          <ipmi_sensor>BB +5.0V</ipmi_sensor>
          <authtype>0</authtype>
          <username/>
          <password/>
          <publickey/>
          <privatekey/>
          <port/>
          <description/>
          <inventory_link>0</inventory_link>
          <applications>
            <application>
              <name>Voltage</name>
            </application>
          </applications>
          <valuemap/>
          <logtimefmt/>
          <preprocessing/>
          <jmx_endpoint/>
          <timeout>3s</timeout>
          <url/>
          <query_fields/>
          <posts/>
          <status_codes>200</status_codes>
          <follow_redirects>1</follow_redirects>
          <post_type>0</post_type>
          <http_proxy/>
          <headers/>
          <retrieve_mode>0</retrieve_mode>
          <request_method>0</request_method>
          <output_format>0</output_format>
          <allow_traps>0</allow_traps>
          <ssl_cert_file/>
          <ssl_key_file/>
          <ssl_key_password/>
          <verify_peer>0</verify_peer>
          <verify_host>0</verify_host>
          <master_item/>
        </item>
        <item>
          <name>BB Ambient Temp</name>
          <type>12</type>
          <snmp_community/>
          <snmp_oid/>
          <key>bb_ambient_temp</key>
          <delay>1m</delay>
          <history>1w</history>
          <trends>365d</trends>
          <status>0</status>
          <value_type>0</value_type>
          <allowed_hosts/>
          <units>C</units>
          <snmpv3_contextname/>
          <snmpv3_securityname/>
          <snmpv3_securitylevel>0</snmpv3_securitylevel>
          <snmpv3_authprotocol>0</snmpv3_authprotocol>
          <snmpv3_authpassphrase/>
          <snmpv3_privprotocol>0</snmpv3_privprotocol>
          <snmpv3_privpassphrase/>
          <params/>
          <ipmi_sensor>BB Ambient Temp</ipmi_sensor>
          <authtype>0</authtype>
          <username/>
          <password/>
          <publickey/>
          <privatekey/>
          <port/>
          <description/>
          <inventory_link>0</inventory_link>
          <applications>
            <application>
              <name>Temperature</name>
            </application>
          </applications>
          <valuemap/>
          <logtimefmt/>
          <preprocessing/>
          <jmx_endpoint/>
          <timeout>3s</timeout>
          <url/>
          <query_fields/>
          <posts/>
          <status_codes>200</status_codes>
          <follow_redirects>1</follow_redirects>
          <post_type>0</post_type>
          <http_proxy/>
          <headers/>
          <retrieve_mode>0</retrieve_mode>
          <request_method>0</request_method>
          <output_format>0</output_format>
          <allow_traps>0</allow_traps>
          <ssl_cert_file/>
          <ssl_key_file/>
          <ssl_key_password/>
          <verify_peer>0</verify_peer>
          <verify_host>0</verify_host>
          <master_item/>
        </item>
        <item>
          <name>Power</name>
          <type>12</type>
          <snmp_community/>
          <snmp_oid/>
          <key>power</key>
          <delay>1m</delay>
          <history>1w</history>
          <trends>365d</trends>
          <status>0</status>
          <value_type>3</value_type>
          <allowed_hosts/>
          <units/>
          <snmpv3_contextname/>
          <snmpv3_securityname/>
          <snmpv3_securitylevel>0</snmpv3_securitylevel>
          <snmpv3_authprotocol>0</snmpv3_authprotocol>
          <snmpv3_authpassphrase/>
          <snmpv3_privprotocol>0</snmpv3_privprotocol>
          <snmpv3_privpassphrase/>
          <params/>
          <ipmi_sensor>power</ipmi_sensor>
          <authtype>0</authtype>
          <username/>
          <password/>
          <publickey/>
          <privatekey/>
          <port/>
          <description/>
          <inventory_link>0</inventory_link>
          <applications>
            <application>
              <name>Voltage</name>
            </application>
          </applications>
          <valuemap/>
          <logtimefmt/>
          <preprocessing/>
          <jmx_endpoint/>
          <timeout>3s</timeout>
          <url/>
          <query_fields/>
          <posts/>
          <status_codes>200</status_codes>
          <follow_redirects>1</follow_redirects>
          <post_type>0</post_type>
          <http_proxy/>
          <headers/>
          <retrieve_mode>0</retrieve_mode>
          <request_method>0</request_method>
          <output_format>0</output_format>
          <allow_traps>0</allow_traps>
          <ssl_cert_file/>
          <ssl_key_file/>
          <ssl_key_password/>
          <verify_peer>0</verify_peer>
          <verify_host>0</verify_host>
          <master_item/>
        </item>
        <item>
          <name>Processor Vcc</name>
          <type>12</type>
          <snmp_community/>
          <snmp_oid/>
          <key>processor_vcc</key>
          <delay>1m</delay>
          <history>1w</history>
          <trends>365d</trends>
          <status>0</status>
          <value_type>0</value_type>
          <allowed_hosts/>
          <units>V</units>
          <snmpv3_contextname/>
          <snmpv3_securityname/>
          <snmpv3_securitylevel>0</snmpv3_securitylevel>
          <snmpv3_authprotocol>0</snmpv3_authprotocol>
          <snmpv3_authpassphrase/>
          <snmpv3_privprotocol>0</snmpv3_privprotocol>
          <snmpv3_privpassphrase/>
          <params/>
          <ipmi_sensor>Processor Vcc</ipmi_sensor>
          <authtype>0</authtype>
          <username/>
          <password/>
          <publickey/>
          <privatekey/>
          <port/>
          <description/>
          <inventory_link>0</inventory_link>
          <applications>
            <application>
              <name>Voltage</name>
            </application>
          </applications>
          <valuemap/>
          <logtimefmt/>
          <preprocessing/>
          <jmx_endpoint/>
          <timeout>3s</timeout>
          <url/>
          <query_fields/>
          <posts/>
          <status_codes>200</status_codes>
          <follow_redirects>1</follow_redirects>
          <post_type>0</post_type>
          <http_proxy/>
          <headers/>
          <retrieve_mode>0</retrieve_mode>
          <request_method>0</request_method>
          <output_format>0</output_format>
          <allow_traps>0</allow_traps>
          <ssl_cert_file/>
          <ssl_key_file/>
          <ssl_key_password/>
          <verify_peer>0</verify_peer>
          <verify_host>0</verify_host>
          <master_item/>
        </item>
        <item>
          <name>System Fan 3</name>
          <type>12</type>
          <snmp_community/>
          <snmp_oid/>
          <key>system_fan_3</key>
          <delay>1m</delay>
          <history>1w</history>
          <trends>365d</trends>
          <status>0</status>
          <value_type>0</value_type>
          <allowed_hosts/>
          <units>RPM</units>
          <snmpv3_contextname/>
          <snmpv3_securityname/>
          <snmpv3_securitylevel>0</snmpv3_securitylevel>
          <snmpv3_authprotocol>0</snmpv3_authprotocol>
          <snmpv3_authpassphrase/>
          <snmpv3_privprotocol>0</snmpv3_privprotocol>
          <snmpv3_privpassphrase/>
          <params/>
          <ipmi_sensor>System Fan 3</ipmi_sensor>
          <authtype>0</authtype>
          <username/>
          <password/>
          <publickey/>
          <privatekey/>
          <port/>
          <description/>
          <inventory_link>0</inventory_link>
          <applications>
            <application>
              <name>Fans</name>
            </application>
          </applications>
          <valuemap/>
          <logtimefmt/>
          <preprocessing/>
          <jmx_endpoint/>
          <timeout>3s</timeout>
          <url/>
          <query_fields/>
          <posts/>
          <status_codes>200</status_codes>
          <follow_redirects>1</follow_redirects>
          <post_type>0</post_type>
          <http_proxy/>
          <headers/>
          <retrieve_mode>0</retrieve_mode>
          <request_method>0</request_method>
          <output_format>0</output_format>
          <allow_traps>0</allow_traps>
          <ssl_cert_file/>
          <ssl_key_file/>
          <ssl_key_password/>
          <verify_peer>0</verify_peer>
          <verify_host>0</verify_host>
          <master_item/>
        </item>
      </items>
      <discovery_rules/>
      <httptests/>
      <macros/>
      <templates/>
      <screens/>
      <tags/>
    </template>
  </templates>
  <triggers>
    <trigger>
      <expression>{Template Server Intel SR1530 IPMI:bb_1.8v_sm.last(0)}&lt;1.597 or {Template Server Intel SR1530 IPMI:bb_1.8v_sm.last(0)}&gt;2.019</expression>
      <recovery_mode>0</recovery_mode>
      <recovery_expression/>
      <name>BB +1.8V SM Critical [{ITEM.VALUE}]</name>
      <correlation_mode>0</correlation_mode>
      <correlation_tag/>
      <url/>
      <status>0</status>
      <priority>5</priority>
      <description/>
      <type>0</type>
      <manual_close>0</manual_close>
      <dependencies>
        <dependency>
          <name>Power</name>
          <expression>{Template Server Intel SR1530 IPMI:power.last(0)}=0</expression>
          <recovery_expression/>
        </dependency>
      </dependencies>
      <tags/>
    </trigger>
    <trigger>
      <expression>{Template Server Intel SR1530 IPMI:bb_1.8v_sm.last(0)}&lt;1.646 or {Template Server Intel SR1530 IPMI:bb_1.8v_sm.last(0)}&gt;1.960</expression>
      <recovery_mode>0</recovery_mode>
      <recovery_expression/>
      <name>BB +1.8V SM Non-Critical [{ITEM.VALUE}]</name>
      <correlation_mode>0</correlation_mode>
      <correlation_tag/>
      <url/>
      <status>0</status>
      <priority>4</priority>
      <description/>
      <type>0</type>
      <manual_close>0</manual_close>
      <dependencies>
        <dependency>
          <name>BB +1.8V SM Critical [{ITEM.VALUE}]</name>
          <expression>{Template Server Intel SR1530 IPMI:bb_1.8v_sm.last(0)}&lt;1.597 or {Template Server Intel SR1530 IPMI:bb_1.8v_sm.last(0)}&gt;2.019</expression>
          <recovery_expression/>
        </dependency>
        <dependency>
          <name>Power</name>
          <expression>{Template Server Intel SR1530 IPMI:power.last(0)}=0</expression>
          <recovery_expression/>
        </dependency>
      </dependencies>
      <tags/>
    </trigger>
    <trigger>
      <expression>{Template Server Intel SR1530 IPMI:bb_3.3v.last(0)}&lt;2.876 or {Template Server Intel SR1530 IPMI:bb_3.3v.last(0)}&gt;3.729</expression>
      <recovery_mode>0</recovery_mode>
      <recovery_expression/>
      <name>BB +3.3V Critical [{ITEM.VALUE}]</name>
      <correlation_mode>0</correlation_mode>
      <correlation_tag/>
      <url/>
      <status>0</status>
      <priority>5</priority>
      <description/>
      <type>0</type>
      <manual_close>0</manual_close>
      <dependencies>
        <dependency>
          <name>Power</name>
          <expression>{Template Server Intel SR1530 IPMI:power.last(0)}=0</expression>
          <recovery_expression/>
        </dependency>
      </dependencies>
      <tags/>
    </trigger>
    <trigger>
      <expression>{Template Server Intel SR1530 IPMI:bb_3.3v.last(0)}&lt;2.970 or {Template Server Intel SR1530 IPMI:bb_3.3v.last(0)}&gt;3.618</expression>
      <recovery_mode>0</recovery_mode>
      <recovery_expression/>
      <name>BB +3.3V Non-Critical [{ITEM.VALUE}]</name>
      <correlation_mode>0</correlation_mode>
      <correlation_tag/>
      <url/>
      <status>0</status>
      <priority>4</priority>
      <description/>
      <type>0</type>
      <manual_close>0</manual_close>
      <dependencies>
        <dependency>
          <name>BB +3.3V Critical [{ITEM.VALUE}]</name>
          <expression>{Template Server Intel SR1530 IPMI:bb_3.3v.last(0)}&lt;2.876 or {Template Server Intel SR1530 IPMI:bb_3.3v.last(0)}&gt;3.729</expression>
          <recovery_expression/>
        </dependency>
        <dependency>
          <name>Power</name>
          <expression>{Template Server Intel SR1530 IPMI:power.last(0)}=0</expression>
          <recovery_expression/>
        </dependency>
      </dependencies>
      <tags/>
    </trigger>
    <trigger>
      <expression>{Template Server Intel SR1530 IPMI:bb_3.3v_stby.last(0)}&lt;2.876 or {Template Server Intel SR1530 IPMI:bb_3.3v_stby.last(0)}&gt;3.729</expression>
      <recovery_mode>0</recovery_mode>
      <recovery_expression/>
      <name>BB +3.3V STBY Critical [{ITEM.VALUE}]</name>
      <correlation_mode>0</correlation_mode>
      <correlation_tag/>
      <url/>
      <status>0</status>
      <priority>5</priority>
      <description/>
      <type>0</type>
      <manual_close>0</manual_close>
      <dependencies/>
      <tags/>
    </trigger>
    <trigger>
      <expression>{Template Server Intel SR1530 IPMI:bb_3.3v_stby.last(0)}&lt;2.970 or {Template Server Intel SR1530 IPMI:bb_3.3v_stby.last(0)}&gt;3.618</expression>
      <recovery_mode>0</recovery_mode>
      <recovery_expression/>
      <name>BB +3.3V STBY Non-Critical [{ITEM.VALUE}]</name>
      <correlation_mode>0</correlation_mode>
      <correlation_tag/>
      <url/>
      <status>0</status>
      <priority>4</priority>
      <description/>
      <type>0</type>
      <manual_close>0</manual_close>
      <dependencies>
        <dependency>
          <name>BB +3.3V STBY Critical [{ITEM.VALUE}]</name>
          <expression>{Template Server Intel SR1530 IPMI:bb_3.3v_stby.last(0)}&lt;2.876 or {Template Server Intel SR1530 IPMI:bb_3.3v_stby.last(0)}&gt;3.729</expression>
          <recovery_expression/>
        </dependency>
      </dependencies>
      <tags/>
    </trigger>
    <trigger>
      <expression>{Template Server Intel SR1530 IPMI:bb_5.0v.last(0)}&lt;4.362 or {Template Server Intel SR1530 IPMI:bb_5.0v.last(0)}&gt;5.663</expression>
      <recovery_mode>0</recovery_mode>
      <recovery_expression/>
      <name>BB +5.0V Critical [{ITEM.VALUE}]</name>
      <correlation_mode>0</correlation_mode>
      <correlation_tag/>
      <url/>
      <status>0</status>
      <priority>5</priority>
      <description/>
      <type>0</type>
      <manual_close>0</manual_close>
      <dependencies>
        <dependency>
          <name>Power</name>
          <expression>{Template Server Intel SR1530 IPMI:power.last(0)}=0</expression>
          <recovery_expression/>
        </dependency>
      </dependencies>
      <tags/>
    </trigger>
    <trigger>
      <expression>{Template Server Intel SR1530 IPMI:bb_5.0v.last(0)}&lt;4.483 or {Template Server Intel SR1530 IPMI:bb_5.0v.last(0)}&gt;5.495</expression>
      <recovery_mode>0</recovery_mode>
      <recovery_expression/>
      <name>BB +5.0V Non-Critical [{ITEM.VALUE}]</name>
      <correlation_mode>0</correlation_mode>
      <correlation_tag/>
      <url/>
      <status>0</status>
      <priority>4</priority>
      <description/>
      <type>0</type>
      <manual_close>0</manual_close>
      <dependencies>
        <dependency>
          <name>BB +5.0V Critical [{ITEM.VALUE}]</name>
          <expression>{Template Server Intel SR1530 IPMI:bb_5.0v.last(0)}&lt;4.362 or {Template Server Intel SR1530 IPMI:bb_5.0v.last(0)}&gt;5.663</expression>
          <recovery_expression/>
        </dependency>
        <dependency>
          <name>Power</name>
          <expression>{Template Server Intel SR1530 IPMI:power.last(0)}=0</expression>
          <recovery_expression/>
        </dependency>
      </dependencies>
      <tags/>
    </trigger>
    <trigger>
      <expression>{Template Server Intel SR1530 IPMI:bb_ambient_temp.last(0)}&lt;5 or {Template Server Intel SR1530 IPMI:bb_ambient_temp.last(0)}&gt;66</expression>
      <recovery_mode>0</recovery_mode>
      <recovery_expression/>
      <name>BB Ambient Temp Critical [{ITEM.VALUE}]</name>
      <correlation_mode>0</correlation_mode>
      <correlation_tag/>
      <url/>
      <status>0</status>
      <priority>5</priority>
      <description/>
      <type>0</type>
      <manual_close>0</manual_close>
      <dependencies/>
      <tags/>
    </trigger>
    <trigger>
      <expression>{Template Server Intel SR1530 IPMI:bb_ambient_temp.last(0)}&lt;10 or {Template Server Intel SR1530 IPMI:bb_ambient_temp.last(0)}&gt;61</expression>
      <recovery_mode>0</recovery_mode>
      <recovery_expression/>
      <name>BB Ambient Temp Non-Critical [{ITEM.VALUE}]</name>
      <correlation_mode>0</correlation_mode>
      <correlation_tag/>
      <url/>
      <status>0</status>
      <priority>4</priority>
      <description/>
      <type>0</type>
      <manual_close>0</manual_close>
      <dependencies>
        <dependency>
          <name>BB Ambient Temp Critical [{ITEM.VALUE}]</name>
          <expression>{Template Server Intel SR1530 IPMI:bb_ambient_temp.last(0)}&lt;5 or {Template Server Intel SR1530 IPMI:bb_ambient_temp.last(0)}&gt;66</expression>
          <recovery_expression/>
        </dependency>
      </dependencies>
      <tags/>
    </trigger>
    <trigger>
      <expression>{Template Server Intel SR1530 IPMI:power.last(0)}=0</expression>
      <recovery_mode>0</recovery_mode>
      <recovery_expression/>
      <name>Power</name>
      <correlation_mode>0</correlation_mode>
      <correlation_tag/>
      <url/>
      <status>0</status>
      <priority>2</priority>
      <description/>
      <type>0</type>
      <manual_close>0</manual_close>
      <dependencies/>
      <tags/>
    </trigger>
  </triggers>
  <graphs>
    <graph>
      <name>Fan speed and ambient temperature</name>
      <width>900</width>
      <height>200</height>
      <yaxismin>0.0000</yaxismin>
      <yaxismax>100.0000</yaxismax>
      <show_work_period>1</show_work_period>
      <show_triggers>1</show_triggers>
      <type>0</type>
      <show_legend>1</show_legend>
      <show_3d>0</show_3d>
      <percent_left>0.0000</percent_left>
      <percent_right>0.0000</percent_right>
      <ymin_type_1>0</ymin_type_1>
      <ymax_type_1>0</ymax_type_1>
      <ymin_item_1>0</ymin_item_1>
      <ymax_item_1>0</ymax_item_1>
      <graph_items>
        <graph_item>
          <sortorder>0</sortorder>
          <drawtype>5</drawtype>
          <color>EE0000</color>
          <yaxisside>0</yaxisside>
          <calc_fnc>2</calc_fnc>
          <type>0</type>
          <item>
            <host>Template Server Intel SR1530 IPMI</host>
            <key>bb_ambient_temp</key>
          </item>
        </graph_item>
        <graph_item>
          <sortorder>1</sortorder>
          <drawtype>0</drawtype>
          <color>000000</color>
          <yaxisside>1</yaxisside>
          <calc_fnc>2</calc_fnc>
          <type>0</type>
          <item>
            <host>Template Server Intel SR1530 IPMI</host>
            <key>system_fan_3</key>
          </item>
        </graph_item>
      </graph_items>
    </graph>
    <graph>
      <name>Voltage</name>
      <width>900</width>
      <height>200</height>
      <yaxismin>0.0000</yaxismin>
      <yaxismax>5.5000</yaxismax>
      <show_work_period>1</show_work_period>
      <show_triggers>1</show_triggers>
      <type>0</type>
      <show_legend>1</show_legend>
      <show_3d>0</show_3d>
      <percent_left>0.0000</percent_left>
      <percent_right>0.0000</percent_right>
      <ymin_type_1>1</ymin_type_1>
      <ymax_type_1>1</ymax_type_1>
      <ymin_item_1>0</ymin_item_1>
      <ymax_item_1>0</ymax_item_1>
      <graph_items>
        <graph_item>
          <sortorder>0</sortorder>
          <drawtype>2</drawtype>
          <color>880000</color>
          <yaxisside>0</yaxisside>
          <calc_fnc>2</calc_fnc>
          <type>0</type>
          <item>
            <host>Template Server Intel SR1530 IPMI</host>
            <key>power</key>
          </item>
        </graph_item>
        <graph_item>
          <sortorder>1</sortorder>
          <drawtype>0</drawtype>
          <color>009900</color>
          <yaxisside>0</yaxisside>
          <calc_fnc>2</calc_fnc>
          <type>0</type>
          <item>
            <host>Template Server Intel SR1530 IPMI</host>
            <key>bb_1.8v_sm</key>
          </item>
        </graph_item>
        <graph_item>
          <sortorder>2</sortorder>
          <drawtype>0</drawtype>
          <color>00CCCC</color>
          <yaxisside>0</yaxisside>
          <calc_fnc>2</calc_fnc>
          <type>0</type>
          <item>
            <host>Template Server Intel SR1530 IPMI</host>
            <key>bb_3.3v</key>
          </item>
        </graph_item>
        <graph_item>
          <sortorder>3</sortorder>
          <drawtype>0</drawtype>
          <color>000000</color>
          <yaxisside>0</yaxisside>
          <calc_fnc>2</calc_fnc>
          <type>0</type>
          <item>
            <host>Template Server Intel SR1530 IPMI</host>
            <key>bb_3.3v_stby</key>
          </item>
        </graph_item>
        <graph_item>
          <sortorder>4</sortorder>
          <drawtype>0</drawtype>
          <color>3333FF</color>
          <yaxisside>0</yaxisside>
          <calc_fnc>2</calc_fnc>
          <type>0</type>
          <item>
            <host>Template Server Intel SR1530 IPMI</host>
            <key>bb_5.0v</key>
          </item>
        </graph_item>
        <graph_item>
          <sortorder>5</sortorder>
          <drawtype>0</drawtype>
          <color>777700</color>
          <yaxisside>0</yaxisside>
          <calc_fnc>2</calc_fnc>
          <type>0</type>
          <item>
            <host>Template Server Intel SR1530 IPMI</host>
            <key>processor_vcc</key>
          </item>
        </graph_item>
      </graph_items>
    </graph>
  </graphs>
</zabbix_export>
