<?xml version="1.0" encoding="UTF-8"?>
<zabbix_export>
  <version>4.2</version>
  <date>2019-05-28T23:11:49Z</date>
  <groups>
    <group>
      <name>Hypervisors</name>
    </group>
    <group>
      <name>Templates/Virtualization</name>
    </group>
    <group>
      <name>Virtual machines</name>
    </group>
  </groups>
  <templates>
    <template>
      <template>Template VM VMware</template>
      <name>Template VM VMware</name>
      <description/>
      <groups>
        <group>
          <name>Templates/Virtualization</name>
        </group>
      </groups>
      <applications>
        <application>
          <name>Clusters</name>
        </application>
        <application>
          <name>General</name>
        </application>
        <application>
          <name>Log</name>
        </application>
      </applications>
      <items>
        <item>
          <name>Event log</name>
          <type>3</type>
          <snmp_community/>
          <snmp_oid/>
          <key>vmware.eventlog[{$URL},skip]</key>
          <delay>1m</delay>
          <history>90d</history>
          <trends>0</trends>
          <status>0</status>
          <value_type>2</value_type>
          <allowed_hosts/>
          <units/>
          <snmpv3_contextname/>
          <snmpv3_securityname/>
          <snmpv3_securitylevel>0</snmpv3_securitylevel>
          <snmpv3_authprotocol>0</snmpv3_authprotocol>
          <snmpv3_authpassphrase/>
          <snmpv3_privprotocol>0</snmpv3_privprotocol>
          <snmpv3_privpassphrase/>
          <params/>
          <ipmi_sensor/>
          <authtype>0</authtype>
          <username>{$USERNAME}</username>
          <password>{$PASSWORD}</password>
          <publickey/>
          <privatekey/>
          <port/>
          <description/>
          <inventory_link>0</inventory_link>
          <applications>
            <application>
              <name>Log</name>
            </application>
          </applications>
          <valuemap/>
          <logtimefmt/>
          <preprocessing/>
          <jmx_endpoint/>
          <timeout>3s</timeout>
          <url/>
          <query_fields/>
          <posts/>
          <status_codes>200</status_codes>
          <follow_redirects>1</follow_redirects>
          <post_type>0</post_type>
          <http_proxy/>
          <headers/>
          <retrieve_mode>0</retrieve_mode>
          <request_method>0</request_method>
          <output_format>0</output_format>
          <allow_traps>0</allow_traps>
          <ssl_cert_file/>
          <ssl_key_file/>
          <ssl_key_password/>
          <verify_peer>0</verify_peer>
          <verify_host>0</verify_host>
          <master_item/>
        </item>
        <item>
          <name>Full name</name>
          <type>3</type>
          <snmp_community/>
          <snmp_oid/>
          <key>vmware.fullname[{$URL}]</key>
          <delay>1h</delay>
          <history>90d</history>
          <trends>0</trends>
          <status>0</status>
          <value_type>1</value_type>
          <allowed_hosts/>
          <units/>
          <snmpv3_contextname/>
          <snmpv3_securityname/>
          <snmpv3_securitylevel>0</snmpv3_securitylevel>
          <snmpv3_authprotocol>0</snmpv3_authprotocol>
          <snmpv3_authpassphrase/>
          <snmpv3_privprotocol>0</snmpv3_privprotocol>
          <snmpv3_privpassphrase/>
          <params/>
          <ipmi_sensor/>
          <authtype>0</authtype>
          <username>{$USERNAME}</username>
          <password>{$PASSWORD}</password>
          <publickey/>
          <privatekey/>
          <port/>
          <description/>
          <inventory_link>0</inventory_link>
          <applications>
            <application>
              <name>General</name>
            </application>
          </applications>
          <valuemap/>
          <logtimefmt/>
          <preprocessing/>
          <jmx_endpoint/>
          <timeout>3s</timeout>
          <url/>
          <query_fields/>
          <posts/>
          <status_codes>200</status_codes>
          <follow_redirects>1</follow_redirects>
          <post_type>0</post_type>
          <http_proxy/>
          <headers/>
          <retrieve_mode>0</retrieve_mode>
          <request_method>0</request_method>
          <output_format>0</output_format>
          <allow_traps>0</allow_traps>
          <ssl_cert_file/>
          <ssl_key_file/>
          <ssl_key_password/>
          <verify_peer>0</verify_peer>
          <verify_host>0</verify_host>
          <master_item/>
        </item>
        <item>
          <name>Version</name>
          <type>3</type>
          <snmp_community/>
          <snmp_oid/>
          <key>vmware.version[{$URL}]</key>
          <delay>1h</delay>
          <history>90d</history>
          <trends>0</trends>
          <status>0</status>
          <value_type>1</value_type>
          <allowed_hosts/>
          <units/>
          <snmpv3_contextname/>
          <snmpv3_securityname/>
          <snmpv3_securitylevel>0</snmpv3_securitylevel>
          <snmpv3_authprotocol>0</snmpv3_authprotocol>
          <snmpv3_authpassphrase/>
          <snmpv3_privprotocol>0</snmpv3_privprotocol>
          <snmpv3_privpassphrase/>
          <params/>
          <ipmi_sensor/>
          <authtype>0</authtype>
          <username>{$USERNAME}</username>
          <password>{$PASSWORD}</password>
          <publickey/>
          <privatekey/>
          <port/>
          <description/>
          <inventory_link>0</inventory_link>
          <applications>
            <application>
              <name>General</name>
            </application>
          </applications>
          <valuemap/>
          <logtimefmt/>
          <preprocessing/>
          <jmx_endpoint/>
          <timeout>3s</timeout>
          <url/>
          <query_fields/>
          <posts/>
          <status_codes>200</status_codes>
          <follow_redirects>1</follow_redirects>
          <post_type>0</post_type>
          <http_proxy/>
          <headers/>
          <retrieve_mode>0</retrieve_mode>
          <request_method>0</request_method>
          <output_format>0</output_format>
          <allow_traps>0</allow_traps>
          <ssl_cert_file/>
          <ssl_key_file/>
          <ssl_key_password/>
          <verify_peer>0</verify_peer>
          <verify_host>0</verify_host>
          <master_item/>
        </item>
      </items>
      <discovery_rules>
        <discovery_rule>
          <name>Discover VMware clusters</name>
          <type>3</type>
          <snmp_community/>
          <snmp_oid/>
          <key>vmware.cluster.discovery[{$URL}]</key>
          <delay>1h</delay>
          <status>0</status>
          <allowed_hosts/>
          <snmpv3_contextname/>
          <snmpv3_securityname/>
          <snmpv3_securitylevel>0</snmpv3_securitylevel>
          <snmpv3_authprotocol>0</snmpv3_authprotocol>
          <snmpv3_authpassphrase/>
          <snmpv3_privprotocol>0</snmpv3_privprotocol>
          <snmpv3_privpassphrase/>
          <params/>
          <ipmi_sensor/>
          <authtype>0</authtype>
          <username>{$USERNAME}</username>
          <password>{$PASSWORD}</password>
          <publickey/>
          <privatekey/>
          <port/>
          <filter>
            <evaltype>0</evaltype>
            <formula/>
            <conditions/>
          </filter>
          <lifetime>30d</lifetime>
          <description>Discovery of clusters</description>
          <item_prototypes>
            <item_prototype>
              <name>Status of "{#CLUSTER.NAME}" cluster</name>
              <type>3</type>
              <snmp_community/>
              <snmp_oid/>
              <key>vmware.cluster.status[{$URL},{#CLUSTER.NAME}]</key>
              <delay>1m</delay>
              <history>90d</history>
              <trends>365d</trends>
              <status>0</status>
              <value_type>3</value_type>
              <allowed_hosts/>
              <units/>
              <snmpv3_contextname/>
              <snmpv3_securityname/>
              <snmpv3_securitylevel>0</snmpv3_securitylevel>
              <snmpv3_authprotocol>0</snmpv3_authprotocol>
              <snmpv3_authpassphrase/>
              <snmpv3_privprotocol>0</snmpv3_privprotocol>
              <snmpv3_privpassphrase/>
              <params/>
              <ipmi_sensor/>
              <authtype>0</authtype>
              <username>{$USERNAME}</username>
              <password>{$PASSWORD}</password>
              <publickey/>
              <privatekey/>
              <port/>
              <description/>
              <inventory_link>0</inventory_link>
              <applications>
                <application>
                  <name>Clusters</name>
                </application>
              </applications>
              <valuemap>
                <name>VMware status</name>
              </valuemap>
              <logtimefmt/>
              <preprocessing/>
              <jmx_endpoint/>
              <timeout>3s</timeout>
              <url/>
              <query_fields/>
              <posts/>
              <status_codes>200</status_codes>
              <follow_redirects>1</follow_redirects>
              <post_type>0</post_type>
              <http_proxy/>
              <headers/>
              <retrieve_mode>0</retrieve_mode>
              <request_method>0</request_method>
              <output_format>0</output_format>
              <allow_traps>0</allow_traps>
              <ssl_cert_file/>
              <ssl_key_file/>
              <ssl_key_password/>
              <verify_peer>0</verify_peer>
              <verify_host>0</verify_host>
              <application_prototypes/>
              <master_item/>
            </item_prototype>
          </item_prototypes>
          <trigger_prototypes/>
          <graph_prototypes/>
          <host_prototypes/>
          <jmx_endpoint/>
          <timeout>3s</timeout>
          <url/>
          <query_fields/>
          <posts/>
          <status_codes>200</status_codes>
          <follow_redirects>1</follow_redirects>
          <post_type>0</post_type>
          <http_proxy/>
          <headers/>
          <retrieve_mode>0</retrieve_mode>
          <request_method>0</request_method>
          <allow_traps>0</allow_traps>
          <ssl_cert_file/>
          <ssl_key_file/>
          <ssl_key_password/>
          <verify_peer>0</verify_peer>
          <verify_host>0</verify_host>
          <lld_macro_paths/>
          <preprocessing/>
          <master_item/>
        </discovery_rule>
        <discovery_rule>
          <name>Discover VMware hypervisors</name>
          <type>3</type>
          <snmp_community/>
          <snmp_oid/>
          <key>vmware.hv.discovery[{$URL}]</key>
          <delay>1h</delay>
          <status>0</status>
          <allowed_hosts/>
          <snmpv3_contextname/>
          <snmpv3_securityname/>
          <snmpv3_securitylevel>0</snmpv3_securitylevel>
          <snmpv3_authprotocol>0</snmpv3_authprotocol>
          <snmpv3_authpassphrase/>
          <snmpv3_privprotocol>0</snmpv3_privprotocol>
          <snmpv3_privpassphrase/>
          <params/>
          <ipmi_sensor/>
          <authtype>0</authtype>
          <username>{$USERNAME}</username>
          <password>{$PASSWORD}</password>
          <publickey/>
          <privatekey/>
          <port/>
          <filter>
            <evaltype>0</evaltype>
            <formula/>
            <conditions/>
          </filter>
          <lifetime>30d</lifetime>
          <description>Discovery of hypervisors.</description>
          <item_prototypes/>
          <trigger_prototypes/>
          <graph_prototypes/>
          <host_prototypes>
            <host_prototype>
              <host>{#HV.UUID}</host>
              <name>{#HV.NAME}</name>
              <status>0</status>
              <group_links>
                <group_link>
                  <group>
                    <name>Hypervisors</name>
                  </group>
                </group_link>
              </group_links>
              <group_prototypes>
                <group_prototype>
                  <name>{#CLUSTER.NAME}</name>
                </group_prototype>
                <group_prototype>
                  <name>{#DATACENTER.NAME}</name>
                </group_prototype>
              </group_prototypes>
              <templates>
                <template>
                  <name>Template VM VMware Hypervisor</name>
                </template>
              </templates>
            </host_prototype>
          </host_prototypes>
          <jmx_endpoint/>
          <timeout>3s</timeout>
          <url/>
          <query_fields/>
          <posts/>
          <status_codes>200</status_codes>
          <follow_redirects>1</follow_redirects>
          <post_type>0</post_type>
          <http_proxy/>
          <headers/>
          <retrieve_mode>0</retrieve_mode>
          <request_method>0</request_method>
          <allow_traps>0</allow_traps>
          <ssl_cert_file/>
          <ssl_key_file/>
          <ssl_key_password/>
          <verify_peer>0</verify_peer>
          <verify_host>0</verify_host>
          <lld_macro_paths/>
          <preprocessing/>
          <master_item/>
        </discovery_rule>
        <discovery_rule>
          <name>Discover VMware VMs</name>
          <type>3</type>
          <snmp_community/>
          <snmp_oid/>
          <key>vmware.vm.discovery[{$URL}]</key>
          <delay>1h</delay>
          <status>0</status>
          <allowed_hosts/>
          <snmpv3_contextname/>
          <snmpv3_securityname/>
          <snmpv3_securitylevel>0</snmpv3_securitylevel>
          <snmpv3_authprotocol>0</snmpv3_authprotocol>
          <snmpv3_authpassphrase/>
          <snmpv3_privprotocol>0</snmpv3_privprotocol>
          <snmpv3_privpassphrase/>
          <params/>
          <ipmi_sensor/>
          <authtype>0</authtype>
          <username>{$USERNAME}</username>
          <password>{$PASSWORD}</password>
          <publickey/>
          <privatekey/>
          <port/>
          <filter>
            <evaltype>0</evaltype>
            <formula/>
            <conditions/>
          </filter>
          <lifetime>30d</lifetime>
          <description>Discovery of guest virtual machines.</description>
          <item_prototypes/>
          <trigger_prototypes/>
          <graph_prototypes/>
          <host_prototypes>
            <host_prototype>
              <host>{#VM.UUID}</host>
              <name>{#VM.NAME}</name>
              <status>0</status>
              <group_links>
                <group_link>
                  <group>
                    <name>Virtual machines</name>
                  </group>
                </group_link>
              </group_links>
              <group_prototypes>
                <group_prototype>
                  <name>{#CLUSTER.NAME} (vm)</name>
                </group_prototype>
                <group_prototype>
                  <name>{#DATACENTER.NAME} (vm)</name>
                </group_prototype>
                <group_prototype>
                  <name>{#HV.NAME}</name>
                </group_prototype>
              </group_prototypes>
              <templates>
                <template>
                  <name>Template VM VMware Guest</name>
                </template>
              </templates>
            </host_prototype>
          </host_prototypes>
          <jmx_endpoint/>
          <timeout>3s</timeout>
          <url/>
          <query_fields/>
          <posts/>
          <status_codes>200</status_codes>
          <follow_redirects>1</follow_redirects>
          <post_type>0</post_type>
          <http_proxy/>
          <headers/>
          <retrieve_mode>0</retrieve_mode>
          <request_method>0</request_method>
          <allow_traps>0</allow_traps>
          <ssl_cert_file/>
          <ssl_key_file/>
          <ssl_key_password/>
          <verify_peer>0</verify_peer>
          <verify_host>0</verify_host>
          <lld_macro_paths/>
          <preprocessing/>
          <master_item/>
        </discovery_rule>
      </discovery_rules>
      <httptests/>
      <macros/>
      <templates/>
      <screens/>
      <tags/>
    </template>
  </templates>
  <value_maps>
    <value_map>
      <name>VMware status</name>
      <mappings>
        <mapping>
          <value>0</value>
          <newvalue>gray</newvalue>
        </mapping>
        <mapping>
          <value>1</value>
          <newvalue>green</newvalue>
        </mapping>
        <mapping>
          <value>2</value>
          <newvalue>yellow</newvalue>
        </mapping>
        <mapping>
          <value>3</value>
          <newvalue>red</newvalue>
        </mapping>
      </mappings>
    </value_map>
  </value_maps>
</zabbix_export>
