<?xml version="1.0" encoding="UTF-8"?>
<zabbix_export>
  <version>4.2</version>
  <date>2019-05-28T23:11:51Z</date>
  <groups>
    <group>
      <name>Templates/Modules</name>
    </group>
  </groups>
  <templates>
    <template>
      <template>Template Module Cisco CISCO-MEMORY-POOL-MIB SNMPv2</template>
      <name>Template Module Cisco CISCO-MEMORY-POOL-MIB SNMPv2</name>
      <description>Template Cisco CISCO-MEMORY-POOL-MIB version: 0.15&#13;\nMIBs used:&#13;\nCISCO-MEMORY-POOL-MIB</description>
      <groups>
        <group>
          <name>Templates/Modules</name>
        </group>
      </groups>
      <applications>
        <application>
          <name>Memory</name>
        </application>
      </applications>
      <items/>
      <discovery_rules>
        <discovery_rule>
          <name>Memory Discovery</name>
          <type>4</type>
          <snmp_community>{$SNMP_COMMUNITY}</snmp_community>
          <snmp_oid>discovery[{#SNMPVALUE},1.3.6.1.4.1.9.9.48.1.1.1.2]</snmp_oid>
          <key>memory.discovery</key>
          <delay>1h</delay>
          <status>0</status>
          <allowed_hosts/>
          <snmpv3_contextname/>
          <snmpv3_securityname/>
          <snmpv3_securitylevel>0</snmpv3_securitylevel>
          <snmpv3_authprotocol>0</snmpv3_authprotocol>
          <snmpv3_authpassphrase/>
          <snmpv3_privprotocol>0</snmpv3_privprotocol>
          <snmpv3_privpassphrase/>
          <params/>
          <ipmi_sensor/>
          <authtype>0</authtype>
          <username/>
          <password/>
          <publickey/>
          <privatekey/>
          <port/>
          <filter>
            <evaltype>0</evaltype>
            <formula/>
            <conditions/>
          </filter>
          <lifetime>30d</lifetime>
          <description>Discovery of ciscoMemoryPoolTable, a table of memory pool monitoring entries.&#13;\nhttp://www.cisco.com/c/en/us/support/docs/ip/simple-network-management-protocol-snmp/15216-contiguous-memory.html</description>
          <item_prototypes>
            <item_prototype>
              <name>{#SNMPVALUE}: Available memory</name>
              <type>4</type>
              <snmp_community>{$SNMP_COMMUNITY}</snmp_community>
              <snmp_oid>1.3.6.1.4.1.9.9.48.1.1.1.6.{#SNMPINDEX}</snmp_oid>
              <key>vm.memory.free[ciscoMemoryPoolFree.{#SNMPINDEX}]</key>
              <delay>3m</delay>
              <history>30d</history>
              <trends>365d</trends>
              <status>0</status>
              <value_type>3</value_type>
              <allowed_hosts/>
              <units>B</units>
              <snmpv3_contextname/>
              <snmpv3_securityname/>
              <snmpv3_securitylevel>0</snmpv3_securitylevel>
              <snmpv3_authprotocol>0</snmpv3_authprotocol>
              <snmpv3_authpassphrase/>
              <snmpv3_privprotocol>0</snmpv3_privprotocol>
              <snmpv3_privpassphrase/>
              <params/>
              <ipmi_sensor/>
              <authtype>0</authtype>
              <username/>
              <password/>
              <publickey/>
              <privatekey/>
              <port/>
              <description>MIB: CISCO-MEMORY-POOL-MIB&#13;\nIndicates the number of bytes from the memory pool that are currently unused on the managed device. Note that the sum of ciscoMemoryPoolUsed and ciscoMemoryPoolFree is the total amount of memory in the pool&#13;\nReference: http://www.cisco.com/c/en/us/support/docs/ip/simple-network-management-protocol-snmp/15216-contiguous-memory.html</description>
              <inventory_link>0</inventory_link>
              <applications>
                <application>
                  <name>Memory</name>
                </application>
              </applications>
              <valuemap/>
              <logtimefmt/>
              <preprocessing/>
              <jmx_endpoint/>
              <timeout>3s</timeout>
              <url/>
              <query_fields/>
              <posts/>
              <status_codes>200</status_codes>
              <follow_redirects>1</follow_redirects>
              <post_type>0</post_type>
              <http_proxy/>
              <headers/>
              <retrieve_mode>0</retrieve_mode>
              <request_method>0</request_method>
              <output_format>0</output_format>
              <allow_traps>0</allow_traps>
              <ssl_cert_file/>
              <ssl_key_file/>
              <ssl_key_password/>
              <verify_peer>0</verify_peer>
              <verify_host>0</verify_host>
              <application_prototypes/>
              <master_item/>
            </item_prototype>
            <item_prototype>
              <name>{#SNMPVALUE}: Memory utilization</name>
              <type>15</type>
              <snmp_community/>
              <snmp_oid/>
              <key>vm.memory.pused[vm.memory.pused.{#SNMPINDEX}]</key>
              <delay>3m</delay>
              <history>30d</history>
              <trends>365d</trends>
              <status>0</status>
              <value_type>0</value_type>
              <allowed_hosts/>
              <units>%</units>
              <snmpv3_contextname/>
              <snmpv3_securityname/>
              <snmpv3_securitylevel>0</snmpv3_securitylevel>
              <snmpv3_authprotocol>0</snmpv3_authprotocol>
              <snmpv3_authpassphrase/>
              <snmpv3_privprotocol>0</snmpv3_privprotocol>
              <snmpv3_privpassphrase/>
              <params>(last(vm.memory.used[ciscoMemoryPoolUsed.{#SNMPINDEX}])/(last(vm.memory.free[ciscoMemoryPoolFree.{#SNMPINDEX}])+last(vm.memory.used[ciscoMemoryPoolUsed.{#SNMPINDEX}])))*100</params>
              <ipmi_sensor/>
              <authtype>0</authtype>
              <username/>
              <password/>
              <publickey/>
              <privatekey/>
              <port/>
              <description>Memory utilization in %</description>
              <inventory_link>0</inventory_link>
              <applications>
                <application>
                  <name>Memory</name>
                </application>
              </applications>
              <valuemap/>
              <logtimefmt/>
              <preprocessing/>
              <jmx_endpoint/>
              <timeout>3s</timeout>
              <url/>
              <query_fields/>
              <posts/>
              <status_codes>200</status_codes>
              <follow_redirects>1</follow_redirects>
              <post_type>0</post_type>
              <http_proxy/>
              <headers/>
              <retrieve_mode>0</retrieve_mode>
              <request_method>0</request_method>
              <output_format>0</output_format>
              <allow_traps>0</allow_traps>
              <ssl_cert_file/>
              <ssl_key_file/>
              <ssl_key_password/>
              <verify_peer>0</verify_peer>
              <verify_host>0</verify_host>
              <application_prototypes/>
              <master_item/>
            </item_prototype>
            <item_prototype>
              <name>{#SNMPVALUE}: Used memory</name>
              <type>4</type>
              <snmp_community>{$SNMP_COMMUNITY}</snmp_community>
              <snmp_oid>1.3.6.1.4.1.9.9.48.1.1.1.5.{#SNMPINDEX}</snmp_oid>
              <key>vm.memory.used[ciscoMemoryPoolUsed.{#SNMPINDEX}]</key>
              <delay>3m</delay>
              <history>30d</history>
              <trends>365d</trends>
              <status>0</status>
              <value_type>3</value_type>
              <allowed_hosts/>
              <units>B</units>
              <snmpv3_contextname/>
              <snmpv3_securityname/>
              <snmpv3_securitylevel>0</snmpv3_securitylevel>
              <snmpv3_authprotocol>0</snmpv3_authprotocol>
              <snmpv3_authpassphrase/>
              <snmpv3_privprotocol>0</snmpv3_privprotocol>
              <snmpv3_privpassphrase/>
              <params/>
              <ipmi_sensor/>
              <authtype>0</authtype>
              <username/>
              <password/>
              <publickey/>
              <privatekey/>
              <port/>
              <description>MIB: CISCO-MEMORY-POOL-MIB&#13;\nIndicates the number of bytes from the memory pool that are currently in use by applications on the managed device.&#13;\nReference: http://www.cisco.com/c/en/us/support/docs/ip/simple-network-management-protocol-snmp/15216-contiguous-memory.html</description>
              <inventory_link>0</inventory_link>
              <applications>
                <application>
                  <name>Memory</name>
                </application>
              </applications>
              <valuemap/>
              <logtimefmt/>
              <preprocessing/>
              <jmx_endpoint/>
              <timeout>3s</timeout>
              <url/>
              <query_fields/>
              <posts/>
              <status_codes>200</status_codes>
              <follow_redirects>1</follow_redirects>
              <post_type>0</post_type>
              <http_proxy/>
              <headers/>
              <retrieve_mode>0</retrieve_mode>
              <request_method>0</request_method>
              <output_format>0</output_format>
              <allow_traps>0</allow_traps>
              <ssl_cert_file/>
              <ssl_key_file/>
              <ssl_key_password/>
              <verify_peer>0</verify_peer>
              <verify_host>0</verify_host>
              <application_prototypes/>
              <master_item/>
            </item_prototype>
          </item_prototypes>
          <trigger_prototypes>
            <trigger_prototype>
              <expression>{Template Module Cisco CISCO-MEMORY-POOL-MIB SNMPv2:vm.memory.pused[vm.memory.pused.{#SNMPINDEX}].avg(5m)}&gt;{$MEMORY_UTIL_MAX}</expression>
              <recovery_mode>0</recovery_mode>
              <recovery_expression/>
              <name>{#SNMPVALUE}: High memory utilization</name>
              <correlation_mode>0</correlation_mode>
              <correlation_tag/>
              <url/>
              <status>0</status>
              <priority>3</priority>
              <description>Last value: {ITEM.LASTVALUE1}.</description>
              <type>0</type>
              <manual_close>0</manual_close>
              <dependencies/>
              <tags/>
            </trigger_prototype>
          </trigger_prototypes>
          <graph_prototypes>
            <graph_prototype>
              <name>{#SNMPVALUE}: Memory utilization</name>
              <width>900</width>
              <height>200</height>
              <yaxismin>0.0000</yaxismin>
              <yaxismax>100.0000</yaxismax>
              <show_work_period>1</show_work_period>
              <show_triggers>1</show_triggers>
              <type>0</type>
              <show_legend>1</show_legend>
              <show_3d>0</show_3d>
              <percent_left>0.0000</percent_left>
              <percent_right>0.0000</percent_right>
              <ymin_type_1>1</ymin_type_1>
              <ymax_type_1>1</ymax_type_1>
              <ymin_item_1>0</ymin_item_1>
              <ymax_item_1>0</ymax_item_1>
              <graph_items>
                <graph_item>
                  <sortorder>0</sortorder>
                  <drawtype>5</drawtype>
                  <color>1A7C11</color>
                  <yaxisside>0</yaxisside>
                  <calc_fnc>2</calc_fnc>
                  <type>0</type>
                  <item>
                    <host>Template Module Cisco CISCO-MEMORY-POOL-MIB SNMPv2</host>
                    <key>vm.memory.pused[vm.memory.pused.{#SNMPINDEX}]</key>
                  </item>
                </graph_item>
              </graph_items>
            </graph_prototype>
          </graph_prototypes>
          <host_prototypes/>
          <jmx_endpoint/>
          <timeout>3s</timeout>
          <url/>
          <query_fields/>
          <posts/>
          <status_codes>200</status_codes>
          <follow_redirects>1</follow_redirects>
          <post_type>0</post_type>
          <http_proxy/>
          <headers/>
          <retrieve_mode>0</retrieve_mode>
          <request_method>0</request_method>
          <allow_traps>0</allow_traps>
          <ssl_cert_file/>
          <ssl_key_file/>
          <ssl_key_password/>
          <verify_peer>0</verify_peer>
          <verify_host>0</verify_host>
          <lld_macro_paths/>
          <preprocessing/>
          <master_item/>
        </discovery_rule>
      </discovery_rules>
      <httptests/>
      <macros>
        <macro>
          <macro>{$MEMORY_UTIL_MAX}</macro>
          <value>90</value>
        </macro>
      </macros>
      <templates/>
      <screens/>
      <tags/>
    </template>
  </templates>
</zabbix_export>
