<?xml version="1.0" encoding="UTF-8"?>
<zabbix_export>
  <version>4.2</version>
  <date>2019-05-28T23:11:55Z</date>
  <groups>
    <group>
      <name>Templates/Network devices</name>
    </group>
  </groups>
  <templates>
    <template>
      <template>Template Net Mellanox SNMPv2</template>
      <name>Template Net Mellanox SNMPv2</name>
      <description>Template Net Mellanox version: 0.15&#13;\nMIBs used:&#13;\nENTITY-SENSORS-MIB&#13;\nENTITY-STATE-MIB&#13;\nENTITY-MIB</description>
      <groups>
        <group>
          <name>Templates/Network devices</name>
        </group>
      </groups>
      <applications>
        <application>
          <name>Fans</name>
        </application>
        <application>
          <name>Inventory</name>
        </application>
        <application>
          <name>Power supply</name>
        </application>
        <application>
          <name>Temperature</name>
        </application>
      </applications>
      <items/>
      <discovery_rules>
        <discovery_rule>
          <name>Entity Discovery</name>
          <type>4</type>
          <snmp_community>{$SNMP_COMMUNITY}</snmp_community>
          <snmp_oid>discovery[{#ENT_CLASS},1.3.6.1.2.1.47.1.1.1.1.5,{#ENT_NAME},1.3.6.1.2.1.47.1.1.1.1.7]</snmp_oid>
          <key>entity.discovery</key>
          <delay>1h</delay>
          <status>0</status>
          <allowed_hosts/>
          <snmpv3_contextname/>
          <snmpv3_securityname/>
          <snmpv3_securitylevel>0</snmpv3_securitylevel>
          <snmpv3_authprotocol>0</snmpv3_authprotocol>
          <snmpv3_authpassphrase/>
          <snmpv3_privprotocol>0</snmpv3_privprotocol>
          <snmpv3_privpassphrase/>
          <params/>
          <ipmi_sensor/>
          <authtype>0</authtype>
          <username/>
          <password/>
          <publickey/>
          <privatekey/>
          <port/>
          <filter>
            <evaltype>0</evaltype>
            <formula/>
            <conditions>
              <condition>
                <macro>{#ENT_CLASS}</macro>
                <value>3</value>
                <operator>8</operator>
                <formulaid>A</formulaid>
              </condition>
            </conditions>
          </filter>
          <lifetime>30d</lifetime>
          <description/>
          <item_prototypes>
            <item_prototype>
              <name>{#ENT_NAME}: Hardware model name</name>
              <type>4</type>
              <snmp_community>{$SNMP_COMMUNITY}</snmp_community>
              <snmp_oid>1.3.6.1.2.1.47.1.1.1.1.13.{#SNMPINDEX}</snmp_oid>
              <key>system.hw.model[entPhysicalModelName.{#SNMPINDEX}]</key>
              <delay>1h</delay>
              <history>2w</history>
              <trends>0</trends>
              <status>0</status>
              <value_type>1</value_type>
              <allowed_hosts/>
              <units/>
              <snmpv3_contextname/>
              <snmpv3_securityname/>
              <snmpv3_securitylevel>0</snmpv3_securitylevel>
              <snmpv3_authprotocol>0</snmpv3_authprotocol>
              <snmpv3_authpassphrase/>
              <snmpv3_privprotocol>0</snmpv3_privprotocol>
              <snmpv3_privpassphrase/>
              <params/>
              <ipmi_sensor/>
              <authtype>0</authtype>
              <username/>
              <password/>
              <publickey/>
              <privatekey/>
              <port/>
              <description>MIB: ENTITY-MIB</description>
              <inventory_link>0</inventory_link>
              <applications>
                <application>
                  <name>Inventory</name>
                </application>
              </applications>
              <valuemap/>
              <logtimefmt/>
              <preprocessing/>
              <jmx_endpoint/>
              <timeout>3s</timeout>
              <url/>
              <query_fields/>
              <posts/>
              <status_codes>200</status_codes>
              <follow_redirects>1</follow_redirects>
              <post_type>0</post_type>
              <http_proxy/>
              <headers/>
              <retrieve_mode>0</retrieve_mode>
              <request_method>0</request_method>
              <output_format>0</output_format>
              <allow_traps>0</allow_traps>
              <ssl_cert_file/>
              <ssl_key_file/>
              <ssl_key_password/>
              <verify_peer>0</verify_peer>
              <verify_host>0</verify_host>
              <application_prototypes/>
              <master_item/>
            </item_prototype>
            <item_prototype>
              <name>{#ENT_NAME}: Hardware serial number</name>
              <type>4</type>
              <snmp_community>{$SNMP_COMMUNITY}</snmp_community>
              <snmp_oid>1.3.6.1.2.1.47.1.1.1.1.11.{#SNMPINDEX}</snmp_oid>
              <key>system.hw.serialnumber[entPhysicalSerialNum.{#SNMPINDEX}]</key>
              <delay>1h</delay>
              <history>2w</history>
              <trends>0</trends>
              <status>0</status>
              <value_type>1</value_type>
              <allowed_hosts/>
              <units/>
              <snmpv3_contextname/>
              <snmpv3_securityname/>
              <snmpv3_securitylevel>0</snmpv3_securitylevel>
              <snmpv3_authprotocol>0</snmpv3_authprotocol>
              <snmpv3_authpassphrase/>
              <snmpv3_privprotocol>0</snmpv3_privprotocol>
              <snmpv3_privpassphrase/>
              <params/>
              <ipmi_sensor/>
              <authtype>0</authtype>
              <username/>
              <password/>
              <publickey/>
              <privatekey/>
              <port/>
              <description>MIB: ENTITY-MIB</description>
              <inventory_link>0</inventory_link>
              <applications>
                <application>
                  <name>Inventory</name>
                </application>
              </applications>
              <valuemap/>
              <logtimefmt/>
              <preprocessing/>
              <jmx_endpoint/>
              <timeout>3s</timeout>
              <url/>
              <query_fields/>
              <posts/>
              <status_codes>200</status_codes>
              <follow_redirects>1</follow_redirects>
              <post_type>0</post_type>
              <http_proxy/>
              <headers/>
              <retrieve_mode>0</retrieve_mode>
              <request_method>0</request_method>
              <output_format>0</output_format>
              <allow_traps>0</allow_traps>
              <ssl_cert_file/>
              <ssl_key_file/>
              <ssl_key_password/>
              <verify_peer>0</verify_peer>
              <verify_host>0</verify_host>
              <application_prototypes/>
              <master_item/>
            </item_prototype>
          </item_prototypes>
          <trigger_prototypes>
            <trigger_prototype>
              <expression>{Template Net Mellanox SNMPv2:system.hw.serialnumber[entPhysicalSerialNum.{#SNMPINDEX}].diff()}=1 and {Template Net Mellanox SNMPv2:system.hw.serialnumber[entPhysicalSerialNum.{#SNMPINDEX}].strlen()}&gt;0</expression>
              <recovery_mode>2</recovery_mode>
              <recovery_expression/>
              <name>{#ENT_NAME}: Device has been replaced (new serial number received)</name>
              <correlation_mode>0</correlation_mode>
              <correlation_tag/>
              <url/>
              <status>0</status>
              <priority>1</priority>
              <description>Last value: {ITEM.LASTVALUE1}.&#13;\nDevice serial number has changed. Ack to close</description>
              <type>0</type>
              <manual_close>1</manual_close>
              <dependencies/>
              <tags/>
            </trigger_prototype>
          </trigger_prototypes>
          <graph_prototypes/>
          <host_prototypes/>
          <jmx_endpoint/>
          <timeout>3s</timeout>
          <url/>
          <query_fields/>
          <posts/>
          <status_codes>200</status_codes>
          <follow_redirects>1</follow_redirects>
          <post_type>0</post_type>
          <http_proxy/>
          <headers/>
          <retrieve_mode>0</retrieve_mode>
          <request_method>0</request_method>
          <allow_traps>0</allow_traps>
          <ssl_cert_file/>
          <ssl_key_file/>
          <ssl_key_password/>
          <verify_peer>0</verify_peer>
          <verify_host>0</verify_host>
          <lld_macro_paths/>
          <preprocessing/>
          <master_item/>
        </discovery_rule>
        <discovery_rule>
          <name>Fan Discovery</name>
          <type>4</type>
          <snmp_community>{$SNMP_COMMUNITY}</snmp_community>
          <snmp_oid>discovery[{#SNMPVALUE},1.3.6.1.2.1.99.1.1.1.1,{#SENSOR_INFO},1.3.6.1.2.1.47.1.1.1.1.2]</snmp_oid>
          <key>fan.discovery</key>
          <delay>1h</delay>
          <status>0</status>
          <allowed_hosts/>
          <snmpv3_contextname/>
          <snmpv3_securityname/>
          <snmpv3_securitylevel>0</snmpv3_securitylevel>
          <snmpv3_authprotocol>0</snmpv3_authprotocol>
          <snmpv3_authpassphrase/>
          <snmpv3_privprotocol>0</snmpv3_privprotocol>
          <snmpv3_privpassphrase/>
          <params/>
          <ipmi_sensor/>
          <authtype>0</authtype>
          <username/>
          <password/>
          <publickey/>
          <privatekey/>
          <port/>
          <filter>
            <evaltype>2</evaltype>
            <formula/>
            <conditions>
              <condition>
                <macro>{#SNMPVALUE}</macro>
                <value>10</value>
                <operator>8</operator>
                <formulaid>A</formulaid>
              </condition>
            </conditions>
          </filter>
          <lifetime>30d</lifetime>
          <description>ENTITY-SENSORS-MIB::EntitySensorDataType discovery with rpm filter</description>
          <item_prototypes>
            <item_prototype>
              <name>{#SENSOR_INFO}: Fan speed</name>
              <type>4</type>
              <snmp_community>{$SNMP_COMMUNITY}</snmp_community>
              <snmp_oid>1.3.6.1.2.1.99.1.1.1.4.{#SNMPINDEX}</snmp_oid>
              <key>sensor.fan.speed[entPhySensorValue.{#SNMPINDEX}]</key>
              <delay>5m</delay>
              <history>30d</history>
              <trends>365d</trends>
              <status>0</status>
              <value_type>3</value_type>
              <allowed_hosts/>
              <units>rpm</units>
              <snmpv3_contextname/>
              <snmpv3_securityname/>
              <snmpv3_securitylevel>0</snmpv3_securitylevel>
              <snmpv3_authprotocol>0</snmpv3_authprotocol>
              <snmpv3_authpassphrase/>
              <snmpv3_privprotocol>0</snmpv3_privprotocol>
              <snmpv3_privpassphrase/>
              <params/>
              <ipmi_sensor/>
              <authtype>0</authtype>
              <username/>
              <password/>
              <publickey/>
              <privatekey/>
              <port/>
              <description>MIB: ENTITY-SENSORS-MIB&#13;\nThe most recent measurement obtained by the agent for this sensor.&#13;\nTo correctly interpret the value of this object, the associated entPhySensorType,&#13;\nentPhySensorScale, and entPhySensorPrecision objects must also be examined.</description>
              <inventory_link>0</inventory_link>
              <applications>
                <application>
                  <name>Fans</name>
                </application>
              </applications>
              <valuemap/>
              <logtimefmt/>
              <preprocessing/>
              <jmx_endpoint/>
              <timeout>3s</timeout>
              <url/>
              <query_fields/>
              <posts/>
              <status_codes>200</status_codes>
              <follow_redirects>1</follow_redirects>
              <post_type>0</post_type>
              <http_proxy/>
              <headers/>
              <retrieve_mode>0</retrieve_mode>
              <request_method>0</request_method>
              <output_format>0</output_format>
              <allow_traps>0</allow_traps>
              <ssl_cert_file/>
              <ssl_key_file/>
              <ssl_key_password/>
              <verify_peer>0</verify_peer>
              <verify_host>0</verify_host>
              <application_prototypes/>
              <master_item/>
            </item_prototype>
            <item_prototype>
              <name>{#SENSOR_INFO}: Fan status</name>
              <type>4</type>
              <snmp_community>{$SNMP_COMMUNITY}</snmp_community>
              <snmp_oid>1.3.6.1.2.1.99.1.1.1.5.{#SNMPINDEX}</snmp_oid>
              <key>sensor.fan.status[entPhySensorOperStatus.{#SNMPINDEX}]</key>
              <delay>3m</delay>
              <history>2w</history>
              <trends>0d</trends>
              <status>0</status>
              <value_type>3</value_type>
              <allowed_hosts/>
              <units/>
              <snmpv3_contextname/>
              <snmpv3_securityname/>
              <snmpv3_securitylevel>0</snmpv3_securitylevel>
              <snmpv3_authprotocol>0</snmpv3_authprotocol>
              <snmpv3_authpassphrase/>
              <snmpv3_privprotocol>0</snmpv3_privprotocol>
              <snmpv3_privpassphrase/>
              <params/>
              <ipmi_sensor/>
              <authtype>0</authtype>
              <username/>
              <password/>
              <publickey/>
              <privatekey/>
              <port/>
              <description>MIB: ENTITY-SENSORS-MIB&#13;\nThe operational status of the sensor {#SENSOR_INFO}</description>
              <inventory_link>0</inventory_link>
              <applications>
                <application>
                  <name>Fans</name>
                </application>
              </applications>
              <valuemap>
                <name>ENTITY-SENSORS-MIB::EntitySensorStatus</name>
              </valuemap>
              <logtimefmt/>
              <preprocessing/>
              <jmx_endpoint/>
              <timeout>3s</timeout>
              <url/>
              <query_fields/>
              <posts/>
              <status_codes>200</status_codes>
              <follow_redirects>1</follow_redirects>
              <post_type>0</post_type>
              <http_proxy/>
              <headers/>
              <retrieve_mode>0</retrieve_mode>
              <request_method>0</request_method>
              <output_format>0</output_format>
              <allow_traps>0</allow_traps>
              <ssl_cert_file/>
              <ssl_key_file/>
              <ssl_key_password/>
              <verify_peer>0</verify_peer>
              <verify_host>0</verify_host>
              <application_prototypes/>
              <master_item/>
            </item_prototype>
          </item_prototypes>
          <trigger_prototypes>
            <trigger_prototype>
              <expression>{Template Net Mellanox SNMPv2:sensor.fan.status[entPhySensorOperStatus.{#SNMPINDEX}].count(#1,{$FAN_CRIT_STATUS},eq)}=1</expression>
              <recovery_mode>0</recovery_mode>
              <recovery_expression/>
              <name>{#SENSOR_INFO}: Fan is in critical state</name>
              <correlation_mode>0</correlation_mode>
              <correlation_tag/>
              <url/>
              <status>0</status>
              <priority>3</priority>
              <description>Last value: {ITEM.LASTVALUE1}.&#13;\nPlease check the fan unit</description>
              <type>0</type>
              <manual_close>0</manual_close>
              <dependencies/>
              <tags/>
            </trigger_prototype>
          </trigger_prototypes>
          <graph_prototypes/>
          <host_prototypes/>
          <jmx_endpoint/>
          <timeout>3s</timeout>
          <url/>
          <query_fields/>
          <posts/>
          <status_codes>200</status_codes>
          <follow_redirects>1</follow_redirects>
          <post_type>0</post_type>
          <http_proxy/>
          <headers/>
          <retrieve_mode>0</retrieve_mode>
          <request_method>0</request_method>
          <allow_traps>0</allow_traps>
          <ssl_cert_file/>
          <ssl_key_file/>
          <ssl_key_password/>
          <verify_peer>0</verify_peer>
          <verify_host>0</verify_host>
          <lld_macro_paths/>
          <preprocessing/>
          <master_item/>
        </discovery_rule>
        <discovery_rule>
          <name>PSU Discovery</name>
          <type>4</type>
          <snmp_community>{$SNMP_COMMUNITY}</snmp_community>
          <snmp_oid>discovery[{#ENT_CLASS},1.3.6.1.2.1.47.1.1.1.1.5,{#ENT_NAME},1.3.6.1.2.1.47.1.1.1.1.7]</snmp_oid>
          <key>psu.discovery</key>
          <delay>1h</delay>
          <status>0</status>
          <allowed_hosts/>
          <snmpv3_contextname/>
          <snmpv3_securityname/>
          <snmpv3_securitylevel>0</snmpv3_securitylevel>
          <snmpv3_authprotocol>0</snmpv3_authprotocol>
          <snmpv3_authpassphrase/>
          <snmpv3_privprotocol>0</snmpv3_privprotocol>
          <snmpv3_privpassphrase/>
          <params/>
          <ipmi_sensor/>
          <authtype>0</authtype>
          <username/>
          <password/>
          <publickey/>
          <privatekey/>
          <port/>
          <filter>
            <evaltype>0</evaltype>
            <formula/>
            <conditions>
              <condition>
                <macro>{#ENT_CLASS}</macro>
                <value>6</value>
                <operator>8</operator>
                <formulaid>A</formulaid>
              </condition>
            </conditions>
          </filter>
          <lifetime>30d</lifetime>
          <description/>
          <item_prototypes>
            <item_prototype>
              <name>{#ENT_NAME}: Power supply status</name>
              <type>4</type>
              <snmp_community>{$SNMP_COMMUNITY}</snmp_community>
              <snmp_oid>1.3.6.1.2.1.131.1.1.1.3.{#SNMPINDEX}</snmp_oid>
              <key>sensor.psu.status[entStateOper.{#SNMPINDEX}]</key>
              <delay>3m</delay>
              <history>2w</history>
              <trends>0d</trends>
              <status>0</status>
              <value_type>3</value_type>
              <allowed_hosts/>
              <units/>
              <snmpv3_contextname/>
              <snmpv3_securityname/>
              <snmpv3_securitylevel>0</snmpv3_securitylevel>
              <snmpv3_authprotocol>0</snmpv3_authprotocol>
              <snmpv3_authpassphrase/>
              <snmpv3_privprotocol>0</snmpv3_privprotocol>
              <snmpv3_privpassphrase/>
              <params/>
              <ipmi_sensor/>
              <authtype>0</authtype>
              <username/>
              <password/>
              <publickey/>
              <privatekey/>
              <port/>
              <description>MIB: ENTITY-STATE-MIB</description>
              <inventory_link>0</inventory_link>
              <applications>
                <application>
                  <name>Power supply</name>
                </application>
              </applications>
              <valuemap>
                <name>ENTITY-STATE-MIB::EntityOperState</name>
              </valuemap>
              <logtimefmt/>
              <preprocessing/>
              <jmx_endpoint/>
              <timeout>3s</timeout>
              <url/>
              <query_fields/>
              <posts/>
              <status_codes>200</status_codes>
              <follow_redirects>1</follow_redirects>
              <post_type>0</post_type>
              <http_proxy/>
              <headers/>
              <retrieve_mode>0</retrieve_mode>
              <request_method>0</request_method>
              <output_format>0</output_format>
              <allow_traps>0</allow_traps>
              <ssl_cert_file/>
              <ssl_key_file/>
              <ssl_key_password/>
              <verify_peer>0</verify_peer>
              <verify_host>0</verify_host>
              <application_prototypes/>
              <master_item/>
            </item_prototype>
          </item_prototypes>
          <trigger_prototypes>
            <trigger_prototype>
              <expression>{Template Net Mellanox SNMPv2:sensor.psu.status[entStateOper.{#SNMPINDEX}].count(#1,{$PSU_CRIT_STATUS},eq)}=1</expression>
              <recovery_mode>0</recovery_mode>
              <recovery_expression/>
              <name>{#ENT_NAME}: Power supply is in critical state</name>
              <correlation_mode>0</correlation_mode>
              <correlation_tag/>
              <url/>
              <status>0</status>
              <priority>3</priority>
              <description>Last value: {ITEM.LASTVALUE1}.&#13;\nPlease check the power supply unit for errors</description>
              <type>0</type>
              <manual_close>0</manual_close>
              <dependencies/>
              <tags/>
            </trigger_prototype>
          </trigger_prototypes>
          <graph_prototypes/>
          <host_prototypes/>
          <jmx_endpoint/>
          <timeout>3s</timeout>
          <url/>
          <query_fields/>
          <posts/>
          <status_codes>200</status_codes>
          <follow_redirects>1</follow_redirects>
          <post_type>0</post_type>
          <http_proxy/>
          <headers/>
          <retrieve_mode>0</retrieve_mode>
          <request_method>0</request_method>
          <allow_traps>0</allow_traps>
          <ssl_cert_file/>
          <ssl_key_file/>
          <ssl_key_password/>
          <verify_peer>0</verify_peer>
          <verify_host>0</verify_host>
          <lld_macro_paths/>
          <preprocessing/>
          <master_item/>
        </discovery_rule>
        <discovery_rule>
          <name>Temperature Discovery</name>
          <type>4</type>
          <snmp_community>{$SNMP_COMMUNITY}</snmp_community>
          <snmp_oid>discovery[{#SENSOR_TYPE},1.3.6.1.2.1.99.1.1.1.1,{#SENSOR_INFO},1.3.6.1.2.1.47.1.1.1.1.2,{#SENSOR_PRECISION},1.3.6.1.2.1.99.1.1.1.3]</snmp_oid>
          <key>temp.discovery</key>
          <delay>1h</delay>
          <status>0</status>
          <allowed_hosts/>
          <snmpv3_contextname/>
          <snmpv3_securityname/>
          <snmpv3_securitylevel>0</snmpv3_securitylevel>
          <snmpv3_authprotocol>0</snmpv3_authprotocol>
          <snmpv3_authpassphrase/>
          <snmpv3_privprotocol>0</snmpv3_privprotocol>
          <snmpv3_privpassphrase/>
          <params/>
          <ipmi_sensor/>
          <authtype>0</authtype>
          <username/>
          <password/>
          <publickey/>
          <privatekey/>
          <port/>
          <filter>
            <evaltype>1</evaltype>
            <formula/>
            <conditions>
              <condition>
                <macro>{#SENSOR_TYPE}</macro>
                <value>8</value>
                <operator>8</operator>
                <formulaid>B</formulaid>
              </condition>
              <condition>
                <macro>{#SENSOR_PRECISION}</macro>
                <value>1</value>
                <operator>8</operator>
                <formulaid>A</formulaid>
              </condition>
            </conditions>
          </filter>
          <lifetime>30d</lifetime>
          <description>ENTITY-SENSORS-MIB::EntitySensorDataType discovery with celsius filter</description>
          <item_prototypes>
            <item_prototype>
              <name>{#SENSOR_INFO}: Temperature status</name>
              <type>4</type>
              <snmp_community>{$SNMP_COMMUNITY}</snmp_community>
              <snmp_oid>1.3.6.1.2.1.99.1.1.1.5.{#SNMPINDEX}</snmp_oid>
              <key>sensor.temp.status[entPhySensorOperStatus.{#SNMPINDEX}]</key>
              <delay>3m</delay>
              <history>2w</history>
              <trends>0d</trends>
              <status>0</status>
              <value_type>3</value_type>
              <allowed_hosts/>
              <units/>
              <snmpv3_contextname/>
              <snmpv3_securityname/>
              <snmpv3_securitylevel>0</snmpv3_securitylevel>
              <snmpv3_authprotocol>0</snmpv3_authprotocol>
              <snmpv3_authpassphrase/>
              <snmpv3_privprotocol>0</snmpv3_privprotocol>
              <snmpv3_privpassphrase/>
              <params/>
              <ipmi_sensor/>
              <authtype>0</authtype>
              <username/>
              <password/>
              <publickey/>
              <privatekey/>
              <port/>
              <description>MIB: ENTITY-SENSORS-MIB&#13;\nThe operational status of the sensor {#SENSOR_INFO}</description>
              <inventory_link>0</inventory_link>
              <applications>
                <application>
                  <name>Temperature</name>
                </application>
              </applications>
              <valuemap>
                <name>ENTITY-SENSORS-MIB::EntitySensorStatus</name>
              </valuemap>
              <logtimefmt/>
              <preprocessing/>
              <jmx_endpoint/>
              <timeout>3s</timeout>
              <url/>
              <query_fields/>
              <posts/>
              <status_codes>200</status_codes>
              <follow_redirects>1</follow_redirects>
              <post_type>0</post_type>
              <http_proxy/>
              <headers/>
              <retrieve_mode>0</retrieve_mode>
              <request_method>0</request_method>
              <output_format>0</output_format>
              <allow_traps>0</allow_traps>
              <ssl_cert_file/>
              <ssl_key_file/>
              <ssl_key_password/>
              <verify_peer>0</verify_peer>
              <verify_host>0</verify_host>
              <application_prototypes/>
              <master_item/>
            </item_prototype>
            <item_prototype>
              <name>{#SENSOR_INFO}: Temperature</name>
              <type>4</type>
              <snmp_community>{$SNMP_COMMUNITY}</snmp_community>
              <snmp_oid>1.3.6.1.2.1.99.1.1.1.4.{#SNMPINDEX}</snmp_oid>
              <key>sensor.temp.value[entPhySensorValue.{#SNMPINDEX}]</key>
              <delay>3m</delay>
              <history>30d</history>
              <trends>365d</trends>
              <status>0</status>
              <value_type>0</value_type>
              <allowed_hosts/>
              <units>\u00b0C</units>
              <snmpv3_contextname/>
              <snmpv3_securityname/>
              <snmpv3_securitylevel>0</snmpv3_securitylevel>
              <snmpv3_authprotocol>0</snmpv3_authprotocol>
              <snmpv3_authpassphrase/>
              <snmpv3_privprotocol>0</snmpv3_privprotocol>
              <snmpv3_privpassphrase/>
              <params/>
              <ipmi_sensor/>
              <authtype>0</authtype>
              <username/>
              <password/>
              <publickey/>
              <privatekey/>
              <port/>
              <description>MIB: ENTITY-SENSORS-MIB&#13;\nThe most recent measurement obtained by the agent for this sensor.&#13;\nTo correctly interpret the value of this object, the associated entPhySensorType,&#13;\nentPhySensorScale, and entPhySensorPrecision objects must also be examined.</description>
              <inventory_link>0</inventory_link>
              <applications>
                <application>
                  <name>Temperature</name>
                </application>
              </applications>
              <valuemap/>
              <logtimefmt/>
              <preprocessing>
                <step>
                  <type>1</type>
                  <params>0.1</params>
                  <error_handler>0</error_handler>
                  <error_handler_params/>
                </step>
              </preprocessing>
              <jmx_endpoint/>
              <timeout>3s</timeout>
              <url/>
              <query_fields/>
              <posts/>
              <status_codes>200</status_codes>
              <follow_redirects>1</follow_redirects>
              <post_type>0</post_type>
              <http_proxy/>
              <headers/>
              <retrieve_mode>0</retrieve_mode>
              <request_method>0</request_method>
              <output_format>0</output_format>
              <allow_traps>0</allow_traps>
              <ssl_cert_file/>
              <ssl_key_file/>
              <ssl_key_password/>
              <verify_peer>0</verify_peer>
              <verify_host>0</verify_host>
              <application_prototypes/>
              <master_item/>
            </item_prototype>
          </item_prototypes>
          <trigger_prototypes>
            <trigger_prototype>
              <expression>{Template Net Mellanox SNMPv2:sensor.temp.value[entPhySensorValue.{#SNMPINDEX}].avg(5m)}&gt;{$TEMP_CRIT:""}</expression>
              <recovery_mode>1</recovery_mode>
              <recovery_expression>{Template Net Mellanox SNMPv2:sensor.temp.value[entPhySensorValue.{#SNMPINDEX}].max(5m)}&lt;{$TEMP_CRIT:""}-3</recovery_expression>
              <name>{#SENSOR_INFO}: Temperature is above critical threshold: &gt;{$TEMP_CRIT:""}</name>
              <correlation_mode>0</correlation_mode>
              <correlation_tag/>
              <url/>
              <status>0</status>
              <priority>4</priority>
              <description>Last value: {ITEM.LASTVALUE1}.&#13;\nThis trigger uses temperature sensor values as well as temperature sensor status if available</description>
              <type>0</type>
              <manual_close>0</manual_close>
              <dependencies/>
              <tags/>
            </trigger_prototype>
            <trigger_prototype>
              <expression>{Template Net Mellanox SNMPv2:sensor.temp.value[entPhySensorValue.{#SNMPINDEX}].avg(5m)}&gt;{$TEMP_WARN:""}&#13;\nor&#13;\n{Template Net Mellanox SNMPv2:sensor.temp.status[entPhySensorOperStatus.{#SNMPINDEX}].last(0)}={$TEMP_WARN_STATUS}</expression>
              <recovery_mode>1</recovery_mode>
              <recovery_expression>{Template Net Mellanox SNMPv2:sensor.temp.value[entPhySensorValue.{#SNMPINDEX}].max(5m)}&lt;{$TEMP_WARN:""}-3</recovery_expression>
              <name>{#SENSOR_INFO}: Temperature is above warning threshold: &gt;{$TEMP_WARN:""}</name>
              <correlation_mode>0</correlation_mode>
              <correlation_tag/>
              <url/>
              <status>0</status>
              <priority>2</priority>
              <description>Last value: {ITEM.LASTVALUE1}.&#13;\nThis trigger uses temperature sensor values as well as temperature sensor status if available</description>
              <type>0</type>
              <manual_close>0</manual_close>
              <dependencies>
                <dependency>
                  <name>{#SENSOR_INFO}: Temperature is above critical threshold: &gt;{$TEMP_CRIT:""}</name>
                  <expression>{Template Net Mellanox SNMPv2:sensor.temp.value[entPhySensorValue.{#SNMPINDEX}].avg(5m)}&gt;{$TEMP_CRIT:""}</expression>
                  <recovery_expression>{Template Net Mellanox SNMPv2:sensor.temp.value[entPhySensorValue.{#SNMPINDEX}].max(5m)}&lt;{$TEMP_CRIT:""}-3</recovery_expression>
                </dependency>
              </dependencies>
              <tags/>
            </trigger_prototype>
            <trigger_prototype>
              <expression>{Template Net Mellanox SNMPv2:sensor.temp.value[entPhySensorValue.{#SNMPINDEX}].avg(5m)}&lt;{$TEMP_CRIT_LOW:""}</expression>
              <recovery_mode>1</recovery_mode>
              <recovery_expression>{Template Net Mellanox SNMPv2:sensor.temp.value[entPhySensorValue.{#SNMPINDEX}].min(5m)}&gt;{$TEMP_CRIT_LOW:""}+3</recovery_expression>
              <name>{#SENSOR_INFO}: Temperature is too low: &lt;{$TEMP_CRIT_LOW:""}</name>
              <correlation_mode>0</correlation_mode>
              <correlation_tag/>
              <url/>
              <status>0</status>
              <priority>3</priority>
              <description>Last value: {ITEM.LASTVALUE1}.</description>
              <type>0</type>
              <manual_close>0</manual_close>
              <dependencies/>
              <tags/>
            </trigger_prototype>
          </trigger_prototypes>
          <graph_prototypes/>
          <host_prototypes/>
          <jmx_endpoint/>
          <timeout>3s</timeout>
          <url/>
          <query_fields/>
          <posts/>
          <status_codes>200</status_codes>
          <follow_redirects>1</follow_redirects>
          <post_type>0</post_type>
          <http_proxy/>
          <headers/>
          <retrieve_mode>0</retrieve_mode>
          <request_method>0</request_method>
          <allow_traps>0</allow_traps>
          <ssl_cert_file/>
          <ssl_key_file/>
          <ssl_key_password/>
          <verify_peer>0</verify_peer>
          <verify_host>0</verify_host>
          <lld_macro_paths/>
          <preprocessing/>
          <master_item/>
        </discovery_rule>
      </discovery_rules>
      <httptests/>
      <macros>
        <macro>
          <macro>{$FAN_CRIT_STATUS}</macro>
          <value>3</value>
        </macro>
        <macro>
          <macro>{$PSU_CRIT_STATUS}</macro>
          <value>2</value>
        </macro>
        <macro>
          <macro>{$TEMP_CRIT}</macro>
          <value>60</value>
        </macro>
        <macro>
          <macro>{$TEMP_CRIT_LOW}</macro>
          <value>5</value>
        </macro>
        <macro>
          <macro>{$TEMP_WARN}</macro>
          <value>50</value>
        </macro>
        <macro>
          <macro>{$TEMP_WARN_STATUS}</macro>
          <value>3</value>
        </macro>
      </macros>
      <templates>
        <template>
          <name>Template Module Generic SNMPv2</name>
        </template>
        <template>
          <name>Template Module HOST-RESOURCES-MIB SNMPv2</name>
        </template>
        <template>
          <name>Template Module Interfaces SNMPv2</name>
        </template>
      </templates>
      <screens/>
      <tags/>
    </template>
  </templates>
  <value_maps>
    <value_map>
      <name>ENTITY-SENSORS-MIB::EntitySensorStatus</name>
      <mappings>
        <mapping>
          <value>1</value>
          <newvalue>ok</newvalue>
        </mapping>
        <mapping>
          <value>2</value>
          <newvalue>unavailable</newvalue>
        </mapping>
        <mapping>
          <value>3</value>
          <newvalue>nonoperational</newvalue>
        </mapping>
      </mappings>
    </value_map>
    <value_map>
      <name>ENTITY-STATE-MIB::EntityOperState</name>
      <mappings>
        <mapping>
          <value>1</value>
          <newvalue>unknown</newvalue>
        </mapping>
        <mapping>
          <value>2</value>
          <newvalue>disabled</newvalue>
        </mapping>
        <mapping>
          <value>3</value>
          <newvalue>enabled</newvalue>
        </mapping>
        <mapping>
          <value>4</value>
          <newvalue>testing</newvalue>
        </mapping>
      </mappings>
    </value_map>
  </value_maps>
</zabbix_export>
