<?xml version="1.0" encoding="UTF-8"?>
<zabbix_export>
  <version>4.2</version>
  <date>2019-05-28T23:11:47Z</date>
  <groups>
    <group>
      <name>Templates/Operating systems</name>
    </group>
  </groups>
  <templates>
    <template>
      <template>Template OS Windows</template>
      <name>Template OS Windows</name>
      <description/>
      <groups>
        <group>
          <name>Templates/Operating systems</name>
        </group>
      </groups>
      <applications>
        <application>
          <name>CPU</name>
        </application>
        <application>
          <name>Filesystems</name>
        </application>
        <application>
          <name>General</name>
        </application>
        <application>
          <name>Memory</name>
        </application>
        <application>
          <name>Network interfaces</name>
        </application>
        <application>
          <name>OS</name>
        </application>
        <application>
          <name>Performance</name>
        </application>
        <application>
          <name>Processes</name>
        </application>
        <application>
          <name>Services</name>
        </application>
      </applications>
      <items>
        <item>
          <name>File read bytes per second</name>
          <type>0</type>
          <snmp_community/>
          <snmp_oid/>
          <key>perf_counter[\2\16]</key>
          <delay>1m</delay>
          <history>1w</history>
          <trends>365d</trends>
          <status>0</status>
          <value_type>0</value_type>
          <allowed_hosts/>
          <units>Bps</units>
          <snmpv3_contextname/>
          <snmpv3_securityname/>
          <snmpv3_securitylevel>0</snmpv3_securitylevel>
          <snmpv3_authprotocol>0</snmpv3_authprotocol>
          <snmpv3_authpassphrase/>
          <snmpv3_privprotocol>0</snmpv3_privprotocol>
          <snmpv3_privpassphrase/>
          <params/>
          <ipmi_sensor/>
          <authtype>0</authtype>
          <username/>
          <password/>
          <publickey/>
          <privatekey/>
          <port/>
          <description>Full counter name: \System\File Read Bytes/sec</description>
          <inventory_link>0</inventory_link>
          <applications>
            <application>
              <name>Filesystems</name>
            </application>
            <application>
              <name>Performance</name>
            </application>
          </applications>
          <valuemap/>
          <logtimefmt/>
          <preprocessing/>
          <jmx_endpoint/>
          <timeout>3s</timeout>
          <url/>
          <query_fields/>
          <posts/>
          <status_codes>200</status_codes>
          <follow_redirects>1</follow_redirects>
          <post_type>0</post_type>
          <http_proxy/>
          <headers/>
          <retrieve_mode>0</retrieve_mode>
          <request_method>0</request_method>
          <output_format>0</output_format>
          <allow_traps>0</allow_traps>
          <ssl_cert_file/>
          <ssl_key_file/>
          <ssl_key_password/>
          <verify_peer>0</verify_peer>
          <verify_host>0</verify_host>
          <master_item/>
        </item>
        <item>
          <name>File write bytes per second</name>
          <type>0</type>
          <snmp_community/>
          <snmp_oid/>
          <key>perf_counter[\2\18]</key>
          <delay>1m</delay>
          <history>1w</history>
          <trends>365d</trends>
          <status>0</status>
          <value_type>0</value_type>
          <allowed_hosts/>
          <units>Bps</units>
          <snmpv3_contextname/>
          <snmpv3_securityname/>
          <snmpv3_securitylevel>0</snmpv3_securitylevel>
          <snmpv3_authprotocol>0</snmpv3_authprotocol>
          <snmpv3_authpassphrase/>
          <snmpv3_privprotocol>0</snmpv3_privprotocol>
          <snmpv3_privpassphrase/>
          <params/>
          <ipmi_sensor/>
          <authtype>0</authtype>
          <username/>
          <password/>
          <publickey/>
          <privatekey/>
          <port/>
          <description>Full counter name: \System\File Write Bytes/sec</description>
          <inventory_link>0</inventory_link>
          <applications>
            <application>
              <name>Filesystems</name>
            </application>
            <application>
              <name>Performance</name>
            </application>
          </applications>
          <valuemap/>
          <logtimefmt/>
          <preprocessing/>
          <jmx_endpoint/>
          <timeout>3s</timeout>
          <url/>
          <query_fields/>
          <posts/>
          <status_codes>200</status_codes>
          <follow_redirects>1</follow_redirects>
          <post_type>0</post_type>
          <http_proxy/>
          <headers/>
          <retrieve_mode>0</retrieve_mode>
          <request_method>0</request_method>
          <output_format>0</output_format>
          <allow_traps>0</allow_traps>
          <ssl_cert_file/>
          <ssl_key_file/>
          <ssl_key_password/>
          <verify_peer>0</verify_peer>
          <verify_host>0</verify_host>
          <master_item/>
        </item>
        <item>
          <name>Number of threads</name>
          <type>0</type>
          <snmp_community/>
          <snmp_oid/>
          <key>perf_counter[\2\250]</key>
          <delay>1m</delay>
          <history>1w</history>
          <trends>365d</trends>
          <status>0</status>
          <value_type>3</value_type>
          <allowed_hosts/>
          <units/>
          <snmpv3_contextname/>
          <snmpv3_securityname/>
          <snmpv3_securitylevel>0</snmpv3_securitylevel>
          <snmpv3_authprotocol>0</snmpv3_authprotocol>
          <snmpv3_authpassphrase/>
          <snmpv3_privprotocol>0</snmpv3_privprotocol>
          <snmpv3_privpassphrase/>
          <params/>
          <ipmi_sensor/>
          <authtype>0</authtype>
          <username/>
          <password/>
          <publickey/>
          <privatekey/>
          <port/>
          <description>Full counter name: \System\Threads</description>
          <inventory_link>0</inventory_link>
          <applications>
            <application>
              <name>OS</name>
            </application>
          </applications>
          <valuemap/>
          <logtimefmt/>
          <preprocessing/>
          <jmx_endpoint/>
          <timeout>3s</timeout>
          <url/>
          <query_fields/>
          <posts/>
          <status_codes>200</status_codes>
          <follow_redirects>1</follow_redirects>
          <post_type>0</post_type>
          <http_proxy/>
          <headers/>
          <retrieve_mode>0</retrieve_mode>
          <request_method>0</request_method>
          <output_format>0</output_format>
          <allow_traps>0</allow_traps>
          <ssl_cert_file/>
          <ssl_key_file/>
          <ssl_key_password/>
          <verify_peer>0</verify_peer>
          <verify_host>0</verify_host>
          <master_item/>
        </item>
        <item>
          <name>Average disk read queue length</name>
          <type>0</type>
          <snmp_community/>
          <snmp_oid/>
          <key>perf_counter[\234(_Total)\1402]</key>
          <delay>1m</delay>
          <history>1w</history>
          <trends>365d</trends>
          <status>0</status>
          <value_type>0</value_type>
          <allowed_hosts/>
          <units/>
          <snmpv3_contextname/>
          <snmpv3_securityname/>
          <snmpv3_securitylevel>0</snmpv3_securitylevel>
          <snmpv3_authprotocol>0</snmpv3_authprotocol>
          <snmpv3_authpassphrase/>
          <snmpv3_privprotocol>0</snmpv3_privprotocol>
          <snmpv3_privpassphrase/>
          <params/>
          <ipmi_sensor/>
          <authtype>0</authtype>
          <username/>
          <password/>
          <publickey/>
          <privatekey/>
          <port/>
          <description>Full counter name: \PhysicalDisk(_Total)\Avg. Disk Read Queue Length</description>
          <inventory_link>0</inventory_link>
          <applications>
            <application>
              <name>Filesystems</name>
            </application>
            <application>
              <name>Performance</name>
            </application>
          </applications>
          <valuemap/>
          <logtimefmt/>
          <preprocessing/>
          <jmx_endpoint/>
          <timeout>3s</timeout>
          <url/>
          <query_fields/>
          <posts/>
          <status_codes>200</status_codes>
          <follow_redirects>1</follow_redirects>
          <post_type>0</post_type>
          <http_proxy/>
          <headers/>
          <retrieve_mode>0</retrieve_mode>
          <request_method>0</request_method>
          <output_format>0</output_format>
          <allow_traps>0</allow_traps>
          <ssl_cert_file/>
          <ssl_key_file/>
          <ssl_key_password/>
          <verify_peer>0</verify_peer>
          <verify_host>0</verify_host>
          <master_item/>
        </item>
        <item>
          <name>Average disk write queue length</name>
          <type>0</type>
          <snmp_community/>
          <snmp_oid/>
          <key>perf_counter[\234(_Total)\1404]</key>
          <delay>1m</delay>
          <history>1w</history>
          <trends>365d</trends>
          <status>0</status>
          <value_type>0</value_type>
          <allowed_hosts/>
          <units/>
          <snmpv3_contextname/>
          <snmpv3_securityname/>
          <snmpv3_securitylevel>0</snmpv3_securitylevel>
          <snmpv3_authprotocol>0</snmpv3_authprotocol>
          <snmpv3_authpassphrase/>
          <snmpv3_privprotocol>0</snmpv3_privprotocol>
          <snmpv3_privpassphrase/>
          <params/>
          <ipmi_sensor/>
          <authtype>0</authtype>
          <username/>
          <password/>
          <publickey/>
          <privatekey/>
          <port/>
          <description>Full counter name: \PhysicalDisk(_Total)\Avg. Disk Write Queue Length</description>
          <inventory_link>0</inventory_link>
          <applications>
            <application>
              <name>Filesystems</name>
            </application>
            <application>
              <name>Performance</name>
            </application>
          </applications>
          <valuemap/>
          <logtimefmt/>
          <preprocessing/>
          <jmx_endpoint/>
          <timeout>3s</timeout>
          <url/>
          <query_fields/>
          <posts/>
          <status_codes>200</status_codes>
          <follow_redirects>1</follow_redirects>
          <post_type>0</post_type>
          <http_proxy/>
          <headers/>
          <retrieve_mode>0</retrieve_mode>
          <request_method>0</request_method>
          <output_format>0</output_format>
          <allow_traps>0</allow_traps>
          <ssl_cert_file/>
          <ssl_key_file/>
          <ssl_key_password/>
          <verify_peer>0</verify_peer>
          <verify_host>0</verify_host>
          <master_item/>
        </item>
        <item>
          <name>Number of processes</name>
          <type>0</type>
          <snmp_community/>
          <snmp_oid/>
          <key>proc.num[]</key>
          <delay>1m</delay>
          <history>1w</history>
          <trends>365d</trends>
          <status>0</status>
          <value_type>3</value_type>
          <allowed_hosts/>
          <units/>
          <snmpv3_contextname/>
          <snmpv3_securityname/>
          <snmpv3_securitylevel>0</snmpv3_securitylevel>
          <snmpv3_authprotocol>0</snmpv3_authprotocol>
          <snmpv3_authpassphrase/>
          <snmpv3_privprotocol>0</snmpv3_privprotocol>
          <snmpv3_privpassphrase/>
          <params/>
          <ipmi_sensor/>
          <authtype>0</authtype>
          <username/>
          <password/>
          <publickey/>
          <privatekey/>
          <port/>
          <description/>
          <inventory_link>0</inventory_link>
          <applications>
            <application>
              <name>Processes</name>
            </application>
          </applications>
          <valuemap/>
          <logtimefmt/>
          <preprocessing/>
          <jmx_endpoint/>
          <timeout>3s</timeout>
          <url/>
          <query_fields/>
          <posts/>
          <status_codes>200</status_codes>
          <follow_redirects>1</follow_redirects>
          <post_type>0</post_type>
          <http_proxy/>
          <headers/>
          <retrieve_mode>0</retrieve_mode>
          <request_method>0</request_method>
          <output_format>0</output_format>
          <allow_traps>0</allow_traps>
          <ssl_cert_file/>
          <ssl_key_file/>
          <ssl_key_password/>
          <verify_peer>0</verify_peer>
          <verify_host>0</verify_host>
          <master_item/>
        </item>
        <item>
          <name>Processor load (1 min average)</name>
          <type>0</type>
          <snmp_community/>
          <snmp_oid/>
          <key>system.cpu.load[percpu,avg1]</key>
          <delay>1m</delay>
          <history>1w</history>
          <trends>365d</trends>
          <status>0</status>
          <value_type>0</value_type>
          <allowed_hosts/>
          <units/>
          <snmpv3_contextname/>
          <snmpv3_securityname/>
          <snmpv3_securitylevel>0</snmpv3_securitylevel>
          <snmpv3_authprotocol>0</snmpv3_authprotocol>
          <snmpv3_authpassphrase/>
          <snmpv3_privprotocol>0</snmpv3_privprotocol>
          <snmpv3_privpassphrase/>
          <params/>
          <ipmi_sensor/>
          <authtype>0</authtype>
          <username/>
          <password/>
          <publickey/>
          <privatekey/>
          <port/>
          <description/>
          <inventory_link>0</inventory_link>
          <applications>
            <application>
              <name>CPU</name>
            </application>
            <application>
              <name>Performance</name>
            </application>
          </applications>
          <valuemap/>
          <logtimefmt/>
          <preprocessing/>
          <jmx_endpoint/>
          <timeout>3s</timeout>
          <url/>
          <query_fields/>
          <posts/>
          <status_codes>200</status_codes>
          <follow_redirects>1</follow_redirects>
          <post_type>0</post_type>
          <http_proxy/>
          <headers/>
          <retrieve_mode>0</retrieve_mode>
          <request_method>0</request_method>
          <output_format>0</output_format>
          <allow_traps>0</allow_traps>
          <ssl_cert_file/>
          <ssl_key_file/>
          <ssl_key_password/>
          <verify_peer>0</verify_peer>
          <verify_host>0</verify_host>
          <master_item/>
        </item>
        <item>
          <name>Processor load (5 min average)</name>
          <type>0</type>
          <snmp_community/>
          <snmp_oid/>
          <key>system.cpu.load[percpu,avg5]</key>
          <delay>1m</delay>
          <history>1w</history>
          <trends>365d</trends>
          <status>0</status>
          <value_type>0</value_type>
          <allowed_hosts/>
          <units/>
          <snmpv3_contextname/>
          <snmpv3_securityname/>
          <snmpv3_securitylevel>0</snmpv3_securitylevel>
          <snmpv3_authprotocol>0</snmpv3_authprotocol>
          <snmpv3_authpassphrase/>
          <snmpv3_privprotocol>0</snmpv3_privprotocol>
          <snmpv3_privpassphrase/>
          <params/>
          <ipmi_sensor/>
          <authtype>0</authtype>
          <username/>
          <password/>
          <publickey/>
          <privatekey/>
          <port/>
          <description/>
          <inventory_link>0</inventory_link>
          <applications>
            <application>
              <name>CPU</name>
            </application>
            <application>
              <name>Performance</name>
            </application>
          </applications>
          <valuemap/>
          <logtimefmt/>
          <preprocessing/>
          <jmx_endpoint/>
          <timeout>3s</timeout>
          <url/>
          <query_fields/>
          <posts/>
          <status_codes>200</status_codes>
          <follow_redirects>1</follow_redirects>
          <post_type>0</post_type>
          <http_proxy/>
          <headers/>
          <retrieve_mode>0</retrieve_mode>
          <request_method>0</request_method>
          <output_format>0</output_format>
          <allow_traps>0</allow_traps>
          <ssl_cert_file/>
          <ssl_key_file/>
          <ssl_key_password/>
          <verify_peer>0</verify_peer>
          <verify_host>0</verify_host>
          <master_item/>
        </item>
        <item>
          <name>Processor load (15 min average)</name>
          <type>0</type>
          <snmp_community/>
          <snmp_oid/>
          <key>system.cpu.load[percpu,avg15]</key>
          <delay>1m</delay>
          <history>1w</history>
          <trends>365d</trends>
          <status>0</status>
          <value_type>0</value_type>
          <allowed_hosts/>
          <units/>
          <snmpv3_contextname/>
          <snmpv3_securityname/>
          <snmpv3_securitylevel>0</snmpv3_securitylevel>
          <snmpv3_authprotocol>0</snmpv3_authprotocol>
          <snmpv3_authpassphrase/>
          <snmpv3_privprotocol>0</snmpv3_privprotocol>
          <snmpv3_privpassphrase/>
          <params/>
          <ipmi_sensor/>
          <authtype>0</authtype>
          <username/>
          <password/>
          <publickey/>
          <privatekey/>
          <port/>
          <description/>
          <inventory_link>0</inventory_link>
          <applications>
            <application>
              <name>CPU</name>
            </application>
            <application>
              <name>Performance</name>
            </application>
          </applications>
          <valuemap/>
          <logtimefmt/>
          <preprocessing/>
          <jmx_endpoint/>
          <timeout>3s</timeout>
          <url/>
          <query_fields/>
          <posts/>
          <status_codes>200</status_codes>
          <follow_redirects>1</follow_redirects>
          <post_type>0</post_type>
          <http_proxy/>
          <headers/>
          <retrieve_mode>0</retrieve_mode>
          <request_method>0</request_method>
          <output_format>0</output_format>
          <allow_traps>0</allow_traps>
          <ssl_cert_file/>
          <ssl_key_file/>
          <ssl_key_password/>
          <verify_peer>0</verify_peer>
          <verify_host>0</verify_host>
          <master_item/>
        </item>
        <item>
          <name>Free swap space</name>
          <type>0</type>
          <snmp_community/>
          <snmp_oid/>
          <key>system.swap.size[,free]</key>
          <delay>1m</delay>
          <history>1w</history>
          <trends>365d</trends>
          <status>0</status>
          <value_type>3</value_type>
          <allowed_hosts/>
          <units>B</units>
          <snmpv3_contextname/>
          <snmpv3_securityname/>
          <snmpv3_securitylevel>0</snmpv3_securitylevel>
          <snmpv3_authprotocol>0</snmpv3_authprotocol>
          <snmpv3_authpassphrase/>
          <snmpv3_privprotocol>0</snmpv3_privprotocol>
          <snmpv3_privpassphrase/>
          <params/>
          <ipmi_sensor/>
          <authtype>0</authtype>
          <username/>
          <password/>
          <publickey/>
          <privatekey/>
          <port/>
          <description/>
          <inventory_link>0</inventory_link>
          <applications>
            <application>
              <name>Memory</name>
            </application>
          </applications>
          <valuemap/>
          <logtimefmt/>
          <preprocessing/>
          <jmx_endpoint/>
          <timeout>3s</timeout>
          <url/>
          <query_fields/>
          <posts/>
          <status_codes>200</status_codes>
          <follow_redirects>1</follow_redirects>
          <post_type>0</post_type>
          <http_proxy/>
          <headers/>
          <retrieve_mode>0</retrieve_mode>
          <request_method>0</request_method>
          <output_format>0</output_format>
          <allow_traps>0</allow_traps>
          <ssl_cert_file/>
          <ssl_key_file/>
          <ssl_key_password/>
          <verify_peer>0</verify_peer>
          <verify_host>0</verify_host>
          <master_item/>
        </item>
        <item>
          <name>Total swap space</name>
          <type>0</type>
          <snmp_community/>
          <snmp_oid/>
          <key>system.swap.size[,total]</key>
          <delay>1h</delay>
          <history>1w</history>
          <trends>365d</trends>
          <status>0</status>
          <value_type>3</value_type>
          <allowed_hosts/>
          <units>B</units>
          <snmpv3_contextname/>
          <snmpv3_securityname/>
          <snmpv3_securitylevel>0</snmpv3_securitylevel>
          <snmpv3_authprotocol>0</snmpv3_authprotocol>
          <snmpv3_authpassphrase/>
          <snmpv3_privprotocol>0</snmpv3_privprotocol>
          <snmpv3_privpassphrase/>
          <params/>
          <ipmi_sensor/>
          <authtype>0</authtype>
          <username/>
          <password/>
          <publickey/>
          <privatekey/>
          <port/>
          <description/>
          <inventory_link>0</inventory_link>
          <applications>
            <application>
              <name>Memory</name>
            </application>
          </applications>
          <valuemap/>
          <logtimefmt/>
          <preprocessing/>
          <jmx_endpoint/>
          <timeout>3s</timeout>
          <url/>
          <query_fields/>
          <posts/>
          <status_codes>200</status_codes>
          <follow_redirects>1</follow_redirects>
          <post_type>0</post_type>
          <http_proxy/>
          <headers/>
          <retrieve_mode>0</retrieve_mode>
          <request_method>0</request_method>
          <output_format>0</output_format>
          <allow_traps>0</allow_traps>
          <ssl_cert_file/>
          <ssl_key_file/>
          <ssl_key_password/>
          <verify_peer>0</verify_peer>
          <verify_host>0</verify_host>
          <master_item/>
        </item>
        <item>
          <name>System information</name>
          <type>0</type>
          <snmp_community/>
          <snmp_oid/>
          <key>system.uname</key>
          <delay>1h</delay>
          <history>1w</history>
          <trends>0</trends>
          <status>0</status>
          <value_type>1</value_type>
          <allowed_hosts/>
          <units/>
          <snmpv3_contextname/>
          <snmpv3_securityname/>
          <snmpv3_securitylevel>0</snmpv3_securitylevel>
          <snmpv3_authprotocol>0</snmpv3_authprotocol>
          <snmpv3_authpassphrase/>
          <snmpv3_privprotocol>0</snmpv3_privprotocol>
          <snmpv3_privpassphrase/>
          <params/>
          <ipmi_sensor/>
          <authtype>0</authtype>
          <username/>
          <password/>
          <publickey/>
          <privatekey/>
          <port/>
          <description/>
          <inventory_link>5</inventory_link>
          <applications>
            <application>
              <name>General</name>
            </application>
            <application>
              <name>OS</name>
            </application>
          </applications>
          <valuemap/>
          <logtimefmt/>
          <preprocessing/>
          <jmx_endpoint/>
          <timeout>3s</timeout>
          <url/>
          <query_fields/>
          <posts/>
          <status_codes>200</status_codes>
          <follow_redirects>1</follow_redirects>
          <post_type>0</post_type>
          <http_proxy/>
          <headers/>
          <retrieve_mode>0</retrieve_mode>
          <request_method>0</request_method>
          <output_format>0</output_format>
          <allow_traps>0</allow_traps>
          <ssl_cert_file/>
          <ssl_key_file/>
          <ssl_key_password/>
          <verify_peer>0</verify_peer>
          <verify_host>0</verify_host>
          <master_item/>
        </item>
        <item>
          <name>System uptime</name>
          <type>0</type>
          <snmp_community/>
          <snmp_oid/>
          <key>system.uptime</key>
          <delay>1m</delay>
          <history>1w</history>
          <trends>365d</trends>
          <status>0</status>
          <value_type>3</value_type>
          <allowed_hosts/>
          <units>uptime</units>
          <snmpv3_contextname/>
          <snmpv3_securityname/>
          <snmpv3_securitylevel>0</snmpv3_securitylevel>
          <snmpv3_authprotocol>0</snmpv3_authprotocol>
          <snmpv3_authpassphrase/>
          <snmpv3_privprotocol>0</snmpv3_privprotocol>
          <snmpv3_privpassphrase/>
          <params/>
          <ipmi_sensor/>
          <authtype>0</authtype>
          <username/>
          <password/>
          <publickey/>
          <privatekey/>
          <port/>
          <description/>
          <inventory_link>0</inventory_link>
          <applications>
            <application>
              <name>General</name>
            </application>
          </applications>
          <valuemap/>
          <logtimefmt/>
          <preprocessing/>
          <jmx_endpoint/>
          <timeout>3s</timeout>
          <url/>
          <query_fields/>
          <posts/>
          <status_codes>200</status_codes>
          <follow_redirects>1</follow_redirects>
          <post_type>0</post_type>
          <http_proxy/>
          <headers/>
          <retrieve_mode>0</retrieve_mode>
          <request_method>0</request_method>
          <output_format>0</output_format>
          <allow_traps>0</allow_traps>
          <ssl_cert_file/>
          <ssl_key_file/>
          <ssl_key_password/>
          <verify_peer>0</verify_peer>
          <verify_host>0</verify_host>
          <master_item/>
        </item>
        <item>
          <name>Free memory</name>
          <type>0</type>
          <snmp_community/>
          <snmp_oid/>
          <key>vm.memory.size[free]</key>
          <delay>1m</delay>
          <history>1w</history>
          <trends>365d</trends>
          <status>0</status>
          <value_type>3</value_type>
          <allowed_hosts/>
          <units>B</units>
          <snmpv3_contextname/>
          <snmpv3_securityname/>
          <snmpv3_securitylevel>0</snmpv3_securitylevel>
          <snmpv3_authprotocol>0</snmpv3_authprotocol>
          <snmpv3_authpassphrase/>
          <snmpv3_privprotocol>0</snmpv3_privprotocol>
          <snmpv3_privpassphrase/>
          <params/>
          <ipmi_sensor/>
          <authtype>0</authtype>
          <username/>
          <password/>
          <publickey/>
          <privatekey/>
          <port/>
          <description/>
          <inventory_link>0</inventory_link>
          <applications>
            <application>
              <name>Memory</name>
            </application>
          </applications>
          <valuemap/>
          <logtimefmt/>
          <preprocessing/>
          <jmx_endpoint/>
          <timeout>3s</timeout>
          <url/>
          <query_fields/>
          <posts/>
          <status_codes>200</status_codes>
          <follow_redirects>1</follow_redirects>
          <post_type>0</post_type>
          <http_proxy/>
          <headers/>
          <retrieve_mode>0</retrieve_mode>
          <request_method>0</request_method>
          <output_format>0</output_format>
          <allow_traps>0</allow_traps>
          <ssl_cert_file/>
          <ssl_key_file/>
          <ssl_key_password/>
          <verify_peer>0</verify_peer>
          <verify_host>0</verify_host>
          <master_item/>
        </item>
        <item>
          <name>Total memory</name>
          <type>0</type>
          <snmp_community/>
          <snmp_oid/>
          <key>vm.memory.size[total]</key>
          <delay>1h</delay>
          <history>1w</history>
          <trends>365d</trends>
          <status>0</status>
          <value_type>3</value_type>
          <allowed_hosts/>
          <units>B</units>
          <snmpv3_contextname/>
          <snmpv3_securityname/>
          <snmpv3_securitylevel>0</snmpv3_securitylevel>
          <snmpv3_authprotocol>0</snmpv3_authprotocol>
          <snmpv3_authpassphrase/>
          <snmpv3_privprotocol>0</snmpv3_privprotocol>
          <snmpv3_privpassphrase/>
          <params/>
          <ipmi_sensor/>
          <authtype>0</authtype>
          <username/>
          <password/>
          <publickey/>
          <privatekey/>
          <port/>
          <description/>
          <inventory_link>0</inventory_link>
          <applications>
            <application>
              <name>Memory</name>
            </application>
          </applications>
          <valuemap/>
          <logtimefmt/>
          <preprocessing/>
          <jmx_endpoint/>
          <timeout>3s</timeout>
          <url/>
          <query_fields/>
          <posts/>
          <status_codes>200</status_codes>
          <follow_redirects>1</follow_redirects>
          <post_type>0</post_type>
          <http_proxy/>
          <headers/>
          <retrieve_mode>0</retrieve_mode>
          <request_method>0</request_method>
          <output_format>0</output_format>
          <allow_traps>0</allow_traps>
          <ssl_cert_file/>
          <ssl_key_file/>
          <ssl_key_password/>
          <verify_peer>0</verify_peer>
          <verify_host>0</verify_host>
          <master_item/>
        </item>
        <item>
          <name>Free virtual memory, in %</name>
          <type>0</type>
          <snmp_community/>
          <snmp_oid/>
          <key>vm.vmemory.size[pavailable]</key>
          <delay>1m</delay>
          <history>1w</history>
          <trends>365d</trends>
          <status>0</status>
          <value_type>0</value_type>
          <allowed_hosts/>
          <units>%</units>
          <snmpv3_contextname/>
          <snmpv3_securityname/>
          <snmpv3_securitylevel>0</snmpv3_securitylevel>
          <snmpv3_authprotocol>0</snmpv3_authprotocol>
          <snmpv3_authpassphrase/>
          <snmpv3_privprotocol>0</snmpv3_privprotocol>
          <snmpv3_privpassphrase/>
          <params/>
          <ipmi_sensor/>
          <authtype>0</authtype>
          <username/>
          <password/>
          <publickey/>
          <privatekey/>
          <port/>
          <description/>
          <inventory_link>0</inventory_link>
          <applications>
            <application>
              <name>Memory</name>
            </application>
          </applications>
          <valuemap/>
          <logtimefmt/>
          <preprocessing/>
          <jmx_endpoint/>
          <timeout>3s</timeout>
          <url/>
          <query_fields/>
          <posts/>
          <status_codes>200</status_codes>
          <follow_redirects>1</follow_redirects>
          <post_type>0</post_type>
          <http_proxy/>
          <headers/>
          <retrieve_mode>0</retrieve_mode>
          <request_method>0</request_method>
          <output_format>0</output_format>
          <allow_traps>0</allow_traps>
          <ssl_cert_file/>
          <ssl_key_file/>
          <ssl_key_password/>
          <verify_peer>0</verify_peer>
          <verify_host>0</verify_host>
          <master_item/>
        </item>
      </items>
      <discovery_rules>
        <discovery_rule>
          <name>Network interface discovery</name>
          <type>0</type>
          <snmp_community/>
          <snmp_oid/>
          <key>net.if.discovery</key>
          <delay>1h</delay>
          <status>0</status>
          <allowed_hosts/>
          <snmpv3_contextname/>
          <snmpv3_securityname/>
          <snmpv3_securitylevel>0</snmpv3_securitylevel>
          <snmpv3_authprotocol>0</snmpv3_authprotocol>
          <snmpv3_authpassphrase/>
          <snmpv3_privprotocol>0</snmpv3_privprotocol>
          <snmpv3_privpassphrase/>
          <params/>
          <ipmi_sensor/>
          <authtype>0</authtype>
          <username/>
          <password/>
          <publickey/>
          <privatekey/>
          <port/>
          <filter>
            <evaltype>0</evaltype>
            <formula/>
            <conditions>
              <condition>
                <macro>{#IFNAME}</macro>
                <value>@Network interfaces for discovery</value>
                <operator>8</operator>
                <formulaid>A</formulaid>
              </condition>
            </conditions>
          </filter>
          <lifetime>30d</lifetime>
          <description>Discovery of network interfaces as defined in global regular expression "Network interfaces for discovery".</description>
          <item_prototypes>
            <item_prototype>
              <name>Incoming network traffic on {#IFNAME}</name>
              <type>0</type>
              <snmp_community/>
              <snmp_oid/>
              <key>net.if.in[{#IFNAME}]</key>
              <delay>1m</delay>
              <history>1w</history>
              <trends>365d</trends>
              <status>0</status>
              <value_type>3</value_type>
              <allowed_hosts/>
              <units>bps</units>
              <snmpv3_contextname/>
              <snmpv3_securityname/>
              <snmpv3_securitylevel>0</snmpv3_securitylevel>
              <snmpv3_authprotocol>0</snmpv3_authprotocol>
              <snmpv3_authpassphrase/>
              <snmpv3_privprotocol>0</snmpv3_privprotocol>
              <snmpv3_privpassphrase/>
              <params/>
              <ipmi_sensor/>
              <authtype>0</authtype>
              <username/>
              <password/>
              <publickey/>
              <privatekey/>
              <port/>
              <description/>
              <inventory_link>0</inventory_link>
              <applications>
                <application>
                  <name>Network interfaces</name>
                </application>
              </applications>
              <valuemap/>
              <logtimefmt/>
              <preprocessing>
                <step>
                  <type>10</type>
                  <params/>
                  <error_handler>0</error_handler>
                  <error_handler_params/>
                </step>
                <step>
                  <type>1</type>
                  <params>8</params>
                  <error_handler>0</error_handler>
                  <error_handler_params/>
                </step>
              </preprocessing>
              <jmx_endpoint/>
              <timeout>3s</timeout>
              <url/>
              <query_fields/>
              <posts/>
              <status_codes>200</status_codes>
              <follow_redirects>1</follow_redirects>
              <post_type>0</post_type>
              <http_proxy/>
              <headers/>
              <retrieve_mode>0</retrieve_mode>
              <request_method>0</request_method>
              <output_format>0</output_format>
              <allow_traps>0</allow_traps>
              <ssl_cert_file/>
              <ssl_key_file/>
              <ssl_key_password/>
              <verify_peer>0</verify_peer>
              <verify_host>0</verify_host>
              <application_prototypes/>
              <master_item/>
            </item_prototype>
            <item_prototype>
              <name>Outgoing network traffic on {#IFNAME}</name>
              <type>0</type>
              <snmp_community/>
              <snmp_oid/>
              <key>net.if.out[{#IFNAME}]</key>
              <delay>1m</delay>
              <history>1w</history>
              <trends>365d</trends>
              <status>0</status>
              <value_type>3</value_type>
              <allowed_hosts/>
              <units>bps</units>
              <snmpv3_contextname/>
              <snmpv3_securityname/>
              <snmpv3_securitylevel>0</snmpv3_securitylevel>
              <snmpv3_authprotocol>0</snmpv3_authprotocol>
              <snmpv3_authpassphrase/>
              <snmpv3_privprotocol>0</snmpv3_privprotocol>
              <snmpv3_privpassphrase/>
              <params/>
              <ipmi_sensor/>
              <authtype>0</authtype>
              <username/>
              <password/>
              <publickey/>
              <privatekey/>
              <port/>
              <description/>
              <inventory_link>0</inventory_link>
              <applications>
                <application>
                  <name>Network interfaces</name>
                </application>
              </applications>
              <valuemap/>
              <logtimefmt/>
              <preprocessing>
                <step>
                  <type>10</type>
                  <params/>
                  <error_handler>0</error_handler>
                  <error_handler_params/>
                </step>
                <step>
                  <type>1</type>
                  <params>8</params>
                  <error_handler>0</error_handler>
                  <error_handler_params/>
                </step>
              </preprocessing>
              <jmx_endpoint/>
              <timeout>3s</timeout>
              <url/>
              <query_fields/>
              <posts/>
              <status_codes>200</status_codes>
              <follow_redirects>1</follow_redirects>
              <post_type>0</post_type>
              <http_proxy/>
              <headers/>
              <retrieve_mode>0</retrieve_mode>
              <request_method>0</request_method>
              <output_format>0</output_format>
              <allow_traps>0</allow_traps>
              <ssl_cert_file/>
              <ssl_key_file/>
              <ssl_key_password/>
              <verify_peer>0</verify_peer>
              <verify_host>0</verify_host>
              <application_prototypes/>
              <master_item/>
            </item_prototype>
          </item_prototypes>
          <trigger_prototypes/>
          <graph_prototypes>
            <graph_prototype>
              <name>Network traffic on {#IFNAME}</name>
              <width>900</width>
              <height>200</height>
              <yaxismin>0.0000</yaxismin>
              <yaxismax>100.0000</yaxismax>
              <show_work_period>1</show_work_period>
              <show_triggers>1</show_triggers>
              <type>0</type>
              <show_legend>1</show_legend>
              <show_3d>0</show_3d>
              <percent_left>0.0000</percent_left>
              <percent_right>0.0000</percent_right>
              <ymin_type_1>1</ymin_type_1>
              <ymax_type_1>0</ymax_type_1>
              <ymin_item_1>0</ymin_item_1>
              <ymax_item_1>0</ymax_item_1>
              <graph_items>
                <graph_item>
                  <sortorder>0</sortorder>
                  <drawtype>5</drawtype>
                  <color>00AA00</color>
                  <yaxisside>0</yaxisside>
                  <calc_fnc>2</calc_fnc>
                  <type>0</type>
                  <item>
                    <host>Template OS Windows</host>
                    <key>net.if.in[{#IFNAME}]</key>
                  </item>
                </graph_item>
                <graph_item>
                  <sortorder>1</sortorder>
                  <drawtype>5</drawtype>
                  <color>3333FF</color>
                  <yaxisside>0</yaxisside>
                  <calc_fnc>2</calc_fnc>
                  <type>0</type>
                  <item>
                    <host>Template OS Windows</host>
                    <key>net.if.out[{#IFNAME}]</key>
                  </item>
                </graph_item>
              </graph_items>
            </graph_prototype>
          </graph_prototypes>
          <host_prototypes/>
          <jmx_endpoint/>
          <timeout>3s</timeout>
          <url/>
          <query_fields/>
          <posts/>
          <status_codes>200</status_codes>
          <follow_redirects>1</follow_redirects>
          <post_type>0</post_type>
          <http_proxy/>
          <headers/>
          <retrieve_mode>0</retrieve_mode>
          <request_method>0</request_method>
          <allow_traps>0</allow_traps>
          <ssl_cert_file/>
          <ssl_key_file/>
          <ssl_key_password/>
          <verify_peer>0</verify_peer>
          <verify_host>0</verify_host>
          <lld_macro_paths/>
          <preprocessing/>
          <master_item/>
        </discovery_rule>
        <discovery_rule>
          <name>Windows service discovery</name>
          <type>0</type>
          <snmp_community/>
          <snmp_oid/>
          <key>service.discovery</key>
          <delay>1h</delay>
          <status>0</status>
          <allowed_hosts/>
          <snmpv3_contextname/>
          <snmpv3_securityname/>
          <snmpv3_securitylevel>0</snmpv3_securitylevel>
          <snmpv3_authprotocol>0</snmpv3_authprotocol>
          <snmpv3_authpassphrase/>
          <snmpv3_privprotocol>0</snmpv3_privprotocol>
          <snmpv3_privpassphrase/>
          <params/>
          <ipmi_sensor/>
          <authtype>0</authtype>
          <username/>
          <password/>
          <publickey/>
          <privatekey/>
          <port/>
          <filter>
            <evaltype>0</evaltype>
            <formula/>
            <conditions>
              <condition>
                <macro>{#SERVICE.NAME}</macro>
                <value>@Windows service names for discovery</value>
                <operator>8</operator>
                <formulaid>A</formulaid>
              </condition>
              <condition>
                <macro>{#SERVICE.STARTUPNAME}</macro>
                <value>@Windows service startup states for discovery</value>
                <operator>8</operator>
                <formulaid>B</formulaid>
              </condition>
            </conditions>
          </filter>
          <lifetime>30d</lifetime>
          <description>Discovery of Windows services of different types as defined in global regular expressions "Windows service names for discovery" and "Windows service startup states for discovery".</description>
          <item_prototypes>
            <item_prototype>
              <name>State of service "{#SERVICE.NAME}" ({#SERVICE.DISPLAYNAME})</name>
              <type>0</type>
              <snmp_community/>
              <snmp_oid/>
              <key>service.info[{#SERVICE.NAME},state]</key>
              <delay>1m</delay>
              <history>1w</history>
              <trends>365d</trends>
              <status>0</status>
              <value_type>3</value_type>
              <allowed_hosts/>
              <units/>
              <snmpv3_contextname/>
              <snmpv3_securityname/>
              <snmpv3_securitylevel>0</snmpv3_securitylevel>
              <snmpv3_authprotocol>0</snmpv3_authprotocol>
              <snmpv3_authpassphrase/>
              <snmpv3_privprotocol>0</snmpv3_privprotocol>
              <snmpv3_privpassphrase/>
              <params/>
              <ipmi_sensor/>
              <authtype>0</authtype>
              <username/>
              <password/>
              <publickey/>
              <privatekey/>
              <port/>
              <description/>
              <inventory_link>0</inventory_link>
              <applications>
                <application>
                  <name>Services</name>
                </application>
              </applications>
              <valuemap>
                <name>Windows service state</name>
              </valuemap>
              <logtimefmt/>
              <preprocessing/>
              <jmx_endpoint/>
              <timeout>3s</timeout>
              <url/>
              <query_fields/>
              <posts/>
              <status_codes>200</status_codes>
              <follow_redirects>1</follow_redirects>
              <post_type>0</post_type>
              <http_proxy/>
              <headers/>
              <retrieve_mode>0</retrieve_mode>
              <request_method>0</request_method>
              <output_format>0</output_format>
              <allow_traps>0</allow_traps>
              <ssl_cert_file/>
              <ssl_key_file/>
              <ssl_key_password/>
              <verify_peer>0</verify_peer>
              <verify_host>0</verify_host>
              <application_prototypes>
                <application_prototype>
                  <name>Startup {#SERVICE.STARTUPNAME} services</name>
                </application_prototype>
              </application_prototypes>
              <master_item/>
            </item_prototype>
          </item_prototypes>
          <trigger_prototypes>
            <trigger_prototype>
              <expression>{Template OS Windows:service.info[{#SERVICE.NAME},state].min(#3)}&lt;&gt;0</expression>
              <recovery_mode>0</recovery_mode>
              <recovery_expression/>
              <name>Service "{#SERVICE.NAME}" ({#SERVICE.DISPLAYNAME}) is not running (startup type {#SERVICE.STARTUPNAME})</name>
              <correlation_mode>0</correlation_mode>
              <correlation_tag/>
              <url/>
              <status>0</status>
              <priority>3</priority>
              <description/>
              <type>0</type>
              <manual_close>0</manual_close>
              <dependencies/>
              <tags/>
            </trigger_prototype>
          </trigger_prototypes>
          <graph_prototypes/>
          <host_prototypes/>
          <jmx_endpoint/>
          <timeout>3s</timeout>
          <url/>
          <query_fields/>
          <posts/>
          <status_codes>200</status_codes>
          <follow_redirects>1</follow_redirects>
          <post_type>0</post_type>
          <http_proxy/>
          <headers/>
          <retrieve_mode>0</retrieve_mode>
          <request_method>0</request_method>
          <allow_traps>0</allow_traps>
          <ssl_cert_file/>
          <ssl_key_file/>
          <ssl_key_password/>
          <verify_peer>0</verify_peer>
          <verify_host>0</verify_host>
          <lld_macro_paths/>
          <preprocessing/>
          <master_item/>
        </discovery_rule>
        <discovery_rule>
          <name>Mounted filesystem discovery</name>
          <type>0</type>
          <snmp_community/>
          <snmp_oid/>
          <key>vfs.fs.discovery</key>
          <delay>1h</delay>
          <status>0</status>
          <allowed_hosts/>
          <snmpv3_contextname/>
          <snmpv3_securityname/>
          <snmpv3_securitylevel>0</snmpv3_securitylevel>
          <snmpv3_authprotocol>0</snmpv3_authprotocol>
          <snmpv3_authpassphrase/>
          <snmpv3_privprotocol>0</snmpv3_privprotocol>
          <snmpv3_privpassphrase/>
          <params/>
          <ipmi_sensor/>
          <authtype>0</authtype>
          <username/>
          <password/>
          <publickey/>
          <privatekey/>
          <port/>
          <filter>
            <evaltype>0</evaltype>
            <formula/>
            <conditions>
              <condition>
                <macro>{#FSTYPE}</macro>
                <value>@File systems for discovery</value>
                <operator>8</operator>
                <formulaid>A</formulaid>
              </condition>
            </conditions>
          </filter>
          <lifetime>30d</lifetime>
          <description>Discovery of file systems of different types as defined in global regular expression "File systems for discovery".</description>
          <item_prototypes>
            <item_prototype>
              <name>Free disk space on {#FSNAME}</name>
              <type>0</type>
              <snmp_community/>
              <snmp_oid/>
              <key>vfs.fs.size[{#FSNAME},free]</key>
              <delay>1m</delay>
              <history>1w</history>
              <trends>365d</trends>
              <status>0</status>
              <value_type>3</value_type>
              <allowed_hosts/>
              <units>B</units>
              <snmpv3_contextname/>
              <snmpv3_securityname/>
              <snmpv3_securitylevel>0</snmpv3_securitylevel>
              <snmpv3_authprotocol>0</snmpv3_authprotocol>
              <snmpv3_authpassphrase/>
              <snmpv3_privprotocol>0</snmpv3_privprotocol>
              <snmpv3_privpassphrase/>
              <params/>
              <ipmi_sensor/>
              <authtype>0</authtype>
              <username/>
              <password/>
              <publickey/>
              <privatekey/>
              <port/>
              <description/>
              <inventory_link>0</inventory_link>
              <applications>
                <application>
                  <name>Filesystems</name>
                </application>
              </applications>
              <valuemap/>
              <logtimefmt/>
              <preprocessing/>
              <jmx_endpoint/>
              <timeout>3s</timeout>
              <url/>
              <query_fields/>
              <posts/>
              <status_codes>200</status_codes>
              <follow_redirects>1</follow_redirects>
              <post_type>0</post_type>
              <http_proxy/>
              <headers/>
              <retrieve_mode>0</retrieve_mode>
              <request_method>0</request_method>
              <output_format>0</output_format>
              <allow_traps>0</allow_traps>
              <ssl_cert_file/>
              <ssl_key_file/>
              <ssl_key_password/>
              <verify_peer>0</verify_peer>
              <verify_host>0</verify_host>
              <application_prototypes/>
              <master_item/>
            </item_prototype>
            <item_prototype>
              <name>Free disk space on {#FSNAME} (percentage)</name>
              <type>0</type>
              <snmp_community/>
              <snmp_oid/>
              <key>vfs.fs.size[{#FSNAME},pfree]</key>
              <delay>1m</delay>
              <history>1w</history>
              <trends>365d</trends>
              <status>0</status>
              <value_type>0</value_type>
              <allowed_hosts/>
              <units>%</units>
              <snmpv3_contextname/>
              <snmpv3_securityname/>
              <snmpv3_securitylevel>0</snmpv3_securitylevel>
              <snmpv3_authprotocol>0</snmpv3_authprotocol>
              <snmpv3_authpassphrase/>
              <snmpv3_privprotocol>0</snmpv3_privprotocol>
              <snmpv3_privpassphrase/>
              <params/>
              <ipmi_sensor/>
              <authtype>0</authtype>
              <username/>
              <password/>
              <publickey/>
              <privatekey/>
              <port/>
              <description/>
              <inventory_link>0</inventory_link>
              <applications>
                <application>
                  <name>Filesystems</name>
                </application>
              </applications>
              <valuemap/>
              <logtimefmt/>
              <preprocessing/>
              <jmx_endpoint/>
              <timeout>3s</timeout>
              <url/>
              <query_fields/>
              <posts/>
              <status_codes>200</status_codes>
              <follow_redirects>1</follow_redirects>
              <post_type>0</post_type>
              <http_proxy/>
              <headers/>
              <retrieve_mode>0</retrieve_mode>
              <request_method>0</request_method>
              <output_format>0</output_format>
              <allow_traps>0</allow_traps>
              <ssl_cert_file/>
              <ssl_key_file/>
              <ssl_key_password/>
              <verify_peer>0</verify_peer>
              <verify_host>0</verify_host>
              <application_prototypes/>
              <master_item/>
            </item_prototype>
            <item_prototype>
              <name>Total disk space on {#FSNAME}</name>
              <type>0</type>
              <snmp_community/>
              <snmp_oid/>
              <key>vfs.fs.size[{#FSNAME},total]</key>
              <delay>1h</delay>
              <history>1w</history>
              <trends>365d</trends>
              <status>0</status>
              <value_type>3</value_type>
              <allowed_hosts/>
              <units>B</units>
              <snmpv3_contextname/>
              <snmpv3_securityname/>
              <snmpv3_securitylevel>0</snmpv3_securitylevel>
              <snmpv3_authprotocol>0</snmpv3_authprotocol>
              <snmpv3_authpassphrase/>
              <snmpv3_privprotocol>0</snmpv3_privprotocol>
              <snmpv3_privpassphrase/>
              <params/>
              <ipmi_sensor/>
              <authtype>0</authtype>
              <username/>
              <password/>
              <publickey/>
              <privatekey/>
              <port/>
              <description/>
              <inventory_link>0</inventory_link>
              <applications>
                <application>
                  <name>Filesystems</name>
                </application>
              </applications>
              <valuemap/>
              <logtimefmt/>
              <preprocessing/>
              <jmx_endpoint/>
              <timeout>3s</timeout>
              <url/>
              <query_fields/>
              <posts/>
              <status_codes>200</status_codes>
              <follow_redirects>1</follow_redirects>
              <post_type>0</post_type>
              <http_proxy/>
              <headers/>
              <retrieve_mode>0</retrieve_mode>
              <request_method>0</request_method>
              <output_format>0</output_format>
              <allow_traps>0</allow_traps>
              <ssl_cert_file/>
              <ssl_key_file/>
              <ssl_key_password/>
              <verify_peer>0</verify_peer>
              <verify_host>0</verify_host>
              <application_prototypes/>
              <master_item/>
            </item_prototype>
            <item_prototype>
              <name>Used disk space on {#FSNAME}</name>
              <type>0</type>
              <snmp_community/>
              <snmp_oid/>
              <key>vfs.fs.size[{#FSNAME},used]</key>
              <delay>1m</delay>
              <history>1w</history>
              <trends>365d</trends>
              <status>0</status>
              <value_type>3</value_type>
              <allowed_hosts/>
              <units>B</units>
              <snmpv3_contextname/>
              <snmpv3_securityname/>
              <snmpv3_securitylevel>0</snmpv3_securitylevel>
              <snmpv3_authprotocol>0</snmpv3_authprotocol>
              <snmpv3_authpassphrase/>
              <snmpv3_privprotocol>0</snmpv3_privprotocol>
              <snmpv3_privpassphrase/>
              <params/>
              <ipmi_sensor/>
              <authtype>0</authtype>
              <username/>
              <password/>
              <publickey/>
              <privatekey/>
              <port/>
              <description/>
              <inventory_link>0</inventory_link>
              <applications>
                <application>
                  <name>Filesystems</name>
                </application>
              </applications>
              <valuemap/>
              <logtimefmt/>
              <preprocessing/>
              <jmx_endpoint/>
              <timeout>3s</timeout>
              <url/>
              <query_fields/>
              <posts/>
              <status_codes>200</status_codes>
              <follow_redirects>1</follow_redirects>
              <post_type>0</post_type>
              <http_proxy/>
              <headers/>
              <retrieve_mode>0</retrieve_mode>
              <request_method>0</request_method>
              <output_format>0</output_format>
              <allow_traps>0</allow_traps>
              <ssl_cert_file/>
              <ssl_key_file/>
              <ssl_key_password/>
              <verify_peer>0</verify_peer>
              <verify_host>0</verify_host>
              <application_prototypes/>
              <master_item/>
            </item_prototype>
          </item_prototypes>
          <trigger_prototypes>
            <trigger_prototype>
              <expression>{Template OS Windows:vfs.fs.size[{#FSNAME},pfree].last(0)}&lt;20</expression>
              <recovery_mode>0</recovery_mode>
              <recovery_expression/>
              <name>Free disk space is less than 20% on volume {#FSNAME}</name>
              <correlation_mode>0</correlation_mode>
              <correlation_tag/>
              <url/>
              <status>0</status>
              <priority>2</priority>
              <description/>
              <type>0</type>
              <manual_close>0</manual_close>
              <dependencies/>
              <tags/>
            </trigger_prototype>
          </trigger_prototypes>
          <graph_prototypes>
            <graph_prototype>
              <name>Disk space usage {#FSNAME}</name>
              <width>600</width>
              <height>340</height>
              <yaxismin>0.0000</yaxismin>
              <yaxismax>100.0000</yaxismax>
              <show_work_period>0</show_work_period>
              <show_triggers>0</show_triggers>
              <type>2</type>
              <show_legend>1</show_legend>
              <show_3d>1</show_3d>
              <percent_left>0.0000</percent_left>
              <percent_right>0.0000</percent_right>
              <ymin_type_1>0</ymin_type_1>
              <ymax_type_1>0</ymax_type_1>
              <ymin_item_1>0</ymin_item_1>
              <ymax_item_1>0</ymax_item_1>
              <graph_items>
                <graph_item>
                  <sortorder>0</sortorder>
                  <drawtype>0</drawtype>
                  <color>C80000</color>
                  <yaxisside>0</yaxisside>
                  <calc_fnc>2</calc_fnc>
                  <type>2</type>
                  <item>
                    <host>Template OS Windows</host>
                    <key>vfs.fs.size[{#FSNAME},total]</key>
                  </item>
                </graph_item>
                <graph_item>
                  <sortorder>1</sortorder>
                  <drawtype>0</drawtype>
                  <color>00C800</color>
                  <yaxisside>0</yaxisside>
                  <calc_fnc>2</calc_fnc>
                  <type>0</type>
                  <item>
                    <host>Template OS Windows</host>
                    <key>vfs.fs.size[{#FSNAME},free]</key>
                  </item>
                </graph_item>
              </graph_items>
            </graph_prototype>
          </graph_prototypes>
          <host_prototypes/>
          <jmx_endpoint/>
          <timeout>3s</timeout>
          <url/>
          <query_fields/>
          <posts/>
          <status_codes>200</status_codes>
          <follow_redirects>1</follow_redirects>
          <post_type>0</post_type>
          <http_proxy/>
          <headers/>
          <retrieve_mode>0</retrieve_mode>
          <request_method>0</request_method>
          <allow_traps>0</allow_traps>
          <ssl_cert_file/>
          <ssl_key_file/>
          <ssl_key_password/>
          <verify_peer>0</verify_peer>
          <verify_host>0</verify_host>
          <lld_macro_paths/>
          <preprocessing/>
          <master_item/>
        </discovery_rule>
      </discovery_rules>
      <httptests/>
      <macros/>
      <templates>
        <template>
          <name>Template App Zabbix Agent</name>
        </template>
      </templates>
      <screens>
        <screen>
          <name>System performance</name>
          <hsize>2</hsize>
          <vsize>2</vsize>
          <screen_items>
            <screen_item>
              <resourcetype>0</resourcetype>
              <width>500</width>
              <height>100</height>
              <x>0</x>
              <y>0</y>
              <colspan>1</colspan>
              <rowspan>1</rowspan>
              <elements>0</elements>
              <valign>0</valign>
              <halign>0</halign>
              <style>0</style>
              <url/>
              <dynamic>0</dynamic>
              <sort_triggers>0</sort_triggers>
              <resource>
                <name>CPU load</name>
                <host>Template OS Windows</host>
              </resource>
              <max_columns>3</max_columns>
              <application/>
            </screen_item>
            <screen_item>
              <resourcetype>0</resourcetype>
              <width>500</width>
              <height>100</height>
              <x>1</x>
              <y>0</y>
              <colspan>1</colspan>
              <rowspan>1</rowspan>
              <elements>0</elements>
              <valign>0</valign>
              <halign>0</halign>
              <style>0</style>
              <url/>
              <dynamic>0</dynamic>
              <sort_triggers>0</sort_triggers>
              <resource>
                <name>Memory usage</name>
                <host>Template OS Windows</host>
              </resource>
              <max_columns>3</max_columns>
              <application/>
            </screen_item>
            <screen_item>
              <resourcetype>1</resourcetype>
              <width>500</width>
              <height>100</height>
              <x>0</x>
              <y>1</y>
              <colspan>1</colspan>
              <rowspan>1</rowspan>
              <elements>0</elements>
              <valign>0</valign>
              <halign>0</halign>
              <style>0</style>
              <url/>
              <dynamic>0</dynamic>
              <sort_triggers>0</sort_triggers>
              <resource>
                <key>proc.num[]</key>
                <host>Template OS Windows</host>
              </resource>
              <max_columns>3</max_columns>
              <application/>
            </screen_item>
            <screen_item>
              <resourcetype>1</resourcetype>
              <width>500</width>
              <height>100</height>
              <x>1</x>
              <y>1</y>
              <colspan>1</colspan>
              <rowspan>1</rowspan>
              <elements>0</elements>
              <valign>0</valign>
              <halign>0</halign>
              <style>0</style>
              <url/>
              <dynamic>0</dynamic>
              <sort_triggers>0</sort_triggers>
              <resource>
                <key>perf_counter[\2\250]</key>
                <host>Template OS Windows</host>
              </resource>
              <max_columns>3</max_columns>
              <application/>
            </screen_item>
          </screen_items>
        </screen>
      </screens>
      <tags/>
    </template>
  </templates>
  <triggers>
    <trigger>
      <expression>{Template OS Windows:system.uname.diff(0)}&gt;0</expression>
      <recovery_mode>0</recovery_mode>
      <recovery_expression/>
      <name>Host information was changed on {HOST.NAME}</name>
      <correlation_mode>0</correlation_mode>
      <correlation_tag/>
      <url/>
      <status>0</status>
      <priority>3</priority>
      <description/>
      <type>0</type>
      <manual_close>0</manual_close>
      <dependencies/>
      <tags/>
    </trigger>
    <trigger>
      <expression>{Template OS Windows:vm.vmemory.size[pavailable].min(10m)}&lt;10</expression>
      <recovery_mode>1</recovery_mode>
      <recovery_expression>{Template OS Windows:vm.vmemory.size[pavailable].min(10m)}&gt;20</recovery_expression>
      <name>Lack of available virtual memory on server {HOST.NAME}</name>
      <correlation_mode>0</correlation_mode>
      <correlation_tag/>
      <url/>
      <status>0</status>
      <priority>3</priority>
      <description/>
      <type>0</type>
      <manual_close>0</manual_close>
      <dependencies/>
      <tags/>
    </trigger>
    <trigger>
      <expression>{Template OS Windows:vm.memory.size[free].last(0)}&lt;10000</expression>
      <recovery_mode>0</recovery_mode>
      <recovery_expression/>
      <name>Lack of free memory on server {HOST.NAME}</name>
      <correlation_mode>0</correlation_mode>
      <correlation_tag/>
      <url/>
      <status>0</status>
      <priority>3</priority>
      <description/>
      <type>0</type>
      <manual_close>0</manual_close>
      <dependencies/>
      <tags/>
    </trigger>
    <trigger>
      <expression>{Template OS Windows:system.cpu.load[percpu,avg1].avg(5m)}&gt;5</expression>
      <recovery_mode>0</recovery_mode>
      <recovery_expression/>
      <name>Processor load is too high on {HOST.NAME}</name>
      <correlation_mode>0</correlation_mode>
      <correlation_tag/>
      <url/>
      <status>0</status>
      <priority>3</priority>
      <description/>
      <type>0</type>
      <manual_close>0</manual_close>
      <dependencies/>
      <tags/>
    </trigger>
    <trigger>
      <expression>{Template OS Windows:proc.num[].avg(5m)}&gt;300</expression>
      <recovery_mode>0</recovery_mode>
      <recovery_expression/>
      <name>Too many processes on {HOST.NAME}</name>
      <correlation_mode>0</correlation_mode>
      <correlation_tag/>
      <url/>
      <status>0</status>
      <priority>3</priority>
      <description/>
      <type>0</type>
      <manual_close>0</manual_close>
      <dependencies/>
      <tags/>
    </trigger>
    <trigger>
      <expression>{Template OS Windows:system.uptime.change(0)}&lt;0</expression>
      <recovery_mode>0</recovery_mode>
      <recovery_expression/>
      <name>{HOST.NAME} has just been restarted</name>
      <correlation_mode>0</correlation_mode>
      <correlation_tag/>
      <url/>
      <status>0</status>
      <priority>3</priority>
      <description/>
      <type>0</type>
      <manual_close>0</manual_close>
      <dependencies/>
      <tags/>
    </trigger>
  </triggers>
  <graphs>
    <graph>
      <name>CPU load</name>
      <width>900</width>
      <height>200</height>
      <yaxismin>0.0000</yaxismin>
      <yaxismax>100.0000</yaxismax>
      <show_work_period>1</show_work_period>
      <show_triggers>1</show_triggers>
      <type>0</type>
      <show_legend>1</show_legend>
      <show_3d>0</show_3d>
      <percent_left>0.0000</percent_left>
      <percent_right>0.0000</percent_right>
      <ymin_type_1>1</ymin_type_1>
      <ymax_type_1>0</ymax_type_1>
      <ymin_item_1>0</ymin_item_1>
      <ymax_item_1>0</ymax_item_1>
      <graph_items>
        <graph_item>
          <sortorder>0</sortorder>
          <drawtype>0</drawtype>
          <color>009900</color>
          <yaxisside>0</yaxisside>
          <calc_fnc>2</calc_fnc>
          <type>0</type>
          <item>
            <host>Template OS Windows</host>
            <key>system.cpu.load[percpu,avg1]</key>
          </item>
        </graph_item>
        <graph_item>
          <sortorder>1</sortorder>
          <drawtype>0</drawtype>
          <color>000099</color>
          <yaxisside>0</yaxisside>
          <calc_fnc>2</calc_fnc>
          <type>0</type>
          <item>
            <host>Template OS Windows</host>
            <key>system.cpu.load[percpu,avg5]</key>
          </item>
        </graph_item>
        <graph_item>
          <sortorder>2</sortorder>
          <drawtype>0</drawtype>
          <color>990000</color>
          <yaxisside>0</yaxisside>
          <calc_fnc>2</calc_fnc>
          <type>0</type>
          <item>
            <host>Template OS Windows</host>
            <key>system.cpu.load[percpu,avg15]</key>
          </item>
        </graph_item>
      </graph_items>
    </graph>
    <graph>
      <name>Memory usage</name>
      <width>900</width>
      <height>200</height>
      <yaxismin>0.0000</yaxismin>
      <yaxismax>100.0000</yaxismax>
      <show_work_period>1</show_work_period>
      <show_triggers>1</show_triggers>
      <type>0</type>
      <show_legend>1</show_legend>
      <show_3d>0</show_3d>
      <percent_left>0.0000</percent_left>
      <percent_right>0.0000</percent_right>
      <ymin_type_1>1</ymin_type_1>
      <ymax_type_1>2</ymax_type_1>
      <ymin_item_1>0</ymin_item_1>
      <ymax_item_1>
        <host>Template OS Windows</host>
        <key>vm.memory.size[total]</key>
      </ymax_item_1>
      <graph_items>
        <graph_item>
          <sortorder>0</sortorder>
          <drawtype>5</drawtype>
          <color>00C800</color>
          <yaxisside>0</yaxisside>
          <calc_fnc>2</calc_fnc>
          <type>0</type>
          <item>
            <host>Template OS Windows</host>
            <key>vm.memory.size[free]</key>
          </item>
        </graph_item>
      </graph_items>
    </graph>
  </graphs>
  <value_maps>
    <value_map>
      <name>Windows service state</name>
      <mappings>
        <mapping>
          <value>0</value>
          <newvalue>Running</newvalue>
        </mapping>
        <mapping>
          <value>1</value>
          <newvalue>Paused</newvalue>
        </mapping>
        <mapping>
          <value>2</value>
          <newvalue>Start pending</newvalue>
        </mapping>
        <mapping>
          <value>3</value>
          <newvalue>Pause pending</newvalue>
        </mapping>
        <mapping>
          <value>4</value>
          <newvalue>Continue pending</newvalue>
        </mapping>
        <mapping>
          <value>5</value>
          <newvalue>Stop pending</newvalue>
        </mapping>
        <mapping>
          <value>6</value>
          <newvalue>Stopped</newvalue>
        </mapping>
        <mapping>
          <value>7</value>
          <newvalue>Unknown</newvalue>
        </mapping>
        <mapping>
          <value>255</value>
          <newvalue>No such service</newvalue>
        </mapping>
      </mappings>
    </value_map>
  </value_maps>
</zabbix_export>
