<?xml version="1.0" encoding="UTF-8"?>
<zabbix_export>
    <version>4.0</version>
    <date>2019-09-24T11:35:42Z</date>
    <groups>
        <group>
            <name>Template RDP</name>
        </group>
    </groups>
    <templates>
        <template>
            <template>Template - Windows Terminal Server RDP</template>
            <name>Template - Windows Terminal Server RDP</name>
            <description># Improved by Ilias Aidar 24/09/2019, originally created by Diego Cavalcante - 10/02/2017&#13;
# Monitoring Windows RDP - Terminal Server</description>
            <groups>
                <group>
                    <name>Template RDP</name>
                </group>
            </groups>
            <applications>
                <application>
                    <name>★ RDP ★ Terminal Server</name>
                </application>
                <application>
                    <name>★ Service ★</name>
                </application>
            </applications>
            <items>
                <item>
                    <name>Port</name>
                    <type>7</type>
                    <snmp_community/>
                    <snmp_oid/>
                    <key>net.tcp.port[,{$RDPPORT}]</key>
                    <delay>300</delay>
                    <history>7d</history>
                    <trends>30d</trends>
                    <status>0</status>
                    <value_type>3</value_type>
                    <allowed_hosts/>
                    <units/>
                    <snmpv3_contextname/>
                    <snmpv3_securityname/>
                    <snmpv3_securitylevel>0</snmpv3_securitylevel>
                    <snmpv3_authprotocol>0</snmpv3_authprotocol>
                    <snmpv3_authpassphrase/>
                    <snmpv3_privprotocol>0</snmpv3_privprotocol>
                    <snmpv3_privpassphrase/>
                    <params/>
                    <ipmi_sensor/>
                    <authtype>0</authtype>
                    <username/>
                    <password/>
                    <publickey/>
                    <privatekey/>
                    <port/>
                    <description>Monitoring RDP port</description>
                    <inventory_link>0</inventory_link>
                    <applications>
                        <application>
                            <name>★ RDP ★ Terminal Server</name>
                        </application>
                    </applications>
                    <valuemap>
                        <name>★ STATUS ★ Check Port</name>
                    </valuemap>
                    <logtimefmt/>
                    <preprocessing/>
                    <jmx_endpoint/>
                    <timeout>3s</timeout>
                    <url/>
                    <query_fields/>
                    <posts/>
                    <status_codes>200</status_codes>
                    <follow_redirects>1</follow_redirects>
                    <post_type>0</post_type>
                    <http_proxy/>
                    <headers/>
                    <retrieve_mode>0</retrieve_mode>
                    <request_method>0</request_method>
                    <output_format>0</output_format>
                    <allow_traps>0</allow_traps>
                    <ssl_cert_file/>
                    <ssl_key_file/>
                    <ssl_key_password/>
                    <verify_peer>0</verify_peer>
                    <verify_host>0</verify_host>
                    <master_item/>
                </item>
                <item>
                    <name>Total Active Users</name>
                    <type>7</type>
                    <snmp_community/>
                    <snmp_oid/>
                    <key>rdp.terminal.server[ACTIVENUM]</key>
                    <delay>120</delay>
                    <history>7d</history>
                    <trends>30d</trends>
                    <status>0</status>
                    <value_type>3</value_type>
                    <allowed_hosts/>
                    <units/>
                    <snmpv3_contextname/>
                    <snmpv3_securityname/>
                    <snmpv3_securitylevel>0</snmpv3_securitylevel>
                    <snmpv3_authprotocol>0</snmpv3_authprotocol>
                    <snmpv3_authpassphrase/>
                    <snmpv3_privprotocol>0</snmpv3_privprotocol>
                    <snmpv3_privpassphrase/>
                    <params/>
                    <ipmi_sensor/>
                    <authtype>0</authtype>
                    <username/>
                    <password/>
                    <publickey/>
                    <privatekey/>
                    <port/>
                    <description>Total number of active users on Terminal Server.</description>
                    <inventory_link>0</inventory_link>
                    <applications>
                        <application>
                            <name>★ RDP ★ Terminal Server</name>
                        </application>
                    </applications>
                    <valuemap/>
                    <logtimefmt/>
                    <preprocessing/>
                    <jmx_endpoint/>
                    <timeout>3s</timeout>
                    <url/>
                    <query_fields/>
                    <posts/>
                    <status_codes>200</status_codes>
                    <follow_redirects>1</follow_redirects>
                    <post_type>0</post_type>
                    <http_proxy/>
                    <headers/>
                    <retrieve_mode>0</retrieve_mode>
                    <request_method>0</request_method>
                    <output_format>0</output_format>
                    <allow_traps>0</allow_traps>
                    <ssl_cert_file/>
                    <ssl_key_file/>
                    <ssl_key_password/>
                    <verify_peer>0</verify_peer>
                    <verify_host>0</verify_host>
                    <master_item/>
                </item>
                <item>
                    <name>Active Users</name>
                    <type>7</type>
                    <snmp_community/>
                    <snmp_oid/>
                    <key>rdp.terminal.server[ACTIVE]</key>
                    <delay>120</delay>
                    <history>30d</history>
                    <trends>0</trends>
                    <status>0</status>
                    <value_type>4</value_type>
                    <allowed_hosts/>
                    <units/>
                    <snmpv3_contextname/>
                    <snmpv3_securityname/>
                    <snmpv3_securitylevel>0</snmpv3_securitylevel>
                    <snmpv3_authprotocol>0</snmpv3_authprotocol>
                    <snmpv3_authpassphrase/>
                    <snmpv3_privprotocol>0</snmpv3_privprotocol>
                    <snmpv3_privpassphrase/>
                    <params/>
                    <ipmi_sensor/>
                    <authtype>0</authtype>
                    <username/>
                    <password/>
                    <publickey/>
                    <privatekey/>
                    <port/>
                    <description>Monitors which users are connected to Terminal Server.</description>
                    <inventory_link>0</inventory_link>
                    <applications>
                        <application>
                            <name>★ RDP ★ Terminal Server</name>
                        </application>
                    </applications>
                    <valuemap/>
                    <logtimefmt/>
                    <preprocessing/>
                    <jmx_endpoint/>
                    <timeout>3s</timeout>
                    <url/>
                    <query_fields/>
                    <posts/>
                    <status_codes>200</status_codes>
                    <follow_redirects>1</follow_redirects>
                    <post_type>0</post_type>
                    <http_proxy/>
                    <headers/>
                    <retrieve_mode>0</retrieve_mode>
                    <request_method>0</request_method>
                    <output_format>0</output_format>
                    <allow_traps>0</allow_traps>
                    <ssl_cert_file/>
                    <ssl_key_file/>
                    <ssl_key_password/>
                    <verify_peer>0</verify_peer>
                    <verify_host>0</verify_host>
                    <master_item/>
                </item>
                <item>
                    <name>Remote Computer Names</name>
                    <type>7</type>
                    <snmp_community/>
                    <snmp_oid/>
                    <key>rdp.terminal.server[DEVICE]</key>
                    <delay>120</delay>
                    <history>30d</history>
                    <trends>0</trends>
                    <status>0</status>
                    <value_type>4</value_type>
                    <allowed_hosts/>
                    <units/>
                    <snmpv3_contextname/>
                    <snmpv3_securityname/>
                    <snmpv3_securitylevel>0</snmpv3_securitylevel>
                    <snmpv3_authprotocol>0</snmpv3_authprotocol>
                    <snmpv3_authpassphrase/>
                    <snmpv3_privprotocol>0</snmpv3_privprotocol>
                    <snmpv3_privpassphrase/>
                    <params/>
                    <ipmi_sensor/>
                    <authtype>0</authtype>
                    <username/>
                    <password/>
                    <publickey/>
                    <privatekey/>
                    <port/>
                    <description>Monitoring inactive Remote Computer Names on Terminal Server.</description>
                    <inventory_link>0</inventory_link>
                    <applications>
                        <application>
                            <name>★ RDP ★ Terminal Server</name>
                        </application>
                    </applications>
                    <valuemap/>
                    <logtimefmt/>
                    <preprocessing/>
                    <jmx_endpoint/>
                    <timeout>3s</timeout>
                    <url/>
                    <query_fields/>
                    <posts/>
                    <status_codes>200</status_codes>
                    <follow_redirects>1</follow_redirects>
                    <post_type>0</post_type>
                    <http_proxy/>
                    <headers/>
                    <retrieve_mode>0</retrieve_mode>
                    <request_method>0</request_method>
                    <output_format>0</output_format>
                    <allow_traps>0</allow_traps>
                    <ssl_cert_file/>
                    <ssl_key_file/>
                    <ssl_key_password/>
                    <verify_peer>0</verify_peer>
                    <verify_host>0</verify_host>
                    <master_item/>
                </item>
                <item>
                    <name>Total Inactive Users</name>
                    <type>7</type>
                    <snmp_community/>
                    <snmp_oid/>
                    <key>rdp.terminal.server[INACTIVENUM]</key>
                    <delay>120</delay>
                    <history>7d</history>
                    <trends>30d</trends>
                    <status>0</status>
                    <value_type>3</value_type>
                    <allowed_hosts/>
                    <units/>
                    <snmpv3_contextname/>
                    <snmpv3_securityname/>
                    <snmpv3_securitylevel>0</snmpv3_securitylevel>
                    <snmpv3_authprotocol>0</snmpv3_authprotocol>
                    <snmpv3_authpassphrase/>
                    <snmpv3_privprotocol>0</snmpv3_privprotocol>
                    <snmpv3_privpassphrase/>
                    <params/>
                    <ipmi_sensor/>
                    <authtype>0</authtype>
                    <username/>
                    <password/>
                    <publickey/>
                    <privatekey/>
                    <port/>
                    <description>Monitoring of total disconnected users on Terminal Server.</description>
                    <inventory_link>0</inventory_link>
                    <applications>
                        <application>
                            <name>★ RDP ★ Terminal Server</name>
                        </application>
                    </applications>
                    <valuemap/>
                    <logtimefmt/>
                    <preprocessing/>
                    <jmx_endpoint/>
                    <timeout>3s</timeout>
                    <url/>
                    <query_fields/>
                    <posts/>
                    <status_codes>200</status_codes>
                    <follow_redirects>1</follow_redirects>
                    <post_type>0</post_type>
                    <http_proxy/>
                    <headers/>
                    <retrieve_mode>0</retrieve_mode>
                    <request_method>0</request_method>
                    <output_format>0</output_format>
                    <allow_traps>0</allow_traps>
                    <ssl_cert_file/>
                    <ssl_key_file/>
                    <ssl_key_password/>
                    <verify_peer>0</verify_peer>
                    <verify_host>0</verify_host>
                    <master_item/>
                </item>
                <item>
                    <name>Inactive Users</name>
                    <type>7</type>
                    <snmp_community/>
                    <snmp_oid/>
                    <key>rdp.terminal.server[INACTIVE]</key>
                    <delay>120</delay>
                    <history>30d</history>
                    <trends>0</trends>
                    <status>0</status>
                    <value_type>4</value_type>
                    <allowed_hosts/>
                    <units/>
                    <snmpv3_contextname/>
                    <snmpv3_securityname/>
                    <snmpv3_securitylevel>0</snmpv3_securitylevel>
                    <snmpv3_authprotocol>0</snmpv3_authprotocol>
                    <snmpv3_authpassphrase/>
                    <snmpv3_privprotocol>0</snmpv3_privprotocol>
                    <snmpv3_privpassphrase/>
                    <params/>
                    <ipmi_sensor/>
                    <authtype>0</authtype>
                    <username/>
                    <password/>
                    <publickey/>
                    <privatekey/>
                    <port/>
                    <description>Monitors which users are logged out of Terminal Server.</description>
                    <inventory_link>0</inventory_link>
                    <applications>
                        <application>
                            <name>★ RDP ★ Terminal Server</name>
                        </application>
                    </applications>
                    <valuemap/>
                    <logtimefmt/>
                    <preprocessing/>
                    <jmx_endpoint/>
                    <timeout>3s</timeout>
                    <url/>
                    <query_fields/>
                    <posts/>
                    <status_codes>200</status_codes>
                    <follow_redirects>1</follow_redirects>
                    <post_type>0</post_type>
                    <http_proxy/>
                    <headers/>
                    <retrieve_mode>0</retrieve_mode>
                    <request_method>0</request_method>
                    <output_format>0</output_format>
                    <allow_traps>0</allow_traps>
                    <ssl_cert_file/>
                    <ssl_key_file/>
                    <ssl_key_password/>
                    <verify_peer>0</verify_peer>
                    <verify_host>0</verify_host>
                    <master_item/>
                </item>
                <item>
                    <name>IP Address of Remote Users</name>
                    <type>7</type>
                    <snmp_community/>
                    <snmp_oid/>
                    <key>rdp.terminal.server[IP]</key>
                    <delay>120</delay>
                    <history>30d</history>
                    <trends>0</trends>
                    <status>0</status>
                    <value_type>4</value_type>
                    <allowed_hosts/>
                    <units/>
                    <snmpv3_contextname/>
                    <snmpv3_securityname/>
                    <snmpv3_securitylevel>0</snmpv3_securitylevel>
                    <snmpv3_authprotocol>0</snmpv3_authprotocol>
                    <snmpv3_authpassphrase/>
                    <snmpv3_privprotocol>0</snmpv3_privprotocol>
                    <snmpv3_privpassphrase/>
                    <params/>
                    <ipmi_sensor/>
                    <authtype>0</authtype>
                    <username/>
                    <password/>
                    <publickey/>
                    <privatekey/>
                    <port/>
                    <description>IP Address Monitoring of Users.</description>
                    <inventory_link>0</inventory_link>
                    <applications>
                        <application>
                            <name>★ RDP ★ Terminal Server</name>
                        </application>
                    </applications>
                    <valuemap/>
                    <logtimefmt/>
                    <preprocessing/>
                    <jmx_endpoint/>
                    <timeout>3s</timeout>
                    <url/>
                    <query_fields/>
                    <posts/>
                    <status_codes>200</status_codes>
                    <follow_redirects>1</follow_redirects>
                    <post_type>0</post_type>
                    <http_proxy/>
                    <headers/>
                    <retrieve_mode>0</retrieve_mode>
                    <request_method>0</request_method>
                    <output_format>0</output_format>
                    <allow_traps>0</allow_traps>
                    <ssl_cert_file/>
                    <ssl_key_file/>
                    <ssl_key_password/>
                    <verify_peer>0</verify_peer>
                    <verify_host>0</verify_host>
                    <master_item/>
                </item>
                <item>
                    <name>Remote Desktop Services</name>
                    <type>7</type>
                    <snmp_community/>
                    <snmp_oid/>
                    <key>service.info[TermService]</key>
                    <delay>300</delay>
                    <history>7d</history>
                    <trends>30d</trends>
                    <status>0</status>
                    <value_type>3</value_type>
                    <allowed_hosts/>
                    <units/>
                    <snmpv3_contextname/>
                    <snmpv3_securityname/>
                    <snmpv3_securitylevel>0</snmpv3_securitylevel>
                    <snmpv3_authprotocol>0</snmpv3_authprotocol>
                    <snmpv3_authpassphrase/>
                    <snmpv3_privprotocol>0</snmpv3_privprotocol>
                    <snmpv3_privpassphrase/>
                    <params/>
                    <ipmi_sensor/>
                    <authtype>0</authtype>
                    <username/>
                    <password/>
                    <publickey/>
                    <privatekey/>
                    <port/>
                    <description>Service: TermService&#13;Name: Remote Desktop Services&#13;Description: Allows users to interactively connect to a remote computer. Remote Desktop and Remote Desktop Session Host Server depend on this service. To prevent remote use of this computer, clear the check boxes on the Remote tab of the Control panel item System Properties..</description>
                    <inventory_link>0</inventory_link>
                    <applications>
                        <application>
                            <name>★ Service ★</name>
                        </application>
                    </applications>
                    <valuemap>
                        <name>★ STATUS ★ Service</name>
                    </valuemap>
                    <logtimefmt/>
                    <preprocessing/>
                    <jmx_endpoint/>
                    <timeout>3s</timeout>
                    <url/>
                    <query_fields/>
                    <posts/>
                    <status_codes>200</status_codes>
                    <follow_redirects>1</follow_redirects>
                    <post_type>0</post_type>
                    <http_proxy/>
                    <headers/>
                    <retrieve_mode>0</retrieve_mode>
                    <request_method>0</request_method>
                    <output_format>0</output_format>
                    <allow_traps>0</allow_traps>
                    <ssl_cert_file/>
                    <ssl_key_file/>
                    <ssl_key_password/>
                    <verify_peer>0</verify_peer>
                    <verify_host>0</verify_host>
                    <master_item/>
                </item>
                <item>
                    <name>Remote Desktop Licensing</name>
                    <type>7</type>
                    <snmp_community/>
                    <snmp_oid/>
                    <key>service.info[TermServLicensing]</key>
                    <delay>300</delay>
                    <history>7d</history>
                    <trends>30d</trends>
                    <status>0</status>
                    <value_type>3</value_type>
                    <allowed_hosts/>
                    <units/>
                    <snmpv3_contextname/>
                    <snmpv3_securityname/>
                    <snmpv3_securitylevel>0</snmpv3_securitylevel>
                    <snmpv3_authprotocol>0</snmpv3_authprotocol>
                    <snmpv3_authpassphrase/>
                    <snmpv3_privprotocol>0</snmpv3_privprotocol>
                    <snmpv3_privpassphrase/>
                    <params/>
                    <ipmi_sensor/>
                    <authtype>0</authtype>
                    <username/>
                    <password/>
                    <publickey/>
                    <privatekey/>
                    <port/>
                    <description>Service: TermServLicensing&#13;Name: Remote Desktop Licensing&#13;Description: Provides registered licenses for Remote Desktop Services clients. If this service is stopped, the server will not be available to issue Remote Desktop Services licenses to clients when they are requested.</description>
                    <inventory_link>0</inventory_link>
                    <applications>
                        <application>
                            <name>★ Service ★</name>
                        </application>
                    </applications>
                    <valuemap>
                        <name>★ STATUS ★ Service</name>
                    </valuemap>
                    <logtimefmt/>
                    <preprocessing/>
                    <jmx_endpoint/>
                    <timeout>3s</timeout>
                    <url/>
                    <query_fields/>
                    <posts/>
                    <status_codes>200</status_codes>
                    <follow_redirects>1</follow_redirects>
                    <post_type>0</post_type>
                    <http_proxy/>
                    <headers/>
                    <retrieve_mode>0</retrieve_mode>
                    <request_method>0</request_method>
                    <output_format>0</output_format>
                    <allow_traps>0</allow_traps>
                    <ssl_cert_file/>
                    <ssl_key_file/>
                    <ssl_key_password/>
                    <verify_peer>0</verify_peer>
                    <verify_host>0</verify_host>
                    <master_item/>
                </item>
            </items>
            <discovery_rules/>
            <httptests/>
            <macros>
                <macro>
                    <macro>{$RDPA}</macro>
                    <value>90</value>
                </macro>
                <macro>
                    <macro>{$RDPI}</macro>
                    <value>10</value>
                </macro>
                <macro>
                    <macro>{$RDPPORT}</macro>
                    <value>3389</value>
                </macro>
            </macros>
            <templates/>
            <screens/>
        </template>
    </templates>
    <triggers>
        <trigger>
            <expression>{Template - Windows Terminal Server RDP:rdp.terminal.server[ACTIVENUM].last()}&gt;{$RDPA}</expression>
            <recovery_mode>0</recovery_mode>
            <recovery_expression/>
            <name>RDP ({ITEM.LASTVALUE}) Connected Users</name>
            <correlation_mode>0</correlation_mode>
            <correlation_tag/>
            <url/>
            <status>0</status>
            <priority>2</priority>
            <description>There are too many TS-connected users on the server right now, it can cause overload and loss of performance.&#13;&#13;Limit for this server = {$RDPA}</description>
            <type>0</type>
            <manual_close>1</manual_close>
            <dependencies/>
            <tags/>
        </trigger>
        <trigger>
            <expression>{Template - Windows Terminal Server RDP:rdp.terminal.server[INACTIVENUM].last()}&gt;{$RDPI}</expression>
            <recovery_mode>0</recovery_mode>
            <recovery_expression/>
            <name>RDP ({ITEM.LASTVALUE}) Inactive Users</name>
            <correlation_mode>0</correlation_mode>
            <correlation_tag/>
            <url/>
            <status>0</status>
            <priority>1</priority>
            <description>There are too many TS inactive users on the server right now, it can cause overload and performance loss.&#13;&#13;Limit for this server = {$RDPI}</description>
            <type>0</type>
            <manual_close>1</manual_close>
            <dependencies/>
            <tags/>
        </trigger>
        <trigger>
            <expression>{Template - Windows Terminal Server RDP:net.tcp.port[,{$RDPPORT}].last(0)}=0</expression>
            <recovery_mode>0</recovery_mode>
            <recovery_expression/>
            <name>RDP Port ({ITEM.LASTVALUE})</name>
            <correlation_mode>0</correlation_mode>
            <correlation_tag/>
            <url/>
            <status>0</status>
            <priority>2</priority>
            <description>Terminal Server port is not listening.</description>
            <type>0</type>
            <manual_close>1</manual_close>
            <dependencies/>
            <tags/>
        </trigger>
        <trigger>
            <expression>{Template - Windows Terminal Server RDP:service.info[TermServLicensing].count(#3,0,gt)}=3</expression>
            <recovery_mode>0</recovery_mode>
            <recovery_expression/>
            <name>Remote Desktop Licensing ({ITEM.LASTVALUE})</name>
            <correlation_mode>0</correlation_mode>
            <correlation_tag/>
            <url/>
            <status>0</status>
            <priority>2</priority>
            <description>Service: TermServLicensing&#13;Name: Remote Desktop Licensing&#13;Description: Provides registered licenses for Remote Desktop Services clients. If this service is stopped, the server will not be available to issue Remote Desktop Services licenses to clients when they are requested.</description>
            <type>0</type>
            <manual_close>1</manual_close>
            <dependencies/>
            <tags/>
        </trigger>
        <trigger>
            <expression>{Template - Windows Terminal Server RDP:service.info[TermService].count(#3,0,gt)}=3</expression>
            <recovery_mode>0</recovery_mode>
            <recovery_expression/>
            <name>Remote Desktop Services ({ITEM.LASTVALUE})</name>
            <correlation_mode>0</correlation_mode>
            <correlation_tag/>
            <url/>
            <status>0</status>
            <priority>2</priority>
            <description>Service: TermService&#13;Name: Remote Desktop Services&#13;Description: Allows users to interactively connect to a remote computer. Remote Desktop and Remote Desktop Session Host Server depend on this service. To prevent remote use of this computer, clear the check boxes on the Remote tab of the Control panel item System Properties.</description>
            <type>0</type>
            <manual_close>1</manual_close>
            <dependencies/>
            <tags/>
        </trigger>
    </triggers>
    <graphs>
        <graph>
            <name>★ RDP ★ Connections Statistics</name>
            <width>900</width>
            <height>200</height>
            <yaxismin>0.0000</yaxismin>
            <yaxismax>100.0000</yaxismax>
            <show_work_period>1</show_work_period>
            <show_triggers>1</show_triggers>
            <type>0</type>
            <show_legend>1</show_legend>
            <show_3d>0</show_3d>
            <percent_left>0.0000</percent_left>
            <percent_right>0.0000</percent_right>
            <ymin_type_1>0</ymin_type_1>
            <ymax_type_1>0</ymax_type_1>
            <ymin_item_1>0</ymin_item_1>
            <ymax_item_1>0</ymax_item_1>
            <graph_items>
                <graph_item>
                    <sortorder>0</sortorder>
                    <drawtype>5</drawtype>
                    <color>00CC00</color>
                    <yaxisside>1</yaxisside>
                    <calc_fnc>7</calc_fnc>
                    <type>0</type>
                    <item>
                        <host>Template - Windows Terminal Server RDP</host>
                        <key>rdp.terminal.server[ACTIVENUM]</key>
                    </item>
                </graph_item>
                <graph_item>
                    <sortorder>1</sortorder>
                    <drawtype>5</drawtype>
                    <color>F63100</color>
                    <yaxisside>0</yaxisside>
                    <calc_fnc>7</calc_fnc>
                    <type>0</type>
                    <item>
                        <host>Template - Windows Terminal Server RDP</host>
                        <key>rdp.terminal.server[INACTIVENUM]</key>
                    </item>
                </graph_item>
            </graph_items>
        </graph>
    </graphs>
    <value_maps>
        <value_map>
            <name>★ STATUS ★ Check Port</name>
            <mappings>
                <mapping>
                    <value>0</value>
                    <newvalue>Inaccessible</newvalue>
                </mapping>
                <mapping>
                    <value>1</value>
                    <newvalue>Open</newvalue>
                </mapping>
            </mappings>
        </value_map>
        <value_map>
            <name>★ STATUS ★ Service</name>
            <mappings>
                <mapping>
                    <value>0</value>
                    <newvalue>Initiated</newvalue>
                </mapping>
                <mapping>
                    <value>1</value>
                    <newvalue>Slow</newvalue>
                </mapping>
                <mapping>
                    <value>2</value>
                    <newvalue>Start Pending</newvalue>
                </mapping>
                <mapping>
                    <value>3</value>
                    <newvalue>Leaning Pause</newvalue>
                </mapping>
                <mapping>
                    <value>4</value>
                    <newvalue>Continue Pending</newvalue>
                </mapping>
                <mapping>
                    <value>5</value>
                    <newvalue>Stop Pending</newvalue>
                </mapping>
                <mapping>
                    <value>6</value>
                    <newvalue>Stopped</newvalue>
                </mapping>
                <mapping>
                    <value>7</value>
                    <newvalue>Unknown</newvalue>
                </mapping>
                <mapping>
                    <value>255</value>
                    <newvalue>Unknown</newvalue>
                </mapping>
            </mappings>
        </value_map>
    </value_maps>
</zabbix_export>
