<?xml version="1.0" encoding="UTF-8"?>
<zabbix_export>
    <version>4.0</version>
    <date>2019-05-16T05:33:15Z</date>
    <value_maps>
        <value_map>
            <name>mqttDryInput</name>
            <mappings>
                <mapping>
                    <value>0</value>
                    <newvalue>Разомкнут</newvalue>
                </mapping>
                <mapping>
                    <value>1</value>
                    <newvalue>Замкнут</newvalue>
                </mapping>
            </mappings>
        </value_map>
        <value_map>
            <name>mqttErrors</name>
            <mappings>
                <mapping>
                    <value/>
                    <newvalue>нет ошибок</newvalue>
                </mapping>
                <mapping>
                    <value>0</value>
                    <newvalue>нет ошибок</newvalue>
                </mapping>
                <mapping>
                    <value>1</value>
                    <newvalue>ошибка чтения</newvalue>
                </mapping>
                <mapping>
                    <value>2</value>
                    <newvalue>ошибка записи</newvalue>
                </mapping>
                <mapping>
                    <value>3</value>
                    <newvalue>ошибка чтения/записи</newvalue>
                </mapping>
                <mapping>
                    <value>r</value>
                    <newvalue>ошибка чтения</newvalue>
                </mapping>
                <mapping>
                    <value>rw</value>
                    <newvalue>ошибка чтения/записи</newvalue>
                </mapping>
                <mapping>
                    <value>w</value>
                    <newvalue>ошибка записи</newvalue>
                </mapping>
            </mappings>
        </value_map>
    </value_maps>
</zabbix_export>
