<?xml version="1.0" encoding="UTF-8"?>
<zabbix_export>
   <version>3.4</version>
   <date>2015-12-30T14:41:30Z</date>
   <graphs>
       <graph>
           <name>ICMP ping statistics</name>
           <width>900</width>
           <height>200</height>
           <yaxismin>0.0000</yaxismin>
           <yaxismax>100.0000</yaxismax>
           <show_work_period>1</show_work_period>
           <show_triggers>1</show_triggers>
           <type>0</type>
           <show_legend>1</show_legend>
           <show_3d>0</show_3d>
           <percent_left>0.0000</percent_left>
           <percent_right>100.0000</percent_right>
           <ymin_type_1>0</ymin_type_1>
           <ymax_type_1>0</ymax_type_1>
           <ymin_item_1>0</ymin_item_1>
           <ymax_item_1>0</ymax_item_1>
           <graph_items>
               <graph_item>
                   <sortorder>0</sortorder>
                   <drawtype>5</drawtype>
                   <color>00AA00</color>
                   <yaxisside>0</yaxisside>
                   <calc_fnc>2</calc_fnc>
                   <type>0</type>
                   <item>
                       <host>Template Module ICMP Ping</host>
                       <key>icmppingsec</key>
                   </item>
               </graph_item>
               <graph_item>
                   <sortorder>1</sortorder>
                   <drawtype>2</drawtype>
                   <color>FF3333</color>
                   <yaxisside>0</yaxisside>
                   <calc_fnc>2</calc_fnc>
                   <type>0</type>
                   <item>
                       <host>Template Module ICMP Ping</host>
                       <key>icmppingloss</key>
                   </item>
               </graph_item>
           </graph_items>
       </graph>
   </graphs>
</zabbix_export>
