<?xml version="1.0" encoding="UTF-8"?>
<zabbix_export>
    <version>2.0</version>
    <date>2012-11-05T16:41:54Z</date>
    <groups>
        <group>
            <name>ZBX-FORTINET-TEMPLATES</name>
        </group>
    </groups>
    <templates>
        <template>
            <template>ZBX-FORTINET-ANTIVIRUS</template>
            <name>ZBX-FORTINET-ANTIVIRUS</name>
            <groups>
                <group>
                    <name>ZBX-FORTINET-TEMPLATES</name>
                </group>
            </groups>
            <applications>
                <application>
                    <name>Anti-Virus</name>
                </application>
            </applications>
            <items/>
            <discovery_rules>
                <discovery_rule>
                    <name>Anti-virus for virtual domain</name>
                    <type>4</type>
                    <snmp_community>{$SNMP_COMMUNITY}</snmp_community>
                    <snmp_oid>.1.3.6.1.4.1.12356.101.3.2.1.1.2</snmp_oid>
                    <key>fgAvVdEntName</key>
                    <delay>300</delay>
                    <status>0</status>
                    <allowed_hosts/>
                    <snmpv3_securityname/>
                    <snmpv3_securitylevel>0</snmpv3_securitylevel>
                    <snmpv3_authpassphrase/>
                    <snmpv3_privpassphrase/>
                    <delay_flex/>
                    <params/>
                    <ipmi_sensor/>
                    <authtype>0</authtype>
                    <username/>
                    <password/>
                    <publickey/>
                    <privatekey/>
                    <port/>
                    <filter>:</filter>
                    <lifetime>7</lifetime>
                    <description/>
                    <item_prototypes>
                        <item_prototype>
                            <name>Number of over-sized file transmissions blocked in the virtual domain $1</name>
                            <type>4</type>
                            <snmp_community>{$SNMP_COMMUNITY}</snmp_community>
                            <multiplier>0</multiplier>
                            <snmp_oid>.1.3.6.1.4.1.12356.101.8.2.1.1.18.{#SNMPVALUE}</snmp_oid>
                            <key>fgAvOversizedBlocked[{#SNMPVALUE}]</key>
                            <delay>300</delay>
                            <history>7</history>
                            <trends>365</trends>
                            <status>0</status>
                            <value_type>3</value_type>
                            <allowed_hosts/>
                            <units/>
                            <delta>0</delta>
                            <snmpv3_securityname/>
                            <snmpv3_securitylevel>0</snmpv3_securitylevel>
                            <snmpv3_authpassphrase/>
                            <snmpv3_privpassphrase/>
                            <formula>1</formula>
                            <delay_flex/>
                            <params/>
                            <ipmi_sensor/>
                            <data_type>0</data_type>
                            <authtype>0</authtype>
                            <username/>
                            <password/>
                            <publickey/>
                            <privatekey/>
                            <port/>
                            <description/>
                            <inventory_link>0</inventory_link>
                            <applications>
                                <application>
                                    <name>Anti-Virus</name>
                                </application>
                            </applications>
                            <valuemap/>
                        </item_prototype>
                        <item_prototype>
                            <name>Number of over-sized file transmissions detected in the virtual domain $1</name>
                            <type>4</type>
                            <snmp_community>{$SNMP_COMMUNITY}</snmp_community>
                            <multiplier>0</multiplier>
                            <snmp_oid>.1.3.6.1.4.1.12356.101.8.2.1.1.17.{#SNMPVALUE}</snmp_oid>
                            <key>fgAvOversizedDetected[{#SNMPVALUE}]</key>
                            <delay>300</delay>
                            <history>7</history>
                            <trends>365</trends>
                            <status>0</status>
                            <value_type>3</value_type>
                            <allowed_hosts/>
                            <units/>
                            <delta>0</delta>
                            <snmpv3_securityname/>
                            <snmpv3_securitylevel>0</snmpv3_securitylevel>
                            <snmpv3_authpassphrase/>
                            <snmpv3_privpassphrase/>
                            <formula>1</formula>
                            <delay_flex/>
                            <params/>
                            <ipmi_sensor/>
                            <data_type>0</data_type>
                            <authtype>0</authtype>
                            <username/>
                            <password/>
                            <publickey/>
                            <privatekey/>
                            <port/>
                            <description/>
                            <inventory_link>0</inventory_link>
                            <applications>
                                <application>
                                    <name>Anti-Virus</name>
                                </application>
                            </applications>
                            <valuemap/>
                        </item_prototype>
                        <item_prototype>
                            <name>Number of virus transmissions blocked in the virtual domain $1</name>
                            <type>4</type>
                            <snmp_community>{$SNMP_COMMUNITY}</snmp_community>
                            <multiplier>0</multiplier>
                            <snmp_oid>.1.3.6.1.4.1.12356.101.8.2.1.1.2.{#SNMPINDEX}</snmp_oid>
                            <key>fgAvVirusBlocked[{#SNMPVALUE}]</key>
                            <delay>300</delay>
                            <history>7</history>
                            <trends>365</trends>
                            <status>0</status>
                            <value_type>3</value_type>
                            <allowed_hosts/>
                            <units/>
                            <delta>0</delta>
                            <snmpv3_securityname/>
                            <snmpv3_securitylevel>0</snmpv3_securitylevel>
                            <snmpv3_authpassphrase/>
                            <snmpv3_privpassphrase/>
                            <formula>1</formula>
                            <delay_flex/>
                            <params/>
                            <ipmi_sensor/>
                            <data_type>0</data_type>
                            <authtype>0</authtype>
                            <username/>
                            <password/>
                            <publickey/>
                            <privatekey/>
                            <port/>
                            <description/>
                            <inventory_link>0</inventory_link>
                            <applications>
                                <application>
                                    <name>Anti-Virus</name>
                                </application>
                            </applications>
                            <valuemap/>
                        </item_prototype>
                        <item_prototype>
                            <name>Number of virus transmissions detected in the virtual domain $1</name>
                            <type>4</type>
                            <snmp_community>{$SNMP_COMMUNITY}</snmp_community>
                            <multiplier>0</multiplier>
                            <snmp_oid>.1.3.6.1.4.1.12356.101.8.2.1.1.1.{#SNMPINDEX}</snmp_oid>
                            <key>fgAvVirusDetected[{#SNMPVALUE}]</key>
                            <delay>300</delay>
                            <history>7</history>
                            <trends>365</trends>
                            <status>0</status>
                            <value_type>3</value_type>
                            <allowed_hosts/>
                            <units/>
                            <delta>0</delta>
                            <snmpv3_securityname/>
                            <snmpv3_securitylevel>0</snmpv3_securitylevel>
                            <snmpv3_authpassphrase/>
                            <snmpv3_privpassphrase/>
                            <formula>1</formula>
                            <delay_flex/>
                            <params/>
                            <ipmi_sensor/>
                            <data_type>0</data_type>
                            <authtype>0</authtype>
                            <username/>
                            <password/>
                            <publickey/>
                            <privatekey/>
                            <port/>
                            <description/>
                            <inventory_link>0</inventory_link>
                            <applications>
                                <application>
                                    <name>Anti-Virus</name>
                                </application>
                            </applications>
                            <valuemap/>
                        </item_prototype>
                        <item_prototype>
                            <name>Number of virus transmissions over FTP blocked in the virtual domain $1</name>
                            <type>4</type>
                            <snmp_community>{$SNMP_COMMUNITY}</snmp_community>
                            <multiplier>0</multiplier>
                            <snmp_oid>.1.3.6.1.4.1.12356.101.8.2.1.1.12.{#SNMPVALUE}</snmp_oid>
                            <key>fgAvFTPVirusBlocked[{#SNMPVALUE}]</key>
                            <delay>300</delay>
                            <history>7</history>
                            <trends>365</trends>
                            <status>0</status>
                            <value_type>3</value_type>
                            <allowed_hosts/>
                            <units/>
                            <delta>0</delta>
                            <snmpv3_securityname/>
                            <snmpv3_securitylevel>0</snmpv3_securitylevel>
                            <snmpv3_authpassphrase/>
                            <snmpv3_privpassphrase/>
                            <formula>1</formula>
                            <delay_flex/>
                            <params/>
                            <ipmi_sensor/>
                            <data_type>0</data_type>
                            <authtype>0</authtype>
                            <username/>
                            <password/>
                            <publickey/>
                            <privatekey/>
                            <port/>
                            <description/>
                            <inventory_link>0</inventory_link>
                            <applications>
                                <application>
                                    <name>Anti-Virus</name>
                                </application>
                            </applications>
                            <valuemap/>
                        </item_prototype>
                        <item_prototype>
                            <name>Number of virus transmissions over FTP detected in the virtual domain $1</name>
                            <type>4</type>
                            <snmp_community>{$SNMP_COMMUNITY}</snmp_community>
                            <multiplier>0</multiplier>
                            <snmp_oid>.1.3.6.1.4.1.12356.101.8.2.1.1.11.{#SNMPVALUE}</snmp_oid>
                            <key>fgAvFTPVirusDetected[{#SNMPVALUE}]</key>
                            <delay>300</delay>
                            <history>7</history>
                            <trends>365</trends>
                            <status>0</status>
                            <value_type>3</value_type>
                            <allowed_hosts/>
                            <units/>
                            <delta>0</delta>
                            <snmpv3_securityname/>
                            <snmpv3_securitylevel>0</snmpv3_securitylevel>
                            <snmpv3_authpassphrase/>
                            <snmpv3_privpassphrase/>
                            <formula>1</formula>
                            <delay_flex/>
                            <params/>
                            <ipmi_sensor/>
                            <data_type>0</data_type>
                            <authtype>0</authtype>
                            <username/>
                            <password/>
                            <publickey/>
                            <privatekey/>
                            <port/>
                            <description/>
                            <inventory_link>0</inventory_link>
                            <applications>
                                <application>
                                    <name>Anti-Virus</name>
                                </application>
                            </applications>
                            <valuemap/>
                        </item_prototype>
                        <item_prototype>
                            <name>Number of virus transmissions over HTTP blocked in the virtual domain $1</name>
                            <type>4</type>
                            <snmp_community>{$SNMP_COMMUNITY}</snmp_community>
                            <multiplier>0</multiplier>
                            <snmp_oid>.1.3.6.1.4.1.12356.101.8.2.1.1.4.{#SNMPVALUE}</snmp_oid>
                            <key>fgAvHTTPVirusBlocked[{#SNMPVALUE}]</key>
                            <delay>300</delay>
                            <history>7</history>
                            <trends>365</trends>
                            <status>0</status>
                            <value_type>3</value_type>
                            <allowed_hosts/>
                            <units/>
                            <delta>0</delta>
                            <snmpv3_securityname/>
                            <snmpv3_securitylevel>0</snmpv3_securitylevel>
                            <snmpv3_authpassphrase/>
                            <snmpv3_privpassphrase/>
                            <formula>1</formula>
                            <delay_flex/>
                            <params/>
                            <ipmi_sensor/>
                            <data_type>0</data_type>
                            <authtype>0</authtype>
                            <username/>
                            <password/>
                            <publickey/>
                            <privatekey/>
                            <port/>
                            <description/>
                            <inventory_link>0</inventory_link>
                            <applications>
                                <application>
                                    <name>Anti-Virus</name>
                                </application>
                            </applications>
                            <valuemap/>
                        </item_prototype>
                        <item_prototype>
                            <name>Number of virus transmissions over HTTP detected in the virtual domain $1</name>
                            <type>4</type>
                            <snmp_community>{$SNMP_COMMUNITY}</snmp_community>
                            <multiplier>0</multiplier>
                            <snmp_oid>.1.3.6.1.4.1.12356.101.8.2.1.1.3.{#SNMPVALUE}</snmp_oid>
                            <key>fgAvHTTPVirusDetected[{#SNMPVALUE}]</key>
                            <delay>300</delay>
                            <history>7</history>
                            <trends>365</trends>
                            <status>0</status>
                            <value_type>3</value_type>
                            <allowed_hosts/>
                            <units/>
                            <delta>0</delta>
                            <snmpv3_securityname/>
                            <snmpv3_securitylevel>0</snmpv3_securitylevel>
                            <snmpv3_authpassphrase/>
                            <snmpv3_privpassphrase/>
                            <formula>1</formula>
                            <delay_flex/>
                            <params/>
                            <ipmi_sensor/>
                            <data_type>0</data_type>
                            <authtype>0</authtype>
                            <username/>
                            <password/>
                            <publickey/>
                            <privatekey/>
                            <port/>
                            <description/>
                            <inventory_link>0</inventory_link>
                            <applications>
                                <application>
                                    <name>Anti-Virus</name>
                                </application>
                            </applications>
                            <valuemap/>
                        </item_prototype>
                        <item_prototype>
                            <name>Number of virus transmissions over IMAP blocked in the virtual domain $1</name>
                            <type>4</type>
                            <snmp_community>{$SNMP_COMMUNITY}</snmp_community>
                            <multiplier>0</multiplier>
                            <snmp_oid>.1.3.6.1.4.1.12356.101.8.2.1.1.10.{#SNMPVALUE}</snmp_oid>
                            <key>fgAvIMAPVirusBlocked[{#SNMPVALUE}]</key>
                            <delay>300</delay>
                            <history>7</history>
                            <trends>365</trends>
                            <status>0</status>
                            <value_type>3</value_type>
                            <allowed_hosts/>
                            <units/>
                            <delta>0</delta>
                            <snmpv3_securityname/>
                            <snmpv3_securitylevel>0</snmpv3_securitylevel>
                            <snmpv3_authpassphrase/>
                            <snmpv3_privpassphrase/>
                            <formula>1</formula>
                            <delay_flex/>
                            <params/>
                            <ipmi_sensor/>
                            <data_type>0</data_type>
                            <authtype>0</authtype>
                            <username/>
                            <password/>
                            <publickey/>
                            <privatekey/>
                            <port/>
                            <description/>
                            <inventory_link>0</inventory_link>
                            <applications>
                                <application>
                                    <name>Anti-Virus</name>
                                </application>
                            </applications>
                            <valuemap/>
                        </item_prototype>
                        <item_prototype>
                            <name>Number of virus transmissions over IMAP detected in the virtual domain $1</name>
                            <type>4</type>
                            <snmp_community>{$SNMP_COMMUNITY}</snmp_community>
                            <multiplier>0</multiplier>
                            <snmp_oid>.1.3.6.1.4.1.12356.101.8.2.1.1.9.{#SNMPVALUE}</snmp_oid>
                            <key>fgAvIMAPVirusDetected[{#SNMPVALUE}]</key>
                            <delay>300</delay>
                            <history>7</history>
                            <trends>365</trends>
                            <status>0</status>
                            <value_type>3</value_type>
                            <allowed_hosts/>
                            <units/>
                            <delta>0</delta>
                            <snmpv3_securityname/>
                            <snmpv3_securitylevel>0</snmpv3_securitylevel>
                            <snmpv3_authpassphrase/>
                            <snmpv3_privpassphrase/>
                            <formula>1</formula>
                            <delay_flex/>
                            <params/>
                            <ipmi_sensor/>
                            <data_type>0</data_type>
                            <authtype>0</authtype>
                            <username/>
                            <password/>
                            <publickey/>
                            <privatekey/>
                            <port/>
                            <description/>
                            <inventory_link>0</inventory_link>
                            <applications>
                                <application>
                                    <name>Anti-Virus</name>
                                </application>
                            </applications>
                            <valuemap/>
                        </item_prototype>
                        <item_prototype>
                            <name>Number of virus transmissions over IM protocols blocked in the virtual domain $1</name>
                            <type>4</type>
                            <snmp_community>{$SNMP_COMMUNITY}</snmp_community>
                            <multiplier>0</multiplier>
                            <snmp_oid>.1.3.6.1.4.1.12356.101.8.2.1.1.14.{#SNMPVALUE}</snmp_oid>
                            <key>fgAvIMVirusBlocked[{#SNMPVALUE}]</key>
                            <delay>300</delay>
                            <history>7</history>
                            <trends>365</trends>
                            <status>0</status>
                            <value_type>3</value_type>
                            <allowed_hosts/>
                            <units/>
                            <delta>0</delta>
                            <snmpv3_securityname/>
                            <snmpv3_securitylevel>0</snmpv3_securitylevel>
                            <snmpv3_authpassphrase/>
                            <snmpv3_privpassphrase/>
                            <formula>1</formula>
                            <delay_flex/>
                            <params/>
                            <ipmi_sensor/>
                            <data_type>0</data_type>
                            <authtype>0</authtype>
                            <username/>
                            <password/>
                            <publickey/>
                            <privatekey/>
                            <port/>
                            <description/>
                            <inventory_link>0</inventory_link>
                            <applications>
                                <application>
                                    <name>Anti-Virus</name>
                                </application>
                            </applications>
                            <valuemap/>
                        </item_prototype>
                        <item_prototype>
                            <name>Number of virus transmissions over IM protocols detected in the virtual domain $1</name>
                            <type>4</type>
                            <snmp_community>{$SNMP_COMMUNITY}</snmp_community>
                            <multiplier>0</multiplier>
                            <snmp_oid>.1.3.6.1.4.1.12356.101.8.2.1.1.13.{#SNMPVALUE}</snmp_oid>
                            <key>fgAvIMVirusDetected[{#SNMPVALUE}]</key>
                            <delay>300</delay>
                            <history>7</history>
                            <trends>365</trends>
                            <status>0</status>
                            <value_type>3</value_type>
                            <allowed_hosts/>
                            <units/>
                            <delta>0</delta>
                            <snmpv3_securityname/>
                            <snmpv3_securitylevel>0</snmpv3_securitylevel>
                            <snmpv3_authpassphrase/>
                            <snmpv3_privpassphrase/>
                            <formula>1</formula>
                            <delay_flex/>
                            <params/>
                            <ipmi_sensor/>
                            <data_type>0</data_type>
                            <authtype>0</authtype>
                            <username/>
                            <password/>
                            <publickey/>
                            <privatekey/>
                            <port/>
                            <description/>
                            <inventory_link>0</inventory_link>
                            <applications>
                                <application>
                                    <name>Anti-Virus</name>
                                </application>
                            </applications>
                            <valuemap/>
                        </item_prototype>
                        <item_prototype>
                            <name>Number of virus transmissions over NNTP blocked in the virtual domain $1</name>
                            <type>4</type>
                            <snmp_community>{$SNMP_COMMUNITY}</snmp_community>
                            <multiplier>0</multiplier>
                            <snmp_oid>.1.3.6.1.4.1.12356.101.8.2.1.1.16.{#SNMPVALUE}</snmp_oid>
                            <key>fgAvNNTPVirusBlocked[{#SNMPVALUE}]</key>
                            <delay>300</delay>
                            <history>7</history>
                            <trends>365</trends>
                            <status>0</status>
                            <value_type>3</value_type>
                            <allowed_hosts/>
                            <units/>
                            <delta>0</delta>
                            <snmpv3_securityname/>
                            <snmpv3_securitylevel>0</snmpv3_securitylevel>
                            <snmpv3_authpassphrase/>
                            <snmpv3_privpassphrase/>
                            <formula>1</formula>
                            <delay_flex/>
                            <params/>
                            <ipmi_sensor/>
                            <data_type>0</data_type>
                            <authtype>0</authtype>
                            <username/>
                            <password/>
                            <publickey/>
                            <privatekey/>
                            <port/>
                            <description/>
                            <inventory_link>0</inventory_link>
                            <applications>
                                <application>
                                    <name>Anti-Virus</name>
                                </application>
                            </applications>
                            <valuemap/>
                        </item_prototype>
                        <item_prototype>
                            <name>Number of virus transmissions over NNTP detected in the virtual domain $1</name>
                            <type>4</type>
                            <snmp_community>{$SNMP_COMMUNITY}</snmp_community>
                            <multiplier>0</multiplier>
                            <snmp_oid>.1.3.6.1.4.1.12356.101.8.2.1.1.15.{#SNMPVALUE}</snmp_oid>
                            <key>fgAvNNTPVirusDetected[{#SNMPVALUE}]</key>
                            <delay>300</delay>
                            <history>7</history>
                            <trends>365</trends>
                            <status>0</status>
                            <value_type>3</value_type>
                            <allowed_hosts/>
                            <units/>
                            <delta>0</delta>
                            <snmpv3_securityname/>
                            <snmpv3_securitylevel>0</snmpv3_securitylevel>
                            <snmpv3_authpassphrase/>
                            <snmpv3_privpassphrase/>
                            <formula>1</formula>
                            <delay_flex/>
                            <params/>
                            <ipmi_sensor/>
                            <data_type>0</data_type>
                            <authtype>0</authtype>
                            <username/>
                            <password/>
                            <publickey/>
                            <privatekey/>
                            <port/>
                            <description/>
                            <inventory_link>0</inventory_link>
                            <applications>
                                <application>
                                    <name>Anti-Virus</name>
                                </application>
                            </applications>
                            <valuemap/>
                        </item_prototype>
                        <item_prototype>
                            <name>Number of virus transmissions over POP3 blocked in the virtual domain $1</name>
                            <type>4</type>
                            <snmp_community>{$SNMP_COMMUNITY}</snmp_community>
                            <multiplier>0</multiplier>
                            <snmp_oid>.1.3.6.1.4.1.12356.101.8.2.1.1.8.{#SNMPVALUE}</snmp_oid>
                            <key>fgAvPOP3VirusBlocked[{#SNMPVALUE}]</key>
                            <delay>300</delay>
                            <history>7</history>
                            <trends>365</trends>
                            <status>0</status>
                            <value_type>3</value_type>
                            <allowed_hosts/>
                            <units/>
                            <delta>0</delta>
                            <snmpv3_securityname/>
                            <snmpv3_securitylevel>0</snmpv3_securitylevel>
                            <snmpv3_authpassphrase/>
                            <snmpv3_privpassphrase/>
                            <formula>1</formula>
                            <delay_flex/>
                            <params/>
                            <ipmi_sensor/>
                            <data_type>0</data_type>
                            <authtype>0</authtype>
                            <username/>
                            <password/>
                            <publickey/>
                            <privatekey/>
                            <port/>
                            <description/>
                            <inventory_link>0</inventory_link>
                            <applications>
                                <application>
                                    <name>Anti-Virus</name>
                                </application>
                            </applications>
                            <valuemap/>
                        </item_prototype>
                        <item_prototype>
                            <name>Number of virus transmissions over POP3 detected in the virtual domain $1</name>
                            <type>4</type>
                            <snmp_community>{$SNMP_COMMUNITY}</snmp_community>
                            <multiplier>0</multiplier>
                            <snmp_oid>.1.3.6.1.4.1.12356.101.8.2.1.1.7.{#SNMPVALUE}</snmp_oid>
                            <key>fgAvPOP3VirusDetected[{#SNMPVALUE}]</key>
                            <delay>300</delay>
                            <history>7</history>
                            <trends>365</trends>
                            <status>0</status>
                            <value_type>3</value_type>
                            <allowed_hosts/>
                            <units/>
                            <delta>0</delta>
                            <snmpv3_securityname/>
                            <snmpv3_securitylevel>0</snmpv3_securitylevel>
                            <snmpv3_authpassphrase/>
                            <snmpv3_privpassphrase/>
                            <formula>1</formula>
                            <delay_flex/>
                            <params/>
                            <ipmi_sensor/>
                            <data_type>0</data_type>
                            <authtype>0</authtype>
                            <username/>
                            <password/>
                            <publickey/>
                            <privatekey/>
                            <port/>
                            <description/>
                            <inventory_link>0</inventory_link>
                            <applications>
                                <application>
                                    <name>Anti-Virus</name>
                                </application>
                            </applications>
                            <valuemap/>
                        </item_prototype>
                        <item_prototype>
                            <name>Number of virus transmissions over SMTP blocked in the virtual domain $1</name>
                            <type>4</type>
                            <snmp_community>{$SNMP_COMMUNITY}</snmp_community>
                            <multiplier>0</multiplier>
                            <snmp_oid>.1.3.6.1.4.1.12356.101.8.2.1.1.6.{#SNMPVALUE}</snmp_oid>
                            <key>fgAvSMTPVirusBlocked[{#SNMPVALUE}]</key>
                            <delay>300</delay>
                            <history>7</history>
                            <trends>365</trends>
                            <status>0</status>
                            <value_type>3</value_type>
                            <allowed_hosts/>
                            <units/>
                            <delta>0</delta>
                            <snmpv3_securityname/>
                            <snmpv3_securitylevel>0</snmpv3_securitylevel>
                            <snmpv3_authpassphrase/>
                            <snmpv3_privpassphrase/>
                            <formula>1</formula>
                            <delay_flex/>
                            <params/>
                            <ipmi_sensor/>
                            <data_type>0</data_type>
                            <authtype>0</authtype>
                            <username/>
                            <password/>
                            <publickey/>
                            <privatekey/>
                            <port/>
                            <description/>
                            <inventory_link>0</inventory_link>
                            <applications>
                                <application>
                                    <name>Anti-Virus</name>
                                </application>
                            </applications>
                            <valuemap/>
                        </item_prototype>
                        <item_prototype>
                            <name>Number of virus transmissions over SMTP detected in the virtual domain $1</name>
                            <type>4</type>
                            <snmp_community>{$SNMP_COMMUNITY}</snmp_community>
                            <multiplier>0</multiplier>
                            <snmp_oid>.1.3.6.1.4.1.12356.101.8.2.1.1.5.{#SNMPVALUE}</snmp_oid>
                            <key>fgAvSMTPVirusDetected[{#SNMPVALUE}]</key>
                            <delay>300</delay>
                            <history>7</history>
                            <trends>365</trends>
                            <status>0</status>
                            <value_type>3</value_type>
                            <allowed_hosts/>
                            <units/>
                            <delta>0</delta>
                            <snmpv3_securityname/>
                            <snmpv3_securitylevel>0</snmpv3_securitylevel>
                            <snmpv3_authpassphrase/>
                            <snmpv3_privpassphrase/>
                            <formula>1</formula>
                            <delay_flex/>
                            <params/>
                            <ipmi_sensor/>
                            <data_type>0</data_type>
                            <authtype>0</authtype>
                            <username/>
                            <password/>
                            <publickey/>
                            <privatekey/>
                            <port/>
                            <description/>
                            <inventory_link>0</inventory_link>
                            <applications>
                                <application>
                                    <name>Anti-Virus</name>
                                </application>
                            </applications>
                            <valuemap/>
                        </item_prototype>
                    </item_prototypes>
                    <trigger_prototypes>
                        <trigger_prototype>
                            <expression>{ZBX-FORTINET-ANTIVIRUS:fgAvOversizedBlocked[{#SNMPVALUE}].last(0)}&gt;0.2*{ZBX-FORTINET-ANTIVIRUS:fgAvOversizedBlocked[{#SNMPVALUE}].last(600)} &amp; {ZBX-FORTINET-ANTIVIRUS:fgAvOversizedBlocked[{#SNMPVALUE}].last(0)}&lt;0.3*{ZBX-FORTINET-ANTIVIRUS:fgAvOversizedBlocked[{#SNMPVALUE}].last(600)}</expression>
                            <name>An increase of 20% of over-sized file transmission blocked in the virtual domain {#SNMPVALUE} was detected</name>
                            <url/>
                            <status>0</status>
                            <priority>2</priority>
                            <description/>
                            <type>0</type>
                        </trigger_prototype>
                        <trigger_prototype>
                            <expression>{ZBX-FORTINET-ANTIVIRUS:fgAvOversizedDetected[{#SNMPVALUE}].last(600)}&gt;0.2*{ZBX-FORTINET-ANTIVIRUS:fgAvOversizedDetected[{#SNMPVALUE}].last(0)} &amp; {ZBX-FORTINET-ANTIVIRUS:fgAvOversizedDetected[{#SNMPVALUE}].last(600)}&lt;0.3*{ZBX-FORTINET-ANTIVIRUS:fgAvOversizedDetected[{#SNMPVALUE}].last(0)}</expression>
                            <name>An increase of 20% of over-sized file transmission detected in the virtual domain {#SNMPVALUE} was detected</name>
                            <url/>
                            <status>0</status>
                            <priority>2</priority>
                            <description/>
                            <type>0</type>
                        </trigger_prototype>
                        <trigger_prototype>
                            <expression>{ZBX-FORTINET-ANTIVIRUS:fgAvVirusBlocked[{#SNMPVALUE}].last(600)}&gt;0.2*{ZBX-FORTINET-ANTIVIRUS:fgAvVirusBlocked[{#SNMPVALUE}].last(0)} &amp; {ZBX-FORTINET-ANTIVIRUS:fgAvVirusBlocked[{#SNMPVALUE}].last(600)}&lt;0.3*{ZBX-FORTINET-ANTIVIRUS:fgAvVirusBlocked[{#SNMPVALUE}].last(0)}</expression>
                            <name>An increase of 20% of virus transmission blocked in the virtual domain {#SNMPVALUE} was detected</name>
                            <url/>
                            <status>0</status>
                            <priority>2</priority>
                            <description/>
                            <type>0</type>
                        </trigger_prototype>
                        <trigger_prototype>
                            <expression>{ZBX-FORTINET-ANTIVIRUS:fgAvVirusDetected[{#SNMPVALUE}].last(600)}&gt;0.2*{ZBX-FORTINET-ANTIVIRUS:fgAvVirusDetected[{#SNMPVALUE}].last(0)} &amp; {ZBX-FORTINET-ANTIVIRUS:fgAvVirusDetected[{#SNMPVALUE}].last(600)}&lt;0.3*{ZBX-FORTINET-ANTIVIRUS:fgAvVirusDetected[{#SNMPVALUE}].last(0)}</expression>
                            <name>An increase of 20% of virus transmission detected in the virtual domain {#SNMPVALUE} was detected</name>
                            <url/>
                            <status>0</status>
                            <priority>2</priority>
                            <description/>
                            <type>0</type>
                        </trigger_prototype>
                        <trigger_prototype>
                            <expression>{ZBX-FORTINET-ANTIVIRUS:fgAvFTPVirusBlocked[{#SNMPVALUE}].last(600)}&gt;0.2*{ZBX-FORTINET-ANTIVIRUS:fgAvFTPVirusBlocked[{#SNMPVALUE}].last(0)} &amp; {ZBX-FORTINET-ANTIVIRUS:fgAvFTPVirusBlocked[{#SNMPVALUE}].last(600)}&lt;0.3*{ZBX-FORTINET-ANTIVIRUS:fgAvFTPVirusBlocked[{#SNMPVALUE}].last(0)}</expression>
                            <name>An increase of 20% of virus transmission over FTP blocked in the virtual domain {#SNMPVALUE} was detected</name>
                            <url/>
                            <status>0</status>
                            <priority>2</priority>
                            <description/>
                            <type>0</type>
                        </trigger_prototype>
                        <trigger_prototype>
                            <expression>{ZBX-FORTINET-ANTIVIRUS:fgAvFTPVirusDetected[{#SNMPVALUE}].last(600)}&gt;0.2*{ZBX-FORTINET-ANTIVIRUS:fgAvFTPVirusDetected[{#SNMPVALUE}].last(0)} &amp; {ZBX-FORTINET-ANTIVIRUS:fgAvFTPVirusDetected[{#SNMPVALUE}].last(600)}&lt;0.3*{ZBX-FORTINET-ANTIVIRUS:fgAvFTPVirusDetected[{#SNMPVALUE}].last(0)}</expression>
                            <name>An increase of 20% of virus transmission over FTP detected in the virtual domain {#SNMPVALUE} was detected</name>
                            <url/>
                            <status>0</status>
                            <priority>2</priority>
                            <description/>
                            <type>0</type>
                        </trigger_prototype>
                        <trigger_prototype>
                            <expression>{ZBX-FORTINET-ANTIVIRUS:fgAvHTTPVirusBlocked[{#SNMPVALUE}].last(600)}&gt;0.2*{ZBX-FORTINET-ANTIVIRUS:fgAvHTTPVirusBlocked[{#SNMPVALUE}].last(0)} &amp; {ZBX-FORTINET-ANTIVIRUS:fgAvHTTPVirusBlocked[{#SNMPVALUE}].last(600)}&lt;0.3*{ZBX-FORTINET-ANTIVIRUS:fgAvHTTPVirusBlocked[{#SNMPVALUE}].last(0)}</expression>
                            <name>An increase of 20% of virus transmission over HTTP blocked in the virtual domain {#SNMPVALUE} was detected</name>
                            <url/>
                            <status>0</status>
                            <priority>2</priority>
                            <description/>
                            <type>0</type>
                        </trigger_prototype>
                        <trigger_prototype>
                            <expression>{ZBX-FORTINET-ANTIVIRUS:fgAvHTTPVirusDetected[{#SNMPVALUE}].last(600)}&gt;0.2*{ZBX-FORTINET-ANTIVIRUS:fgAvHTTPVirusDetected[{#SNMPVALUE}].last(0)} &amp; {ZBX-FORTINET-ANTIVIRUS:fgAvHTTPVirusDetected[{#SNMPVALUE}].last(600)}&lt;0.3*{ZBX-FORTINET-ANTIVIRUS:fgAvHTTPVirusDetected[{#SNMPVALUE}].last(0)}</expression>
                            <name>An increase of 20% of virus transmission over HTTP detected in the virtual domain {#SNMPVALUE} was detected</name>
                            <url/>
                            <status>0</status>
                            <priority>2</priority>
                            <description/>
                            <type>0</type>
                        </trigger_prototype>
                        <trigger_prototype>
                            <expression>{ZBX-FORTINET-ANTIVIRUS:fgAvIMAPVirusBlocked[{#SNMPVALUE}].last(600)}&gt;0.2*{ZBX-FORTINET-ANTIVIRUS:fgAvIMAPVirusBlocked[{#SNMPVALUE}].last(0)} &amp; {ZBX-FORTINET-ANTIVIRUS:fgAvIMAPVirusBlocked[{#SNMPVALUE}].last(600)}&lt;0.3*{ZBX-FORTINET-ANTIVIRUS:fgAvIMAPVirusBlocked[{#SNMPVALUE}].last(0)}</expression>
                            <name>An increase of 20% of virus transmission over IMAP blocked in the virtual domain {#SNMPVALUE} was detected</name>
                            <url/>
                            <status>0</status>
                            <priority>2</priority>
                            <description/>
                            <type>0</type>
                        </trigger_prototype>
                        <trigger_prototype>
                            <expression>{ZBX-FORTINET-ANTIVIRUS:fgAvIMAPVirusDetected[{#SNMPVALUE}].last(600)}&gt;0.2*{ZBX-FORTINET-ANTIVIRUS:fgAvIMAPVirusDetected[{#SNMPVALUE}].last(0)} &amp; {ZBX-FORTINET-ANTIVIRUS:fgAvIMAPVirusDetected[{#SNMPVALUE}].last(600)}&lt;0.3*{ZBX-FORTINET-ANTIVIRUS:fgAvIMAPVirusDetected[{#SNMPVALUE}].last(0)}</expression>
                            <name>An increase of 20% of virus transmission over IMAP detected in the virtual domain {#SNMPVALUE} was detected</name>
                            <url/>
                            <status>0</status>
                            <priority>2</priority>
                            <description/>
                            <type>0</type>
                        </trigger_prototype>
                        <trigger_prototype>
                            <expression>{ZBX-FORTINET-ANTIVIRUS:fgAvIMVirusBlocked[{#SNMPVALUE}].last(600)}&gt;0.2*{ZBX-FORTINET-ANTIVIRUS:fgAvIMVirusBlocked[{#SNMPVALUE}].last(0)} &amp; {ZBX-FORTINET-ANTIVIRUS:fgAvIMVirusBlocked[{#SNMPVALUE}].last(600)}&lt;0.3*{ZBX-FORTINET-ANTIVIRUS:fgAvIMVirusBlocked[{#SNMPVALUE}].last(0)}</expression>
                            <name>An increase of 20% of virus transmission over IM protocols blocked in the virtual domain {#SNMPVALUE} was detected</name>
                            <url/>
                            <status>0</status>
                            <priority>2</priority>
                            <description/>
                            <type>0</type>
                        </trigger_prototype>
                        <trigger_prototype>
                            <expression>{ZBX-FORTINET-ANTIVIRUS:fgAvIMVirusDetected[{#SNMPVALUE}].last(600)}&gt;0.2*{ZBX-FORTINET-ANTIVIRUS:fgAvIMVirusDetected[{#SNMPVALUE}].last(0)} &amp; {ZBX-FORTINET-ANTIVIRUS:fgAvIMVirusDetected[{#SNMPVALUE}].last(600)}&lt;0.3*{ZBX-FORTINET-ANTIVIRUS:fgAvIMVirusDetected[{#SNMPVALUE}].last(0)}</expression>
                            <name>An increase of 20% of virus transmission over IM protocols detected in the virtual domain {#SNMPVALUE} was detected</name>
                            <url/>
                            <status>0</status>
                            <priority>2</priority>
                            <description/>
                            <type>0</type>
                        </trigger_prototype>
                        <trigger_prototype>
                            <expression>{ZBX-FORTINET-ANTIVIRUS:fgAvNNTPVirusBlocked[{#SNMPVALUE}].last(600)}&gt;0.2*{ZBX-FORTINET-ANTIVIRUS:fgAvNNTPVirusBlocked[{#SNMPVALUE}].last(0)} &amp; {ZBX-FORTINET-ANTIVIRUS:fgAvNNTPVirusBlocked[{#SNMPVALUE}].last(600)}&lt;0.3*{ZBX-FORTINET-ANTIVIRUS:fgAvNNTPVirusBlocked[{#SNMPVALUE}].last(0)}</expression>
                            <name>An increase of 20% of virus transmission over NNTP blocked in the virtual domain {#SNMPVALUE} was detected</name>
                            <url/>
                            <status>0</status>
                            <priority>2</priority>
                            <description/>
                            <type>0</type>
                        </trigger_prototype>
                        <trigger_prototype>
                            <expression>{ZBX-FORTINET-ANTIVIRUS:fgAvNNTPVirusDetected[{#SNMPVALUE}].last(600)}&gt;0.2*{ZBX-FORTINET-ANTIVIRUS:fgAvNNTPVirusDetected[{#SNMPVALUE}].last(0)} &amp; {ZBX-FORTINET-ANTIVIRUS:fgAvNNTPVirusDetected[{#SNMPVALUE}].last(600)}&lt;0.3*{ZBX-FORTINET-ANTIVIRUS:fgAvNNTPVirusDetected[{#SNMPVALUE}].last(0)}</expression>
                            <name>An increase of 20% of virus transmission over NNTP detected in the virtual domain {#SNMPVALUE} was detected</name>
                            <url/>
                            <status>0</status>
                            <priority>2</priority>
                            <description/>
                            <type>0</type>
                        </trigger_prototype>
                        <trigger_prototype>
                            <expression>{ZBX-FORTINET-ANTIVIRUS:fgAvPOP3VirusBlocked[{#SNMPVALUE}].last(600)}&gt;0.2*{ZBX-FORTINET-ANTIVIRUS:fgAvPOP3VirusBlocked[{#SNMPVALUE}].last(0)} &amp; {ZBX-FORTINET-ANTIVIRUS:fgAvPOP3VirusBlocked[{#SNMPVALUE}].last(600)}&lt;0.3*{ZBX-FORTINET-ANTIVIRUS:fgAvPOP3VirusBlocked[{#SNMPVALUE}].last(0)}</expression>
                            <name>An increase of 20% of virus transmission over POP3 blocked in the virtual domain {#SNMPVALUE} was detected</name>
                            <url/>
                            <status>0</status>
                            <priority>2</priority>
                            <description/>
                            <type>0</type>
                        </trigger_prototype>
                        <trigger_prototype>
                            <expression>{ZBX-FORTINET-ANTIVIRUS:fgAvPOP3VirusDetected[{#SNMPVALUE}].last(600)}&gt;0.2*{ZBX-FORTINET-ANTIVIRUS:fgAvPOP3VirusDetected[{#SNMPVALUE}].last(0)} &amp; {ZBX-FORTINET-ANTIVIRUS:fgAvPOP3VirusDetected[{#SNMPVALUE}].last(600)}&lt;0.3*{ZBX-FORTINET-ANTIVIRUS:fgAvPOP3VirusDetected[{#SNMPVALUE}].last(0)}</expression>
                            <name>An increase of 20% of virus transmission over POP3 detected in the virtual domain {#SNMPVALUE} was detected</name>
                            <url/>
                            <status>0</status>
                            <priority>2</priority>
                            <description/>
                            <type>0</type>
                        </trigger_prototype>
                        <trigger_prototype>
                            <expression>{ZBX-FORTINET-ANTIVIRUS:fgAvSMTPVirusBlocked[{#SNMPVALUE}].last(600)}&gt;0.2*{ZBX-FORTINET-ANTIVIRUS:fgAvSMTPVirusBlocked[{#SNMPVALUE}].last(0)} &amp; {ZBX-FORTINET-ANTIVIRUS:fgAvSMTPVirusBlocked[{#SNMPVALUE}].last(600)}&lt;0.3*{ZBX-FORTINET-ANTIVIRUS:fgAvSMTPVirusBlocked[{#SNMPVALUE}].last(0)}</expression>
                            <name>An increase of 20% of virus transmission over SMTP blocked in the virtual domain {#SNMPVALUE} was detected</name>
                            <url/>
                            <status>0</status>
                            <priority>2</priority>
                            <description/>
                            <type>0</type>
                        </trigger_prototype>
                        <trigger_prototype>
                            <expression>{ZBX-FORTINET-ANTIVIRUS:fgAvSMTPVirusDetected[{#SNMPVALUE}].last(600)}&gt;0.2*{ZBX-FORTINET-ANTIVIRUS:fgAvSMTPVirusDetected[{#SNMPVALUE}].last(0)} &amp; {ZBX-FORTINET-ANTIVIRUS:fgAvSMTPVirusDetected[{#SNMPVALUE}].last(600)}&lt;0.3*{ZBX-FORTINET-ANTIVIRUS:fgAvSMTPVirusDetected[{#SNMPVALUE}].last(0)}</expression>
                            <name>An increase of 20% of virus transmission over SMTP detected in the virtual domain {#SNMPVALUE} was detected</name>
                            <url/>
                            <status>0</status>
                            <priority>2</priority>
                            <description/>
                            <type>0</type>
                        </trigger_prototype>
                        <trigger_prototype>
                            <expression>{ZBX-FORTINET-ANTIVIRUS:fgAvOversizedBlocked[{#SNMPVALUE}].last(600)}&gt;0.3*{ZBX-FORTINET-ANTIVIRUS:fgAvOversizedBlocked[{#SNMPVALUE}].last(0)} &amp; {ZBX-FORTINET-ANTIVIRUS:fgAvOversizedBlocked[{#SNMPVALUE}].last(600)}&lt;0.4*{ZBX-FORTINET-ANTIVIRUS:fgAvOversizedBlocked[{#SNMPVALUE}].last(0)}</expression>
                            <name>An increase of 30% of over-sized file transmission blocked in the virtual domain {#SNMPVALUE} was detected</name>
                            <url/>
                            <status>0</status>
                            <priority>3</priority>
                            <description/>
                            <type>0</type>
                        </trigger_prototype>
                        <trigger_prototype>
                            <expression>{ZBX-FORTINET-ANTIVIRUS:fgAvOversizedDetected[{#SNMPVALUE}].last(600)}&gt;0.3*{ZBX-FORTINET-ANTIVIRUS:fgAvOversizedDetected[{#SNMPVALUE}].last(0)} &amp; {ZBX-FORTINET-ANTIVIRUS:fgAvOversizedDetected[{#SNMPVALUE}].last(600)}&lt;0.4*{ZBX-FORTINET-ANTIVIRUS:fgAvOversizedDetected[{#SNMPVALUE}].last(0)}</expression>
                            <name>An increase of 30% of over-sized file transmission detected in the virtual domain {#SNMPVALUE} was detected</name>
                            <url/>
                            <status>0</status>
                            <priority>3</priority>
                            <description/>
                            <type>0</type>
                        </trigger_prototype>
                        <trigger_prototype>
                            <expression>{ZBX-FORTINET-ANTIVIRUS:fgAvVirusBlocked[{#SNMPVALUE}].last(600)}&gt;0.3*{ZBX-FORTINET-ANTIVIRUS:fgAvVirusBlocked[{#SNMPVALUE}].last(0)} &amp; {ZBX-FORTINET-ANTIVIRUS:fgAvVirusBlocked[{#SNMPVALUE}].last(600)}&lt;0.4*{ZBX-FORTINET-ANTIVIRUS:fgAvVirusBlocked[{#SNMPVALUE}].last(0)}</expression>
                            <name>An increase of 30% of virus transmission blocked in the virtual domain {#SNMPVALUE} was detected</name>
                            <url/>
                            <status>0</status>
                            <priority>3</priority>
                            <description/>
                            <type>0</type>
                        </trigger_prototype>
                        <trigger_prototype>
                            <expression>{ZBX-FORTINET-ANTIVIRUS:fgAvVirusDetected[{#SNMPVALUE}].last(600)}&gt;0.3*{ZBX-FORTINET-ANTIVIRUS:fgAvVirusDetected[{#SNMPVALUE}].last(0)} &amp; {ZBX-FORTINET-ANTIVIRUS:fgAvVirusDetected[{#SNMPVALUE}].last(600)}&lt;0.4*{ZBX-FORTINET-ANTIVIRUS:fgAvVirusDetected[{#SNMPVALUE}].last(0)}</expression>
                            <name>An increase of 30% of virus transmission detected in the virtual domain {#SNMPVALUE} was detected</name>
                            <url/>
                            <status>0</status>
                            <priority>3</priority>
                            <description/>
                            <type>0</type>
                        </trigger_prototype>
                        <trigger_prototype>
                            <expression>{ZBX-FORTINET-ANTIVIRUS:fgAvFTPVirusBlocked[{#SNMPVALUE}].last(600)}&gt;0.3*{ZBX-FORTINET-ANTIVIRUS:fgAvFTPVirusBlocked[{#SNMPVALUE}].last(0)} &amp; {ZBX-FORTINET-ANTIVIRUS:fgAvFTPVirusBlocked[{#SNMPVALUE}].last(600)}&lt;0.4*{ZBX-FORTINET-ANTIVIRUS:fgAvFTPVirusBlocked[{#SNMPVALUE}].last(0)}</expression>
                            <name>An increase of 30% of virus transmission over FTP blocked in the virtual domain {#SNMPVALUE} was detected</name>
                            <url/>
                            <status>0</status>
                            <priority>3</priority>
                            <description/>
                            <type>0</type>
                        </trigger_prototype>
                        <trigger_prototype>
                            <expression>{ZBX-FORTINET-ANTIVIRUS:fgAvFTPVirusDetected[{#SNMPVALUE}].last(600)}&gt;0.3*{ZBX-FORTINET-ANTIVIRUS:fgAvFTPVirusDetected[{#SNMPVALUE}].last(0)} &amp; {ZBX-FORTINET-ANTIVIRUS:fgAvFTPVirusDetected[{#SNMPVALUE}].last(600)}&lt;0.4*{ZBX-FORTINET-ANTIVIRUS:fgAvFTPVirusDetected[{#SNMPVALUE}].last(0)}</expression>
                            <name>An increase of 30% of virus transmission over FTP detected in the virtual domain {#SNMPVALUE} was detected</name>
                            <url/>
                            <status>0</status>
                            <priority>3</priority>
                            <description/>
                            <type>0</type>
                        </trigger_prototype>
                        <trigger_prototype>
                            <expression>{ZBX-FORTINET-ANTIVIRUS:fgAvHTTPVirusBlocked[{#SNMPVALUE}].last(600)}&gt;0.3*{ZBX-FORTINET-ANTIVIRUS:fgAvHTTPVirusBlocked[{#SNMPVALUE}].last(0)} &amp; {ZBX-FORTINET-ANTIVIRUS:fgAvHTTPVirusBlocked[{#SNMPVALUE}].last(600)}&lt;0.4*{ZBX-FORTINET-ANTIVIRUS:fgAvHTTPVirusBlocked[{#SNMPVALUE}].last(0)}</expression>
                            <name>An increase of 30% of virus transmission over HTTP blocked in the virtual domain {#SNMPVALUE} was detected</name>
                            <url/>
                            <status>0</status>
                            <priority>3</priority>
                            <description/>
                            <type>0</type>
                        </trigger_prototype>
                        <trigger_prototype>
                            <expression>{ZBX-FORTINET-ANTIVIRUS:fgAvHTTPVirusDetected[{#SNMPVALUE}].last(600)}&gt;0.3*{ZBX-FORTINET-ANTIVIRUS:fgAvHTTPVirusDetected[{#SNMPVALUE}].last(0)} &amp; {ZBX-FORTINET-ANTIVIRUS:fgAvHTTPVirusDetected[{#SNMPVALUE}].last(600)}&lt;0.4*{ZBX-FORTINET-ANTIVIRUS:fgAvHTTPVirusDetected[{#SNMPVALUE}].last(0)}</expression>
                            <name>An increase of 30% of virus transmission over HTTP detected in the virtual domain {#SNMPVALUE} was detected</name>
                            <url/>
                            <status>0</status>
                            <priority>3</priority>
                            <description/>
                            <type>0</type>
                        </trigger_prototype>
                        <trigger_prototype>
                            <expression>{ZBX-FORTINET-ANTIVIRUS:fgAvIMAPVirusBlocked[{#SNMPVALUE}].last(600)}&gt;0.3*{ZBX-FORTINET-ANTIVIRUS:fgAvIMAPVirusBlocked[{#SNMPVALUE}].last(0)} &amp; {ZBX-FORTINET-ANTIVIRUS:fgAvIMAPVirusBlocked[{#SNMPVALUE}].last(600)}&lt;0.4*{ZBX-FORTINET-ANTIVIRUS:fgAvIMAPVirusBlocked[{#SNMPVALUE}].last(0)}</expression>
                            <name>An increase of 30% of virus transmission over IMAP blocked in the virtual domain {#SNMPVALUE} was detected</name>
                            <url/>
                            <status>0</status>
                            <priority>3</priority>
                            <description/>
                            <type>0</type>
                        </trigger_prototype>
                        <trigger_prototype>
                            <expression>{ZBX-FORTINET-ANTIVIRUS:fgAvIMAPVirusDetected[{#SNMPVALUE}].last(600)}&gt;0.3*{ZBX-FORTINET-ANTIVIRUS:fgAvIMAPVirusDetected[{#SNMPVALUE}].last(0)} &amp; {ZBX-FORTINET-ANTIVIRUS:fgAvIMAPVirusDetected[{#SNMPVALUE}].last(600)}&lt;0.4*{ZBX-FORTINET-ANTIVIRUS:fgAvIMAPVirusDetected[{#SNMPVALUE}].last(0)}</expression>
                            <name>An increase of 30% of virus transmission over IMAP detected in the virtual domain {#SNMPVALUE} was detected</name>
                            <url/>
                            <status>0</status>
                            <priority>3</priority>
                            <description/>
                            <type>0</type>
                        </trigger_prototype>
                        <trigger_prototype>
                            <expression>{ZBX-FORTINET-ANTIVIRUS:fgAvIMVirusBlocked[{#SNMPVALUE}].last(600)}&gt;0.3*{ZBX-FORTINET-ANTIVIRUS:fgAvIMVirusBlocked[{#SNMPVALUE}].last(0)} &amp; {ZBX-FORTINET-ANTIVIRUS:fgAvIMVirusBlocked[{#SNMPVALUE}].last(600)}&lt;0.4*{ZBX-FORTINET-ANTIVIRUS:fgAvIMVirusBlocked[{#SNMPVALUE}].last(0)}</expression>
                            <name>An increase of 30% of virus transmission over IM protocols blocked in the virtual domain {#SNMPVALUE} was detected</name>
                            <url/>
                            <status>0</status>
                            <priority>3</priority>
                            <description/>
                            <type>0</type>
                        </trigger_prototype>
                        <trigger_prototype>
                            <expression>{ZBX-FORTINET-ANTIVIRUS:fgAvIMVirusDetected[{#SNMPVALUE}].last(600)}&gt;0.3*{ZBX-FORTINET-ANTIVIRUS:fgAvIMVirusDetected[{#SNMPVALUE}].last(0)} &amp; {ZBX-FORTINET-ANTIVIRUS:fgAvIMVirusDetected[{#SNMPVALUE}].last(600)}&lt;0.4*{ZBX-FORTINET-ANTIVIRUS:fgAvIMVirusDetected[{#SNMPVALUE}].last(0)}</expression>
                            <name>An increase of 30% of virus transmission over IM protocols detected in the virtual domain {#SNMPVALUE} was detected</name>
                            <url/>
                            <status>0</status>
                            <priority>3</priority>
                            <description/>
                            <type>0</type>
                        </trigger_prototype>
                        <trigger_prototype>
                            <expression>{ZBX-FORTINET-ANTIVIRUS:fgAvNNTPVirusBlocked[{#SNMPVALUE}].last(600)}&gt;0.3*{ZBX-FORTINET-ANTIVIRUS:fgAvNNTPVirusBlocked[{#SNMPVALUE}].last(0)} &amp; {ZBX-FORTINET-ANTIVIRUS:fgAvNNTPVirusBlocked[{#SNMPVALUE}].last(600)}&lt;0.4*{ZBX-FORTINET-ANTIVIRUS:fgAvNNTPVirusBlocked[{#SNMPVALUE}].last(0)}</expression>
                            <name>An increase of 30% of virus transmission over NNTP blocked in the virtual domain {#SNMPVALUE} was detected</name>
                            <url/>
                            <status>0</status>
                            <priority>3</priority>
                            <description/>
                            <type>0</type>
                        </trigger_prototype>
                        <trigger_prototype>
                            <expression>{ZBX-FORTINET-ANTIVIRUS:fgAvNNTPVirusDetected[{#SNMPVALUE}].last(600)}&gt;0.3*{ZBX-FORTINET-ANTIVIRUS:fgAvNNTPVirusDetected[{#SNMPVALUE}].last(0)} &amp; {ZBX-FORTINET-ANTIVIRUS:fgAvNNTPVirusDetected[{#SNMPVALUE}].last(600)}&lt;0.4*{ZBX-FORTINET-ANTIVIRUS:fgAvNNTPVirusDetected[{#SNMPVALUE}].last(0)}</expression>
                            <name>An increase of 30% of virus transmission over NNTP detected in the virtual domain {#SNMPVALUE} was detected</name>
                            <url/>
                            <status>0</status>
                            <priority>3</priority>
                            <description/>
                            <type>0</type>
                        </trigger_prototype>
                        <trigger_prototype>
                            <expression>{ZBX-FORTINET-ANTIVIRUS:fgAvPOP3VirusBlocked[{#SNMPVALUE}].last(600)}&gt;0.3*{ZBX-FORTINET-ANTIVIRUS:fgAvPOP3VirusBlocked[{#SNMPVALUE}].last(0)} &amp; {ZBX-FORTINET-ANTIVIRUS:fgAvPOP3VirusBlocked[{#SNMPVALUE}].last(600)}&lt;0.4*{ZBX-FORTINET-ANTIVIRUS:fgAvPOP3VirusBlocked[{#SNMPVALUE}].last(0)}</expression>
                            <name>An increase of 30% of virus transmission over POP3 blocked in the virtual domain {#SNMPVALUE} was detected</name>
                            <url/>
                            <status>0</status>
                            <priority>3</priority>
                            <description/>
                            <type>0</type>
                        </trigger_prototype>
                        <trigger_prototype>
                            <expression>{ZBX-FORTINET-ANTIVIRUS:fgAvPOP3VirusDetected[{#SNMPVALUE}].last(600)}&gt;0.3*{ZBX-FORTINET-ANTIVIRUS:fgAvPOP3VirusDetected[{#SNMPVALUE}].last(0)} &amp; {ZBX-FORTINET-ANTIVIRUS:fgAvPOP3VirusDetected[{#SNMPVALUE}].last(600)}&lt;0.4*{ZBX-FORTINET-ANTIVIRUS:fgAvPOP3VirusDetected[{#SNMPVALUE}].last(0)}</expression>
                            <name>An increase of 30% of virus transmission over POP3 detected in the virtual domain {#SNMPVALUE} was detected</name>
                            <url/>
                            <status>0</status>
                            <priority>3</priority>
                            <description/>
                            <type>0</type>
                        </trigger_prototype>
                        <trigger_prototype>
                            <expression>{ZBX-FORTINET-ANTIVIRUS:fgAvSMTPVirusBlocked[{#SNMPVALUE}].last(600)}&gt;0.3*{ZBX-FORTINET-ANTIVIRUS:fgAvSMTPVirusBlocked[{#SNMPVALUE}].last(0)} &amp; {ZBX-FORTINET-ANTIVIRUS:fgAvSMTPVirusBlocked[{#SNMPVALUE}].last(600)}&lt;0.4*{ZBX-FORTINET-ANTIVIRUS:fgAvSMTPVirusBlocked[{#SNMPVALUE}].last(0)}</expression>
                            <name>An increase of 30% of virus transmission over SMTP blocked in the virtual domain {#SNMPVALUE} was detected</name>
                            <url/>
                            <status>0</status>
                            <priority>3</priority>
                            <description/>
                            <type>0</type>
                        </trigger_prototype>
                        <trigger_prototype>
                            <expression>{ZBX-FORTINET-ANTIVIRUS:fgAvSMTPVirusDetected[{#SNMPVALUE}].last(600)}&gt;0.3*{ZBX-FORTINET-ANTIVIRUS:fgAvSMTPVirusDetected[{#SNMPVALUE}].last(0)} &amp; {ZBX-FORTINET-ANTIVIRUS:fgAvSMTPVirusDetected[{#SNMPVALUE}].last(600)}&lt;0.4*{ZBX-FORTINET-ANTIVIRUS:fgAvSMTPVirusDetected[{#SNMPVALUE}].last(0)}</expression>
                            <name>An increase of 30% of virus transmission over SMTP detected in the virtual domain {#SNMPVALUE} was detected</name>
                            <url/>
                            <status>0</status>
                            <priority>3</priority>
                            <description/>
                            <type>0</type>
                        </trigger_prototype>
                        <trigger_prototype>
                            <expression>{ZBX-FORTINET-ANTIVIRUS:fgAvOversizedBlocked[{#SNMPVALUE}].last(600)}&gt;1.4*{ZBX-FORTINET-ANTIVIRUS:fgAvOversizedBlocked[{#SNMPVALUE}].last(0)}</expression>
                            <name>An increase of 40% of over-sized file transmission blocked in the virtual domain {#SNMPVALUE} was detected</name>
                            <url/>
                            <status>0</status>
                            <priority>4</priority>
                            <description/>
                            <type>0</type>
                        </trigger_prototype>
                        <trigger_prototype>
                            <expression>{ZBX-FORTINET-ANTIVIRUS:fgAvOversizedDetected[{#SNMPVALUE}].last(600)}&gt;0.4*{ZBX-FORTINET-ANTIVIRUS:fgAvOversizedDetected[{#SNMPVALUE}].last(0)}</expression>
                            <name>An increase of 40% of over-sized file transmission detected in the virtual domain {#SNMPVALUE} was detected</name>
                            <url/>
                            <status>0</status>
                            <priority>4</priority>
                            <description/>
                            <type>0</type>
                        </trigger_prototype>
                        <trigger_prototype>
                            <expression>{ZBX-FORTINET-ANTIVIRUS:fgAvVirusBlocked[{#SNMPVALUE}].last(0)}&gt;1.4*{ZBX-FORTINET-ANTIVIRUS:fgAvVirusBlocked[{#SNMPVALUE}].last(600)}</expression>
                            <name>An increase of 40% of virus transmission blocked in the virtual domain {#SNMPVALUE} was detected</name>
                            <url/>
                            <status>0</status>
                            <priority>4</priority>
                            <description/>
                            <type>0</type>
                        </trigger_prototype>
                        <trigger_prototype>
                            <expression>{ZBX-FORTINET-ANTIVIRUS:fgAvVirusDetected[{#SNMPVALUE}].last(0)}&gt;1.4*{ZBX-FORTINET-ANTIVIRUS:fgAvVirusDetected[{#SNMPVALUE}].last(600)}</expression>
                            <name>An increase of 40% of virus transmission detected in the virtual domain {#SNMPVALUE} was detected</name>
                            <url/>
                            <status>0</status>
                            <priority>4</priority>
                            <description/>
                            <type>0</type>
                        </trigger_prototype>
                        <trigger_prototype>
                            <expression>{ZBX-FORTINET-ANTIVIRUS:fgAvFTPVirusBlocked[{#SNMPVALUE}].last(600)}&gt;0.4*{ZBX-FORTINET-ANTIVIRUS:fgAvFTPVirusBlocked[{#SNMPVALUE}].last(0)}</expression>
                            <name>An increase of 40% of virus transmission over FTP blocked in the virtual domain {#SNMPVALUE} was detected</name>
                            <url/>
                            <status>0</status>
                            <priority>4</priority>
                            <description/>
                            <type>0</type>
                        </trigger_prototype>
                        <trigger_prototype>
                            <expression>{ZBX-FORTINET-ANTIVIRUS:fgAvFTPVirusDetected[{#SNMPVALUE}].last(600)}&gt;0.4*{ZBX-FORTINET-ANTIVIRUS:fgAvFTPVirusDetected[{#SNMPVALUE}].last(0)}</expression>
                            <name>An increase of 40% of virus transmission over FTP detected in the virtual domain {#SNMPVALUE} was detected</name>
                            <url/>
                            <status>0</status>
                            <priority>4</priority>
                            <description/>
                            <type>0</type>
                        </trigger_prototype>
                        <trigger_prototype>
                            <expression>{ZBX-FORTINET-ANTIVIRUS:fgAvHTTPVirusBlocked[{#SNMPVALUE}].last(600)}&gt;0.4*{ZBX-FORTINET-ANTIVIRUS:fgAvHTTPVirusBlocked[{#SNMPVALUE}].last(0)}</expression>
                            <name>An increase of 40% of virus transmission over HTTP blocked in the virtual domain {#SNMPVALUE} was detected</name>
                            <url/>
                            <status>0</status>
                            <priority>4</priority>
                            <description/>
                            <type>0</type>
                        </trigger_prototype>
                        <trigger_prototype>
                            <expression>{ZBX-FORTINET-ANTIVIRUS:fgAvHTTPVirusDetected[{#SNMPVALUE}].last(600)}&gt;0.4*{ZBX-FORTINET-ANTIVIRUS:fgAvHTTPVirusDetected[{#SNMPVALUE}].last(0)}</expression>
                            <name>An increase of 40% of virus transmission over HTTP detected in the virtual domain {#SNMPVALUE} was detected</name>
                            <url/>
                            <status>0</status>
                            <priority>4</priority>
                            <description/>
                            <type>0</type>
                        </trigger_prototype>
                        <trigger_prototype>
                            <expression>{ZBX-FORTINET-ANTIVIRUS:fgAvIMAPVirusBlocked[{#SNMPVALUE}].last(600)}&gt;0.4*{ZBX-FORTINET-ANTIVIRUS:fgAvIMAPVirusBlocked[{#SNMPVALUE}].last(0)}</expression>
                            <name>An increase of 40% of virus transmission over IMAP blocked in the virtual domain {#SNMPVALUE} was detected</name>
                            <url/>
                            <status>0</status>
                            <priority>4</priority>
                            <description/>
                            <type>0</type>
                        </trigger_prototype>
                        <trigger_prototype>
                            <expression>{ZBX-FORTINET-ANTIVIRUS:fgAvIMAPVirusDetected[{#SNMPVALUE}].last(600)}&gt;0.4*{ZBX-FORTINET-ANTIVIRUS:fgAvIMAPVirusDetected[{#SNMPVALUE}].last(0)}</expression>
                            <name>An increase of 40% of virus transmission over IMAP detected in the virtual domain {#SNMPVALUE} was detected</name>
                            <url/>
                            <status>0</status>
                            <priority>4</priority>
                            <description/>
                            <type>0</type>
                        </trigger_prototype>
                        <trigger_prototype>
                            <expression>{ZBX-FORTINET-ANTIVIRUS:fgAvIMVirusBlocked[{#SNMPVALUE}].last(600)}&gt;0.4*{ZBX-FORTINET-ANTIVIRUS:fgAvIMVirusBlocked[{#SNMPVALUE}].last(0)}</expression>
                            <name>An increase of 40% of virus transmission over IM protocols blocked in the virtual domain {#SNMPVALUE} was detected</name>
                            <url/>
                            <status>0</status>
                            <priority>4</priority>
                            <description/>
                            <type>0</type>
                        </trigger_prototype>
                        <trigger_prototype>
                            <expression>{ZBX-FORTINET-ANTIVIRUS:fgAvIMVirusDetected[{#SNMPVALUE}].last(600)}&gt;0.4*{ZBX-FORTINET-ANTIVIRUS:fgAvIMVirusDetected[{#SNMPVALUE}].last(0)}</expression>
                            <name>An increase of 40% of virus transmission over IM protocols detected in the virtual domain {#SNMPVALUE} was detected</name>
                            <url/>
                            <status>0</status>
                            <priority>4</priority>
                            <description/>
                            <type>0</type>
                        </trigger_prototype>
                        <trigger_prototype>
                            <expression>{ZBX-FORTINET-ANTIVIRUS:fgAvNNTPVirusBlocked[{#SNMPVALUE}].last(600)}&gt;0.4*{ZBX-FORTINET-ANTIVIRUS:fgAvNNTPVirusBlocked[{#SNMPVALUE}].last(0)}</expression>
                            <name>An increase of 40% of virus transmission over NNTP blocked in the virtual domain {#SNMPVALUE} was detected</name>
                            <url/>
                            <status>0</status>
                            <priority>4</priority>
                            <description/>
                            <type>0</type>
                        </trigger_prototype>
                        <trigger_prototype>
                            <expression>{ZBX-FORTINET-ANTIVIRUS:fgAvNNTPVirusDetected[{#SNMPVALUE}].last(600)}&gt;0.4*{ZBX-FORTINET-ANTIVIRUS:fgAvNNTPVirusDetected[{#SNMPVALUE}].last(0)}</expression>
                            <name>An increase of 40% of virus transmission over NNTP detected in the virtual domain {#SNMPVALUE} was detected</name>
                            <url/>
                            <status>0</status>
                            <priority>4</priority>
                            <description/>
                            <type>0</type>
                        </trigger_prototype>
                        <trigger_prototype>
                            <expression>{ZBX-FORTINET-ANTIVIRUS:fgAvPOP3VirusBlocked[{#SNMPVALUE}].last(600)}&gt;0.4*{ZBX-FORTINET-ANTIVIRUS:fgAvPOP3VirusBlocked[{#SNMPVALUE}].last(0)}</expression>
                            <name>An increase of 40% of virus transmission over POP3 blocked in the virtual domain {#SNMPVALUE} was detected</name>
                            <url/>
                            <status>0</status>
                            <priority>4</priority>
                            <description/>
                            <type>0</type>
                        </trigger_prototype>
                        <trigger_prototype>
                            <expression>{ZBX-FORTINET-ANTIVIRUS:fgAvPOP3VirusDetected[{#SNMPVALUE}].last(600)}&gt;0.4*{ZBX-FORTINET-ANTIVIRUS:fgAvPOP3VirusDetected[{#SNMPVALUE}].last(0)}</expression>
                            <name>An increase of 40% of virus transmission over POP3 detected in the virtual domain {#SNMPVALUE} was detected</name>
                            <url/>
                            <status>0</status>
                            <priority>4</priority>
                            <description/>
                            <type>0</type>
                        </trigger_prototype>
                        <trigger_prototype>
                            <expression>{ZBX-FORTINET-ANTIVIRUS:fgAvSMTPVirusBlocked[{#SNMPVALUE}].last(600)}&gt;0.4*{ZBX-FORTINET-ANTIVIRUS:fgAvSMTPVirusBlocked[{#SNMPVALUE}].last(0)}</expression>
                            <name>An increase of 40% of virus transmission over SMTP blocked in the virtual domain {#SNMPVALUE} was detected</name>
                            <url/>
                            <status>0</status>
                            <priority>4</priority>
                            <description/>
                            <type>0</type>
                        </trigger_prototype>
                        <trigger_prototype>
                            <expression>{ZBX-FORTINET-ANTIVIRUS:fgAvSMTPVirusDetected[{#SNMPVALUE}].last(600)}&gt;0.4*{ZBX-FORTINET-ANTIVIRUS:fgAvSMTPVirusDetected[{#SNMPVALUE}].last(0)}</expression>
                            <name>An increase of 40% of virus transmission over SMTP detected in the virtual domain {#SNMPVALUE} was detected</name>
                            <url/>
                            <status>0</status>
                            <priority>4</priority>
                            <description/>
                            <type>0</type>
                        </trigger_prototype>
                    </trigger_prototypes>
                    <graph_prototypes>
                        <graph_prototype>
                            <name>Number of over-sized file transmissions in the virtual domain {#SNMPVALUE}</name>
                            <width>900</width>
                            <height>200</height>
                            <yaxismin>0.0000</yaxismin>
                            <yaxismax>100.0000</yaxismax>
                            <show_work_period>1</show_work_period>
                            <show_triggers>1</show_triggers>
                            <type>0</type>
                            <show_legend>1</show_legend>
                            <show_3d>0</show_3d>
                            <percent_left>0.0000</percent_left>
                            <percent_right>0.0000</percent_right>
                            <ymin_type_1>0</ymin_type_1>
                            <ymax_type_1>0</ymax_type_1>
                            <ymin_item_1>0</ymin_item_1>
                            <ymax_item_1>0</ymax_item_1>
                            <graph_items>
                                <graph_item>
                                    <sortorder>0</sortorder>
                                    <drawtype>2</drawtype>
                                    <color>96E78A</color>
                                    <yaxisside>0</yaxisside>
                                    <calc_fnc>2</calc_fnc>
                                    <type>0</type>
                                    <item>
                                        <host>ZBX-FORTINET-ANTIVIRUS</host>
                                        <key>fgAvOversizedBlocked[{#SNMPVALUE}]</key>
                                    </item>
                                </graph_item>
                                <graph_item>
                                    <sortorder>1</sortorder>
                                    <drawtype>2</drawtype>
                                    <color>A150AA</color>
                                    <yaxisside>0</yaxisside>
                                    <calc_fnc>2</calc_fnc>
                                    <type>0</type>
                                    <item>
                                        <host>ZBX-FORTINET-ANTIVIRUS</host>
                                        <key>fgAvOversizedDetected[{#SNMPVALUE}]</key>
                                    </item>
                                </graph_item>
                            </graph_items>
                        </graph_prototype>
                        <graph_prototype>
                            <name>Number of virus transmissions in the virtual domain {#SNMPVALUE}</name>
                            <width>900</width>
                            <height>200</height>
                            <yaxismin>0.0000</yaxismin>
                            <yaxismax>100.0000</yaxismax>
                            <show_work_period>1</show_work_period>
                            <show_triggers>1</show_triggers>
                            <type>0</type>
                            <show_legend>1</show_legend>
                            <show_3d>0</show_3d>
                            <percent_left>0.0000</percent_left>
                            <percent_right>0.0000</percent_right>
                            <ymin_type_1>0</ymin_type_1>
                            <ymax_type_1>0</ymax_type_1>
                            <ymin_item_1>0</ymin_item_1>
                            <ymax_item_1>0</ymax_item_1>
                            <graph_items>
                                <graph_item>
                                    <sortorder>0</sortorder>
                                    <drawtype>2</drawtype>
                                    <color>96E78A</color>
                                    <yaxisside>0</yaxisside>
                                    <calc_fnc>2</calc_fnc>
                                    <type>0</type>
                                    <item>
                                        <host>ZBX-FORTINET-ANTIVIRUS</host>
                                        <key>fgAvVirusBlocked[{#SNMPVALUE}]</key>
                                    </item>
                                </graph_item>
                                <graph_item>
                                    <sortorder>1</sortorder>
                                    <drawtype>2</drawtype>
                                    <color>A150AA</color>
                                    <yaxisside>0</yaxisside>
                                    <calc_fnc>2</calc_fnc>
                                    <type>0</type>
                                    <item>
                                        <host>ZBX-FORTINET-ANTIVIRUS</host>
                                        <key>fgAvVirusDetected[{#SNMPVALUE}]</key>
                                    </item>
                                </graph_item>
                            </graph_items>
                        </graph_prototype>
                        <graph_prototype>
                            <name>Number of virus transmissions over FTP in the virtual domain {#SNMPVALUE}</name>
                            <width>900</width>
                            <height>200</height>
                            <yaxismin>0.0000</yaxismin>
                            <yaxismax>100.0000</yaxismax>
                            <show_work_period>1</show_work_period>
                            <show_triggers>1</show_triggers>
                            <type>0</type>
                            <show_legend>1</show_legend>
                            <show_3d>0</show_3d>
                            <percent_left>0.0000</percent_left>
                            <percent_right>0.0000</percent_right>
                            <ymin_type_1>0</ymin_type_1>
                            <ymax_type_1>0</ymax_type_1>
                            <ymin_item_1>0</ymin_item_1>
                            <ymax_item_1>0</ymax_item_1>
                            <graph_items>
                                <graph_item>
                                    <sortorder>0</sortorder>
                                    <drawtype>2</drawtype>
                                    <color>96E78A</color>
                                    <yaxisside>0</yaxisside>
                                    <calc_fnc>2</calc_fnc>
                                    <type>0</type>
                                    <item>
                                        <host>ZBX-FORTINET-ANTIVIRUS</host>
                                        <key>fgAvFTPVirusBlocked[{#SNMPVALUE}]</key>
                                    </item>
                                </graph_item>
                                <graph_item>
                                    <sortorder>1</sortorder>
                                    <drawtype>2</drawtype>
                                    <color>A150AA</color>
                                    <yaxisside>0</yaxisside>
                                    <calc_fnc>2</calc_fnc>
                                    <type>0</type>
                                    <item>
                                        <host>ZBX-FORTINET-ANTIVIRUS</host>
                                        <key>fgAvFTPVirusDetected[{#SNMPVALUE}]</key>
                                    </item>
                                </graph_item>
                            </graph_items>
                        </graph_prototype>
                        <graph_prototype>
                            <name>Number of virus transmissions over HTTP in the virtual domain {#SNMPVALUE}</name>
                            <width>900</width>
                            <height>200</height>
                            <yaxismin>0.0000</yaxismin>
                            <yaxismax>100.0000</yaxismax>
                            <show_work_period>1</show_work_period>
                            <show_triggers>1</show_triggers>
                            <type>0</type>
                            <show_legend>1</show_legend>
                            <show_3d>0</show_3d>
                            <percent_left>0.0000</percent_left>
                            <percent_right>0.0000</percent_right>
                            <ymin_type_1>0</ymin_type_1>
                            <ymax_type_1>0</ymax_type_1>
                            <ymin_item_1>0</ymin_item_1>
                            <ymax_item_1>0</ymax_item_1>
                            <graph_items>
                                <graph_item>
                                    <sortorder>0</sortorder>
                                    <drawtype>2</drawtype>
                                    <color>96E78A</color>
                                    <yaxisside>0</yaxisside>
                                    <calc_fnc>2</calc_fnc>
                                    <type>0</type>
                                    <item>
                                        <host>ZBX-FORTINET-ANTIVIRUS</host>
                                        <key>fgAvHTTPVirusBlocked[{#SNMPVALUE}]</key>
                                    </item>
                                </graph_item>
                                <graph_item>
                                    <sortorder>1</sortorder>
                                    <drawtype>2</drawtype>
                                    <color>A150AA</color>
                                    <yaxisside>0</yaxisside>
                                    <calc_fnc>2</calc_fnc>
                                    <type>0</type>
                                    <item>
                                        <host>ZBX-FORTINET-ANTIVIRUS</host>
                                        <key>fgAvHTTPVirusDetected[{#SNMPVALUE}]</key>
                                    </item>
                                </graph_item>
                            </graph_items>
                        </graph_prototype>
                        <graph_prototype>
                            <name>Number of virus transmissions over IMAP in the virtual domain {#SNMPVALUE}</name>
                            <width>900</width>
                            <height>200</height>
                            <yaxismin>0.0000</yaxismin>
                            <yaxismax>100.0000</yaxismax>
                            <show_work_period>1</show_work_period>
                            <show_triggers>1</show_triggers>
                            <type>0</type>
                            <show_legend>1</show_legend>
                            <show_3d>0</show_3d>
                            <percent_left>0.0000</percent_left>
                            <percent_right>0.0000</percent_right>
                            <ymin_type_1>0</ymin_type_1>
                            <ymax_type_1>0</ymax_type_1>
                            <ymin_item_1>0</ymin_item_1>
                            <ymax_item_1>0</ymax_item_1>
                            <graph_items>
                                <graph_item>
                                    <sortorder>0</sortorder>
                                    <drawtype>2</drawtype>
                                    <color>96E78A</color>
                                    <yaxisside>0</yaxisside>
                                    <calc_fnc>2</calc_fnc>
                                    <type>0</type>
                                    <item>
                                        <host>ZBX-FORTINET-ANTIVIRUS</host>
                                        <key>fgAvIMAPVirusBlocked[{#SNMPVALUE}]</key>
                                    </item>
                                </graph_item>
                                <graph_item>
                                    <sortorder>1</sortorder>
                                    <drawtype>2</drawtype>
                                    <color>A150AA</color>
                                    <yaxisside>0</yaxisside>
                                    <calc_fnc>2</calc_fnc>
                                    <type>0</type>
                                    <item>
                                        <host>ZBX-FORTINET-ANTIVIRUS</host>
                                        <key>fgAvIMAPVirusDetected[{#SNMPVALUE}]</key>
                                    </item>
                                </graph_item>
                            </graph_items>
                        </graph_prototype>
                        <graph_prototype>
                            <name>Number of virus transmissions over IM protocols in the virtual domain {#SNMPVALUE}</name>
                            <width>900</width>
                            <height>200</height>
                            <yaxismin>0.0000</yaxismin>
                            <yaxismax>100.0000</yaxismax>
                            <show_work_period>1</show_work_period>
                            <show_triggers>1</show_triggers>
                            <type>0</type>
                            <show_legend>1</show_legend>
                            <show_3d>0</show_3d>
                            <percent_left>0.0000</percent_left>
                            <percent_right>0.0000</percent_right>
                            <ymin_type_1>0</ymin_type_1>
                            <ymax_type_1>0</ymax_type_1>
                            <ymin_item_1>0</ymin_item_1>
                            <ymax_item_1>0</ymax_item_1>
                            <graph_items>
                                <graph_item>
                                    <sortorder>0</sortorder>
                                    <drawtype>2</drawtype>
                                    <color>96E78A</color>
                                    <yaxisside>0</yaxisside>
                                    <calc_fnc>2</calc_fnc>
                                    <type>0</type>
                                    <item>
                                        <host>ZBX-FORTINET-ANTIVIRUS</host>
                                        <key>fgAvIMVirusBlocked[{#SNMPVALUE}]</key>
                                    </item>
                                </graph_item>
                                <graph_item>
                                    <sortorder>1</sortorder>
                                    <drawtype>2</drawtype>
                                    <color>A150AA</color>
                                    <yaxisside>0</yaxisside>
                                    <calc_fnc>2</calc_fnc>
                                    <type>0</type>
                                    <item>
                                        <host>ZBX-FORTINET-ANTIVIRUS</host>
                                        <key>fgAvIMVirusDetected[{#SNMPVALUE}]</key>
                                    </item>
                                </graph_item>
                            </graph_items>
                        </graph_prototype>
                        <graph_prototype>
                            <name>Number of virus transmissions over NNTP in the virtual domain {#SNMPVALUE}</name>
                            <width>900</width>
                            <height>200</height>
                            <yaxismin>0.0000</yaxismin>
                            <yaxismax>100.0000</yaxismax>
                            <show_work_period>1</show_work_period>
                            <show_triggers>1</show_triggers>
                            <type>0</type>
                            <show_legend>1</show_legend>
                            <show_3d>0</show_3d>
                            <percent_left>0.0000</percent_left>
                            <percent_right>0.0000</percent_right>
                            <ymin_type_1>0</ymin_type_1>
                            <ymax_type_1>0</ymax_type_1>
                            <ymin_item_1>0</ymin_item_1>
                            <ymax_item_1>0</ymax_item_1>
                            <graph_items>
                                <graph_item>
                                    <sortorder>0</sortorder>
                                    <drawtype>2</drawtype>
                                    <color>96E78A</color>
                                    <yaxisside>0</yaxisside>
                                    <calc_fnc>2</calc_fnc>
                                    <type>0</type>
                                    <item>
                                        <host>ZBX-FORTINET-ANTIVIRUS</host>
                                        <key>fgAvNNTPVirusBlocked[{#SNMPVALUE}]</key>
                                    </item>
                                </graph_item>
                                <graph_item>
                                    <sortorder>1</sortorder>
                                    <drawtype>2</drawtype>
                                    <color>A150AA</color>
                                    <yaxisside>0</yaxisside>
                                    <calc_fnc>2</calc_fnc>
                                    <type>0</type>
                                    <item>
                                        <host>ZBX-FORTINET-ANTIVIRUS</host>
                                        <key>fgAvNNTPVirusDetected[{#SNMPVALUE}]</key>
                                    </item>
                                </graph_item>
                            </graph_items>
                        </graph_prototype>
                        <graph_prototype>
                            <name>Number of virus transmissions over POP3 in the virtual domain {#SNMPVALUE}</name>
                            <width>900</width>
                            <height>200</height>
                            <yaxismin>0.0000</yaxismin>
                            <yaxismax>100.0000</yaxismax>
                            <show_work_period>1</show_work_period>
                            <show_triggers>1</show_triggers>
                            <type>0</type>
                            <show_legend>1</show_legend>
                            <show_3d>0</show_3d>
                            <percent_left>0.0000</percent_left>
                            <percent_right>0.0000</percent_right>
                            <ymin_type_1>0</ymin_type_1>
                            <ymax_type_1>0</ymax_type_1>
                            <ymin_item_1>0</ymin_item_1>
                            <ymax_item_1>0</ymax_item_1>
                            <graph_items>
                                <graph_item>
                                    <sortorder>0</sortorder>
                                    <drawtype>2</drawtype>
                                    <color>96E78A</color>
                                    <yaxisside>0</yaxisside>
                                    <calc_fnc>2</calc_fnc>
                                    <type>0</type>
                                    <item>
                                        <host>ZBX-FORTINET-ANTIVIRUS</host>
                                        <key>fgAvPOP3VirusBlocked[{#SNMPVALUE}]</key>
                                    </item>
                                </graph_item>
                                <graph_item>
                                    <sortorder>1</sortorder>
                                    <drawtype>2</drawtype>
                                    <color>A150AA</color>
                                    <yaxisside>0</yaxisside>
                                    <calc_fnc>2</calc_fnc>
                                    <type>0</type>
                                    <item>
                                        <host>ZBX-FORTINET-ANTIVIRUS</host>
                                        <key>fgAvPOP3VirusDetected[{#SNMPVALUE}]</key>
                                    </item>
                                </graph_item>
                            </graph_items>
                        </graph_prototype>
                    </graph_prototypes>
                </discovery_rule>
            </discovery_rules>
            <macros/>
            <templates/>
            <screens/>
        </template>
    </templates>
</zabbix_export>
