<?xml version="1.0" encoding="UTF-8"?>
<zabbix_export>
    <version>3.2</version>
    <date>2018-04-11T10:32:47Z</date>
    <groups>
        <group>
            <name>Templates</name>
        </group>
    </groups>
    <templates>
        <template>
            <template>Template App Skype for business Front-End role</template>
            <name>Template App Skype for business Front-End role</name>
            <description>This template assesses the status and overall health of services as well as the performance of the Front-End Skype for Business Server 2015.&#13;
Note: You need to set thresholds for these counters according to your environment. It is recommended to monitor these counters for some period of time to understand potential value ranges and then set the thresholds accordingly.&#13;
Portions of this documentation are based on: https://technet.microsoft.com/en-us/library/gg398616.aspx.</description>
            <groups>
                <group>
                    <name>Templates</name>
                </group>
            </groups>
            <applications>
                <application>
                    <name>Lync performance</name>
                </application>
                <application>
                    <name>Services</name>
                </application>
            </applications>
            <items>
                <item>
                    <name>IMMcu Conferences: Active Conferences</name>
                    <type>0</type>
                    <snmp_community/>
                    <multiplier>0</multiplier>
                    <snmp_oid/>
                    <key>perf_counter[&quot;\LS:ImMcu - IMMcu Conferences\IMMCU - Active Conferences&quot;]</key>
                    <delay>60</delay>
                    <history>90</history>
                    <trends>365</trends>
                    <status>0</status>
                    <value_type>0</value_type>
                    <allowed_hosts/>
                    <units/>
                    <delta>0</delta>
                    <snmpv3_contextname/>
                    <snmpv3_securityname/>
                    <snmpv3_securitylevel>0</snmpv3_securitylevel>
                    <snmpv3_authprotocol>0</snmpv3_authprotocol>
                    <snmpv3_authpassphrase/>
                    <snmpv3_privprotocol>0</snmpv3_privprotocol>
                    <snmpv3_privpassphrase/>
                    <formula>1</formula>
                    <delay_flex/>
                    <params/>
                    <ipmi_sensor/>
                    <data_type>0</data_type>
                    <authtype>0</authtype>
                    <username/>
                    <password/>
                    <publickey/>
                    <privatekey/>
                    <port/>
                    <description>This component monitor returns the number of active conferences. You will need to baseline this counter by testing and monitoring the user load.</description>
                    <inventory_link>0</inventory_link>
                    <applications>
                        <application>
                            <name>Lync performance</name>
                        </application>
                    </applications>
                    <valuemap/>
                    <logtimefmt/>
                </item>
                <item>
                    <name>IMMcu Conferences: Connected Users</name>
                    <type>0</type>
                    <snmp_community/>
                    <multiplier>0</multiplier>
                    <snmp_oid/>
                    <key>perf_counter[&quot;\LS:ImMcu - IMMcu Conferences\IMMCU - Connected Users&quot;]</key>
                    <delay>60</delay>
                    <history>90</history>
                    <trends>365</trends>
                    <status>0</status>
                    <value_type>0</value_type>
                    <allowed_hosts/>
                    <units/>
                    <delta>0</delta>
                    <snmpv3_contextname/>
                    <snmpv3_securityname/>
                    <snmpv3_securitylevel>0</snmpv3_securitylevel>
                    <snmpv3_authprotocol>0</snmpv3_authprotocol>
                    <snmpv3_authpassphrase/>
                    <snmpv3_privprotocol>0</snmpv3_privprotocol>
                    <snmpv3_privpassphrase/>
                    <formula>1</formula>
                    <delay_flex/>
                    <params/>
                    <ipmi_sensor/>
                    <data_type>0</data_type>
                    <authtype>0</authtype>
                    <username/>
                    <password/>
                    <publickey/>
                    <privatekey/>
                    <port/>
                    <description>This component monitor returns the number of connected users in all conferences. You will need to baseline this counter by testing and monitoring the user load.</description>
                    <inventory_link>0</inventory_link>
                    <applications>
                        <application>
                            <name>Lync performance</name>
                        </application>
                    </applications>
                    <valuemap/>
                    <logtimefmt/>
                </item>
                <item>
                    <name>IMMcu Conferences: Throttled Sip Connections</name>
                    <type>0</type>
                    <snmp_community/>
                    <multiplier>0</multiplier>
                    <snmp_oid/>
                    <key>perf_counter[&quot;\LS:ImMcu - IMMcu Conferences\IMMCU - Throttled Sip Connections&quot;]</key>
                    <delay>60</delay>
                    <history>90</history>
                    <trends>365</trends>
                    <status>0</status>
                    <value_type>0</value_type>
                    <allowed_hosts/>
                    <units/>
                    <delta>0</delta>
                    <snmpv3_contextname/>
                    <snmpv3_securityname/>
                    <snmpv3_securitylevel>0</snmpv3_securitylevel>
                    <snmpv3_authprotocol>0</snmpv3_authprotocol>
                    <snmpv3_authpassphrase/>
                    <snmpv3_privprotocol>0</snmpv3_privprotocol>
                    <snmpv3_privpassphrase/>
                    <formula>1</formula>
                    <delay_flex/>
                    <params/>
                    <ipmi_sensor/>
                    <data_type>0</data_type>
                    <authtype>0</authtype>
                    <username/>
                    <password/>
                    <publickey/>
                    <privatekey/>
                    <port/>
                    <description>This component monitor returns the number of throttled Sip connections. If the value is greater than ten, it could indicate that Peer is not processing requests in a timely fashion. This can happen if the peer machine is overloaded. Peer is defined as the connected servers, adjacent Front-End servers, or MCUs in the same EE Pool. The same set of counters apply.</description>
                    <inventory_link>0</inventory_link>
                    <applications>
                        <application>
                            <name>Lync performance</name>
                        </application>
                    </applications>
                    <valuemap/>
                    <logtimefmt/>
                </item>
                <item>
                    <name>MCU Health And Performance: MCU Draining State</name>
                    <type>0</type>
                    <snmp_community/>
                    <multiplier>0</multiplier>
                    <snmp_oid/>
                    <key>perf_counter[&quot;\LS:ImMcu - MCU Health And Performance\IMMCU - MCU Draining State&quot;]</key>
                    <delay>60</delay>
                    <history>90</history>
                    <trends>365</trends>
                    <status>0</status>
                    <value_type>3</value_type>
                    <allowed_hosts/>
                    <units/>
                    <delta>0</delta>
                    <snmpv3_contextname/>
                    <snmpv3_securityname/>
                    <snmpv3_securitylevel>0</snmpv3_securitylevel>
                    <snmpv3_authprotocol>0</snmpv3_authprotocol>
                    <snmpv3_authpassphrase/>
                    <snmpv3_privprotocol>0</snmpv3_privprotocol>
                    <snmpv3_privpassphrase/>
                    <formula>1</formula>
                    <delay_flex/>
                    <params/>
                    <ipmi_sensor/>
                    <data_type>0</data_type>
                    <authtype>0</authtype>
                    <username/>
                    <password/>
                    <publickey/>
                    <privatekey/>
                    <port/>
                    <description>This component monitor returns the current draining status of the MCU.&#13;
Possible values:&#13;
0 = Not requesting to drain.&#13;
1 = Requesting to drain.&#13;
2 = Draining.&#13;
When a server is drained, it stops taking new connections and calls. These new connections and calls are routed through other servers in the pool. A server being drained allows its sessions on existing connections to continue until they naturally end. When all existing sessions have ended, the server is ready to be taken offline.</description>
                    <inventory_link>0</inventory_link>
                    <applications>
                        <application>
                            <name>Lync performance</name>
                        </application>
                    </applications>
                    <valuemap>
                        <name>Lync server: MCU Draining State</name>
                    </valuemap>
                    <logtimefmt/>
                </item>
                <item>
                    <name>MCU Health And Performance: MCU Health State</name>
                    <type>0</type>
                    <snmp_community/>
                    <multiplier>0</multiplier>
                    <snmp_oid/>
                    <key>perf_counter[&quot;\LS:ImMcu - MCU Health And Performance\IMMCU - MCU Health State&quot;]</key>
                    <delay>60</delay>
                    <history>90</history>
                    <trends>365</trends>
                    <status>0</status>
                    <value_type>3</value_type>
                    <allowed_hosts/>
                    <units/>
                    <delta>0</delta>
                    <snmpv3_contextname/>
                    <snmpv3_securityname/>
                    <snmpv3_securitylevel>0</snmpv3_securitylevel>
                    <snmpv3_authprotocol>0</snmpv3_authprotocol>
                    <snmpv3_authpassphrase/>
                    <snmpv3_privprotocol>0</snmpv3_privprotocol>
                    <snmpv3_privpassphrase/>
                    <formula>1</formula>
                    <delay_flex/>
                    <params/>
                    <ipmi_sensor/>
                    <data_type>0</data_type>
                    <authtype>0</authtype>
                    <username/>
                    <password/>
                    <publickey/>
                    <privatekey/>
                    <port/>
                    <description>This component monitor returns the current health of the MCU. &#13;
Possible values:&#13;
0 = Normal. &#13;
1 = Loaded. &#13;
2 = Full. &#13;
3 = Unavailable.</description>
                    <inventory_link>0</inventory_link>
                    <applications>
                        <application>
                            <name>Lync performance</name>
                        </application>
                    </applications>
                    <valuemap>
                        <name>Lync server: MCU Health State</name>
                    </valuemap>
                    <logtimefmt/>
                </item>
                <item>
                    <name>Load Management: Address space usage</name>
                    <type>0</type>
                    <snmp_community/>
                    <multiplier>0</multiplier>
                    <snmp_oid/>
                    <key>perf_counter[&quot;\LS:SIP - Load Management\SIP - Address space usage&quot;]</key>
                    <delay>60</delay>
                    <history>90</history>
                    <trends>365</trends>
                    <status>0</status>
                    <value_type>0</value_type>
                    <allowed_hosts/>
                    <units/>
                    <delta>0</delta>
                    <snmpv3_contextname/>
                    <snmpv3_securityname/>
                    <snmpv3_securitylevel>0</snmpv3_securitylevel>
                    <snmpv3_authprotocol>0</snmpv3_authprotocol>
                    <snmpv3_authpassphrase/>
                    <snmpv3_privprotocol>0</snmpv3_privprotocol>
                    <snmpv3_privpassphrase/>
                    <formula>1</formula>
                    <delay_flex/>
                    <params/>
                    <ipmi_sensor/>
                    <data_type>0</data_type>
                    <authtype>0</authtype>
                    <username/>
                    <password/>
                    <publickey/>
                    <privatekey/>
                    <port/>
                    <description>This component monitor returns the percentage of available address space currently in use by the server process. The returned value should be as low as possible.</description>
                    <inventory_link>0</inventory_link>
                    <applications>
                        <application>
                            <name>Lync performance</name>
                        </application>
                    </applications>
                    <valuemap/>
                    <logtimefmt/>
                </item>
                <item>
                    <name>Load Management: Average Holding Time For Incoming Messages</name>
                    <type>0</type>
                    <snmp_community/>
                    <multiplier>0</multiplier>
                    <snmp_oid/>
                    <key>perf_counter[&quot;\LS:SIP - Load Management\SIP - Average Holding Time For Incoming Messages&quot;]</key>
                    <delay>60</delay>
                    <history>90</history>
                    <trends>365</trends>
                    <status>0</status>
                    <value_type>0</value_type>
                    <allowed_hosts/>
                    <units/>
                    <delta>0</delta>
                    <snmpv3_contextname/>
                    <snmpv3_securityname/>
                    <snmpv3_securitylevel>0</snmpv3_securitylevel>
                    <snmpv3_authprotocol>0</snmpv3_authprotocol>
                    <snmpv3_authpassphrase/>
                    <snmpv3_privprotocol>0</snmpv3_privprotocol>
                    <snmpv3_privpassphrase/>
                    <formula>1</formula>
                    <delay_flex/>
                    <params/>
                    <ipmi_sensor/>
                    <data_type>0</data_type>
                    <authtype>0</authtype>
                    <username/>
                    <password/>
                    <publickey/>
                    <privatekey/>
                    <port/>
                    <description>This component monitor returns the average time that the server held the incoming messages currently being processed. This should usually be less than one second, on average, but it is normal to see short spikes of up to three seconds. The server will throttle new incoming messages after going above the high watermark and until the number of messages falls below the low watermark. The server starts rejecting new connections when the average holding time is greater than overload time of 15 seconds.</description>
                    <inventory_link>0</inventory_link>
                    <applications>
                        <application>
                            <name>Lync performance</name>
                        </application>
                    </applications>
                    <valuemap/>
                    <logtimefmt/>
                </item>
                <item>
                    <name>Load Management: Page file usage</name>
                    <type>0</type>
                    <snmp_community/>
                    <multiplier>0</multiplier>
                    <snmp_oid/>
                    <key>perf_counter[&quot;\LS:SIP - Load Management\SIP - Page file usage&quot;]</key>
                    <delay>60</delay>
                    <history>90</history>
                    <trends>365</trends>
                    <status>0</status>
                    <value_type>0</value_type>
                    <allowed_hosts/>
                    <units/>
                    <delta>0</delta>
                    <snmpv3_contextname/>
                    <snmpv3_securityname/>
                    <snmpv3_securitylevel>0</snmpv3_securitylevel>
                    <snmpv3_authprotocol>0</snmpv3_authprotocol>
                    <snmpv3_authpassphrase/>
                    <snmpv3_privprotocol>0</snmpv3_privprotocol>
                    <snmpv3_privpassphrase/>
                    <formula>1</formula>
                    <delay_flex/>
                    <params/>
                    <ipmi_sensor/>
                    <data_type>0</data_type>
                    <authtype>0</authtype>
                    <username/>
                    <password/>
                    <publickey/>
                    <privatekey/>
                    <port/>
                    <description>This component monitor returns the percentage of available page file space currently in use by the server process. The returned value should be as low as possible.</description>
                    <inventory_link>0</inventory_link>
                    <applications>
                        <application>
                            <name>Lync performance</name>
                        </application>
                    </applications>
                    <valuemap/>
                    <logtimefmt/>
                </item>
                <item>
                    <name>Peers: Average Flow-Control Delay</name>
                    <type>0</type>
                    <snmp_community/>
                    <multiplier>0</multiplier>
                    <snmp_oid/>
                    <key>perf_counter[&quot;\LS:SIP - Peers(_total)\SIP - Average Flow-Control Delay&quot;]</key>
                    <delay>60</delay>
                    <history>90</history>
                    <trends>365</trends>
                    <status>0</status>
                    <value_type>3</value_type>
                    <allowed_hosts/>
                    <units/>
                    <delta>0</delta>
                    <snmpv3_contextname/>
                    <snmpv3_securityname/>
                    <snmpv3_securitylevel>0</snmpv3_securitylevel>
                    <snmpv3_authprotocol>0</snmpv3_authprotocol>
                    <snmpv3_authpassphrase/>
                    <snmpv3_privprotocol>0</snmpv3_privprotocol>
                    <snmpv3_privpassphrase/>
                    <formula>1</formula>
                    <delay_flex/>
                    <params/>
                    <ipmi_sensor/>
                    <data_type>0</data_type>
                    <authtype>0</authtype>
                    <username/>
                    <password/>
                    <publickey/>
                    <privatekey/>
                    <port/>
                    <description>This component monitor returns the average delay, in seconds, in message processing when the socket is flow-controlled. You will need to baseline this counter by testing and monitoring the server's health. The returned value should be as low as possible.</description>
                    <inventory_link>0</inventory_link>
                    <applications>
                        <application>
                            <name>Lync performance</name>
                        </application>
                    </applications>
                    <valuemap/>
                    <logtimefmt/>
                </item>
                <item>
                    <name>Peers: Average Outgoing Queue Delay</name>
                    <type>0</type>
                    <snmp_community/>
                    <multiplier>0</multiplier>
                    <snmp_oid/>
                    <key>perf_counter[&quot;\LS:SIP - Peers(_total)\SIP - Average Outgoing Queue Delay&quot;]</key>
                    <delay>60</delay>
                    <history>90</history>
                    <trends>365</trends>
                    <status>0</status>
                    <value_type>3</value_type>
                    <allowed_hosts/>
                    <units/>
                    <delta>0</delta>
                    <snmpv3_contextname/>
                    <snmpv3_securityname/>
                    <snmpv3_securitylevel>0</snmpv3_securitylevel>
                    <snmpv3_authprotocol>0</snmpv3_authprotocol>
                    <snmpv3_authpassphrase/>
                    <snmpv3_privprotocol>0</snmpv3_privprotocol>
                    <snmpv3_privpassphrase/>
                    <formula>1</formula>
                    <delay_flex/>
                    <params/>
                    <ipmi_sensor/>
                    <data_type>0</data_type>
                    <authtype>0</authtype>
                    <username/>
                    <password/>
                    <publickey/>
                    <privatekey/>
                    <port/>
                    <description>This component monitor returns the average time, in seconds, that messages have been delayed in outgoing queues. Check the Outgoing Queue Delay for delays in sending messages to other servers or clients that could be causing messages to be accumulated in the server. The server will drop client connections if it is in a throttle state and messages stay in the outgoing queue for more than 32 seconds.</description>
                    <inventory_link>0</inventory_link>
                    <applications>
                        <application>
                            <name>Lync performance</name>
                        </application>
                    </applications>
                    <valuemap/>
                    <logtimefmt/>
                </item>
                <item>
                    <name>Peers: Connections Active</name>
                    <type>0</type>
                    <snmp_community/>
                    <multiplier>0</multiplier>
                    <snmp_oid/>
                    <key>perf_counter[&quot;\LS:SIP - Peers(_total)\SIP - Connections Active&quot;]</key>
                    <delay>60</delay>
                    <history>90</history>
                    <trends>365</trends>
                    <status>0</status>
                    <value_type>3</value_type>
                    <allowed_hosts/>
                    <units/>
                    <delta>0</delta>
                    <snmpv3_contextname/>
                    <snmpv3_securityname/>
                    <snmpv3_securitylevel>0</snmpv3_securitylevel>
                    <snmpv3_authprotocol>0</snmpv3_authprotocol>
                    <snmpv3_authpassphrase/>
                    <snmpv3_privprotocol>0</snmpv3_privprotocol>
                    <snmpv3_privpassphrase/>
                    <formula>1</formula>
                    <delay_flex/>
                    <params/>
                    <ipmi_sensor/>
                    <data_type>0</data_type>
                    <authtype>0</authtype>
                    <username/>
                    <password/>
                    <publickey/>
                    <privatekey/>
                    <port/>
                    <description>This component monitor returns the number of established connections that are currently active. A connection is considered established when peer credentials are verified (e.g. via MTLS), or the peer receives a 2xx response. You will need to baseline this counter by testing and monitoring the user load. This returned value should be less than 15,000 connections per Front-End.</description>
                    <inventory_link>0</inventory_link>
                    <applications>
                        <application>
                            <name>Lync performance</name>
                        </application>
                    </applications>
                    <valuemap/>
                    <logtimefmt/>
                </item>
                <item>
                    <name>Peers: Flow-controlled Connections</name>
                    <type>0</type>
                    <snmp_community/>
                    <multiplier>0</multiplier>
                    <snmp_oid/>
                    <key>perf_counter[&quot;\LS:SIP - Peers(_total)\SIP - Flow-controlled Connections&quot;]</key>
                    <delay>60</delay>
                    <history>90</history>
                    <trends>365</trends>
                    <status>0</status>
                    <value_type>3</value_type>
                    <allowed_hosts/>
                    <units/>
                    <delta>0</delta>
                    <snmpv3_contextname/>
                    <snmpv3_securityname/>
                    <snmpv3_securitylevel>0</snmpv3_securitylevel>
                    <snmpv3_authprotocol>0</snmpv3_authprotocol>
                    <snmpv3_authpassphrase/>
                    <snmpv3_privprotocol>0</snmpv3_privprotocol>
                    <snmpv3_privpassphrase/>
                    <formula>1</formula>
                    <delay_flex/>
                    <params/>
                    <ipmi_sensor/>
                    <data_type>0</data_type>
                    <authtype>0</authtype>
                    <username/>
                    <password/>
                    <publickey/>
                    <privatekey/>
                    <port/>
                    <description>This component monitor returns the number of connections that are currently being flow-controlled (no socket receives are posted).</description>
                    <inventory_link>0</inventory_link>
                    <applications>
                        <application>
                            <name>Lync performance</name>
                        </application>
                    </applications>
                    <valuemap/>
                    <logtimefmt/>
                </item>
                <item>
                    <name>SIP - Incoming Requests /Sec</name>
                    <type>0</type>
                    <snmp_community/>
                    <multiplier>0</multiplier>
                    <snmp_oid/>
                    <key>perf_counter[&quot;\LS:SIP - Peers(_total)\SIP - Incoming Requests/Sec&quot;]</key>
                    <delay>60</delay>
                    <history>90</history>
                    <trends>365</trends>
                    <status>0</status>
                    <value_type>0</value_type>
                    <allowed_hosts/>
                    <units/>
                    <delta>0</delta>
                    <snmpv3_contextname/>
                    <snmpv3_securityname/>
                    <snmpv3_securitylevel>0</snmpv3_securitylevel>
                    <snmpv3_authprotocol>0</snmpv3_authprotocol>
                    <snmpv3_authpassphrase/>
                    <snmpv3_privprotocol>0</snmpv3_privprotocol>
                    <snmpv3_privpassphrase/>
                    <formula>1</formula>
                    <delay_flex/>
                    <params/>
                    <ipmi_sensor/>
                    <data_type>0</data_type>
                    <authtype>0</authtype>
                    <username/>
                    <password/>
                    <publickey/>
                    <privatekey/>
                    <port/>
                    <description>This component monitor returns the rate of received requests, per second. You will need to baseline this counter by testing and monitoring the user load.</description>
                    <inventory_link>0</inventory_link>
                    <applications>
                        <application>
                            <name>Lync performance</name>
                        </application>
                    </applications>
                    <valuemap/>
                    <logtimefmt/>
                </item>
                <item>
                    <name>SIP - Incoming Responses /Sec</name>
                    <type>0</type>
                    <snmp_community/>
                    <multiplier>0</multiplier>
                    <snmp_oid/>
                    <key>perf_counter[&quot;\LS:SIP - Peers(_total)\SIP - Incoming Responses/Sec&quot;]</key>
                    <delay>60</delay>
                    <history>90</history>
                    <trends>365</trends>
                    <status>0</status>
                    <value_type>0</value_type>
                    <allowed_hosts/>
                    <units/>
                    <delta>0</delta>
                    <snmpv3_contextname/>
                    <snmpv3_securityname/>
                    <snmpv3_securitylevel>0</snmpv3_securitylevel>
                    <snmpv3_authprotocol>0</snmpv3_authprotocol>
                    <snmpv3_authpassphrase/>
                    <snmpv3_privprotocol>0</snmpv3_privprotocol>
                    <snmpv3_privpassphrase/>
                    <formula>1</formula>
                    <delay_flex/>
                    <params/>
                    <ipmi_sensor/>
                    <data_type>0</data_type>
                    <authtype>0</authtype>
                    <username/>
                    <password/>
                    <publickey/>
                    <privatekey/>
                    <port/>
                    <description>This component monitor returns the rate of received responses, per second.</description>
                    <inventory_link>0</inventory_link>
                    <applications>
                        <application>
                            <name>Lync performance</name>
                        </application>
                    </applications>
                    <valuemap/>
                    <logtimefmt/>
                </item>
                <item>
                    <name>SIP - Outgoing Requests /Sec</name>
                    <type>0</type>
                    <snmp_community/>
                    <multiplier>0</multiplier>
                    <snmp_oid/>
                    <key>perf_counter[&quot;\LS:SIP - Peers(_total)\SIP - Outgoing Requests/Sec&quot;]</key>
                    <delay>60</delay>
                    <history>90</history>
                    <trends>365</trends>
                    <status>0</status>
                    <value_type>0</value_type>
                    <allowed_hosts/>
                    <units/>
                    <delta>0</delta>
                    <snmpv3_contextname/>
                    <snmpv3_securityname/>
                    <snmpv3_securitylevel>0</snmpv3_securitylevel>
                    <snmpv3_authprotocol>0</snmpv3_authprotocol>
                    <snmpv3_authpassphrase/>
                    <snmpv3_privprotocol>0</snmpv3_privprotocol>
                    <snmpv3_privpassphrase/>
                    <formula>1</formula>
                    <delay_flex/>
                    <params/>
                    <ipmi_sensor/>
                    <data_type>0</data_type>
                    <authtype>0</authtype>
                    <username/>
                    <password/>
                    <publickey/>
                    <privatekey/>
                    <port/>
                    <description>This component monitor returns the rate of sent messages, per second.</description>
                    <inventory_link>0</inventory_link>
                    <applications>
                        <application>
                            <name>Lync performance</name>
                        </application>
                    </applications>
                    <valuemap/>
                    <logtimefmt/>
                </item>
                <item>
                    <name>SIP - Outgoing Responses /Sec</name>
                    <type>0</type>
                    <snmp_community/>
                    <multiplier>0</multiplier>
                    <snmp_oid/>
                    <key>perf_counter[&quot;\LS:SIP - Peers(_total)\SIP - Outgoing Responses/Sec&quot;]</key>
                    <delay>60</delay>
                    <history>90</history>
                    <trends>365</trends>
                    <status>0</status>
                    <value_type>0</value_type>
                    <allowed_hosts/>
                    <units/>
                    <delta>0</delta>
                    <snmpv3_contextname/>
                    <snmpv3_securityname/>
                    <snmpv3_securitylevel>0</snmpv3_securitylevel>
                    <snmpv3_authprotocol>0</snmpv3_authprotocol>
                    <snmpv3_authpassphrase/>
                    <snmpv3_privprotocol>0</snmpv3_privprotocol>
                    <snmpv3_privpassphrase/>
                    <formula>1</formula>
                    <delay_flex/>
                    <params/>
                    <ipmi_sensor/>
                    <data_type>0</data_type>
                    <authtype>0</authtype>
                    <username/>
                    <password/>
                    <publickey/>
                    <privatekey/>
                    <port/>
                    <description>This component monitor returns the rate of outgoing responses, per second.</description>
                    <inventory_link>0</inventory_link>
                    <applications>
                        <application>
                            <name>Lync performance</name>
                        </application>
                    </applications>
                    <valuemap/>
                    <logtimefmt/>
                </item>
                <item>
                    <name>Peers: Sends Outstanding</name>
                    <type>0</type>
                    <snmp_community/>
                    <multiplier>0</multiplier>
                    <snmp_oid/>
                    <key>perf_counter[&quot;\LS:SIP - Peers(_total)\SIP - Sends Outstanding&quot;]</key>
                    <delay>60</delay>
                    <history>90</history>
                    <trends>365</trends>
                    <status>0</status>
                    <value_type>3</value_type>
                    <allowed_hosts/>
                    <units/>
                    <delta>0</delta>
                    <snmpv3_contextname/>
                    <snmpv3_securityname/>
                    <snmpv3_securitylevel>0</snmpv3_securitylevel>
                    <snmpv3_authprotocol>0</snmpv3_authprotocol>
                    <snmpv3_authpassphrase/>
                    <snmpv3_privprotocol>0</snmpv3_privprotocol>
                    <snmpv3_privpassphrase/>
                    <formula>1</formula>
                    <delay_flex/>
                    <params/>
                    <ipmi_sensor/>
                    <data_type>0</data_type>
                    <authtype>0</authtype>
                    <username/>
                    <password/>
                    <publickey/>
                    <privatekey/>
                    <port/>
                    <description>This component monitor returns the number of messages that are currently present in the outgoing queues. If you receive error message 504, investigate the results from this counter. Doing so will indicate which servers are having problems. To do so, you will need to change the instance from _Total, to the server hostname. You can check this within perfmon.exe</description>
                    <inventory_link>0</inventory_link>
                    <applications>
                        <application>
                            <name>Lync performance</name>
                        </application>
                    </applications>
                    <valuemap/>
                    <logtimefmt/>
                </item>
                <item>
                    <name>Peers: TLS Connections Active</name>
                    <type>0</type>
                    <snmp_community/>
                    <multiplier>0</multiplier>
                    <snmp_oid/>
                    <key>perf_counter[&quot;\LS:SIP - Peers(_total)\SIP - TLS Connections Active&quot;]</key>
                    <delay>60</delay>
                    <history>90</history>
                    <trends>365</trends>
                    <status>0</status>
                    <value_type>3</value_type>
                    <allowed_hosts/>
                    <units/>
                    <delta>0</delta>
                    <snmpv3_contextname/>
                    <snmpv3_securityname/>
                    <snmpv3_securitylevel>0</snmpv3_securitylevel>
                    <snmpv3_authprotocol>0</snmpv3_authprotocol>
                    <snmpv3_authpassphrase/>
                    <snmpv3_privprotocol>0</snmpv3_privprotocol>
                    <snmpv3_privpassphrase/>
                    <formula>1</formula>
                    <delay_flex/>
                    <params/>
                    <ipmi_sensor/>
                    <data_type>0</data_type>
                    <authtype>0</authtype>
                    <username/>
                    <password/>
                    <publickey/>
                    <privatekey/>
                    <port/>
                    <description>This component monitor returns the number of established TLS connections that are currently active. A TLS connection is considered established when the peer certificate, and possibly the host name, are verified for a trust relationship. You will need to baseline this counter by testing and monitoring the user load.</description>
                    <inventory_link>0</inventory_link>
                    <applications>
                        <application>
                            <name>Lync performance</name>
                        </application>
                    </applications>
                    <valuemap/>
                    <logtimefmt/>
                </item>
                <item>
                    <name>Protocol: Average Event Processing Time</name>
                    <type>0</type>
                    <snmp_community/>
                    <multiplier>0</multiplier>
                    <snmp_oid/>
                    <key>perf_counter[&quot;\LS:SIP - Protocol\SIP - Average Event Processing Time&quot;]</key>
                    <delay>60</delay>
                    <history>90</history>
                    <trends>365</trends>
                    <status>0</status>
                    <value_type>0</value_type>
                    <allowed_hosts/>
                    <units/>
                    <delta>0</delta>
                    <snmpv3_contextname/>
                    <snmpv3_securityname/>
                    <snmpv3_securitylevel>0</snmpv3_securitylevel>
                    <snmpv3_authprotocol>0</snmpv3_authprotocol>
                    <snmpv3_authpassphrase/>
                    <snmpv3_privprotocol>0</snmpv3_privprotocol>
                    <snmpv3_privpassphrase/>
                    <formula>1</formula>
                    <delay_flex/>
                    <params/>
                    <ipmi_sensor/>
                    <data_type>0</data_type>
                    <authtype>0</authtype>
                    <username/>
                    <password/>
                    <publickey/>
                    <privatekey/>
                    <port/>
                    <description>This component monitor returns the average time (in seconds) it takes to process a SIP transaction or dialog state change event.</description>
                    <inventory_link>0</inventory_link>
                    <applications>
                        <application>
                            <name>Lync performance</name>
                        </application>
                    </applications>
                    <valuemap/>
                    <logtimefmt/>
                </item>
                <item>
                    <name>Protocol: Average Incoming Message Processing Time</name>
                    <type>0</type>
                    <snmp_community/>
                    <multiplier>0</multiplier>
                    <snmp_oid/>
                    <key>perf_counter[&quot;\LS:SIP - Protocol\SIP - Average Incoming Message Processing Time&quot;]</key>
                    <delay>60</delay>
                    <history>90</history>
                    <trends>365</trends>
                    <status>0</status>
                    <value_type>0</value_type>
                    <allowed_hosts/>
                    <units/>
                    <delta>0</delta>
                    <snmpv3_contextname/>
                    <snmpv3_securityname/>
                    <snmpv3_securitylevel>0</snmpv3_securitylevel>
                    <snmpv3_authprotocol>0</snmpv3_authprotocol>
                    <snmpv3_authpassphrase/>
                    <snmpv3_privprotocol>0</snmpv3_privprotocol>
                    <snmpv3_privpassphrase/>
                    <formula>1</formula>
                    <delay_flex/>
                    <params/>
                    <ipmi_sensor/>
                    <data_type>0</data_type>
                    <authtype>0</authtype>
                    <username/>
                    <password/>
                    <publickey/>
                    <privatekey/>
                    <port/>
                    <description>This component monitor returns the average time (in seconds) it takes to process an incoming message.</description>
                    <inventory_link>0</inventory_link>
                    <applications>
                        <application>
                            <name>Lync performance</name>
                        </application>
                    </applications>
                    <valuemap/>
                    <logtimefmt/>
                </item>
                <item>
                    <name>Protocol: Average Local Message Processing Time</name>
                    <type>0</type>
                    <snmp_community/>
                    <multiplier>0</multiplier>
                    <snmp_oid/>
                    <key>perf_counter[&quot;\LS:SIP - Protocol\SIP - Average Local Message Processing Time&quot;]</key>
                    <delay>60</delay>
                    <history>90</history>
                    <trends>365</trends>
                    <status>0</status>
                    <value_type>0</value_type>
                    <allowed_hosts/>
                    <units/>
                    <delta>0</delta>
                    <snmpv3_contextname/>
                    <snmpv3_securityname/>
                    <snmpv3_securitylevel>0</snmpv3_securitylevel>
                    <snmpv3_authprotocol>0</snmpv3_authprotocol>
                    <snmpv3_authpassphrase/>
                    <snmpv3_privprotocol>0</snmpv3_privprotocol>
                    <snmpv3_privpassphrase/>
                    <formula>1</formula>
                    <delay_flex/>
                    <params/>
                    <ipmi_sensor/>
                    <data_type>0</data_type>
                    <authtype>0</authtype>
                    <username/>
                    <password/>
                    <publickey/>
                    <privatekey/>
                    <port/>
                    <description>This component monitor returns the average time (in seconds) it takes to process a locally generated message.</description>
                    <inventory_link>0</inventory_link>
                    <applications>
                        <application>
                            <name>Lync performance</name>
                        </application>
                    </applications>
                    <valuemap/>
                    <logtimefmt/>
                </item>
                <item>
                    <name>Protocol: Average Number Of Active Worker Threads</name>
                    <type>0</type>
                    <snmp_community/>
                    <multiplier>0</multiplier>
                    <snmp_oid/>
                    <key>perf_counter[&quot;\LS:SIP - Protocol\SIP - Average Number Of Active Worker Threads&quot;]</key>
                    <delay>60</delay>
                    <history>90</history>
                    <trends>365</trends>
                    <status>0</status>
                    <value_type>0</value_type>
                    <allowed_hosts/>
                    <units/>
                    <delta>0</delta>
                    <snmpv3_contextname/>
                    <snmpv3_securityname/>
                    <snmpv3_securitylevel>0</snmpv3_securitylevel>
                    <snmpv3_authprotocol>0</snmpv3_authprotocol>
                    <snmpv3_authpassphrase/>
                    <snmpv3_privprotocol>0</snmpv3_privprotocol>
                    <snmpv3_privpassphrase/>
                    <formula>1</formula>
                    <delay_flex/>
                    <params/>
                    <ipmi_sensor/>
                    <data_type>0</data_type>
                    <authtype>0</authtype>
                    <username/>
                    <password/>
                    <publickey/>
                    <privatekey/>
                    <port/>
                    <description>This component monitor returns the average number of active SIP worker threads that process incoming messages.</description>
                    <inventory_link>0</inventory_link>
                    <applications>
                        <application>
                            <name>Lync performance</name>
                        </application>
                    </applications>
                    <valuemap/>
                    <logtimefmt/>
                </item>
                <item>
                    <name>Protocol: Events In Processing</name>
                    <type>0</type>
                    <snmp_community/>
                    <multiplier>0</multiplier>
                    <snmp_oid/>
                    <key>perf_counter[&quot;\LS:SIP - Protocol\SIP - Events In Processing&quot;]</key>
                    <delay>60</delay>
                    <history>90</history>
                    <trends>365</trends>
                    <status>0</status>
                    <value_type>0</value_type>
                    <allowed_hosts/>
                    <units/>
                    <delta>0</delta>
                    <snmpv3_contextname/>
                    <snmpv3_securityname/>
                    <snmpv3_securitylevel>0</snmpv3_securitylevel>
                    <snmpv3_authprotocol>0</snmpv3_authprotocol>
                    <snmpv3_authpassphrase/>
                    <snmpv3_privprotocol>0</snmpv3_privprotocol>
                    <snmpv3_privpassphrase/>
                    <formula>1</formula>
                    <delay_flex/>
                    <params/>
                    <ipmi_sensor/>
                    <data_type>0</data_type>
                    <authtype>0</authtype>
                    <username/>
                    <password/>
                    <publickey/>
                    <privatekey/>
                    <port/>
                    <description>This component monitor returns the number of SIP transactions, or dialog state change events, that are currently being processed. You will need to baseline this counter by testing and monitoring the user load.</description>
                    <inventory_link>0</inventory_link>
                    <applications>
                        <application>
                            <name>Lync performance</name>
                        </application>
                    </applications>
                    <valuemap/>
                    <logtimefmt/>
                </item>
                <item>
                    <name>SIP - Events Processed /Sec</name>
                    <type>0</type>
                    <snmp_community/>
                    <multiplier>0</multiplier>
                    <snmp_oid/>
                    <key>perf_counter[&quot;\LS:SIP - Protocol\SIP - Events Processed/Sec&quot;]</key>
                    <delay>60</delay>
                    <history>90</history>
                    <trends>365</trends>
                    <status>0</status>
                    <value_type>0</value_type>
                    <allowed_hosts/>
                    <units/>
                    <delta>0</delta>
                    <snmpv3_contextname/>
                    <snmpv3_securityname/>
                    <snmpv3_securitylevel>0</snmpv3_securitylevel>
                    <snmpv3_authprotocol>0</snmpv3_authprotocol>
                    <snmpv3_authpassphrase/>
                    <snmpv3_privprotocol>0</snmpv3_privprotocol>
                    <snmpv3_privpassphrase/>
                    <formula>1</formula>
                    <delay_flex/>
                    <params/>
                    <ipmi_sensor/>
                    <data_type>0</data_type>
                    <authtype>0</authtype>
                    <username/>
                    <password/>
                    <publickey/>
                    <privatekey/>
                    <port/>
                    <description>This component monitor returns the rate of SIP transaction or dialog state change events that were delivered for processing, per second.</description>
                    <inventory_link>0</inventory_link>
                    <applications>
                        <application>
                            <name>Lync performance</name>
                        </application>
                    </applications>
                    <valuemap/>
                    <logtimefmt/>
                </item>
                <item>
                    <name>SIP - Incoming Messages /Sec</name>
                    <type>0</type>
                    <snmp_community/>
                    <multiplier>0</multiplier>
                    <snmp_oid/>
                    <key>perf_counter[&quot;\LS:SIP - Protocol\SIP - Incoming Messages/Sec&quot;]</key>
                    <delay>60</delay>
                    <history>90</history>
                    <trends>365</trends>
                    <status>0</status>
                    <value_type>0</value_type>
                    <allowed_hosts/>
                    <units/>
                    <delta>0</delta>
                    <snmpv3_contextname/>
                    <snmpv3_securityname/>
                    <snmpv3_securitylevel>0</snmpv3_securitylevel>
                    <snmpv3_authprotocol>0</snmpv3_authprotocol>
                    <snmpv3_authpassphrase/>
                    <snmpv3_privprotocol>0</snmpv3_privprotocol>
                    <snmpv3_privpassphrase/>
                    <formula>1</formula>
                    <delay_flex/>
                    <params/>
                    <ipmi_sensor/>
                    <data_type>0</data_type>
                    <authtype>0</authtype>
                    <username/>
                    <password/>
                    <publickey/>
                    <privatekey/>
                    <port/>
                    <description>This component monitor returns the rate of received messages, per second. You will need to baseline this counter by testing and monitoring the user load.</description>
                    <inventory_link>0</inventory_link>
                    <applications>
                        <application>
                            <name>Lync performance</name>
                        </application>
                    </applications>
                    <valuemap/>
                    <logtimefmt/>
                </item>
                <item>
                    <name>Protocol: Messages In Server</name>
                    <type>0</type>
                    <snmp_community/>
                    <multiplier>0</multiplier>
                    <snmp_oid/>
                    <key>perf_counter[&quot;\LS:SIP - Protocol\SIP - Messages In Server&quot;]</key>
                    <delay>60</delay>
                    <history>90</history>
                    <trends>365</trends>
                    <status>0</status>
                    <value_type>0</value_type>
                    <allowed_hosts/>
                    <units/>
                    <delta>0</delta>
                    <snmpv3_contextname/>
                    <snmpv3_securityname/>
                    <snmpv3_securitylevel>0</snmpv3_securitylevel>
                    <snmpv3_authprotocol>0</snmpv3_authprotocol>
                    <snmpv3_authpassphrase/>
                    <snmpv3_privprotocol>0</snmpv3_privprotocol>
                    <snmpv3_privpassphrase/>
                    <formula>1</formula>
                    <delay_flex/>
                    <params/>
                    <ipmi_sensor/>
                    <data_type>0</data_type>
                    <authtype>0</authtype>
                    <username/>
                    <password/>
                    <publickey/>
                    <privatekey/>
                    <port/>
                    <description>This component monitor returns the number of messages currently being processed by the server.</description>
                    <inventory_link>0</inventory_link>
                    <applications>
                        <application>
                            <name>Lync performance</name>
                        </application>
                    </applications>
                    <valuemap/>
                    <logtimefmt/>
                </item>
                <item>
                    <name>SIP - Outgoing Messages /Sec</name>
                    <type>0</type>
                    <snmp_community/>
                    <multiplier>0</multiplier>
                    <snmp_oid/>
                    <key>perf_counter[&quot;\LS:SIP - Protocol\SIP - Outgoing Messages/Sec&quot;]</key>
                    <delay>60</delay>
                    <history>90</history>
                    <trends>365</trends>
                    <status>0</status>
                    <value_type>0</value_type>
                    <allowed_hosts/>
                    <units/>
                    <delta>0</delta>
                    <snmpv3_contextname/>
                    <snmpv3_securityname/>
                    <snmpv3_securitylevel>0</snmpv3_securitylevel>
                    <snmpv3_authprotocol>0</snmpv3_authprotocol>
                    <snmpv3_authpassphrase/>
                    <snmpv3_privprotocol>0</snmpv3_privprotocol>
                    <snmpv3_privpassphrase/>
                    <formula>1</formula>
                    <delay_flex/>
                    <params/>
                    <ipmi_sensor/>
                    <data_type>0</data_type>
                    <authtype>0</authtype>
                    <username/>
                    <password/>
                    <publickey/>
                    <privatekey/>
                    <port/>
                    <description>This component monitor returns the rate of sent messages, per second.</description>
                    <inventory_link>0</inventory_link>
                    <applications>
                        <application>
                            <name>Lync performance</name>
                        </application>
                    </applications>
                    <valuemap/>
                    <logtimefmt/>
                </item>
                <item>
                    <name>SIP - Local 500 Responses /Sec</name>
                    <type>0</type>
                    <snmp_community/>
                    <multiplier>0</multiplier>
                    <snmp_oid/>
                    <key>perf_counter[&quot;\LS:SIP - Responses\SIP - Local 500 Responses/Sec&quot;]</key>
                    <delay>60</delay>
                    <history>90</history>
                    <trends>365</trends>
                    <status>0</status>
                    <value_type>3</value_type>
                    <allowed_hosts/>
                    <units/>
                    <delta>0</delta>
                    <snmpv3_contextname/>
                    <snmpv3_securityname/>
                    <snmpv3_securitylevel>0</snmpv3_securitylevel>
                    <snmpv3_authprotocol>0</snmpv3_authprotocol>
                    <snmpv3_authpassphrase/>
                    <snmpv3_privprotocol>0</snmpv3_privprotocol>
                    <snmpv3_privpassphrase/>
                    <formula>1</formula>
                    <delay_flex/>
                    <params/>
                    <ipmi_sensor/>
                    <data_type>0</data_type>
                    <authtype>0</authtype>
                    <username/>
                    <password/>
                    <publickey/>
                    <privatekey/>
                    <port/>
                    <description>This component monitor returns the rate of 500 responses generated by the server, per second. This can indicate that there is a server component that is not functioning correctly.</description>
                    <inventory_link>0</inventory_link>
                    <applications>
                        <application>
                            <name>Lync performance</name>
                        </application>
                    </applications>
                    <valuemap/>
                    <logtimefmt/>
                </item>
                <item>
                    <name>SIP - Local 503 Responses /Sec</name>
                    <type>0</type>
                    <snmp_community/>
                    <multiplier>0</multiplier>
                    <snmp_oid/>
                    <key>perf_counter[&quot;\LS:SIP - Responses\SIP - Local 503 Responses/Sec&quot;]</key>
                    <delay>60</delay>
                    <history>90</history>
                    <trends>365</trends>
                    <status>0</status>
                    <value_type>3</value_type>
                    <allowed_hosts/>
                    <units/>
                    <delta>0</delta>
                    <snmpv3_contextname/>
                    <snmpv3_securityname/>
                    <snmpv3_securitylevel>0</snmpv3_securitylevel>
                    <snmpv3_authprotocol>0</snmpv3_authprotocol>
                    <snmpv3_authpassphrase/>
                    <snmpv3_privprotocol>0</snmpv3_privprotocol>
                    <snmpv3_privpassphrase/>
                    <formula>1</formula>
                    <delay_flex/>
                    <params/>
                    <ipmi_sensor/>
                    <data_type>0</data_type>
                    <authtype>0</authtype>
                    <username/>
                    <password/>
                    <publickey/>
                    <privatekey/>
                    <port/>
                    <description>This component monitor returns the rate of 503 responses generated by the server, per second. The 503 code corresponds to the server being unavailable. On a healthy server, you should not receive this code at a steady rate. However, during ramp up, after a server has been brought back online, there may be some 503 responses. Once all users get back in and the server returns to a stable state, there should no longer be any 503 responses returned.</description>
                    <inventory_link>0</inventory_link>
                    <applications>
                        <application>
                            <name>Lync performance</name>
                        </application>
                    </applications>
                    <valuemap/>
                    <logtimefmt/>
                </item>
                <item>
                    <name>SIP - Local 504 Responses /Sec</name>
                    <type>0</type>
                    <snmp_community/>
                    <multiplier>0</multiplier>
                    <snmp_oid/>
                    <key>perf_counter[&quot;\LS:SIP - Responses\SIP - Local 504 Responses/Sec&quot;]</key>
                    <delay>60</delay>
                    <history>90</history>
                    <trends>365</trends>
                    <status>0</status>
                    <value_type>3</value_type>
                    <allowed_hosts/>
                    <units/>
                    <delta>0</delta>
                    <snmpv3_contextname/>
                    <snmpv3_securityname/>
                    <snmpv3_securitylevel>0</snmpv3_securitylevel>
                    <snmpv3_authprotocol>0</snmpv3_authprotocol>
                    <snmpv3_authpassphrase/>
                    <snmpv3_privprotocol>0</snmpv3_privprotocol>
                    <snmpv3_privpassphrase/>
                    <formula>1</formula>
                    <delay_flex/>
                    <params/>
                    <ipmi_sensor/>
                    <data_type>0</data_type>
                    <authtype>0</authtype>
                    <username/>
                    <password/>
                    <publickey/>
                    <privatekey/>
                    <port/>
                    <description>This component monitor returns the rate of 504 responses generated by the server, per second. A few 504 responses to clients (for clients disconnecting abruptly) is to be expected, but this counter mainly indicates connectivity issues with other servers. It can indicate connection failures or delays connecting to.</description>
                    <inventory_link>0</inventory_link>
                    <applications>
                        <application>
                            <name>Lync performance</name>
                        </application>
                    </applications>
                    <valuemap/>
                    <logtimefmt/>
                </item>
                <item>
                    <name>USrv - DBStore: Queue Latency (msec)</name>
                    <type>0</type>
                    <snmp_community/>
                    <multiplier>0</multiplier>
                    <snmp_oid/>
                    <key>perf_counter[&quot;\LS:USrv - DBStore\USrv - Queue Latency (msec)&quot;]</key>
                    <delay>60</delay>
                    <history>90</history>
                    <trends>365</trends>
                    <status>0</status>
                    <value_type>0</value_type>
                    <allowed_hosts/>
                    <units/>
                    <delta>0</delta>
                    <snmpv3_contextname/>
                    <snmpv3_securityname/>
                    <snmpv3_securitylevel>0</snmpv3_securitylevel>
                    <snmpv3_authprotocol>0</snmpv3_authprotocol>
                    <snmpv3_authpassphrase/>
                    <snmpv3_privprotocol>0</snmpv3_privprotocol>
                    <snmpv3_privpassphrase/>
                    <formula>1</formula>
                    <delay_flex/>
                    <params/>
                    <ipmi_sensor/>
                    <data_type>0</data_type>
                    <authtype>0</authtype>
                    <username/>
                    <password/>
                    <publickey/>
                    <privatekey/>
                    <port/>
                    <description>This component monitor returns the average time, in milliseconds, that a request is held in the database queue. This counter represents the time that a request spends in the queue of the Back-End Database Server. If the topology is healthy, this counter averages less than 100 ms. Occasional spikes are acceptable. The value will be higher on Front-End Servers that are located at the site opposite the location of the Back-End Database Servers. This value can increase if the Back-End Database Server is having performance problems or if network latency is too high. If the returned value is high, check both network latency and the health of the Back-End Database Server. Server health decreases as latency increases to 12 seconds, when server throttling begins.</description>
                    <inventory_link>0</inventory_link>
                    <applications>
                        <application>
                            <name>Lync performance</name>
                        </application>
                    </applications>
                    <valuemap/>
                    <logtimefmt/>
                </item>
                <item>
                    <name>USrv - DBStore: Sproc Latency (msec)</name>
                    <type>0</type>
                    <snmp_community/>
                    <multiplier>0</multiplier>
                    <snmp_oid/>
                    <key>perf_counter[&quot;\LS:USrv - DBStore\USrv - Sproc Latency (msec)&quot;]</key>
                    <delay>60</delay>
                    <history>90</history>
                    <trends>365</trends>
                    <status>0</status>
                    <value_type>0</value_type>
                    <allowed_hosts/>
                    <units/>
                    <delta>0</delta>
                    <snmpv3_contextname/>
                    <snmpv3_securityname/>
                    <snmpv3_securitylevel>0</snmpv3_securitylevel>
                    <snmpv3_authprotocol>0</snmpv3_authprotocol>
                    <snmpv3_authpassphrase/>
                    <snmpv3_privprotocol>0</snmpv3_privprotocol>
                    <snmpv3_privpassphrase/>
                    <formula>1</formula>
                    <delay_flex/>
                    <params/>
                    <ipmi_sensor/>
                    <data_type>0</data_type>
                    <authtype>0</authtype>
                    <username/>
                    <password/>
                    <publickey/>
                    <privatekey/>
                    <port/>
                    <description>This component monitor returns the average time, in milliseconds, it takes to execute a stored procedure call. A healthy state is considered to be less than 100 ms. Server health decreases as latency increases to 12 seconds, when server throttling begins.</description>
                    <inventory_link>0</inventory_link>
                    <applications>
                        <application>
                            <name>Lync performance</name>
                        </application>
                    </applications>
                    <valuemap/>
                    <logtimefmt/>
                </item>
                <item>
                    <name>USrv - Https Transport: Active HTTPS connections</name>
                    <type>0</type>
                    <snmp_community/>
                    <multiplier>0</multiplier>
                    <snmp_oid/>
                    <key>perf_counter[&quot;\LS:USrv - Https Transport\USrv - Active HTTPS connections&quot;]</key>
                    <delay>60</delay>
                    <history>90</history>
                    <trends>365</trends>
                    <status>0</status>
                    <value_type>0</value_type>
                    <allowed_hosts/>
                    <units/>
                    <delta>0</delta>
                    <snmpv3_contextname/>
                    <snmpv3_securityname/>
                    <snmpv3_securitylevel>0</snmpv3_securitylevel>
                    <snmpv3_authprotocol>0</snmpv3_authprotocol>
                    <snmpv3_authpassphrase/>
                    <snmpv3_privprotocol>0</snmpv3_privprotocol>
                    <snmpv3_privpassphrase/>
                    <formula>1</formula>
                    <delay_flex/>
                    <params/>
                    <ipmi_sensor/>
                    <data_type>0</data_type>
                    <authtype>0</authtype>
                    <username/>
                    <password/>
                    <publickey/>
                    <privatekey/>
                    <port/>
                    <description>This component monitor returns the number of active HTTPS connections</description>
                    <inventory_link>0</inventory_link>
                    <applications>
                        <application>
                            <name>Lync performance</name>
                        </application>
                    </applications>
                    <valuemap/>
                    <logtimefmt/>
                </item>
                <item>
                    <name>USrv - Https Transport: Number of failed connection attempts /Sec</name>
                    <type>0</type>
                    <snmp_community/>
                    <multiplier>0</multiplier>
                    <snmp_oid/>
                    <key>perf_counter[&quot;\LS:USrv - Https Transport\USrv - Number of failed connection attempts / Sec&quot;]</key>
                    <delay>60</delay>
                    <history>90</history>
                    <trends>365</trends>
                    <status>0</status>
                    <value_type>0</value_type>
                    <allowed_hosts/>
                    <units/>
                    <delta>0</delta>
                    <snmpv3_contextname/>
                    <snmpv3_securityname/>
                    <snmpv3_securitylevel>0</snmpv3_securitylevel>
                    <snmpv3_authprotocol>0</snmpv3_authprotocol>
                    <snmpv3_authpassphrase/>
                    <snmpv3_privprotocol>0</snmpv3_privprotocol>
                    <snmpv3_privpassphrase/>
                    <formula>1</formula>
                    <delay_flex/>
                    <params/>
                    <ipmi_sensor/>
                    <data_type>0</data_type>
                    <authtype>0</authtype>
                    <username/>
                    <password/>
                    <publickey/>
                    <privatekey/>
                    <port/>
                    <description>This component monitor returns the rate of connection attempt failures, per second. You will need to baseline this counter by testing and monitoring the server's health.</description>
                    <inventory_link>0</inventory_link>
                    <applications>
                        <application>
                            <name>Lync performance</name>
                        </application>
                    </applications>
                    <valuemap/>
                    <logtimefmt/>
                </item>
                <item>
                    <name>Serivce: Lync Server Application Sharing</name>
                    <type>0</type>
                    <snmp_community/>
                    <multiplier>0</multiplier>
                    <snmp_oid/>
                    <key>service.info[&quot;Lync Server Application Sharing&quot;,state]</key>
                    <delay>300</delay>
                    <history>90</history>
                    <trends>365</trends>
                    <status>0</status>
                    <value_type>3</value_type>
                    <allowed_hosts/>
                    <units/>
                    <delta>0</delta>
                    <snmpv3_contextname/>
                    <snmpv3_securityname/>
                    <snmpv3_securitylevel>0</snmpv3_securitylevel>
                    <snmpv3_authprotocol>0</snmpv3_authprotocol>
                    <snmpv3_authpassphrase/>
                    <snmpv3_privprotocol>0</snmpv3_privprotocol>
                    <snmpv3_privpassphrase/>
                    <formula>1</formula>
                    <delay_flex/>
                    <params/>
                    <ipmi_sensor/>
                    <data_type>0</data_type>
                    <authtype>0</authtype>
                    <username/>
                    <password/>
                    <publickey/>
                    <privatekey/>
                    <port/>
                    <description/>
                    <inventory_link>0</inventory_link>
                    <applications>
                        <application>
                            <name>Services</name>
                        </application>
                    </applications>
                    <valuemap>
                        <name>Windows service state</name>
                    </valuemap>
                    <logtimefmt/>
                </item>
                <item>
                    <name>Serivce: Lync Server Audio/Video Conferencing</name>
                    <type>0</type>
                    <snmp_community/>
                    <multiplier>0</multiplier>
                    <snmp_oid/>
                    <key>service.info[&quot;Lync Server Audio/Video Conferencing&quot;,state]</key>
                    <delay>300</delay>
                    <history>90</history>
                    <trends>365</trends>
                    <status>0</status>
                    <value_type>3</value_type>
                    <allowed_hosts/>
                    <units/>
                    <delta>0</delta>
                    <snmpv3_contextname/>
                    <snmpv3_securityname/>
                    <snmpv3_securitylevel>0</snmpv3_securitylevel>
                    <snmpv3_authprotocol>0</snmpv3_authprotocol>
                    <snmpv3_authpassphrase/>
                    <snmpv3_privprotocol>0</snmpv3_privprotocol>
                    <snmpv3_privpassphrase/>
                    <formula>1</formula>
                    <delay_flex/>
                    <params/>
                    <ipmi_sensor/>
                    <data_type>0</data_type>
                    <authtype>0</authtype>
                    <username/>
                    <password/>
                    <publickey/>
                    <privatekey/>
                    <port/>
                    <description/>
                    <inventory_link>0</inventory_link>
                    <applications>
                        <application>
                            <name>Services</name>
                        </application>
                    </applications>
                    <valuemap>
                        <name>Windows service state</name>
                    </valuemap>
                    <logtimefmt/>
                </item>
                <item>
                    <name>Serivce: Lync Server File Transfer Agent</name>
                    <type>0</type>
                    <snmp_community/>
                    <multiplier>0</multiplier>
                    <snmp_oid/>
                    <key>service.info[&quot;Lync Server File Transfer Agent&quot;,state]</key>
                    <delay>300</delay>
                    <history>90</history>
                    <trends>365</trends>
                    <status>0</status>
                    <value_type>3</value_type>
                    <allowed_hosts/>
                    <units/>
                    <delta>0</delta>
                    <snmpv3_contextname/>
                    <snmpv3_securityname/>
                    <snmpv3_securitylevel>0</snmpv3_securitylevel>
                    <snmpv3_authprotocol>0</snmpv3_authprotocol>
                    <snmpv3_authpassphrase/>
                    <snmpv3_privprotocol>0</snmpv3_privprotocol>
                    <snmpv3_privpassphrase/>
                    <formula>1</formula>
                    <delay_flex/>
                    <params/>
                    <ipmi_sensor/>
                    <data_type>0</data_type>
                    <authtype>0</authtype>
                    <username/>
                    <password/>
                    <publickey/>
                    <privatekey/>
                    <port/>
                    <description/>
                    <inventory_link>0</inventory_link>
                    <applications>
                        <application>
                            <name>Services</name>
                        </application>
                    </applications>
                    <valuemap>
                        <name>Windows service state</name>
                    </valuemap>
                    <logtimefmt/>
                </item>
                <item>
                    <name>Serivce: Lync Server Front-End</name>
                    <type>0</type>
                    <snmp_community/>
                    <multiplier>0</multiplier>
                    <snmp_oid/>
                    <key>service.info[&quot;Lync Server Front-End&quot;,state]</key>
                    <delay>300</delay>
                    <history>90</history>
                    <trends>365</trends>
                    <status>0</status>
                    <value_type>3</value_type>
                    <allowed_hosts/>
                    <units/>
                    <delta>0</delta>
                    <snmpv3_contextname/>
                    <snmpv3_securityname/>
                    <snmpv3_securitylevel>0</snmpv3_securitylevel>
                    <snmpv3_authprotocol>0</snmpv3_authprotocol>
                    <snmpv3_authpassphrase/>
                    <snmpv3_privprotocol>0</snmpv3_privprotocol>
                    <snmpv3_privpassphrase/>
                    <formula>1</formula>
                    <delay_flex/>
                    <params/>
                    <ipmi_sensor/>
                    <data_type>0</data_type>
                    <authtype>0</authtype>
                    <username/>
                    <password/>
                    <publickey/>
                    <privatekey/>
                    <port/>
                    <description/>
                    <inventory_link>0</inventory_link>
                    <applications>
                        <application>
                            <name>Services</name>
                        </application>
                    </applications>
                    <valuemap>
                        <name>Windows service state</name>
                    </valuemap>
                    <logtimefmt/>
                </item>
                <item>
                    <name>Serivce: Lync Server IM Conferencing</name>
                    <type>0</type>
                    <snmp_community/>
                    <multiplier>0</multiplier>
                    <snmp_oid/>
                    <key>service.info[&quot;Lync Server IM Conferencing&quot;,state]</key>
                    <delay>300</delay>
                    <history>90</history>
                    <trends>365</trends>
                    <status>0</status>
                    <value_type>3</value_type>
                    <allowed_hosts/>
                    <units/>
                    <delta>0</delta>
                    <snmpv3_contextname/>
                    <snmpv3_securityname/>
                    <snmpv3_securitylevel>0</snmpv3_securitylevel>
                    <snmpv3_authprotocol>0</snmpv3_authprotocol>
                    <snmpv3_authpassphrase/>
                    <snmpv3_privprotocol>0</snmpv3_privprotocol>
                    <snmpv3_privpassphrase/>
                    <formula>1</formula>
                    <delay_flex/>
                    <params/>
                    <ipmi_sensor/>
                    <data_type>0</data_type>
                    <authtype>0</authtype>
                    <username/>
                    <password/>
                    <publickey/>
                    <privatekey/>
                    <port/>
                    <description/>
                    <inventory_link>0</inventory_link>
                    <applications>
                        <application>
                            <name>Services</name>
                        </application>
                    </applications>
                    <valuemap>
                        <name>Windows service state</name>
                    </valuemap>
                    <logtimefmt/>
                </item>
                <item>
                    <name>Service: Lync Server Master Replicator Agent</name>
                    <type>0</type>
                    <snmp_community/>
                    <multiplier>0</multiplier>
                    <snmp_oid/>
                    <key>service.info[&quot;Lync Server Master Replicator Agent&quot;,state]</key>
                    <delay>300</delay>
                    <history>90</history>
                    <trends>365</trends>
                    <status>0</status>
                    <value_type>3</value_type>
                    <allowed_hosts/>
                    <units/>
                    <delta>0</delta>
                    <snmpv3_contextname/>
                    <snmpv3_securityname/>
                    <snmpv3_securitylevel>0</snmpv3_securitylevel>
                    <snmpv3_authprotocol>0</snmpv3_authprotocol>
                    <snmpv3_authpassphrase/>
                    <snmpv3_privprotocol>0</snmpv3_privprotocol>
                    <snmpv3_privpassphrase/>
                    <formula>1</formula>
                    <delay_flex/>
                    <params/>
                    <ipmi_sensor/>
                    <data_type>0</data_type>
                    <authtype>0</authtype>
                    <username/>
                    <password/>
                    <publickey/>
                    <privatekey/>
                    <port/>
                    <description/>
                    <inventory_link>0</inventory_link>
                    <applications>
                        <application>
                            <name>Services</name>
                        </application>
                    </applications>
                    <valuemap>
                        <name>Windows service state</name>
                    </valuemap>
                    <logtimefmt/>
                </item>
                <item>
                    <name>Serivce: Lync Server Replica Replicator Agent</name>
                    <type>0</type>
                    <snmp_community/>
                    <multiplier>0</multiplier>
                    <snmp_oid/>
                    <key>service.info[&quot;Lync Server Replica Replicator Agent&quot;,state]</key>
                    <delay>300</delay>
                    <history>90</history>
                    <trends>365</trends>
                    <status>0</status>
                    <value_type>3</value_type>
                    <allowed_hosts/>
                    <units/>
                    <delta>0</delta>
                    <snmpv3_contextname/>
                    <snmpv3_securityname/>
                    <snmpv3_securitylevel>0</snmpv3_securitylevel>
                    <snmpv3_authprotocol>0</snmpv3_authprotocol>
                    <snmpv3_authpassphrase/>
                    <snmpv3_privprotocol>0</snmpv3_privprotocol>
                    <snmpv3_privpassphrase/>
                    <formula>1</formula>
                    <delay_flex/>
                    <params/>
                    <ipmi_sensor/>
                    <data_type>0</data_type>
                    <authtype>0</authtype>
                    <username/>
                    <password/>
                    <publickey/>
                    <privatekey/>
                    <port/>
                    <description/>
                    <inventory_link>0</inventory_link>
                    <applications>
                        <application>
                            <name>Services</name>
                        </application>
                    </applications>
                    <valuemap>
                        <name>Windows service state</name>
                    </valuemap>
                    <logtimefmt/>
                </item>
            </items>
            <discovery_rules/>
            <httptests/>
            <macros/>
            <templates/>
            <screens/>
        </template>
    </templates>
    <triggers>
        <trigger>
            <expression>{Template App Skype for business Front-End role:perf_counter[&quot;\LS:SIP - Protocol\SIP - Average Incoming Message Processing Time&quot;].last()}&gt;1</expression>
            <recovery_mode>0</recovery_mode>
            <recovery_expression/>
            <name>Lync average incoming message processing time too high</name>
            <correlation_mode>0</correlation_mode>
            <correlation_tag/>
            <url/>
            <status>0</status>
            <priority>2</priority>
            <description/>
            <type>0</type>
            <manual_close>0</manual_close>
            <dependencies/>
            <tags/>
        </trigger>
        <trigger>
            <expression>{Template App Skype for business Front-End role:perf_counter[&quot;\LS:ImMcu - MCU Health And Performance\IMMCU - MCU Health State&quot;].last()}&lt;&gt;0</expression>
            <recovery_mode>0</recovery_mode>
            <recovery_expression/>
            <name>Lync MCU Health State not in normal state</name>
            <correlation_mode>0</correlation_mode>
            <correlation_tag/>
            <url/>
            <status>0</status>
            <priority>3</priority>
            <description/>
            <type>0</type>
            <manual_close>0</manual_close>
            <dependencies/>
            <tags/>
        </trigger>
        <trigger>
            <expression>{Template App Skype for business Front-End role:perf_counter[&quot;\LS:USrv - Https Transport\USrv - Number of failed connection attempts / Sec&quot;].last()}&gt;1</expression>
            <recovery_mode>0</recovery_mode>
            <recovery_expression/>
            <name>Lync number of failed connection attempts too high</name>
            <correlation_mode>0</correlation_mode>
            <correlation_tag/>
            <url/>
            <status>0</status>
            <priority>2</priority>
            <description/>
            <type>0</type>
            <manual_close>0</manual_close>
            <dependencies/>
            <tags/>
        </trigger>
        <trigger>
            <expression>{Template App Skype for business Front-End role:perf_counter[&quot;\LS:USrv - DBStore\USrv - Queue Latency (msec)&quot;].last()}&gt;100</expression>
            <recovery_mode>0</recovery_mode>
            <recovery_expression/>
            <name>Lync queue latency too high</name>
            <correlation_mode>0</correlation_mode>
            <correlation_tag/>
            <url/>
            <status>0</status>
            <priority>2</priority>
            <description/>
            <type>0</type>
            <manual_close>0</manual_close>
            <dependencies/>
            <tags/>
        </trigger>
        <trigger>
            <expression>{Template App Skype for business Front-End role:service.info[&quot;Lync Server Application Sharing&quot;,state].last()}&lt;&gt;0</expression>
            <recovery_mode>0</recovery_mode>
            <recovery_expression/>
            <name>Lync Server Application Sharing service stopped</name>
            <correlation_mode>0</correlation_mode>
            <correlation_tag/>
            <url/>
            <status>0</status>
            <priority>3</priority>
            <description/>
            <type>0</type>
            <manual_close>0</manual_close>
            <dependencies/>
            <tags/>
        </trigger>
        <trigger>
            <expression>{Template App Skype for business Front-End role:service.info[&quot;Lync Server Audio/Video Conferencing&quot;,state].last()}&lt;&gt;0</expression>
            <recovery_mode>0</recovery_mode>
            <recovery_expression/>
            <name>Lync Server Audio/Video Conferencing service stopped</name>
            <correlation_mode>0</correlation_mode>
            <correlation_tag/>
            <url/>
            <status>0</status>
            <priority>3</priority>
            <description/>
            <type>0</type>
            <manual_close>0</manual_close>
            <dependencies/>
            <tags/>
        </trigger>
        <trigger>
            <expression>{Template App Skype for business Front-End role:service.info[&quot;Lync Server File Transfer Agent&quot;,state].last()}&lt;&gt;0</expression>
            <recovery_mode>0</recovery_mode>
            <recovery_expression/>
            <name>Lync Server File Transfer Agent service stopped</name>
            <correlation_mode>0</correlation_mode>
            <correlation_tag/>
            <url/>
            <status>0</status>
            <priority>3</priority>
            <description/>
            <type>0</type>
            <manual_close>0</manual_close>
            <dependencies/>
            <tags/>
        </trigger>
        <trigger>
            <expression>{Template App Skype for business Front-End role:service.info[&quot;Lync Server Front-End&quot;,state].last()}&lt;&gt;0</expression>
            <recovery_mode>0</recovery_mode>
            <recovery_expression/>
            <name>Lync Server Front-End service stopped</name>
            <correlation_mode>0</correlation_mode>
            <correlation_tag/>
            <url/>
            <status>0</status>
            <priority>3</priority>
            <description/>
            <type>0</type>
            <manual_close>0</manual_close>
            <dependencies/>
            <tags/>
        </trigger>
        <trigger>
            <expression>{Template App Skype for business Front-End role:service.info[&quot;Lync Server IM Conferencing&quot;,state].last()}&lt;&gt;0</expression>
            <recovery_mode>0</recovery_mode>
            <recovery_expression/>
            <name>Lync Server IM Conferencing service stopped</name>
            <correlation_mode>0</correlation_mode>
            <correlation_tag/>
            <url/>
            <status>0</status>
            <priority>3</priority>
            <description/>
            <type>0</type>
            <manual_close>0</manual_close>
            <dependencies/>
            <tags/>
        </trigger>
        <trigger>
            <expression>{Template App Skype for business Front-End role:service.info[&quot;Lync Server Master Replicator Agent&quot;,state].last()}&lt;&gt;0</expression>
            <recovery_mode>0</recovery_mode>
            <recovery_expression/>
            <name>Lync Server Master Replicator Agent service stopped</name>
            <correlation_mode>0</correlation_mode>
            <correlation_tag/>
            <url/>
            <status>0</status>
            <priority>3</priority>
            <description/>
            <type>0</type>
            <manual_close>0</manual_close>
            <dependencies/>
            <tags/>
        </trigger>
        <trigger>
            <expression>{Template App Skype for business Front-End role:service.info[&quot;Lync Server Replica Replicator Agent&quot;,state].last()}&lt;&gt;0</expression>
            <recovery_mode>0</recovery_mode>
            <recovery_expression/>
            <name>Lync Server Replica Replicator Agent service stopped</name>
            <correlation_mode>0</correlation_mode>
            <correlation_tag/>
            <url/>
            <status>0</status>
            <priority>3</priority>
            <description/>
            <type>0</type>
            <manual_close>0</manual_close>
            <dependencies/>
            <tags/>
        </trigger>
        <trigger>
            <expression>{Template App Skype for business Front-End role:perf_counter[&quot;\LS:USrv - DBStore\USrv - Sproc Latency (msec)&quot;].last()}&gt;100</expression>
            <recovery_mode>0</recovery_mode>
            <recovery_expression/>
            <name>Lync sproc latency is too high</name>
            <correlation_mode>0</correlation_mode>
            <correlation_tag/>
            <url/>
            <status>0</status>
            <priority>2</priority>
            <description/>
            <type>0</type>
            <manual_close>0</manual_close>
            <dependencies/>
            <tags/>
        </trigger>
        <trigger>
            <expression>{Template App Skype for business Front-End role:perf_counter[&quot;\LS:ImMcu - IMMcu Conferences\IMMCU - Throttled Sip Connections&quot;].last()}&lt;&gt;0</expression>
            <recovery_mode>0</recovery_mode>
            <recovery_expression/>
            <name>Lync throttle sip connections</name>
            <correlation_mode>0</correlation_mode>
            <correlation_tag/>
            <url/>
            <status>0</status>
            <priority>2</priority>
            <description/>
            <type>0</type>
            <manual_close>0</manual_close>
            <dependencies/>
            <tags/>
        </trigger>
    </triggers>
    <value_maps>
        <value_map>
            <name>Lync server: MCU Draining State</name>
            <mappings>
                <mapping>
                    <value>0</value>
                    <newvalue>Not requesting to drain</newvalue>
                </mapping>
                <mapping>
                    <value>1</value>
                    <newvalue>Requesting to drain</newvalue>
                </mapping>
                <mapping>
                    <value>2</value>
                    <newvalue>Draining</newvalue>
                </mapping>
            </mappings>
        </value_map>
        <value_map>
            <name>Lync server: MCU Health State</name>
            <mappings>
                <mapping>
                    <value>0</value>
                    <newvalue>Normal</newvalue>
                </mapping>
                <mapping>
                    <value>1</value>
                    <newvalue>Loaded</newvalue>
                </mapping>
                <mapping>
                    <value>2</value>
                    <newvalue>Full</newvalue>
                </mapping>
                <mapping>
                    <value>3</value>
                    <newvalue>Unavailable</newvalue>
                </mapping>
            </mappings>
        </value_map>
        <value_map>
            <name>Windows service state</name>
            <mappings>
                <mapping>
                    <value>0</value>
                    <newvalue>Running</newvalue>
                </mapping>
                <mapping>
                    <value>1</value>
                    <newvalue>Paused</newvalue>
                </mapping>
                <mapping>
                    <value>2</value>
                    <newvalue>Start pending</newvalue>
                </mapping>
                <mapping>
                    <value>3</value>
                    <newvalue>Pause pending</newvalue>
                </mapping>
                <mapping>
                    <value>4</value>
                    <newvalue>Continue pending</newvalue>
                </mapping>
                <mapping>
                    <value>5</value>
                    <newvalue>Stop pending</newvalue>
                </mapping>
                <mapping>
                    <value>6</value>
                    <newvalue>Stopped</newvalue>
                </mapping>
                <mapping>
                    <value>7</value>
                    <newvalue>Unknown</newvalue>
                </mapping>
                <mapping>
                    <value>255</value>
                    <newvalue>No such service</newvalue>
                </mapping>
            </mappings>
        </value_map>
    </value_maps>
</zabbix_export>
