<?xml version="1.0" encoding="UTF-8"?>
<zabbix_export>
    <version>4.0</version>
    <date>2018-12-24T14:15:09Z</date>
    <groups>
        <group>
            <name>Custom Templates</name>
        </group>
    </groups>
    <templates>
        <template>
            <template>NextCloud Template</template>
            <name>NextCloud Template</name>
            <description/>
            <groups>
                <group>
                    <name>Custom Templates</name>
                </group>
            </groups>
            <applications>
                <application>
                    <name>Master Item</name>
                </application>
                <application>
                    <name>NextCloud Database</name>
                </application>
                <application>
                    <name>NextCloud Security</name>
                </application>
                <application>
                    <name>NextCloud Server</name>
                </application>
                <application>
                    <name>NextCloud Users</name>
                </application>
                <application>
                    <name>NextCloud Web-Server</name>
                </application>
                <application>
                    <name>NextCloud WEB GUI</name>
                </application>
            </applications>
            <items>
                <item>
                    <name>Are numerical characters required?</name>
                    <type>18</type>
                    <snmp_community/>
                    <snmp_oid/>
                    <key>nextcloud[capabilities,enforce_numeric]</key>
                    <delay>0</delay>
                    <history>{$T_HISTORY_DATA}</history>
                    <trends>{$T_TRENDS_DATA}</trends>
                    <status>0</status>
                    <value_type>3</value_type>
                    <allowed_hosts/>
                    <units/>
                    <snmpv3_contextname/>
                    <snmpv3_securityname/>
                    <snmpv3_securitylevel>0</snmpv3_securitylevel>
                    <snmpv3_authprotocol>0</snmpv3_authprotocol>
                    <snmpv3_authpassphrase/>
                    <snmpv3_privprotocol>0</snmpv3_privprotocol>
                    <snmpv3_privpassphrase/>
                    <params/>
                    <ipmi_sensor/>
                    <authtype>0</authtype>
                    <username/>
                    <password/>
                    <publickey/>
                    <privatekey/>
                    <port/>
                    <description/>
                    <inventory_link>0</inventory_link>
                    <applications>
                        <application>
                            <name>NextCloud Security</name>
                        </application>
                    </applications>
                    <valuemap>
                        <name>T_NextCloud_Password_Policy</name>
                    </valuemap>
                    <logtimefmt/>
                    <preprocessing>
                        <step>
                            <type>11</type>
                            <params>number(//password_policy/enforceNumericCharacters)</params>
                        </step>
                    </preprocessing>
                    <jmx_endpoint/>
                    <timeout>3s</timeout>
                    <url/>
                    <query_fields/>
                    <posts/>
                    <status_codes>200</status_codes>
                    <follow_redirects>1</follow_redirects>
                    <post_type>0</post_type>
                    <http_proxy/>
                    <headers/>
                    <retrieve_mode>0</retrieve_mode>
                    <request_method>0</request_method>
                    <output_format>0</output_format>
                    <allow_traps>0</allow_traps>
                    <ssl_cert_file/>
                    <ssl_key_file/>
                    <ssl_key_password/>
                    <verify_peer>0</verify_peer>
                    <verify_host>0</verify_host>
                    <master_item>
                        <key>nextcloud[capabilities,master]</key>
                    </master_item>
                </item>
                <item>
                    <name>Usage of special characters required?</name>
                    <type>18</type>
                    <snmp_community/>
                    <snmp_oid/>
                    <key>nextcloud[capabilities,enforce_special]</key>
                    <delay>0</delay>
                    <history>{$T_HISTORY_DATA}</history>
                    <trends>{$T_TRENDS_DATA}</trends>
                    <status>0</status>
                    <value_type>3</value_type>
                    <allowed_hosts/>
                    <units/>
                    <snmpv3_contextname/>
                    <snmpv3_securityname/>
                    <snmpv3_securitylevel>0</snmpv3_securitylevel>
                    <snmpv3_authprotocol>0</snmpv3_authprotocol>
                    <snmpv3_authpassphrase/>
                    <snmpv3_privprotocol>0</snmpv3_privprotocol>
                    <snmpv3_privpassphrase/>
                    <params/>
                    <ipmi_sensor/>
                    <authtype>0</authtype>
                    <username/>
                    <password/>
                    <publickey/>
                    <privatekey/>
                    <port/>
                    <description/>
                    <inventory_link>0</inventory_link>
                    <applications>
                        <application>
                            <name>NextCloud Security</name>
                        </application>
                    </applications>
                    <valuemap>
                        <name>T_NextCloud_Password_Policy</name>
                    </valuemap>
                    <logtimefmt/>
                    <preprocessing>
                        <step>
                            <type>11</type>
                            <params>number(//password_policy/enforceSpecialCharacters)</params>
                        </step>
                    </preprocessing>
                    <jmx_endpoint/>
                    <timeout>3s</timeout>
                    <url/>
                    <query_fields/>
                    <posts/>
                    <status_codes>200</status_codes>
                    <follow_redirects>1</follow_redirects>
                    <post_type>0</post_type>
                    <http_proxy/>
                    <headers/>
                    <retrieve_mode>0</retrieve_mode>
                    <request_method>0</request_method>
                    <output_format>0</output_format>
                    <allow_traps>0</allow_traps>
                    <ssl_cert_file/>
                    <ssl_key_file/>
                    <ssl_key_password/>
                    <verify_peer>0</verify_peer>
                    <verify_host>0</verify_host>
                    <master_item>
                        <key>nextcloud[capabilities,master]</key>
                    </master_item>
                </item>
                <item>
                    <name>Upper and Lower cases required?</name>
                    <type>18</type>
                    <snmp_community/>
                    <snmp_oid/>
                    <key>nextcloud[capabilities,enforce_upperlower]</key>
                    <delay>0</delay>
                    <history>{$T_HISTORY_DATA}</history>
                    <trends>{$T_TRENDS_DATA}</trends>
                    <status>0</status>
                    <value_type>3</value_type>
                    <allowed_hosts/>
                    <units/>
                    <snmpv3_contextname/>
                    <snmpv3_securityname/>
                    <snmpv3_securitylevel>0</snmpv3_securitylevel>
                    <snmpv3_authprotocol>0</snmpv3_authprotocol>
                    <snmpv3_authpassphrase/>
                    <snmpv3_privprotocol>0</snmpv3_privprotocol>
                    <snmpv3_privpassphrase/>
                    <params/>
                    <ipmi_sensor/>
                    <authtype>0</authtype>
                    <username/>
                    <password/>
                    <publickey/>
                    <privatekey/>
                    <port/>
                    <description/>
                    <inventory_link>0</inventory_link>
                    <applications>
                        <application>
                            <name>NextCloud Security</name>
                        </application>
                    </applications>
                    <valuemap>
                        <name>T_NextCloud_Password_Policy</name>
                    </valuemap>
                    <logtimefmt/>
                    <preprocessing>
                        <step>
                            <type>11</type>
                            <params>number(//password_policy/enforceUpperLowerCase)</params>
                        </step>
                    </preprocessing>
                    <jmx_endpoint/>
                    <timeout>3s</timeout>
                    <url/>
                    <query_fields/>
                    <posts/>
                    <status_codes>200</status_codes>
                    <follow_redirects>1</follow_redirects>
                    <post_type>0</post_type>
                    <http_proxy/>
                    <headers/>
                    <retrieve_mode>0</retrieve_mode>
                    <request_method>0</request_method>
                    <output_format>0</output_format>
                    <allow_traps>0</allow_traps>
                    <ssl_cert_file/>
                    <ssl_key_file/>
                    <ssl_key_password/>
                    <verify_peer>0</verify_peer>
                    <verify_host>0</verify_host>
                    <master_item>
                        <key>nextcloud[capabilities,master]</key>
                    </master_item>
                </item>
                <item>
                    <name>capabilities (master)</name>
                    <type>19</type>
                    <snmp_community/>
                    <snmp_oid/>
                    <key>nextcloud[capabilities,master]</key>
                    <delay>{$T_UPDATE_INTERVAL_MASTER}</delay>
                    <history>{$T_HISTORY_MASTER}</history>
                    <trends>0</trends>
                    <status>0</status>
                    <value_type>4</value_type>
                    <allowed_hosts/>
                    <units/>
                    <snmpv3_contextname/>
                    <snmpv3_securityname/>
                    <snmpv3_securitylevel>0</snmpv3_securitylevel>
                    <snmpv3_authprotocol>0</snmpv3_authprotocol>
                    <snmpv3_authpassphrase/>
                    <snmpv3_privprotocol>0</snmpv3_privprotocol>
                    <snmpv3_privpassphrase/>
                    <params/>
                    <ipmi_sensor/>
                    <authtype>1</authtype>
                    <username>{$T_NEXTCLOUD_USER}</username>
                    <password>{$T_NEXTCLOUD_PASSWORD}</password>
                    <publickey/>
                    <privatekey/>
                    <port/>
                    <description/>
                    <inventory_link>0</inventory_link>
                    <applications>
                        <application>
                            <name>Master Item</name>
                        </application>
                    </applications>
                    <valuemap/>
                    <logtimefmt/>
                    <preprocessing/>
                    <jmx_endpoint/>
                    <timeout>3s</timeout>
                    <url>http://{HOST.CONN}{$T_NEXTCLOUD_PATH}/ocs/v2.php/cloud/capabilities</url>
                    <query_fields/>
                    <posts/>
                    <status_codes>200</status_codes>
                    <follow_redirects>1</follow_redirects>
                    <post_type>0</post_type>
                    <http_proxy/>
                    <headers>
                        <header>
                            <name>OCS-APIRequest</name>
                            <value>true</value>
                        </header>
                    </headers>
                    <retrieve_mode>0</retrieve_mode>
                    <request_method>0</request_method>
                    <output_format>0</output_format>
                    <allow_traps>0</allow_traps>
                    <ssl_cert_file/>
                    <ssl_key_file/>
                    <ssl_key_password/>
                    <verify_peer>0</verify_peer>
                    <verify_host>0</verify_host>
                    <master_item/>
                </item>
                <item>
                    <name>Minimum Password Length</name>
                    <type>18</type>
                    <snmp_community/>
                    <snmp_oid/>
                    <key>nextcloud[capabilities,password_min_length]</key>
                    <delay>0</delay>
                    <history>{$T_HISTORY_DATA}</history>
                    <trends>{$T_TRENDS_DATA}</trends>
                    <status>0</status>
                    <value_type>3</value_type>
                    <allowed_hosts/>
                    <units/>
                    <snmpv3_contextname/>
                    <snmpv3_securityname/>
                    <snmpv3_securitylevel>0</snmpv3_securitylevel>
                    <snmpv3_authprotocol>0</snmpv3_authprotocol>
                    <snmpv3_authpassphrase/>
                    <snmpv3_privprotocol>0</snmpv3_privprotocol>
                    <snmpv3_privpassphrase/>
                    <params/>
                    <ipmi_sensor/>
                    <authtype>0</authtype>
                    <username/>
                    <password/>
                    <publickey/>
                    <privatekey/>
                    <port/>
                    <description/>
                    <inventory_link>0</inventory_link>
                    <applications>
                        <application>
                            <name>NextCloud Security</name>
                        </application>
                    </applications>
                    <valuemap/>
                    <logtimefmt/>
                    <preprocessing>
                        <step>
                            <type>11</type>
                            <params>number(//password_policy/minLength)</params>
                        </step>
                    </preprocessing>
                    <jmx_endpoint/>
                    <timeout>3s</timeout>
                    <url/>
                    <query_fields/>
                    <posts/>
                    <status_codes>200</status_codes>
                    <follow_redirects>1</follow_redirects>
                    <post_type>0</post_type>
                    <http_proxy/>
                    <headers/>
                    <retrieve_mode>0</retrieve_mode>
                    <request_method>0</request_method>
                    <output_format>0</output_format>
                    <allow_traps>0</allow_traps>
                    <ssl_cert_file/>
                    <ssl_key_file/>
                    <ssl_key_password/>
                    <verify_peer>0</verify_peer>
                    <verify_host>0</verify_host>
                    <master_item>
                        <key>nextcloud[capabilities,master]</key>
                    </master_item>
                </item>
                <item>
                    <name>Number of active users for past 24hrs</name>
                    <type>18</type>
                    <snmp_community/>
                    <snmp_oid/>
                    <key>nextcloud[info,active_users_24h]</key>
                    <delay>0</delay>
                    <history>{$T_HISTORY_DATA}</history>
                    <trends>{$T_TRENDS_DATA}</trends>
                    <status>0</status>
                    <value_type>3</value_type>
                    <allowed_hosts/>
                    <units>!users</units>
                    <snmpv3_contextname/>
                    <snmpv3_securityname/>
                    <snmpv3_securitylevel>0</snmpv3_securitylevel>
                    <snmpv3_authprotocol>0</snmpv3_authprotocol>
                    <snmpv3_authpassphrase/>
                    <snmpv3_privprotocol>0</snmpv3_privprotocol>
                    <snmpv3_privpassphrase/>
                    <params/>
                    <ipmi_sensor/>
                    <authtype>0</authtype>
                    <username/>
                    <password/>
                    <publickey/>
                    <privatekey/>
                    <port/>
                    <description/>
                    <inventory_link>0</inventory_link>
                    <applications>
                        <application>
                            <name>NextCloud Users</name>
                        </application>
                    </applications>
                    <valuemap/>
                    <logtimefmt/>
                    <preprocessing>
                        <step>
                            <type>11</type>
                            <params>number(//data/activeUsers/last24hours)</params>
                        </step>
                    </preprocessing>
                    <jmx_endpoint/>
                    <timeout>3s</timeout>
                    <url/>
                    <query_fields/>
                    <posts/>
                    <status_codes>200</status_codes>
                    <follow_redirects>1</follow_redirects>
                    <post_type>0</post_type>
                    <http_proxy/>
                    <headers/>
                    <retrieve_mode>0</retrieve_mode>
                    <request_method>0</request_method>
                    <output_format>0</output_format>
                    <allow_traps>0</allow_traps>
                    <ssl_cert_file/>
                    <ssl_key_file/>
                    <ssl_key_password/>
                    <verify_peer>0</verify_peer>
                    <verify_host>0</verify_host>
                    <master_item>
                        <key>nextcloud[info,master]</key>
                    </master_item>
                </item>
                <item>
                    <name>NextCloud database size</name>
                    <type>18</type>
                    <snmp_community/>
                    <snmp_oid/>
                    <key>nextcloud[info,dbsize]</key>
                    <delay>0</delay>
                    <history>{$T_HISTORY_DATA}</history>
                    <trends>{$T_TRENDS_DATA}</trends>
                    <status>0</status>
                    <value_type>3</value_type>
                    <allowed_hosts/>
                    <units>B</units>
                    <snmpv3_contextname/>
                    <snmpv3_securityname/>
                    <snmpv3_securitylevel>0</snmpv3_securitylevel>
                    <snmpv3_authprotocol>0</snmpv3_authprotocol>
                    <snmpv3_authpassphrase/>
                    <snmpv3_privprotocol>0</snmpv3_privprotocol>
                    <snmpv3_privpassphrase/>
                    <params/>
                    <ipmi_sensor/>
                    <authtype>0</authtype>
                    <username/>
                    <password/>
                    <publickey/>
                    <privatekey/>
                    <port/>
                    <description/>
                    <inventory_link>0</inventory_link>
                    <applications>
                        <application>
                            <name>NextCloud Database</name>
                        </application>
                    </applications>
                    <valuemap/>
                    <logtimefmt/>
                    <preprocessing>
                        <step>
                            <type>11</type>
                            <params>number(//server/database/size)</params>
                        </step>
                    </preprocessing>
                    <jmx_endpoint/>
                    <timeout>3s</timeout>
                    <url/>
                    <query_fields/>
                    <posts/>
                    <status_codes>200</status_codes>
                    <follow_redirects>1</follow_redirects>
                    <post_type>0</post_type>
                    <http_proxy/>
                    <headers/>
                    <retrieve_mode>0</retrieve_mode>
                    <request_method>0</request_method>
                    <output_format>0</output_format>
                    <allow_traps>0</allow_traps>
                    <ssl_cert_file/>
                    <ssl_key_file/>
                    <ssl_key_password/>
                    <verify_peer>0</verify_peer>
                    <verify_host>0</verify_host>
                    <master_item>
                        <key>nextcloud[info,master]</key>
                    </master_item>
                </item>
                <item>
                    <name>NextCloud database server type</name>
                    <type>18</type>
                    <snmp_community/>
                    <snmp_oid/>
                    <key>nextcloud[info,dbtype]</key>
                    <delay>0</delay>
                    <history>{$T_HISTORY_DATA}</history>
                    <trends>0</trends>
                    <status>0</status>
                    <value_type>1</value_type>
                    <allowed_hosts/>
                    <units/>
                    <snmpv3_contextname/>
                    <snmpv3_securityname/>
                    <snmpv3_securitylevel>0</snmpv3_securitylevel>
                    <snmpv3_authprotocol>0</snmpv3_authprotocol>
                    <snmpv3_authpassphrase/>
                    <snmpv3_privprotocol>0</snmpv3_privprotocol>
                    <snmpv3_privpassphrase/>
                    <params/>
                    <ipmi_sensor/>
                    <authtype>0</authtype>
                    <username/>
                    <password/>
                    <publickey/>
                    <privatekey/>
                    <port/>
                    <description/>
                    <inventory_link>0</inventory_link>
                    <applications>
                        <application>
                            <name>NextCloud Database</name>
                        </application>
                    </applications>
                    <valuemap/>
                    <logtimefmt/>
                    <preprocessing>
                        <step>
                            <type>11</type>
                            <params>string(//server/database/type)</params>
                        </step>
                    </preprocessing>
                    <jmx_endpoint/>
                    <timeout>3s</timeout>
                    <url/>
                    <query_fields/>
                    <posts/>
                    <status_codes>200</status_codes>
                    <follow_redirects>1</follow_redirects>
                    <post_type>0</post_type>
                    <http_proxy/>
                    <headers/>
                    <retrieve_mode>0</retrieve_mode>
                    <request_method>0</request_method>
                    <output_format>0</output_format>
                    <allow_traps>0</allow_traps>
                    <ssl_cert_file/>
                    <ssl_key_file/>
                    <ssl_key_password/>
                    <verify_peer>0</verify_peer>
                    <verify_host>0</verify_host>
                    <master_item>
                        <key>nextcloud[info,master]</key>
                    </master_item>
                </item>
                <item>
                    <name>info (master)</name>
                    <type>19</type>
                    <snmp_community/>
                    <snmp_oid/>
                    <key>nextcloud[info,master]</key>
                    <delay>{$T_UPDATE_INTERVAL_MASTER}</delay>
                    <history>{$T_HISTORY_MASTER}</history>
                    <trends>0</trends>
                    <status>0</status>
                    <value_type>4</value_type>
                    <allowed_hosts/>
                    <units/>
                    <snmpv3_contextname/>
                    <snmpv3_securityname/>
                    <snmpv3_securitylevel>0</snmpv3_securitylevel>
                    <snmpv3_authprotocol>0</snmpv3_authprotocol>
                    <snmpv3_authpassphrase/>
                    <snmpv3_privprotocol>0</snmpv3_privprotocol>
                    <snmpv3_privpassphrase/>
                    <params/>
                    <ipmi_sensor/>
                    <authtype>1</authtype>
                    <username>{$T_NEXTCLOUD_USER}</username>
                    <password>{$T_NEXTCLOUD_PASSWORD}</password>
                    <publickey/>
                    <privatekey/>
                    <port/>
                    <description/>
                    <inventory_link>0</inventory_link>
                    <applications>
                        <application>
                            <name>Master Item</name>
                        </application>
                    </applications>
                    <valuemap/>
                    <logtimefmt/>
                    <preprocessing/>
                    <jmx_endpoint/>
                    <timeout>3s</timeout>
                    <url>http://{HOST.CONN}{$T_NEXTCLOUD_PATH}/ocs/v2.php/apps/serverinfo/api/v1/info</url>
                    <query_fields/>
                    <posts/>
                    <status_codes>200</status_codes>
                    <follow_redirects>1</follow_redirects>
                    <post_type>0</post_type>
                    <http_proxy/>
                    <headers>
                        <header>
                            <name>OCS-APIRequest</name>
                            <value>true</value>
                        </header>
                    </headers>
                    <retrieve_mode>0</retrieve_mode>
                    <request_method>0</request_method>
                    <output_format>0</output_format>
                    <allow_traps>0</allow_traps>
                    <ssl_cert_file/>
                    <ssl_key_file/>
                    <ssl_key_password/>
                    <verify_peer>0</verify_peer>
                    <verify_host>0</verify_host>
                    <master_item/>
                </item>
                <item>
                    <name>Number of shared links not secured with password</name>
                    <type>18</type>
                    <snmp_community/>
                    <snmp_oid/>
                    <key>nextcloud[info,paswordless_shared_links]</key>
                    <delay>0</delay>
                    <history>{$T_HISTORY_DATA}</history>
                    <trends>{$T_TRENDS_DATA}</trends>
                    <status>0</status>
                    <value_type>3</value_type>
                    <allowed_hosts/>
                    <units>!passwordless links</units>
                    <snmpv3_contextname/>
                    <snmpv3_securityname/>
                    <snmpv3_securitylevel>0</snmpv3_securitylevel>
                    <snmpv3_authprotocol>0</snmpv3_authprotocol>
                    <snmpv3_authpassphrase/>
                    <snmpv3_privprotocol>0</snmpv3_privprotocol>
                    <snmpv3_privpassphrase/>
                    <params/>
                    <ipmi_sensor/>
                    <authtype>0</authtype>
                    <username/>
                    <password/>
                    <publickey/>
                    <privatekey/>
                    <port/>
                    <description/>
                    <inventory_link>0</inventory_link>
                    <applications>
                        <application>
                            <name>NextCloud Security</name>
                        </application>
                    </applications>
                    <valuemap/>
                    <logtimefmt/>
                    <preprocessing>
                        <step>
                            <type>11</type>
                            <params>number(//shares/num_shares_link_no_password)</params>
                        </step>
                    </preprocessing>
                    <jmx_endpoint/>
                    <timeout>3s</timeout>
                    <url/>
                    <query_fields/>
                    <posts/>
                    <status_codes>200</status_codes>
                    <follow_redirects>1</follow_redirects>
                    <post_type>0</post_type>
                    <http_proxy/>
                    <headers/>
                    <retrieve_mode>0</retrieve_mode>
                    <request_method>0</request_method>
                    <output_format>0</output_format>
                    <allow_traps>0</allow_traps>
                    <ssl_cert_file/>
                    <ssl_key_file/>
                    <ssl_key_password/>
                    <verify_peer>0</verify_peer>
                    <verify_host>0</verify_host>
                    <master_item>
                        <key>nextcloud[info,master]</key>
                    </master_item>
                </item>
                <item>
                    <name>PHP engine version</name>
                    <type>18</type>
                    <snmp_community/>
                    <snmp_oid/>
                    <key>nextcloud[info,php_version]</key>
                    <delay>0</delay>
                    <history>{$T_HISTORY_DATA}</history>
                    <trends>{$T_TRENDS_DATA}</trends>
                    <status>0</status>
                    <value_type>0</value_type>
                    <allowed_hosts/>
                    <units/>
                    <snmpv3_contextname/>
                    <snmpv3_securityname/>
                    <snmpv3_securitylevel>0</snmpv3_securitylevel>
                    <snmpv3_authprotocol>0</snmpv3_authprotocol>
                    <snmpv3_authpassphrase/>
                    <snmpv3_privprotocol>0</snmpv3_privprotocol>
                    <snmpv3_privpassphrase/>
                    <params/>
                    <ipmi_sensor/>
                    <authtype>0</authtype>
                    <username/>
                    <password/>
                    <publickey/>
                    <privatekey/>
                    <port/>
                    <description/>
                    <inventory_link>0</inventory_link>
                    <applications>
                        <application>
                            <name>NextCloud Web-Server</name>
                        </application>
                    </applications>
                    <valuemap/>
                    <logtimefmt/>
                    <preprocessing>
                        <step>
                            <type>11</type>
                            <params>string(//server/php/version)</params>
                        </step>
                        <step>
                            <type>5</type>
                            <params>([0-9].[0-9])
\1</params>
                        </step>
                    </preprocessing>
                    <jmx_endpoint/>
                    <timeout>3s</timeout>
                    <url/>
                    <query_fields/>
                    <posts/>
                    <status_codes>200</status_codes>
                    <follow_redirects>1</follow_redirects>
                    <post_type>0</post_type>
                    <http_proxy/>
                    <headers/>
                    <retrieve_mode>0</retrieve_mode>
                    <request_method>0</request_method>
                    <output_format>0</output_format>
                    <allow_traps>0</allow_traps>
                    <ssl_cert_file/>
                    <ssl_key_file/>
                    <ssl_key_password/>
                    <verify_peer>0</verify_peer>
                    <verify_host>0</verify_host>
                    <master_item>
                        <key>nextcloud[info,master]</key>
                    </master_item>
                </item>
                <item>
                    <name>Number of registered users</name>
                    <type>18</type>
                    <snmp_community/>
                    <snmp_oid/>
                    <key>nextcloud[info,users]</key>
                    <delay>0</delay>
                    <history>{$T_HISTORY_DATA}</history>
                    <trends>{$T_TRENDS_DATA}</trends>
                    <status>0</status>
                    <value_type>3</value_type>
                    <allowed_hosts/>
                    <units>!users</units>
                    <snmpv3_contextname/>
                    <snmpv3_securityname/>
                    <snmpv3_securitylevel>0</snmpv3_securitylevel>
                    <snmpv3_authprotocol>0</snmpv3_authprotocol>
                    <snmpv3_authpassphrase/>
                    <snmpv3_privprotocol>0</snmpv3_privprotocol>
                    <snmpv3_privpassphrase/>
                    <params/>
                    <ipmi_sensor/>
                    <authtype>0</authtype>
                    <username/>
                    <password/>
                    <publickey/>
                    <privatekey/>
                    <port/>
                    <description/>
                    <inventory_link>0</inventory_link>
                    <applications>
                        <application>
                            <name>NextCloud Users</name>
                        </application>
                    </applications>
                    <valuemap/>
                    <logtimefmt/>
                    <preprocessing>
                        <step>
                            <type>11</type>
                            <params>number(//storage/num_users)</params>
                        </step>
                    </preprocessing>
                    <jmx_endpoint/>
                    <timeout>3s</timeout>
                    <url/>
                    <query_fields/>
                    <posts/>
                    <status_codes>200</status_codes>
                    <follow_redirects>1</follow_redirects>
                    <post_type>0</post_type>
                    <http_proxy/>
                    <headers/>
                    <retrieve_mode>0</retrieve_mode>
                    <request_method>0</request_method>
                    <output_format>0</output_format>
                    <allow_traps>0</allow_traps>
                    <ssl_cert_file/>
                    <ssl_key_file/>
                    <ssl_key_password/>
                    <verify_peer>0</verify_peer>
                    <verify_host>0</verify_host>
                    <master_item>
                        <key>nextcloud[info,master]</key>
                    </master_item>
                </item>
                <item>
                    <name>NextCloud version</name>
                    <type>18</type>
                    <snmp_community/>
                    <snmp_oid/>
                    <key>nextcloud[info,version]</key>
                    <delay>0</delay>
                    <history>{$T_HISTORY_DATA}</history>
                    <trends>0</trends>
                    <status>0</status>
                    <value_type>1</value_type>
                    <allowed_hosts/>
                    <units/>
                    <snmpv3_contextname/>
                    <snmpv3_securityname/>
                    <snmpv3_securitylevel>0</snmpv3_securitylevel>
                    <snmpv3_authprotocol>0</snmpv3_authprotocol>
                    <snmpv3_authpassphrase/>
                    <snmpv3_privprotocol>0</snmpv3_privprotocol>
                    <snmpv3_privpassphrase/>
                    <params/>
                    <ipmi_sensor/>
                    <authtype>0</authtype>
                    <username/>
                    <password/>
                    <publickey/>
                    <privatekey/>
                    <port/>
                    <description/>
                    <inventory_link>0</inventory_link>
                    <applications>
                        <application>
                            <name>NextCloud Server</name>
                        </application>
                    </applications>
                    <valuemap/>
                    <logtimefmt/>
                    <preprocessing>
                        <step>
                            <type>11</type>
                            <params>string(//data/nextcloud/system/version)</params>
                        </step>
                    </preprocessing>
                    <jmx_endpoint/>
                    <timeout>3s</timeout>
                    <url/>
                    <query_fields/>
                    <posts/>
                    <status_codes>200</status_codes>
                    <follow_redirects>1</follow_redirects>
                    <post_type>0</post_type>
                    <http_proxy/>
                    <headers/>
                    <retrieve_mode>0</retrieve_mode>
                    <request_method>0</request_method>
                    <output_format>0</output_format>
                    <allow_traps>0</allow_traps>
                    <ssl_cert_file/>
                    <ssl_key_file/>
                    <ssl_key_password/>
                    <verify_peer>0</verify_peer>
                    <verify_host>0</verify_host>
                    <master_item>
                        <key>nextcloud[info,master]</key>
                    </master_item>
                </item>
                <item>
                    <name>Web Server Engine and Version</name>
                    <type>18</type>
                    <snmp_community/>
                    <snmp_oid/>
                    <key>nextcloud[info,webserver_version]</key>
                    <delay>0</delay>
                    <history>{$T_HISTORY_DATA}</history>
                    <trends>0</trends>
                    <status>0</status>
                    <value_type>1</value_type>
                    <allowed_hosts/>
                    <units/>
                    <snmpv3_contextname/>
                    <snmpv3_securityname/>
                    <snmpv3_securitylevel>0</snmpv3_securitylevel>
                    <snmpv3_authprotocol>0</snmpv3_authprotocol>
                    <snmpv3_authpassphrase/>
                    <snmpv3_privprotocol>0</snmpv3_privprotocol>
                    <snmpv3_privpassphrase/>
                    <params/>
                    <ipmi_sensor/>
                    <authtype>0</authtype>
                    <username/>
                    <password/>
                    <publickey/>
                    <privatekey/>
                    <port/>
                    <description/>
                    <inventory_link>0</inventory_link>
                    <applications>
                        <application>
                            <name>NextCloud Web-Server</name>
                        </application>
                    </applications>
                    <valuemap/>
                    <logtimefmt/>
                    <preprocessing>
                        <step>
                            <type>11</type>
                            <params>string(//server/webserver)</params>
                        </step>
                    </preprocessing>
                    <jmx_endpoint/>
                    <timeout>3s</timeout>
                    <url/>
                    <query_fields/>
                    <posts/>
                    <status_codes>200</status_codes>
                    <follow_redirects>1</follow_redirects>
                    <post_type>0</post_type>
                    <http_proxy/>
                    <headers/>
                    <retrieve_mode>0</retrieve_mode>
                    <request_method>0</request_method>
                    <output_format>0</output_format>
                    <allow_traps>0</allow_traps>
                    <ssl_cert_file/>
                    <ssl_key_file/>
                    <ssl_key_password/>
                    <verify_peer>0</verify_peer>
                    <verify_host>0</verify_host>
                    <master_item>
                        <key>nextcloud[info,master]</key>
                    </master_item>
                </item>
            </items>
            <discovery_rules>
                <discovery_rule>
                    <name>Get Enabled Applications</name>
                    <type>10</type>
                    <snmp_community/>
                    <snmp_oid/>
                    <key>nextcloud.sh[{$T_NEXTCLOUD_USER},{$T_NEXTCLOUD_PASSWORD},{HOST.CONN}{$T_NEXTCLOUD_PATH},enapps]</key>
                    <delay>{$T_UPDATE_INTERVAL_DISCOVERY}</delay>
                    <status>0</status>
                    <allowed_hosts/>
                    <snmpv3_contextname/>
                    <snmpv3_securityname/>
                    <snmpv3_securitylevel>0</snmpv3_securitylevel>
                    <snmpv3_authprotocol>0</snmpv3_authprotocol>
                    <snmpv3_authpassphrase/>
                    <snmpv3_privprotocol>0</snmpv3_privprotocol>
                    <snmpv3_privpassphrase/>
                    <params/>
                    <ipmi_sensor/>
                    <authtype>0</authtype>
                    <username/>
                    <password/>
                    <publickey/>
                    <privatekey/>
                    <port/>
                    <filter>
                        <evaltype>0</evaltype>
                        <formula/>
                        <conditions/>
                    </filter>
                    <lifetime>{$T_KEEP_LOST_PERIOD}</lifetime>
                    <description/>
                    <item_prototypes>
                        <item_prototype>
                            <name>{#APP} : master item</name>
                            <type>19</type>
                            <snmp_community/>
                            <snmp_oid/>
                            <key>nextcloud[master,{#APP}]</key>
                            <delay>{$T_UPDATE_INTERVAL_MASTER_APPS}</delay>
                            <history>{$T_HISTORY_MASTER}</history>
                            <trends>0</trends>
                            <status>0</status>
                            <value_type>4</value_type>
                            <allowed_hosts/>
                            <units/>
                            <snmpv3_contextname/>
                            <snmpv3_securityname/>
                            <snmpv3_securitylevel>0</snmpv3_securitylevel>
                            <snmpv3_authprotocol>0</snmpv3_authprotocol>
                            <snmpv3_authpassphrase/>
                            <snmpv3_privprotocol>0</snmpv3_privprotocol>
                            <snmpv3_privpassphrase/>
                            <params/>
                            <ipmi_sensor/>
                            <authtype>1</authtype>
                            <username>{$T_NEXTCLOUD_USER}</username>
                            <password>{$T_NEXTCLOUD_PASSWORD}</password>
                            <publickey/>
                            <privatekey/>
                            <port/>
                            <description/>
                            <inventory_link>0</inventory_link>
                            <applications>
                                <application>
                                    <name>Master Item</name>
                                </application>
                            </applications>
                            <valuemap/>
                            <logtimefmt/>
                            <preprocessing/>
                            <jmx_endpoint/>
                            <timeout>3s</timeout>
                            <url>http://{HOST.CONN}{$T_NEXTCLOUD_PATH}/ocs/v2.php/cloud/apps/{#APP}</url>
                            <query_fields/>
                            <posts/>
                            <status_codes>200</status_codes>
                            <follow_redirects>1</follow_redirects>
                            <post_type>0</post_type>
                            <http_proxy/>
                            <headers>
                                <header>
                                    <name>OCS-APIRequest</name>
                                    <value>true</value>
                                </header>
                            </headers>
                            <retrieve_mode>0</retrieve_mode>
                            <request_method>0</request_method>
                            <output_format>0</output_format>
                            <allow_traps>0</allow_traps>
                            <ssl_cert_file/>
                            <ssl_key_file/>
                            <ssl_key_password/>
                            <verify_peer>0</verify_peer>
                            <verify_host>0</verify_host>
                            <application_prototypes/>
                            <master_item/>
                        </item_prototype>
                        <item_prototype>
                            <name>{#APP} : visible name</name>
                            <type>18</type>
                            <snmp_community/>
                            <snmp_oid/>
                            <key>nextcloud[{#APP},name]</key>
                            <delay>0</delay>
                            <history>{$T_HISTORY_DATA}</history>
                            <trends>0</trends>
                            <status>0</status>
                            <value_type>1</value_type>
                            <allowed_hosts/>
                            <units/>
                            <snmpv3_contextname/>
                            <snmpv3_securityname/>
                            <snmpv3_securitylevel>0</snmpv3_securitylevel>
                            <snmpv3_authprotocol>0</snmpv3_authprotocol>
                            <snmpv3_authpassphrase/>
                            <snmpv3_privprotocol>0</snmpv3_privprotocol>
                            <snmpv3_privpassphrase/>
                            <params/>
                            <ipmi_sensor/>
                            <authtype>0</authtype>
                            <username/>
                            <password/>
                            <publickey/>
                            <privatekey/>
                            <port/>
                            <description/>
                            <inventory_link>0</inventory_link>
                            <applications/>
                            <valuemap/>
                            <logtimefmt/>
                            <preprocessing>
                                <step>
                                    <type>11</type>
                                    <params>string(//data/name)</params>
                                </step>
                            </preprocessing>
                            <jmx_endpoint/>
                            <timeout>3s</timeout>
                            <url/>
                            <query_fields/>
                            <posts/>
                            <status_codes>200</status_codes>
                            <follow_redirects>1</follow_redirects>
                            <post_type>0</post_type>
                            <http_proxy/>
                            <headers/>
                            <retrieve_mode>0</retrieve_mode>
                            <request_method>0</request_method>
                            <output_format>0</output_format>
                            <allow_traps>0</allow_traps>
                            <ssl_cert_file/>
                            <ssl_key_file/>
                            <ssl_key_password/>
                            <verify_peer>0</verify_peer>
                            <verify_host>0</verify_host>
                            <application_prototypes>
                                <application_prototype>
                                    <name>{#APP} stats</name>
                                </application_prototype>
                            </application_prototypes>
                            <master_item>
                                <key>nextcloud[master,{#APP}]</key>
                            </master_item>
                        </item_prototype>
                        <item_prototype>
                            <name>{#APP} : type</name>
                            <type>18</type>
                            <snmp_community/>
                            <snmp_oid/>
                            <key>nextcloud[{#APP},type]</key>
                            <delay>0</delay>
                            <history>{$T_HISTORY_DATA}</history>
                            <trends>0</trends>
                            <status>0</status>
                            <value_type>1</value_type>
                            <allowed_hosts/>
                            <units/>
                            <snmpv3_contextname/>
                            <snmpv3_securityname/>
                            <snmpv3_securitylevel>0</snmpv3_securitylevel>
                            <snmpv3_authprotocol>0</snmpv3_authprotocol>
                            <snmpv3_authpassphrase/>
                            <snmpv3_privprotocol>0</snmpv3_privprotocol>
                            <snmpv3_privpassphrase/>
                            <params/>
                            <ipmi_sensor/>
                            <authtype>0</authtype>
                            <username/>
                            <password/>
                            <publickey/>
                            <privatekey/>
                            <port/>
                            <description/>
                            <inventory_link>0</inventory_link>
                            <applications/>
                            <valuemap/>
                            <logtimefmt/>
                            <preprocessing>
                                <step>
                                    <type>11</type>
                                    <params>string(//types/element)</params>
                                </step>
                            </preprocessing>
                            <jmx_endpoint/>
                            <timeout>3s</timeout>
                            <url/>
                            <query_fields/>
                            <posts/>
                            <status_codes>200</status_codes>
                            <follow_redirects>1</follow_redirects>
                            <post_type>0</post_type>
                            <http_proxy/>
                            <headers/>
                            <retrieve_mode>0</retrieve_mode>
                            <request_method>0</request_method>
                            <output_format>0</output_format>
                            <allow_traps>0</allow_traps>
                            <ssl_cert_file/>
                            <ssl_key_file/>
                            <ssl_key_password/>
                            <verify_peer>0</verify_peer>
                            <verify_host>0</verify_host>
                            <application_prototypes>
                                <application_prototype>
                                    <name>{#APP} stats</name>
                                </application_prototype>
                            </application_prototypes>
                            <master_item>
                                <key>nextcloud[master,{#APP}]</key>
                            </master_item>
                        </item_prototype>
                        <item_prototype>
                            <name>{#APP} : version</name>
                            <type>18</type>
                            <snmp_community/>
                            <snmp_oid/>
                            <key>nextcloud[{#APP},version]</key>
                            <delay>0</delay>
                            <history>{$T_HISTORY_DATA}</history>
                            <trends>0</trends>
                            <status>0</status>
                            <value_type>1</value_type>
                            <allowed_hosts/>
                            <units/>
                            <snmpv3_contextname/>
                            <snmpv3_securityname/>
                            <snmpv3_securitylevel>0</snmpv3_securitylevel>
                            <snmpv3_authprotocol>0</snmpv3_authprotocol>
                            <snmpv3_authpassphrase/>
                            <snmpv3_privprotocol>0</snmpv3_privprotocol>
                            <snmpv3_privpassphrase/>
                            <params/>
                            <ipmi_sensor/>
                            <authtype>0</authtype>
                            <username/>
                            <password/>
                            <publickey/>
                            <privatekey/>
                            <port/>
                            <description/>
                            <inventory_link>0</inventory_link>
                            <applications/>
                            <valuemap/>
                            <logtimefmt/>
                            <preprocessing>
                                <step>
                                    <type>11</type>
                                    <params>string(//data/version)</params>
                                </step>
                            </preprocessing>
                            <jmx_endpoint/>
                            <timeout>3s</timeout>
                            <url/>
                            <query_fields/>
                            <posts/>
                            <status_codes>200</status_codes>
                            <follow_redirects>1</follow_redirects>
                            <post_type>0</post_type>
                            <http_proxy/>
                            <headers/>
                            <retrieve_mode>0</retrieve_mode>
                            <request_method>0</request_method>
                            <output_format>0</output_format>
                            <allow_traps>0</allow_traps>
                            <ssl_cert_file/>
                            <ssl_key_file/>
                            <ssl_key_password/>
                            <verify_peer>0</verify_peer>
                            <verify_host>0</verify_host>
                            <application_prototypes>
                                <application_prototype>
                                    <name>{#APP} stats</name>
                                </application_prototype>
                            </application_prototypes>
                            <master_item>
                                <key>nextcloud[master,{#APP}]</key>
                            </master_item>
                        </item_prototype>
                    </item_prototypes>
                    <trigger_prototypes>
                        <trigger_prototype>
                            <expression>{NextCloud Template:nextcloud[{#APP},version].diff()}=1</expression>
                            <recovery_mode>0</recovery_mode>
                            <recovery_expression/>
                            <name>The version of {#APP} has been changed to {ITEM.VALUE}</name>
                            <correlation_mode>0</correlation_mode>
                            <correlation_tag/>
                            <url/>
                            <status>0</status>
                            <priority>1</priority>
                            <description/>
                            <type>0</type>
                            <manual_close>1</manual_close>
                            <dependencies/>
                            <tags>
                                <tag>
                                    <tag>Application</tag>
                                    <value>{#APP}</value>
                                </tag>
                                <tag>
                                    <tag>Software</tag>
                                    <value>NextCloud</value>
                                </tag>
                            </tags>
                        </trigger_prototype>
                    </trigger_prototypes>
                    <graph_prototypes/>
                    <host_prototypes/>
                    <jmx_endpoint/>
                    <timeout>3s</timeout>
                    <url/>
                    <query_fields/>
                    <posts/>
                    <status_codes>200</status_codes>
                    <follow_redirects>1</follow_redirects>
                    <post_type>0</post_type>
                    <http_proxy/>
                    <headers/>
                    <retrieve_mode>0</retrieve_mode>
                    <request_method>0</request_method>
                    <allow_traps>0</allow_traps>
                    <ssl_cert_file/>
                    <ssl_key_file/>
                    <ssl_key_password/>
                    <verify_peer>0</verify_peer>
                    <verify_host>0</verify_host>
                </discovery_rule>
                <discovery_rule>
                    <name>Get Users</name>
                    <type>10</type>
                    <snmp_community/>
                    <snmp_oid/>
                    <key>nextcloud.sh[{$T_NEXTCLOUD_USER},{$T_NEXTCLOUD_PASSWORD},{HOST.CONN}{$T_NEXTCLOUD_PATH},users]</key>
                    <delay>{$T_UPDATE_INTERVAL_DISCOVERY}</delay>
                    <status>0</status>
                    <allowed_hosts/>
                    <snmpv3_contextname/>
                    <snmpv3_securityname/>
                    <snmpv3_securitylevel>0</snmpv3_securitylevel>
                    <snmpv3_authprotocol>0</snmpv3_authprotocol>
                    <snmpv3_authpassphrase/>
                    <snmpv3_privprotocol>0</snmpv3_privprotocol>
                    <snmpv3_privpassphrase/>
                    <params/>
                    <ipmi_sensor/>
                    <authtype>0</authtype>
                    <username/>
                    <password/>
                    <publickey/>
                    <privatekey/>
                    <port/>
                    <filter>
                        <evaltype>0</evaltype>
                        <formula/>
                        <conditions/>
                    </filter>
                    <lifetime>{$T_KEEP_LOST_PERIOD}</lifetime>
                    <description/>
                    <item_prototypes>
                        <item_prototype>
                            <name>{#USERNAME} : last login time</name>
                            <type>18</type>
                            <snmp_community/>
                            <snmp_oid/>
                            <key>nextcloud[lastLogin,{#USERNAME}]</key>
                            <delay>0</delay>
                            <history>{$T_HISTORY_DATA}</history>
                            <trends>{$T_TRENDS_DATA}</trends>
                            <status>0</status>
                            <value_type>3</value_type>
                            <allowed_hosts/>
                            <units>unixtime</units>
                            <snmpv3_contextname/>
                            <snmpv3_securityname/>
                            <snmpv3_securitylevel>0</snmpv3_securitylevel>
                            <snmpv3_authprotocol>0</snmpv3_authprotocol>
                            <snmpv3_authpassphrase/>
                            <snmpv3_privprotocol>0</snmpv3_privprotocol>
                            <snmpv3_privpassphrase/>
                            <params/>
                            <ipmi_sensor/>
                            <authtype>0</authtype>
                            <username/>
                            <password/>
                            <publickey/>
                            <privatekey/>
                            <port/>
                            <description/>
                            <inventory_link>0</inventory_link>
                            <applications/>
                            <valuemap/>
                            <logtimefmt/>
                            <preprocessing>
                                <step>
                                    <type>11</type>
                                    <params>number(/ocs/data/lastLogin)</params>
                                </step>
                                <step>
                                    <type>1</type>
                                    <params>0.001</params>
                                </step>
                            </preprocessing>
                            <jmx_endpoint/>
                            <timeout>3s</timeout>
                            <url/>
                            <query_fields/>
                            <posts/>
                            <status_codes>200</status_codes>
                            <follow_redirects>1</follow_redirects>
                            <post_type>0</post_type>
                            <http_proxy/>
                            <headers/>
                            <retrieve_mode>0</retrieve_mode>
                            <request_method>0</request_method>
                            <output_format>0</output_format>
                            <allow_traps>0</allow_traps>
                            <ssl_cert_file/>
                            <ssl_key_file/>
                            <ssl_key_password/>
                            <verify_peer>0</verify_peer>
                            <verify_host>0</verify_host>
                            <application_prototypes>
                                <application_prototype>
                                    <name>{#USERNAME} user stats</name>
                                </application_prototype>
                            </application_prototypes>
                            <master_item>
                                <key>nextcloud[master,{#USERNAME}]</key>
                            </master_item>
                        </item_prototype>
                        <item_prototype>
                            <name>{#USERNAME} master item</name>
                            <type>19</type>
                            <snmp_community/>
                            <snmp_oid/>
                            <key>nextcloud[master,{#USERNAME}]</key>
                            <delay>{$T_UPDATE_INTERVAL_MASTER}</delay>
                            <history>{$T_HISTORY_MASTER}</history>
                            <trends>0</trends>
                            <status>0</status>
                            <value_type>4</value_type>
                            <allowed_hosts/>
                            <units/>
                            <snmpv3_contextname/>
                            <snmpv3_securityname/>
                            <snmpv3_securitylevel>0</snmpv3_securitylevel>
                            <snmpv3_authprotocol>0</snmpv3_authprotocol>
                            <snmpv3_authpassphrase/>
                            <snmpv3_privprotocol>0</snmpv3_privprotocol>
                            <snmpv3_privpassphrase/>
                            <params/>
                            <ipmi_sensor/>
                            <authtype>1</authtype>
                            <username>{$T_NEXTCLOUD_USER}</username>
                            <password>{$T_NEXTCLOUD_PASSWORD}</password>
                            <publickey/>
                            <privatekey/>
                            <port/>
                            <description/>
                            <inventory_link>0</inventory_link>
                            <applications>
                                <application>
                                    <name>Master Item</name>
                                </application>
                            </applications>
                            <valuemap/>
                            <logtimefmt/>
                            <preprocessing/>
                            <jmx_endpoint/>
                            <timeout>3s</timeout>
                            <url>http://{HOST.CONN}{$T_NEXTCLOUD_PATH}/ocs/v1.php/cloud/users/{#USERNAME}</url>
                            <query_fields/>
                            <posts/>
                            <status_codes>200</status_codes>
                            <follow_redirects>1</follow_redirects>
                            <post_type>0</post_type>
                            <http_proxy/>
                            <headers>
                                <header>
                                    <name>OCS-APIRequest</name>
                                    <value>true</value>
                                </header>
                            </headers>
                            <retrieve_mode>0</retrieve_mode>
                            <request_method>0</request_method>
                            <output_format>0</output_format>
                            <allow_traps>0</allow_traps>
                            <ssl_cert_file/>
                            <ssl_key_file/>
                            <ssl_key_password/>
                            <verify_peer>0</verify_peer>
                            <verify_host>0</verify_host>
                            <application_prototypes/>
                            <master_item/>
                        </item_prototype>
                        <item_prototype>
                            <name>{#USERNAME} : configured quota</name>
                            <type>18</type>
                            <snmp_community/>
                            <snmp_oid/>
                            <key>nextcloud[quota,{#USERNAME}]</key>
                            <delay>0</delay>
                            <history>{$T_HISTORY_DATA}</history>
                            <trends>{$T_TRENDS_DATA}</trends>
                            <status>0</status>
                            <value_type>3</value_type>
                            <allowed_hosts/>
                            <units>B</units>
                            <snmpv3_contextname/>
                            <snmpv3_securityname/>
                            <snmpv3_securitylevel>0</snmpv3_securitylevel>
                            <snmpv3_authprotocol>0</snmpv3_authprotocol>
                            <snmpv3_authpassphrase/>
                            <snmpv3_privprotocol>0</snmpv3_privprotocol>
                            <snmpv3_privpassphrase/>
                            <params/>
                            <ipmi_sensor/>
                            <authtype>0</authtype>
                            <username/>
                            <password/>
                            <publickey/>
                            <privatekey/>
                            <port/>
                            <description/>
                            <inventory_link>0</inventory_link>
                            <applications/>
                            <valuemap/>
                            <logtimefmt/>
                            <preprocessing>
                                <step>
                                    <type>11</type>
                                    <params>number(//quota/quota)</params>
                                </step>
                            </preprocessing>
                            <jmx_endpoint/>
                            <timeout>3s</timeout>
                            <url/>
                            <query_fields/>
                            <posts/>
                            <status_codes>200</status_codes>
                            <follow_redirects>1</follow_redirects>
                            <post_type>0</post_type>
                            <http_proxy/>
                            <headers/>
                            <retrieve_mode>0</retrieve_mode>
                            <request_method>0</request_method>
                            <output_format>0</output_format>
                            <allow_traps>0</allow_traps>
                            <ssl_cert_file/>
                            <ssl_key_file/>
                            <ssl_key_password/>
                            <verify_peer>0</verify_peer>
                            <verify_host>0</verify_host>
                            <application_prototypes>
                                <application_prototype>
                                    <name>{#USERNAME} user stats</name>
                                </application_prototype>
                            </application_prototypes>
                            <master_item>
                                <key>nextcloud[master,{#USERNAME}]</key>
                            </master_item>
                        </item_prototype>
                        <item_prototype>
                            <name>{#USERNAME} : state</name>
                            <type>18</type>
                            <snmp_community/>
                            <snmp_oid/>
                            <key>nextcloud[state,{#USERNAME}]</key>
                            <delay>0</delay>
                            <history>{$T_HISTORY_DATA}</history>
                            <trends>{$T_TRENDS_DATA}</trends>
                            <status>0</status>
                            <value_type>3</value_type>
                            <allowed_hosts/>
                            <units/>
                            <snmpv3_contextname/>
                            <snmpv3_securityname/>
                            <snmpv3_securitylevel>0</snmpv3_securitylevel>
                            <snmpv3_authprotocol>0</snmpv3_authprotocol>
                            <snmpv3_authpassphrase/>
                            <snmpv3_privprotocol>0</snmpv3_privprotocol>
                            <snmpv3_privpassphrase/>
                            <params/>
                            <ipmi_sensor/>
                            <authtype>0</authtype>
                            <username/>
                            <password/>
                            <publickey/>
                            <privatekey/>
                            <port/>
                            <description/>
                            <inventory_link>0</inventory_link>
                            <applications/>
                            <valuemap/>
                            <logtimefmt/>
                            <preprocessing>
                                <step>
                                    <type>11</type>
                                    <params>number(//data/enabled)</params>
                                </step>
                            </preprocessing>
                            <jmx_endpoint/>
                            <timeout>3s</timeout>
                            <url/>
                            <query_fields/>
                            <posts/>
                            <status_codes>200</status_codes>
                            <follow_redirects>1</follow_redirects>
                            <post_type>0</post_type>
                            <http_proxy/>
                            <headers/>
                            <retrieve_mode>0</retrieve_mode>
                            <request_method>0</request_method>
                            <output_format>0</output_format>
                            <allow_traps>0</allow_traps>
                            <ssl_cert_file/>
                            <ssl_key_file/>
                            <ssl_key_password/>
                            <verify_peer>0</verify_peer>
                            <verify_host>0</verify_host>
                            <application_prototypes>
                                <application_prototype>
                                    <name>{#USERNAME} user stats</name>
                                </application_prototype>
                            </application_prototypes>
                            <master_item>
                                <key>nextcloud[master,{#USERNAME}]</key>
                            </master_item>
                        </item_prototype>
                        <item_prototype>
                            <name>{#USERNAME} : used space</name>
                            <type>18</type>
                            <snmp_community/>
                            <snmp_oid/>
                            <key>nextcloud[used,{#USERNAME}]</key>
                            <delay>0</delay>
                            <history>{$T_HISTORY_DATA}</history>
                            <trends>{$T_TRENDS_DATA}</trends>
                            <status>0</status>
                            <value_type>3</value_type>
                            <allowed_hosts/>
                            <units>B</units>
                            <snmpv3_contextname/>
                            <snmpv3_securityname/>
                            <snmpv3_securitylevel>0</snmpv3_securitylevel>
                            <snmpv3_authprotocol>0</snmpv3_authprotocol>
                            <snmpv3_authpassphrase/>
                            <snmpv3_privprotocol>0</snmpv3_privprotocol>
                            <snmpv3_privpassphrase/>
                            <params/>
                            <ipmi_sensor/>
                            <authtype>0</authtype>
                            <username/>
                            <password/>
                            <publickey/>
                            <privatekey/>
                            <port/>
                            <description/>
                            <inventory_link>0</inventory_link>
                            <applications/>
                            <valuemap/>
                            <logtimefmt/>
                            <preprocessing>
                                <step>
                                    <type>11</type>
                                    <params>number(//quota/used)</params>
                                </step>
                            </preprocessing>
                            <jmx_endpoint/>
                            <timeout>3s</timeout>
                            <url/>
                            <query_fields/>
                            <posts/>
                            <status_codes>200</status_codes>
                            <follow_redirects>1</follow_redirects>
                            <post_type>0</post_type>
                            <http_proxy/>
                            <headers/>
                            <retrieve_mode>0</retrieve_mode>
                            <request_method>0</request_method>
                            <output_format>0</output_format>
                            <allow_traps>0</allow_traps>
                            <ssl_cert_file/>
                            <ssl_key_file/>
                            <ssl_key_password/>
                            <verify_peer>0</verify_peer>
                            <verify_host>0</verify_host>
                            <application_prototypes>
                                <application_prototype>
                                    <name>{#USERNAME} user stats</name>
                                </application_prototype>
                            </application_prototypes>
                            <master_item>
                                <key>nextcloud[master,{#USERNAME}]</key>
                            </master_item>
                        </item_prototype>
                    </item_prototypes>
                    <trigger_prototypes>
                        <trigger_prototype>
                            <expression>{NextCloud Template:nextcloud[used,{#USERNAME}].last()}&gt;({NextCloud Template:nextcloud[used,{#USERNAME}].prev()}*2)</expression>
                            <recovery_mode>0</recovery_mode>
                            <recovery_expression/>
                            <name>Huge growth in consumed space by {#USERNAME}</name>
                            <correlation_mode>0</correlation_mode>
                            <correlation_tag/>
                            <url/>
                            <status>0</status>
                            <priority>2</priority>
                            <description/>
                            <type>0</type>
                            <manual_close>1</manual_close>
                            <dependencies/>
                            <tags>
                                <tag>
                                    <tag>Software</tag>
                                    <value>NextCloud</value>
                                </tag>
                                <tag>
                                    <tag>User</tag>
                                    <value>{#USERNAME}</value>
                                </tag>
                            </tags>
                        </trigger_prototype>
                    </trigger_prototypes>
                    <graph_prototypes>
                        <graph_prototype>
                            <name>{#USERNAME}: Consumed space and configured quota</name>
                            <width>900</width>
                            <height>200</height>
                            <yaxismin>0.0000</yaxismin>
                            <yaxismax>0.0000</yaxismax>
                            <show_work_period>0</show_work_period>
                            <show_triggers>0</show_triggers>
                            <type>2</type>
                            <show_legend>1</show_legend>
                            <show_3d>1</show_3d>
                            <percent_left>0.0000</percent_left>
                            <percent_right>0.0000</percent_right>
                            <ymin_type_1>0</ymin_type_1>
                            <ymax_type_1>0</ymax_type_1>
                            <ymin_item_1>0</ymin_item_1>
                            <ymax_item_1>0</ymax_item_1>
                            <graph_items>
                                <graph_item>
                                    <sortorder>0</sortorder>
                                    <drawtype>0</drawtype>
                                    <color>1A7C11</color>
                                    <yaxisside>0</yaxisside>
                                    <calc_fnc>2</calc_fnc>
                                    <type>0</type>
                                    <item>
                                        <host>NextCloud Template</host>
                                        <key>nextcloud[quota,{#USERNAME}]</key>
                                    </item>
                                </graph_item>
                                <graph_item>
                                    <sortorder>1</sortorder>
                                    <drawtype>0</drawtype>
                                    <color>F63100</color>
                                    <yaxisside>0</yaxisside>
                                    <calc_fnc>2</calc_fnc>
                                    <type>0</type>
                                    <item>
                                        <host>NextCloud Template</host>
                                        <key>nextcloud[used,{#USERNAME}]</key>
                                    </item>
                                </graph_item>
                            </graph_items>
                        </graph_prototype>
                    </graph_prototypes>
                    <host_prototypes/>
                    <jmx_endpoint/>
                    <timeout>3s</timeout>
                    <url/>
                    <query_fields/>
                    <posts/>
                    <status_codes>200</status_codes>
                    <follow_redirects>1</follow_redirects>
                    <post_type>0</post_type>
                    <http_proxy/>
                    <headers/>
                    <retrieve_mode>0</retrieve_mode>
                    <request_method>0</request_method>
                    <allow_traps>0</allow_traps>
                    <ssl_cert_file/>
                    <ssl_key_file/>
                    <ssl_key_password/>
                    <verify_peer>0</verify_peer>
                    <verify_host>0</verify_host>
                </discovery_rule>
            </discovery_rules>
            <httptests/>
            <macros>
                <macro>
                    <macro>{$T_HISTORY_DATA}</macro>
                    <value>90d</value>
                </macro>
                <macro>
                    <macro>{$T_HISTORY_MASTER}</macro>
                    <value>1h</value>
                </macro>
                <macro>
                    <macro>{$T_HTTP_PROTOCOL}</macro>
                    <value>http</value>
                </macro>
                <macro>
                    <macro>{$T_KEEP_LOST_PERIOD}</macro>
                    <value>0</value>
                </macro>
                <macro>
                    <macro>{$T_NEXTCLOUD_PASSWORD}</macro>
                    <value>password-placeholder-123</value>
                </macro>
                <macro>
                    <macro>{$T_NEXTCLOUD_PATH}</macro>
                    <value>/nextcloud</value>
                </macro>
                <macro>
                    <macro>{$T_NEXTCLOUD_USER}</macro>
                    <value>Admin</value>
                </macro>
                <macro>
                    <macro>{$T_TRENDS_DATA}</macro>
                    <value>365d</value>
                </macro>
                <macro>
                    <macro>{$T_UPDATE_INTERVAL_DISCOVERY}</macro>
                    <value>5m</value>
                </macro>
                <macro>
                    <macro>{$T_UPDATE_INTERVAL_MASTER}</macro>
                    <value>5m</value>
                </macro>
                <macro>
                    <macro>{$T_UPDATE_INTERVAL_MASTER_APPS}</macro>
                    <value>10m</value>
                </macro>
            </macros>
            <templates/>
            <screens/>
        </template>
    </templates>
    <triggers>
        <trigger>
            <expression>{NextCloud Template:nextcloud[info,version].diff()}=1</expression>
            <recovery_mode>0</recovery_mode>
            <recovery_expression/>
            <name>The NextCloud version just changed to {ITEM.VALUE}</name>
            <correlation_mode>0</correlation_mode>
            <correlation_tag/>
            <url/>
            <status>0</status>
            <priority>1</priority>
            <description/>
            <type>0</type>
            <manual_close>1</manual_close>
            <dependencies/>
            <tags>
                <tag>
                    <tag>Software</tag>
                    <value>NextCloud</value>
                </tag>
            </tags>
        </trigger>
        <trigger>
            <expression>{NextCloud Template:nextcloud[info,paswordless_shared_links].count(10m,1,ge)}&gt;1</expression>
            <recovery_mode>0</recovery_mode>
            <recovery_expression/>
            <name>Your NextCloud has pasword-less links</name>
            <correlation_mode>0</correlation_mode>
            <correlation_tag/>
            <url/>
            <status>0</status>
            <priority>1</priority>
            <description/>
            <type>0</type>
            <manual_close>1</manual_close>
            <dependencies/>
            <tags>
                <tag>
                    <tag>Software</tag>
                    <value>NextCloud</value>
                </tag>
            </tags>
        </trigger>
    </triggers>
    <graphs>
        <graph>
            <name>NextCloud DB size</name>
            <width>900</width>
            <height>200</height>
            <yaxismin>0.0000</yaxismin>
            <yaxismax>100.0000</yaxismax>
            <show_work_period>1</show_work_period>
            <show_triggers>1</show_triggers>
            <type>0</type>
            <show_legend>1</show_legend>
            <show_3d>0</show_3d>
            <percent_left>0.0000</percent_left>
            <percent_right>0.0000</percent_right>
            <ymin_type_1>0</ymin_type_1>
            <ymax_type_1>0</ymax_type_1>
            <ymin_item_1>0</ymin_item_1>
            <ymax_item_1>0</ymax_item_1>
            <graph_items>
                <graph_item>
                    <sortorder>0</sortorder>
                    <drawtype>0</drawtype>
                    <color>1A7C11</color>
                    <yaxisside>0</yaxisside>
                    <calc_fnc>2</calc_fnc>
                    <type>0</type>
                    <item>
                        <host>NextCloud Template</host>
                        <key>nextcloud[info,dbsize]</key>
                    </item>
                </graph_item>
            </graph_items>
        </graph>
    </graphs>
    <value_maps>
        <value_map>
            <name>T_NextCloud_Password_Policy</name>
            <mappings>
                <mapping>
                    <value>1</value>
                    <newvalue>Yes</newvalue>
                </mapping>
            </mappings>
        </value_map>
    </value_maps>
</zabbix_export>
