<?xml version="1.0" encoding="UTF-8"?>
<zabbix_export>
    <version>3.4</version>
    <date>2020-02-27T07:41:18Z</date>
    <groups>
        <group>
            <name>Templates</name>
        </group>
    </groups>
    <templates>
        <template>
            <template>Winupdates_vbs</template>
            <name>Winupdates_vbs</name>
            <description/>
            <groups>
                <group>
                    <name>Templates</name>
                </group>
            </groups>
            <applications>
                <application>
                    <name>Winupdates vbs</name>
                </application>
                <application>
                    <name>Winupdates vbs panel</name>
                </application>
            </applications>
            <items>
                <item>
                    <name>WUz - Startup (&lt;=2)</name>
                    <type>0</type>
                    <snmp_community/>
                    <snmp_oid/>
                    <key>service.info[wuauserv,startup]</key>
                    <delay>4h</delay>
                    <history>30d</history>
                    <trends>30d</trends>
                    <status>0</status>
                    <value_type>3</value_type>
                    <allowed_hosts/>
                    <units/>
                    <snmpv3_contextname/>
                    <snmpv3_securityname/>
                    <snmpv3_securitylevel>0</snmpv3_securitylevel>
                    <snmpv3_authprotocol>0</snmpv3_authprotocol>
                    <snmpv3_authpassphrase/>
                    <snmpv3_privprotocol>0</snmpv3_privprotocol>
                    <snmpv3_privpassphrase/>
                    <params/>
                    <ipmi_sensor/>
                    <authtype>0</authtype>
                    <username/>
                    <password/>
                    <publickey/>
                    <privatekey/>
                    <port/>
                    <description>Windows Update service startup mode:&#13;
0 - auto,&#13;
1 - auto (delayed launch),&#13;
2 - manual,&#13;
3 - disable,&#13;
4 - unknown.</description>
                    <inventory_link>0</inventory_link>
                    <applications>
                        <application>
                            <name>Winupdates vbs panel</name>
                        </application>
                    </applications>
                    <valuemap/>
                    <logtimefmt/>
                    <preprocessing/>
                    <jmx_endpoint/>
                    <master_item/>
                </item>
                <item>
                    <name>WU - WinupdatesCheckLast</name>
                    <type>0</type>
                    <snmp_community/>
                    <snmp_oid/>
                    <key>system.run[c:\zabbix\plugins\zbx.winupdate.vbs &quot;{$ZSENDER}&quot; &quot;{$ZCONF}&quot;,nowait]</key>
                    <delay>4h</delay>
                    <history>1d</history>
                    <trends>0</trends>
                    <status>0</status>
                    <value_type>2</value_type>
                    <allowed_hosts/>
                    <units/>
                    <snmpv3_contextname/>
                    <snmpv3_securityname/>
                    <snmpv3_securitylevel>0</snmpv3_securitylevel>
                    <snmpv3_authprotocol>0</snmpv3_authprotocol>
                    <snmpv3_authpassphrase/>
                    <snmpv3_privprotocol>0</snmpv3_privprotocol>
                    <snmpv3_privpassphrase/>
                    <params/>
                    <ipmi_sensor/>
                    <authtype>0</authtype>
                    <username/>
                    <password/>
                    <publickey/>
                    <privatekey/>
                    <port/>
                    <description>Launch windows update check script</description>
                    <inventory_link>0</inventory_link>
                    <applications>
                        <application>
                            <name>Winupdates vbs</name>
                        </application>
                    </applications>
                    <valuemap/>
                    <logtimefmt/>
                    <preprocessing/>
                    <jmx_endpoint/>
                    <master_item/>
                </item>
                <item>
                    <name>WU - All</name>
                    <type>2</type>
                    <snmp_community/>
                    <snmp_oid/>
                    <key>zbx.winupdate.vbs.all</key>
                    <delay>0</delay>
                    <history>30d</history>
                    <trends>30d</trends>
                    <status>0</status>
                    <value_type>3</value_type>
                    <allowed_hosts/>
                    <units/>
                    <snmpv3_contextname/>
                    <snmpv3_securityname/>
                    <snmpv3_securitylevel>0</snmpv3_securitylevel>
                    <snmpv3_authprotocol>0</snmpv3_authprotocol>
                    <snmpv3_authpassphrase/>
                    <snmpv3_privprotocol>0</snmpv3_privprotocol>
                    <snmpv3_privpassphrase/>
                    <params/>
                    <ipmi_sensor/>
                    <authtype>0</authtype>
                    <username/>
                    <password/>
                    <publickey/>
                    <privatekey/>
                    <port/>
                    <description>All available Windows updates</description>
                    <inventory_link>0</inventory_link>
                    <applications>
                        <application>
                            <name>Winupdates vbs panel</name>
                        </application>
                    </applications>
                    <valuemap/>
                    <logtimefmt/>
                    <preprocessing/>
                    <jmx_endpoint/>
                    <master_item/>
                </item>
                <item>
                    <name>WU - Critical</name>
                    <type>2</type>
                    <snmp_community/>
                    <snmp_oid/>
                    <key>zbx.winupdate.vbs.critical</key>
                    <delay>0</delay>
                    <history>30d</history>
                    <trends>30d</trends>
                    <status>0</status>
                    <value_type>3</value_type>
                    <allowed_hosts/>
                    <units/>
                    <snmpv3_contextname/>
                    <snmpv3_securityname/>
                    <snmpv3_securitylevel>0</snmpv3_securitylevel>
                    <snmpv3_authprotocol>0</snmpv3_authprotocol>
                    <snmpv3_authpassphrase/>
                    <snmpv3_privprotocol>0</snmpv3_privprotocol>
                    <snmpv3_privpassphrase/>
                    <params/>
                    <ipmi_sensor/>
                    <authtype>0</authtype>
                    <username/>
                    <password/>
                    <publickey/>
                    <privatekey/>
                    <port/>
                    <description>Critical Windows updates</description>
                    <inventory_link>0</inventory_link>
                    <applications>
                        <application>
                            <name>Winupdates vbs panel</name>
                        </application>
                    </applications>
                    <valuemap/>
                    <logtimefmt/>
                    <preprocessing/>
                    <jmx_endpoint/>
                    <master_item/>
                </item>
                <item>
                    <name>WUz - DateTime</name>
                    <type>2</type>
                    <snmp_community/>
                    <snmp_oid/>
                    <key>zbx.winupdate.vbs.datetime</key>
                    <delay>0</delay>
                    <history>30d</history>
                    <trends>0</trends>
                    <status>0</status>
                    <value_type>4</value_type>
                    <allowed_hosts/>
                    <units/>
                    <snmpv3_contextname/>
                    <snmpv3_securityname/>
                    <snmpv3_securitylevel>0</snmpv3_securitylevel>
                    <snmpv3_authprotocol>0</snmpv3_authprotocol>
                    <snmpv3_authpassphrase/>
                    <snmpv3_privprotocol>0</snmpv3_privprotocol>
                    <snmpv3_privpassphrase/>
                    <params/>
                    <ipmi_sensor/>
                    <authtype>0</authtype>
                    <username/>
                    <password/>
                    <publickey/>
                    <privatekey/>
                    <port/>
                    <description>Return last check Date and Time</description>
                    <inventory_link>0</inventory_link>
                    <applications>
                        <application>
                            <name>Winupdates vbs panel</name>
                        </application>
                    </applications>
                    <valuemap/>
                    <logtimefmt/>
                    <preprocessing/>
                    <jmx_endpoint/>
                    <master_item/>
                </item>
                <item>
                    <name>WU - Definition</name>
                    <type>2</type>
                    <snmp_community/>
                    <snmp_oid/>
                    <key>zbx.winupdate.vbs.definition</key>
                    <delay>0</delay>
                    <history>30d</history>
                    <trends>30d</trends>
                    <status>0</status>
                    <value_type>3</value_type>
                    <allowed_hosts/>
                    <units/>
                    <snmpv3_contextname/>
                    <snmpv3_securityname/>
                    <snmpv3_securitylevel>0</snmpv3_securitylevel>
                    <snmpv3_authprotocol>0</snmpv3_authprotocol>
                    <snmpv3_authpassphrase/>
                    <snmpv3_privprotocol>0</snmpv3_privprotocol>
                    <snmpv3_privpassphrase/>
                    <params/>
                    <ipmi_sensor/>
                    <authtype>0</authtype>
                    <username/>
                    <password/>
                    <publickey/>
                    <privatekey/>
                    <port/>
                    <description>Definition Windows updates</description>
                    <inventory_link>0</inventory_link>
                    <applications>
                        <application>
                            <name>Winupdates vbs panel</name>
                        </application>
                    </applications>
                    <valuemap/>
                    <logtimefmt/>
                    <preprocessing/>
                    <jmx_endpoint/>
                    <master_item/>
                </item>
                <item>
                    <name>WU reboot - Required now</name>
                    <type>2</type>
                    <snmp_community/>
                    <snmp_oid/>
                    <key>zbx.winupdate.vbs.rebootrequired</key>
                    <delay>0</delay>
                    <history>30d</history>
                    <trends>30d</trends>
                    <status>0</status>
                    <value_type>3</value_type>
                    <allowed_hosts/>
                    <units/>
                    <snmpv3_contextname/>
                    <snmpv3_securityname/>
                    <snmpv3_securitylevel>0</snmpv3_securitylevel>
                    <snmpv3_authprotocol>0</snmpv3_authprotocol>
                    <snmpv3_authpassphrase/>
                    <snmpv3_privprotocol>0</snmpv3_privprotocol>
                    <snmpv3_privpassphrase/>
                    <params/>
                    <ipmi_sensor/>
                    <authtype>0</authtype>
                    <username/>
                    <password/>
                    <publickey/>
                    <privatekey/>
                    <port/>
                    <description>Is reboot required:&#13;
1 - true,&#13;
0 - false.</description>
                    <inventory_link>0</inventory_link>
                    <applications>
                        <application>
                            <name>Winupdates vbs panel</name>
                        </application>
                    </applications>
                    <valuemap/>
                    <logtimefmt/>
                    <preprocessing/>
                    <jmx_endpoint/>
                    <master_item/>
                </item>
                <item>
                    <name>WU - Security</name>
                    <type>2</type>
                    <snmp_community/>
                    <snmp_oid/>
                    <key>zbx.winupdate.vbs.security</key>
                    <delay>0</delay>
                    <history>30d</history>
                    <trends>30d</trends>
                    <status>0</status>
                    <value_type>3</value_type>
                    <allowed_hosts/>
                    <units/>
                    <snmpv3_contextname/>
                    <snmpv3_securityname/>
                    <snmpv3_securitylevel>0</snmpv3_securitylevel>
                    <snmpv3_authprotocol>0</snmpv3_authprotocol>
                    <snmpv3_authpassphrase/>
                    <snmpv3_privprotocol>0</snmpv3_privprotocol>
                    <snmpv3_privpassphrase/>
                    <params/>
                    <ipmi_sensor/>
                    <authtype>0</authtype>
                    <username/>
                    <password/>
                    <publickey/>
                    <privatekey/>
                    <port/>
                    <description>Security Windows updates</description>
                    <inventory_link>0</inventory_link>
                    <applications>
                        <application>
                            <name>Winupdates vbs panel</name>
                        </application>
                    </applications>
                    <valuemap/>
                    <logtimefmt/>
                    <preprocessing/>
                    <jmx_endpoint/>
                    <master_item/>
                </item>
                <item>
                    <name>WU - ServicePacks</name>
                    <type>2</type>
                    <snmp_community/>
                    <snmp_oid/>
                    <key>zbx.winupdate.vbs.servicepacks</key>
                    <delay>0</delay>
                    <history>30d</history>
                    <trends>30d</trends>
                    <status>0</status>
                    <value_type>3</value_type>
                    <allowed_hosts/>
                    <units/>
                    <snmpv3_contextname/>
                    <snmpv3_securityname/>
                    <snmpv3_securitylevel>0</snmpv3_securitylevel>
                    <snmpv3_authprotocol>0</snmpv3_authprotocol>
                    <snmpv3_authpassphrase/>
                    <snmpv3_privprotocol>0</snmpv3_privprotocol>
                    <snmpv3_privpassphrase/>
                    <params/>
                    <ipmi_sensor/>
                    <authtype>0</authtype>
                    <username/>
                    <password/>
                    <publickey/>
                    <privatekey/>
                    <port/>
                    <description>ServicePacks Windows updates</description>
                    <inventory_link>0</inventory_link>
                    <applications>
                        <application>
                            <name>Winupdates vbs panel</name>
                        </application>
                    </applications>
                    <valuemap/>
                    <logtimefmt/>
                    <preprocessing/>
                    <jmx_endpoint/>
                    <master_item/>
                </item>
                <item>
                    <name>WU - UpdateRollUps</name>
                    <type>2</type>
                    <snmp_community/>
                    <snmp_oid/>
                    <key>zbx.winupdate.vbs.updaterollups</key>
                    <delay>0</delay>
                    <history>30d</history>
                    <trends>30d</trends>
                    <status>0</status>
                    <value_type>3</value_type>
                    <allowed_hosts/>
                    <units/>
                    <snmpv3_contextname/>
                    <snmpv3_securityname/>
                    <snmpv3_securitylevel>0</snmpv3_securitylevel>
                    <snmpv3_authprotocol>0</snmpv3_authprotocol>
                    <snmpv3_authpassphrase/>
                    <snmpv3_privprotocol>0</snmpv3_privprotocol>
                    <snmpv3_privpassphrase/>
                    <params/>
                    <ipmi_sensor/>
                    <authtype>0</authtype>
                    <username/>
                    <password/>
                    <publickey/>
                    <privatekey/>
                    <port/>
                    <description>UpdateRollUps Windows updates</description>
                    <inventory_link>0</inventory_link>
                    <applications>
                        <application>
                            <name>Winupdates vbs panel</name>
                        </application>
                    </applications>
                    <valuemap/>
                    <logtimefmt/>
                    <preprocessing/>
                    <jmx_endpoint/>
                    <master_item/>
                </item>
                <item>
                    <name>WU - WSUS availability</name>
                    <type>2</type>
                    <snmp_community/>
                    <snmp_oid/>
                    <key>zbx.winupdate.vbs.wsusavailability</key>
                    <delay>0</delay>
                    <history>30d</history>
                    <trends>30d</trends>
                    <status>0</status>
                    <value_type>3</value_type>
                    <allowed_hosts/>
                    <units/>
                    <snmpv3_contextname/>
                    <snmpv3_securityname/>
                    <snmpv3_securitylevel>0</snmpv3_securitylevel>
                    <snmpv3_authprotocol>0</snmpv3_authprotocol>
                    <snmpv3_authpassphrase/>
                    <snmpv3_privprotocol>0</snmpv3_privprotocol>
                    <snmpv3_privpassphrase/>
                    <params/>
                    <ipmi_sensor/>
                    <authtype>0</authtype>
                    <username/>
                    <password/>
                    <publickey/>
                    <privatekey/>
                    <port/>
                    <description>WSUS server availability</description>
                    <inventory_link>0</inventory_link>
                    <applications>
                        <application>
                            <name>Winupdates vbs</name>
                        </application>
                    </applications>
                    <valuemap/>
                    <logtimefmt/>
                    <preprocessing/>
                    <jmx_endpoint/>
                    <master_item/>
                </item>
            </items>
            <discovery_rules/>
            <httptests/>
            <macros/>
            <templates/>
            <screens/>
        </template>
    </templates>
    <triggers>
        <trigger>
            <expression>{Winupdates_vbs:service.info[wuauserv,startup].last()}=2</expression>
            <recovery_mode>0</recovery_mode>
            <recovery_expression/>
            <name>Detected manual startup state of Windows Updates Service on {HOST.NAME}</name>
            <correlation_mode>0</correlation_mode>
            <correlation_tag/>
            <url/>
            <status>0</status>
            <priority>1</priority>
            <description/>
            <type>0</type>
            <manual_close>0</manual_close>
            <dependencies/>
            <tags/>
        </trigger>
        <trigger>
            <expression>{Winupdates_vbs:zbx.winupdate.vbs.rebootrequired.last()}&lt;&gt;0</expression>
            <recovery_mode>0</recovery_mode>
            <recovery_expression/>
            <name>Reboot required to finish installing Windows updates for {HOST.NAME}</name>
            <correlation_mode>0</correlation_mode>
            <correlation_tag/>
            <url/>
            <status>0</status>
            <priority>4</priority>
            <description/>
            <type>0</type>
            <manual_close>0</manual_close>
            <dependencies/>
            <tags/>
        </trigger>
        <trigger>
            <expression>{Winupdates_vbs:zbx.winupdate.vbs.critical.last()}&gt;5</expression>
            <recovery_mode>0</recovery_mode>
            <recovery_expression/>
            <name>There are many critical Windows updates for {HOST.NAME}</name>
            <correlation_mode>0</correlation_mode>
            <correlation_tag/>
            <url/>
            <status>0</status>
            <priority>4</priority>
            <description/>
            <type>0</type>
            <manual_close>0</manual_close>
            <dependencies/>
            <tags/>
        </trigger>
        <trigger>
            <expression>{Winupdates_vbs:zbx.winupdate.vbs.security.last()}&gt;5</expression>
            <recovery_mode>0</recovery_mode>
            <recovery_expression/>
            <name>There are many security Windows updates for {HOST.NAME}</name>
            <correlation_mode>0</correlation_mode>
            <correlation_tag/>
            <url/>
            <status>0</status>
            <priority>4</priority>
            <description/>
            <type>0</type>
            <manual_close>0</manual_close>
            <dependencies/>
            <tags/>
        </trigger>
        <trigger>
            <expression>{Winupdates_vbs:zbx.winupdate.vbs.all.last()}&gt;10</expression>
            <recovery_mode>0</recovery_mode>
            <recovery_expression/>
            <name>There are many Windows updates for {HOST.NAME}</name>
            <correlation_mode>0</correlation_mode>
            <correlation_tag/>
            <url/>
            <status>0</status>
            <priority>3</priority>
            <description/>
            <type>0</type>
            <manual_close>0</manual_close>
            <dependencies/>
            <tags/>
        </trigger>
        <trigger>
            <expression>{Winupdates_vbs:zbx.winupdate.vbs.wsusavailability.last()}=0</expression>
            <recovery_mode>0</recovery_mode>
            <recovery_expression/>
            <name>Unable to get full list of Windows updates for {HOST.NAME}</name>
            <correlation_mode>0</correlation_mode>
            <correlation_tag/>
            <url/>
            <status>0</status>
            <priority>2</priority>
            <description>Perhaps WSUS server is unavailable</description>
            <type>0</type>
            <manual_close>0</manual_close>
            <dependencies/>
            <tags/>
        </trigger>
        <trigger>
            <expression>{Winupdates_vbs:service.info[wuauserv,startup].last()}=4</expression>
            <recovery_mode>0</recovery_mode>
            <recovery_expression/>
            <name>Windows Updates Service startup state is &quot;unknown&quot; on {HOST.NAME}</name>
            <correlation_mode>0</correlation_mode>
            <correlation_tag/>
            <url/>
            <status>0</status>
            <priority>2</priority>
            <description/>
            <type>0</type>
            <manual_close>0</manual_close>
            <dependencies/>
            <tags/>
        </trigger>
        <trigger>
            <expression>{Winupdates_vbs:service.info[wuauserv,startup].last()}=3</expression>
            <recovery_mode>0</recovery_mode>
            <recovery_expression/>
            <name>Windows Updates Service was been disabled on {HOST.NAME}</name>
            <correlation_mode>0</correlation_mode>
            <correlation_tag/>
            <url/>
            <status>0</status>
            <priority>2</priority>
            <description/>
            <type>0</type>
            <manual_close>0</manual_close>
            <dependencies/>
            <tags/>
        </trigger>
    </triggers>
</zabbix_export>
