<?xml version="1.0" encoding="UTF-8"?>
<zabbix_export>
    <version>4.0</version>
    <date>2020-02-20T11:52:06Z</date>
    <groups>
        <group>
            <name>Templates/Modules</name>
        </group>
    </groups>
    <templates>
        <template>
            <template>TEMPLATE-SNMP-PORTAS-V2</template>
            <name>TEMPLATE-SNMP-PORTAS-V2</name>
            <description>Template Interfaces version: 0.15&#13;
MIBs used:&#13;
IF-MIB</description>
            <groups>
                <group>
                    <name>Templates/Modules</name>
                </group>
            </groups>
            <applications>
                <application>
                    <name>Portas de Rede</name>
                </application>
            </applications>
            <items/>
            <discovery_rules>
                <discovery_rule>
                    <name>Portas de Rede</name>
                    <type>4</type>
                    <snmp_community>{$SNMP_COMMUNITY}</snmp_community>
                    <snmp_oid>discovery[{#SNMPVALUE},IF-MIB::ifDescr]</snmp_oid>
                    <key>ifDescr</key>
                    <delay>1d</delay>
                    <status>0</status>
                    <allowed_hosts/>
                    <snmpv3_contextname/>
                    <snmpv3_securityname/>
                    <snmpv3_securitylevel>0</snmpv3_securitylevel>
                    <snmpv3_authprotocol>0</snmpv3_authprotocol>
                    <snmpv3_authpassphrase/>
                    <snmpv3_privprotocol>0</snmpv3_privprotocol>
                    <snmpv3_privpassphrase/>
                    <params/>
                    <ipmi_sensor/>
                    <authtype>0</authtype>
                    <username/>
                    <password/>
                    <publickey/>
                    <privatekey/>
                    <port/>
                    <filter>
                        <evaltype>1</evaltype>
                        <formula/>
                        <conditions>
                            <condition>
                                <macro>{#SNMPVALUE}</macro>
                                <value>@Network interfaces for discovery</value>
                                <operator>8</operator>
                                <formulaid>A</formulaid>
                            </condition>
                        </conditions>
                    </filter>
                    <lifetime>0d</lifetime>
                    <description>You may also consider using IF-MIB::ifType or IF-MIB::ifAlias for discovery depending on your filtering needs.&#13;
&#13;
{$SNMP_COMMUNITY} is a global macro.</description>
                    <item_prototypes>
                        <item_prototype>
                            <name>Erros de Entrada na porta $1</name>
                            <type>4</type>
                            <snmp_community>{$SNMP_COMMUNITY}</snmp_community>
                            <snmp_oid>IF-MIB::ifInErrors.{#SNMPINDEX}</snmp_oid>
                            <key>ifInErrors[{#SNMPVALUE}]</key>
                            <delay>4m</delay>
                            <history>90d</history>
                            <trends>365d</trends>
                            <status>0</status>
                            <value_type>3</value_type>
                            <allowed_hosts/>
                            <units/>
                            <snmpv3_contextname/>
                            <snmpv3_securityname/>
                            <snmpv3_securitylevel>0</snmpv3_securitylevel>
                            <snmpv3_authprotocol>0</snmpv3_authprotocol>
                            <snmpv3_authpassphrase/>
                            <snmpv3_privprotocol>0</snmpv3_privprotocol>
                            <snmpv3_privpassphrase/>
                            <params/>
                            <ipmi_sensor/>
                            <authtype>0</authtype>
                            <username/>
                            <password/>
                            <publickey/>
                            <privatekey/>
                            <port/>
                            <description/>
                            <inventory_link>0</inventory_link>
                            <applications>
                                <application>
                                    <name>Portas de Rede</name>
                                </application>
                            </applications>
                            <valuemap/>
                            <logtimefmt/>
                            <preprocessing>
                                <step>
                                    <type>10</type>
                                    <params/>
                                </step>
                            </preprocessing>
                            <jmx_endpoint/>
                            <timeout>3s</timeout>
                            <url/>
                            <query_fields/>
                            <posts/>
                            <status_codes>200</status_codes>
                            <follow_redirects>1</follow_redirects>
                            <post_type>0</post_type>
                            <http_proxy/>
                            <headers/>
                            <retrieve_mode>0</retrieve_mode>
                            <request_method>0</request_method>
                            <output_format>0</output_format>
                            <allow_traps>0</allow_traps>
                            <ssl_cert_file/>
                            <ssl_key_file/>
                            <ssl_key_password/>
                            <verify_peer>0</verify_peer>
                            <verify_host>0</verify_host>
                            <application_prototypes/>
                            <master_item/>
                        </item_prototype>
                        <item_prototype>
                            <name>Trafego de entrada na porta $1</name>
                            <type>4</type>
                            <snmp_community>{$SNMP_COMMUNITY}</snmp_community>
                            <snmp_oid>IF-MIB::ifInOctets.{#SNMPINDEX}</snmp_oid>
                            <key>ifInOctets[{#SNMPVALUE}]</key>
                            <delay>3m</delay>
                            <history>90d</history>
                            <trends>365d</trends>
                            <status>0</status>
                            <value_type>3</value_type>
                            <allowed_hosts/>
                            <units>bps</units>
                            <snmpv3_contextname/>
                            <snmpv3_securityname/>
                            <snmpv3_securitylevel>0</snmpv3_securitylevel>
                            <snmpv3_authprotocol>0</snmpv3_authprotocol>
                            <snmpv3_authpassphrase/>
                            <snmpv3_privprotocol>0</snmpv3_privprotocol>
                            <snmpv3_privpassphrase/>
                            <params/>
                            <ipmi_sensor/>
                            <authtype>0</authtype>
                            <username/>
                            <password/>
                            <publickey/>
                            <privatekey/>
                            <port/>
                            <description/>
                            <inventory_link>0</inventory_link>
                            <applications>
                                <application>
                                    <name>Portas de Rede</name>
                                </application>
                            </applications>
                            <valuemap/>
                            <logtimefmt/>
                            <preprocessing>
                                <step>
                                    <type>10</type>
                                    <params/>
                                </step>
                                <step>
                                    <type>1</type>
                                    <params>8</params>
                                </step>
                            </preprocessing>
                            <jmx_endpoint/>
                            <timeout>3s</timeout>
                            <url/>
                            <query_fields/>
                            <posts/>
                            <status_codes>200</status_codes>
                            <follow_redirects>1</follow_redirects>
                            <post_type>0</post_type>
                            <http_proxy/>
                            <headers/>
                            <retrieve_mode>0</retrieve_mode>
                            <request_method>0</request_method>
                            <output_format>0</output_format>
                            <allow_traps>0</allow_traps>
                            <ssl_cert_file/>
                            <ssl_key_file/>
                            <ssl_key_password/>
                            <verify_peer>0</verify_peer>
                            <verify_host>0</verify_host>
                            <application_prototypes/>
                            <master_item/>
                        </item_prototype>
                        <item_prototype>
                            <name>Status da porta $1</name>
                            <type>4</type>
                            <snmp_community>{$SNMP_COMMUNITY}</snmp_community>
                            <snmp_oid>IF-MIB::ifOperStatus.{#SNMPINDEX}</snmp_oid>
                            <key>ifOperStatus[{#SNMPVALUE}]</key>
                            <delay>3m</delay>
                            <history>90d</history>
                            <trends>365d</trends>
                            <status>0</status>
                            <value_type>3</value_type>
                            <allowed_hosts/>
                            <units/>
                            <snmpv3_contextname/>
                            <snmpv3_securityname/>
                            <snmpv3_securitylevel>0</snmpv3_securitylevel>
                            <snmpv3_authprotocol>0</snmpv3_authprotocol>
                            <snmpv3_authpassphrase/>
                            <snmpv3_privprotocol>0</snmpv3_privprotocol>
                            <snmpv3_privpassphrase/>
                            <params/>
                            <ipmi_sensor/>
                            <authtype>0</authtype>
                            <username/>
                            <password/>
                            <publickey/>
                            <privatekey/>
                            <port/>
                            <description/>
                            <inventory_link>0</inventory_link>
                            <applications>
                                <application>
                                    <name>Portas de Rede</name>
                                </application>
                            </applications>
                            <valuemap>
                                <name>SNMP interface status (ifOperStatus)</name>
                            </valuemap>
                            <logtimefmt/>
                            <preprocessing/>
                            <jmx_endpoint/>
                            <timeout>3s</timeout>
                            <url/>
                            <query_fields/>
                            <posts/>
                            <status_codes>200</status_codes>
                            <follow_redirects>1</follow_redirects>
                            <post_type>0</post_type>
                            <http_proxy/>
                            <headers/>
                            <retrieve_mode>0</retrieve_mode>
                            <request_method>0</request_method>
                            <output_format>0</output_format>
                            <allow_traps>0</allow_traps>
                            <ssl_cert_file/>
                            <ssl_key_file/>
                            <ssl_key_password/>
                            <verify_peer>0</verify_peer>
                            <verify_host>0</verify_host>
                            <application_prototypes/>
                            <master_item/>
                        </item_prototype>
                        <item_prototype>
                            <name>Erros de saída na  porta $1</name>
                            <type>4</type>
                            <snmp_community>{$SNMP_COMMUNITY}</snmp_community>
                            <snmp_oid>IF-MIB::ifInErrors.{#SNMPINDEX}</snmp_oid>
                            <key>ifOutErrors[{#SNMPVALUE}]</key>
                            <delay>4m</delay>
                            <history>90d</history>
                            <trends>365d</trends>
                            <status>0</status>
                            <value_type>3</value_type>
                            <allowed_hosts/>
                            <units/>
                            <snmpv3_contextname/>
                            <snmpv3_securityname/>
                            <snmpv3_securitylevel>0</snmpv3_securitylevel>
                            <snmpv3_authprotocol>0</snmpv3_authprotocol>
                            <snmpv3_authpassphrase/>
                            <snmpv3_privprotocol>0</snmpv3_privprotocol>
                            <snmpv3_privpassphrase/>
                            <params/>
                            <ipmi_sensor/>
                            <authtype>0</authtype>
                            <username/>
                            <password/>
                            <publickey/>
                            <privatekey/>
                            <port/>
                            <description/>
                            <inventory_link>0</inventory_link>
                            <applications>
                                <application>
                                    <name>Portas de Rede</name>
                                </application>
                            </applications>
                            <valuemap/>
                            <logtimefmt/>
                            <preprocessing>
                                <step>
                                    <type>10</type>
                                    <params/>
                                </step>
                            </preprocessing>
                            <jmx_endpoint/>
                            <timeout>3s</timeout>
                            <url/>
                            <query_fields/>
                            <posts/>
                            <status_codes>200</status_codes>
                            <follow_redirects>1</follow_redirects>
                            <post_type>0</post_type>
                            <http_proxy/>
                            <headers/>
                            <retrieve_mode>0</retrieve_mode>
                            <request_method>0</request_method>
                            <output_format>0</output_format>
                            <allow_traps>0</allow_traps>
                            <ssl_cert_file/>
                            <ssl_key_file/>
                            <ssl_key_password/>
                            <verify_peer>0</verify_peer>
                            <verify_host>0</verify_host>
                            <application_prototypes/>
                            <master_item/>
                        </item_prototype>
                        <item_prototype>
                            <name>Trafego de saída na porta $1</name>
                            <type>4</type>
                            <snmp_community>{$SNMP_COMMUNITY}</snmp_community>
                            <snmp_oid>IF-MIB::ifOutOctets.{#SNMPINDEX}</snmp_oid>
                            <key>ifOutOctets[{#SNMPVALUE}]</key>
                            <delay>3m</delay>
                            <history>90d</history>
                            <trends>365d</trends>
                            <status>0</status>
                            <value_type>3</value_type>
                            <allowed_hosts/>
                            <units>bps</units>
                            <snmpv3_contextname/>
                            <snmpv3_securityname/>
                            <snmpv3_securitylevel>0</snmpv3_securitylevel>
                            <snmpv3_authprotocol>0</snmpv3_authprotocol>
                            <snmpv3_authpassphrase/>
                            <snmpv3_privprotocol>0</snmpv3_privprotocol>
                            <snmpv3_privpassphrase/>
                            <params/>
                            <ipmi_sensor/>
                            <authtype>0</authtype>
                            <username/>
                            <password/>
                            <publickey/>
                            <privatekey/>
                            <port/>
                            <description/>
                            <inventory_link>0</inventory_link>
                            <applications>
                                <application>
                                    <name>Portas de Rede</name>
                                </application>
                            </applications>
                            <valuemap/>
                            <logtimefmt/>
                            <preprocessing>
                                <step>
                                    <type>10</type>
                                    <params/>
                                </step>
                                <step>
                                    <type>1</type>
                                    <params>8</params>
                                </step>
                            </preprocessing>
                            <jmx_endpoint/>
                            <timeout>3s</timeout>
                            <url/>
                            <query_fields/>
                            <posts/>
                            <status_codes>200</status_codes>
                            <follow_redirects>1</follow_redirects>
                            <post_type>0</post_type>
                            <http_proxy/>
                            <headers/>
                            <retrieve_mode>0</retrieve_mode>
                            <request_method>0</request_method>
                            <output_format>0</output_format>
                            <allow_traps>0</allow_traps>
                            <ssl_cert_file/>
                            <ssl_key_file/>
                            <ssl_key_password/>
                            <verify_peer>0</verify_peer>
                            <verify_host>0</verify_host>
                            <application_prototypes/>
                            <master_item/>
                        </item_prototype>
                    </item_prototypes>
                    <trigger_prototypes/>
                    <graph_prototypes>
                        <graph_prototype>
                            <name>Tráfego de rede em {#SNMPVALUE}</name>
                            <width>900</width>
                            <height>200</height>
                            <yaxismin>0.0000</yaxismin>
                            <yaxismax>100.0000</yaxismax>
                            <show_work_period>1</show_work_period>
                            <show_triggers>1</show_triggers>
                            <type>0</type>
                            <show_legend>1</show_legend>
                            <show_3d>0</show_3d>
                            <percent_left>0.0000</percent_left>
                            <percent_right>0.0000</percent_right>
                            <ymin_type_1>0</ymin_type_1>
                            <ymax_type_1>0</ymax_type_1>
                            <ymin_item_1>0</ymin_item_1>
                            <ymax_item_1>0</ymax_item_1>
                            <graph_items>
                                <graph_item>
                                    <sortorder>0</sortorder>
                                    <drawtype>5</drawtype>
                                    <color>1A7C11</color>
                                    <yaxisside>0</yaxisside>
                                    <calc_fnc>2</calc_fnc>
                                    <type>0</type>
                                    <item>
                                        <host>TEMPLATE-SNMP-PORTAS-V2</host>
                                        <key>ifInOctets[{#SNMPVALUE}]</key>
                                    </item>
                                </graph_item>
                                <graph_item>
                                    <sortorder>1</sortorder>
                                    <drawtype>5</drawtype>
                                    <color>F63100</color>
                                    <yaxisside>0</yaxisside>
                                    <calc_fnc>2</calc_fnc>
                                    <type>0</type>
                                    <item>
                                        <host>TEMPLATE-SNMP-PORTAS-V2</host>
                                        <key>ifOutOctets[{#SNMPVALUE}]</key>
                                    </item>
                                </graph_item>
                            </graph_items>
                        </graph_prototype>
                    </graph_prototypes>
                    <host_prototypes/>
                    <jmx_endpoint/>
                    <timeout>3s</timeout>
                    <url/>
                    <query_fields/>
                    <posts/>
                    <status_codes>200</status_codes>
                    <follow_redirects>1</follow_redirects>
                    <post_type>0</post_type>
                    <http_proxy/>
                    <headers/>
                    <retrieve_mode>0</retrieve_mode>
                    <request_method>0</request_method>
                    <allow_traps>0</allow_traps>
                    <ssl_cert_file/>
                    <ssl_key_file/>
                    <ssl_key_password/>
                    <verify_peer>0</verify_peer>
                    <verify_host>0</verify_host>
                </discovery_rule>
            </discovery_rules>
            <httptests/>
            <macros>
                <macro>
                    <macro>{$IFCONTROL}</macro>
                    <value>1</value>
                </macro>
                <macro>
                    <macro>{$IF_ERRORS_WARN}</macro>
                    <value>2</value>
                </macro>
                <macro>
                    <macro>{$IF_UTIL_MAX}</macro>
                    <value>90</value>
                </macro>
            </macros>
            <templates/>
            <screens/>
        </template>
    </templates>
    <value_maps>
        <value_map>
            <name>SNMP interface status (ifOperStatus)</name>
            <mappings>
                <mapping>
                    <value>1</value>
                    <newvalue>up</newvalue>
                </mapping>
                <mapping>
                    <value>2</value>
                    <newvalue>down</newvalue>
                </mapping>
                <mapping>
                    <value>3</value>
                    <newvalue>testing</newvalue>
                </mapping>
                <mapping>
                    <value>4</value>
                    <newvalue>unknown</newvalue>
                </mapping>
                <mapping>
                    <value>5</value>
                    <newvalue>dormant</newvalue>
                </mapping>
                <mapping>
                    <value>6</value>
                    <newvalue>notPresent</newvalue>
                </mapping>
                <mapping>
                    <value>7</value>
                    <newvalue>lowerLayerDown</newvalue>
                </mapping>
            </mappings>
        </value_map>
    </value_maps>
</zabbix_export>
