<?xml version="1.0" encoding="UTF-8"?>
<zabbix_export>
    <version>3.4</version>
    <date>2018-09-19T15:29:10Z</date>
    <groups>
        <group>
            <name>Templates small</name>
        </group>
    </groups>
    <templates>
        <template>
            <template>Template Windows Shadow Copies small Tega</template>
            <name>Template Windows Shadow Copies small Tega</name>
            <description>The template checks  a status  of shadow copies of volumes.&#13;
&#13;
-minVolumeSize the minimum volume size for discovery&#13;
&#13;
-cache - to use the cache with TTL&#13;
-cachefile - file name of cache&#13;
!&#13;
zabbix_agentd.win.conf:&#13;
UnsafeUserParameters=1&#13;
UserParameter=tega.discovery.shadowcopies[*], powershell.exe -Nologo -NoProfile -ExecutionPolicy Bypass -Command &quot;&amp;{ set-location 'path to script'; .\shadow_copies.ps1 $1 }&quot;</description>
            <groups>
                <group>
                    <name>Templates small</name>
                </group>
            </groups>
            <applications>
                <application>
                    <name>Shadow Copies</name>
                </application>
            </applications>
            <items/>
            <discovery_rules>
                <discovery_rule>
                    <name>Discover Shadow copies</name>
                    <type>7</type>
                    <snmp_community/>
                    <snmp_oid/>
                    <key>tega.discovery.shadowcopies[&quot;-minVolumeSize {$TWSCST_MIN_SIZE} -cache {$TWSCST_CACHE_TIME}&quot;]</key>
                    <delay>3600</delay>
                    <status>0</status>
                    <allowed_hosts/>
                    <snmpv3_contextname/>
                    <snmpv3_securityname/>
                    <snmpv3_securitylevel>0</snmpv3_securitylevel>
                    <snmpv3_authprotocol>0</snmpv3_authprotocol>
                    <snmpv3_authpassphrase/>
                    <snmpv3_privprotocol>0</snmpv3_privprotocol>
                    <snmpv3_privpassphrase/>
                    <params/>
                    <ipmi_sensor/>
                    <authtype>0</authtype>
                    <username/>
                    <password/>
                    <publickey/>
                    <privatekey/>
                    <port/>
                    <filter>
                        <evaltype>0</evaltype>
                        <formula/>
                        <conditions/>
                    </filter>
                    <lifetime>1d</lifetime>
                    <description>-minVolumeSize the minimum volume size for discovery&#13;
&#13;
-cache - to use the cache with TTL&#13;
-cachefile - file name of cache&#13;
!&#13;
zabbix_agentd.win.conf:&#13;
UnsafeUserParameters=1&#13;
UserParameter=tega.discovery.shadowcopies[*], powershell.exe -Nologo -NoProfile -ExecutionPolicy Bypass -Command &quot;&amp;{ set-location 'path to script'; .\shadow_copies.ps1 $1 }&quot;</description>
                    <item_prototypes>
                        <item_prototype>
                            <name>The allocated space of shadow copies on volume, percentage $1</name>
                            <type>15</type>
                            <snmp_community/>
                            <snmp_oid/>
                            <key>allocatedpercentage[{#NAME}]</key>
                            <delay>3600</delay>
                            <history>90d</history>
                            <trends>10d</trends>
                            <status>0</status>
                            <value_type>0</value_type>
                            <allowed_hosts/>
                            <units>%</units>
                            <snmpv3_contextname/>
                            <snmpv3_securityname/>
                            <snmpv3_securitylevel>0</snmpv3_securitylevel>
                            <snmpv3_authprotocol>0</snmpv3_authprotocol>
                            <snmpv3_authpassphrase/>
                            <snmpv3_privprotocol>0</snmpv3_privprotocol>
                            <snmpv3_privpassphrase/>
                            <params>{#ALLOCATEDPERCENTAGE}</params>
                            <ipmi_sensor/>
                            <authtype>0</authtype>
                            <username/>
                            <password/>
                            <publickey/>
                            <privatekey/>
                            <port/>
                            <description>Win32_ShadowStorage, Win32_Volume</description>
                            <inventory_link>0</inventory_link>
                            <applications>
                                <application>
                                    <name>Shadow Copies</name>
                                </application>
                            </applications>
                            <valuemap/>
                            <logtimefmt/>
                            <preprocessing/>
                            <jmx_endpoint/>
                            <application_prototypes/>
                            <master_item_prototype/>
                        </item_prototype>
                        <item_prototype>
                            <name>Age of shadow copies on {#NAME}</name>
                            <type>7</type>
                            <snmp_community/>
                            <snmp_oid/>
                            <key>tega.discovery.shadowcopies[&quot;-minvolumesize {$TWSCST_MIN_SIZE} -cache {$TWSCST_CACHE_TIME} -SearchKey Name -SearchValue '{#NAME}' -PrintKey ageinhours&quot;]</key>
                            <delay>3600</delay>
                            <history>90d</history>
                            <trends>10d</trends>
                            <status>0</status>
                            <value_type>0</value_type>
                            <allowed_hosts/>
                            <units>hours</units>
                            <snmpv3_contextname/>
                            <snmpv3_securityname/>
                            <snmpv3_securitylevel>0</snmpv3_securitylevel>
                            <snmpv3_authprotocol>0</snmpv3_authprotocol>
                            <snmpv3_authpassphrase/>
                            <snmpv3_privprotocol>0</snmpv3_privprotocol>
                            <snmpv3_privpassphrase/>
                            <params/>
                            <ipmi_sensor/>
                            <authtype>0</authtype>
                            <username/>
                            <password/>
                            <publickey/>
                            <privatekey/>
                            <port/>
                            <description>Win32_ShadowCopy</description>
                            <inventory_link>0</inventory_link>
                            <applications>
                                <application>
                                    <name>Shadow Copies</name>
                                </application>
                            </applications>
                            <valuemap/>
                            <logtimefmt/>
                            <preprocessing/>
                            <jmx_endpoint/>
                            <application_prototypes/>
                            <master_item_prototype/>
                        </item_prototype>
                        <item_prototype>
                            <name>The count of shadow copies on {#NAME}</name>
                            <type>7</type>
                            <snmp_community/>
                            <snmp_oid/>
                            <key>tega.discovery.shadowcopies[&quot;-minvolumesize {$TWSCST_MIN_SIZE} -cache {$TWSCST_CACHE_TIME} -SearchKey Name -SearchValue '{#NAME}' -PrintKey count&quot;]</key>
                            <delay>3600</delay>
                            <history>90d</history>
                            <trends>10d</trends>
                            <status>0</status>
                            <value_type>3</value_type>
                            <allowed_hosts/>
                            <units/>
                            <snmpv3_contextname/>
                            <snmpv3_securityname/>
                            <snmpv3_securitylevel>0</snmpv3_securitylevel>
                            <snmpv3_authprotocol>0</snmpv3_authprotocol>
                            <snmpv3_authpassphrase/>
                            <snmpv3_privprotocol>0</snmpv3_privprotocol>
                            <snmpv3_privpassphrase/>
                            <params/>
                            <ipmi_sensor/>
                            <authtype>0</authtype>
                            <username/>
                            <password/>
                            <publickey/>
                            <privatekey/>
                            <port/>
                            <description>Win32_ShadowCopy</description>
                            <inventory_link>0</inventory_link>
                            <applications>
                                <application>
                                    <name>Shadow Copies</name>
                                </application>
                            </applications>
                            <valuemap/>
                            <logtimefmt/>
                            <preprocessing/>
                            <jmx_endpoint/>
                            <application_prototypes/>
                            <master_item_prototype/>
                        </item_prototype>
                        <item_prototype>
                            <name>The date of the last shadow copy {#NAME}</name>
                            <type>7</type>
                            <snmp_community/>
                            <snmp_oid/>
                            <key>tega.discovery.shadowcopies[&quot;-minvolumesize {$TWSCST_MIN_SIZE}  -cache {$TWSCST_CACHE_TIME} -SearchKey Name -SearchValue '{#NAME}' -printkey date&quot;]</key>
                            <delay>3600</delay>
                            <history>90d</history>
                            <trends>0</trends>
                            <status>0</status>
                            <value_type>1</value_type>
                            <allowed_hosts/>
                            <units/>
                            <snmpv3_contextname/>
                            <snmpv3_securityname/>
                            <snmpv3_securitylevel>0</snmpv3_securitylevel>
                            <snmpv3_authprotocol>0</snmpv3_authprotocol>
                            <snmpv3_authpassphrase/>
                            <snmpv3_privprotocol>0</snmpv3_privprotocol>
                            <snmpv3_privpassphrase/>
                            <params/>
                            <ipmi_sensor/>
                            <authtype>0</authtype>
                            <username/>
                            <password/>
                            <publickey/>
                            <privatekey/>
                            <port/>
                            <description>Win32_ShadowCopy</description>
                            <inventory_link>0</inventory_link>
                            <applications>
                                <application>
                                    <name>Shadow Copies</name>
                                </application>
                            </applications>
                            <valuemap/>
                            <logtimefmt/>
                            <preprocessing/>
                            <jmx_endpoint/>
                            <application_prototypes/>
                            <master_item_prototype/>
                        </item_prototype>
                        <item_prototype>
                            <name>Shadows copies turned on {#NAME}</name>
                            <type>7</type>
                            <snmp_community/>
                            <snmp_oid/>
                            <key>tega.discovery.shadowcopies[&quot;-minvolumesize {$TWSCST_MIN_SIZE} -cache {$TWSCST_CACHE_TIME} -SearchKey Name -SearchValue '{#NAME}' -printkey shadowcopieson&quot;]</key>
                            <delay>3600</delay>
                            <history>90d</history>
                            <trends>10d</trends>
                            <status>0</status>
                            <value_type>3</value_type>
                            <allowed_hosts/>
                            <units/>
                            <snmpv3_contextname/>
                            <snmpv3_securityname/>
                            <snmpv3_securitylevel>0</snmpv3_securitylevel>
                            <snmpv3_authprotocol>0</snmpv3_authprotocol>
                            <snmpv3_authpassphrase/>
                            <snmpv3_privprotocol>0</snmpv3_privprotocol>
                            <snmpv3_privpassphrase/>
                            <params/>
                            <ipmi_sensor/>
                            <authtype>0</authtype>
                            <username/>
                            <password/>
                            <publickey/>
                            <privatekey/>
                            <port/>
                            <description/>
                            <inventory_link>0</inventory_link>
                            <applications>
                                <application>
                                    <name>Shadow Copies</name>
                                </application>
                            </applications>
                            <valuemap/>
                            <logtimefmt/>
                            <preprocessing>
                                <step>
                                    <type>6</type>
                                    <params/>
                                </step>
                            </preprocessing>
                            <jmx_endpoint/>
                            <application_prototypes/>
                            <master_item_prototype/>
                        </item_prototype>
                        <item_prototype>
                            <name>The used space of shadow copies, percentage $1</name>
                            <type>15</type>
                            <snmp_community/>
                            <snmp_oid/>
                            <key>usedpercentage[{#NAME}]</key>
                            <delay>3600</delay>
                            <history>90d</history>
                            <trends>10d</trends>
                            <status>0</status>
                            <value_type>0</value_type>
                            <allowed_hosts/>
                            <units>%</units>
                            <snmpv3_contextname/>
                            <snmpv3_securityname/>
                            <snmpv3_securitylevel>0</snmpv3_securitylevel>
                            <snmpv3_authprotocol>0</snmpv3_authprotocol>
                            <snmpv3_authpassphrase/>
                            <snmpv3_privprotocol>0</snmpv3_privprotocol>
                            <snmpv3_privpassphrase/>
                            <params>{#USEDPERCENTAGE}</params>
                            <ipmi_sensor/>
                            <authtype>0</authtype>
                            <username/>
                            <password/>
                            <publickey/>
                            <privatekey/>
                            <port/>
                            <description>Win32_ShadowStorage</description>
                            <inventory_link>0</inventory_link>
                            <applications>
                                <application>
                                    <name>Shadow Copies</name>
                                </application>
                            </applications>
                            <valuemap/>
                            <logtimefmt/>
                            <preprocessing/>
                            <jmx_endpoint/>
                            <application_prototypes/>
                            <master_item_prototype/>
                        </item_prototype>
                    </item_prototypes>
                    <trigger_prototypes>
                        <trigger_prototype>
                            <expression>{Template Windows Shadow Copies small Tega:tega.discovery.shadowcopies[&quot;-minvolumesize {$TWSCST_MIN_SIZE} -cache {$TWSCST_CACHE_TIME} -SearchKey Name -SearchValue '{#NAME}' -PrintKey ageinhours&quot;].last()}&gt;{$TWSCST_SHADOWCOPY_AGE}</expression>
                            <recovery_mode>0</recovery_mode>
                            <recovery_expression/>
                            <name>Age of shadow copies on {#NAME}</name>
                            <correlation_mode>0</correlation_mode>
                            <correlation_tag/>
                            <url/>
                            <status>0</status>
                            <priority>3</priority>
                            <description>Age of shadow copies on {#NAME} more than {$TWSCST_SHADOWCOPY_AGE}</description>
                            <type>0</type>
                            <manual_close>1</manual_close>
                            <dependencies>
                                <dependency>
                                    <name>Shadows copies turned on/off  {#NAME}</name>
                                    <expression>{Template Windows Shadow Copies small Tega:tega.discovery.shadowcopies[&quot;-minvolumesize {$TWSCST_MIN_SIZE} -cache {$TWSCST_CACHE_TIME} -SearchKey Name -SearchValue '{#NAME}' -printkey shadowcopieson&quot;].last()}=0</expression>
                                    <recovery_expression/>
                                </dependency>
                            </dependencies>
                            <tags/>
                        </trigger_prototype>
                        <trigger_prototype>
                            <expression>{Template Windows Shadow Copies small Tega:tega.discovery.shadowcopies[&quot;-minvolumesize {$TWSCST_MIN_SIZE} -cache {$TWSCST_CACHE_TIME} -SearchKey Name -SearchValue '{#NAME}' -printkey shadowcopieson&quot;].last()}=0</expression>
                            <recovery_mode>0</recovery_mode>
                            <recovery_expression/>
                            <name>Shadows copies turned on/off  {#NAME}</name>
                            <correlation_mode>0</correlation_mode>
                            <correlation_tag/>
                            <url/>
                            <status>0</status>
                            <priority>4</priority>
                            <description/>
                            <type>0</type>
                            <manual_close>1</manual_close>
                            <dependencies/>
                            <tags/>
                        </trigger_prototype>
                        <trigger_prototype>
                            <expression>{Template Windows Shadow Copies small Tega:allocatedpercentage[{#NAME}].last()}&gt;{$TWSCST_MAX_ALLOCATED_PERCENT}</expression>
                            <recovery_mode>0</recovery_mode>
                            <recovery_expression/>
                            <name>The allocated space of shadow copies {#NAME}</name>
                            <correlation_mode>0</correlation_mode>
                            <correlation_tag/>
                            <url/>
                            <status>0</status>
                            <priority>4</priority>
                            <description>the allocated space of shadow copies is more than {$TWSCST_MAX_ALLOCATED_PERCENT}</description>
                            <type>0</type>
                            <manual_close>1</manual_close>
                            <dependencies>
                                <dependency>
                                    <name>Shadows copies turned on/off  {#NAME}</name>
                                    <expression>{Template Windows Shadow Copies small Tega:tega.discovery.shadowcopies[&quot;-minvolumesize {$TWSCST_MIN_SIZE} -cache {$TWSCST_CACHE_TIME} -SearchKey Name -SearchValue '{#NAME}' -printkey shadowcopieson&quot;].last()}=0</expression>
                                    <recovery_expression/>
                                </dependency>
                            </dependencies>
                            <tags/>
                        </trigger_prototype>
                        <trigger_prototype>
                            <expression>{Template Windows Shadow Copies small Tega:usedpercentage[{#NAME}].last()}&gt;{$TWSCST_MAX_USED_PERCENT}</expression>
                            <recovery_mode>0</recovery_mode>
                            <recovery_expression/>
                            <name>The used space of shadow copies {#NAME}</name>
                            <correlation_mode>0</correlation_mode>
                            <correlation_tag/>
                            <url/>
                            <status>0</status>
                            <priority>4</priority>
                            <description>the used space of shadow copies is more than {$TWSCST_MAX_USED_PERCENT}</description>
                            <type>0</type>
                            <manual_close>1</manual_close>
                            <dependencies>
                                <dependency>
                                    <name>Shadows copies turned on/off  {#NAME}</name>
                                    <expression>{Template Windows Shadow Copies small Tega:tega.discovery.shadowcopies[&quot;-minvolumesize {$TWSCST_MIN_SIZE} -cache {$TWSCST_CACHE_TIME} -SearchKey Name -SearchValue '{#NAME}' -printkey shadowcopieson&quot;].last()}=0</expression>
                                    <recovery_expression/>
                                </dependency>
                            </dependencies>
                            <tags/>
                        </trigger_prototype>
                    </trigger_prototypes>
                    <graph_prototypes>
                        <graph_prototype>
                            <name>The count of shadow copies on {#NAME}</name>
                            <width>900</width>
                            <height>200</height>
                            <yaxismin>0.0000</yaxismin>
                            <yaxismax>100.0000</yaxismax>
                            <show_work_period>1</show_work_period>
                            <show_triggers>1</show_triggers>
                            <type>0</type>
                            <show_legend>1</show_legend>
                            <show_3d>0</show_3d>
                            <percent_left>0.0000</percent_left>
                            <percent_right>0.0000</percent_right>
                            <ymin_type_1>0</ymin_type_1>
                            <ymax_type_1>0</ymax_type_1>
                            <ymin_item_1>0</ymin_item_1>
                            <ymax_item_1>0</ymax_item_1>
                            <graph_items>
                                <graph_item>
                                    <sortorder>0</sortorder>
                                    <drawtype>2</drawtype>
                                    <color>1A7C11</color>
                                    <yaxisside>0</yaxisside>
                                    <calc_fnc>2</calc_fnc>
                                    <type>0</type>
                                    <item>
                                        <host>Template Windows Shadow Copies small Tega</host>
                                        <key>tega.discovery.shadowcopies[&quot;-minvolumesize {$TWSCST_MIN_SIZE} -cache {$TWSCST_CACHE_TIME} -SearchKey Name -SearchValue '{#NAME}' -PrintKey count&quot;]</key>
                                    </item>
                                </graph_item>
                            </graph_items>
                        </graph_prototype>
                        <graph_prototype>
                            <name>The used space of shadow copies, percentage {#NAME}</name>
                            <width>900</width>
                            <height>200</height>
                            <yaxismin>0.0000</yaxismin>
                            <yaxismax>100.0000</yaxismax>
                            <show_work_period>1</show_work_period>
                            <show_triggers>1</show_triggers>
                            <type>0</type>
                            <show_legend>1</show_legend>
                            <show_3d>0</show_3d>
                            <percent_left>0.0000</percent_left>
                            <percent_right>0.0000</percent_right>
                            <ymin_type_1>1</ymin_type_1>
                            <ymax_type_1>1</ymax_type_1>
                            <ymin_item_1>0</ymin_item_1>
                            <ymax_item_1>0</ymax_item_1>
                            <graph_items>
                                <graph_item>
                                    <sortorder>0</sortorder>
                                    <drawtype>2</drawtype>
                                    <color>F63100</color>
                                    <yaxisside>0</yaxisside>
                                    <calc_fnc>2</calc_fnc>
                                    <type>0</type>
                                    <item>
                                        <host>Template Windows Shadow Copies small Tega</host>
                                        <key>usedpercentage[{#NAME}]</key>
                                    </item>
                                </graph_item>
                            </graph_items>
                        </graph_prototype>
                    </graph_prototypes>
                    <host_prototypes/>
                    <jmx_endpoint/>
                </discovery_rule>
            </discovery_rules>
            <httptests/>
            <macros>
                <macro>
                    <macro>{$TWSCST_CACHE_TIME}</macro>
                    <value>0</value>
                </macro>
                <macro>
                    <macro>{$TWSCST_MAX_ALLOCATED_PERCENT}</macro>
                    <value>10</value>
                </macro>
                <macro>
                    <macro>{$TWSCST_MAX_USED_PERCENT}</macro>
                    <value>99</value>
                </macro>
                <macro>
                    <macro>{$TWSCST_MIN_SIZE}</macro>
                    <value>10000000000</value>
                </macro>
                <macro>
                    <macro>{$TWSCST_SHADOWCOPY_AGE}</macro>
                    <value>50</value>
                </macro>
            </macros>
            <templates/>
            <screens/>
        </template>
    </templates>
</zabbix_export>
