<?xml version="1.0" encoding="UTF-8"?>
<zabbix_export>
    <version>4.4</version>
    <date>2019-11-11T14:37:08Z</date>
    <groups>
        <group>
            <name>Templates Hardware</name>
        </group>
    </groups>
    <templates>
        <template>
            <template>Sun blade 2000 hardware</template>
            <name>Sun blade 2000 hardware</name>
            <description>get state from prtdiag</description>
            <groups>
                <group>
                    <name>Templates Hardware</name>
                </group>
            </groups>
            <applications>
                <application>
                    <name>Hardware</name>
                </application>
            </applications>
            <items>
                <item>
                    <name>ASIC status</name>
                    <key>sunblade2000.asic.status</key>
                    <delay>3600</delay>
                    <history>7d</history>
                    <applications>
                        <application>
                            <name>Hardware</name>
                        </application>
                    </applications>
                    <preprocessing>
                        <step>
                            <type>MULTIPLIER</type>
                            <params>1</params>
                        </step>
                    </preprocessing>
                    <triggers>
                        <trigger>
                            <expression>{last()}&lt;3</expression>
                            <name>ASIC faulted</name>
                            <priority>HIGH</priority>
                        </trigger>
                    </triggers>
                </item>
                <item>
                    <name>CPU status</name>
                    <key>sunblade2000.cpu.status</key>
                    <delay>3600</delay>
                    <history>7d</history>
                    <applications>
                        <application>
                            <name>Hardware</name>
                        </application>
                    </applications>
                    <preprocessing>
                        <step>
                            <type>MULTIPLIER</type>
                            <params>1</params>
                        </step>
                    </preprocessing>
                    <triggers>
                        <trigger>
                            <expression>{last()}&lt;2</expression>
                            <name>CPU faulted</name>
                            <priority>HIGH</priority>
                        </trigger>
                    </triggers>
                </item>
                <item>
                    <name>FAN status</name>
                    <key>sunblade2000.fan.status</key>
                    <delay>3600</delay>
                    <history>7d</history>
                    <applications>
                        <application>
                            <name>Hardware</name>
                        </application>
                    </applications>
                    <preprocessing>
                        <step>
                            <type>MULTIPLIER</type>
                            <params>1</params>
                        </step>
                    </preprocessing>
                    <triggers>
                        <trigger>
                            <expression>{last()}&lt;3</expression>
                            <name>FAN faulted</name>
                            <priority>HIGH</priority>
                        </trigger>
                    </triggers>
                </item>
                <item>
                    <name>PCI cards status</name>
                    <key>sunblade2000.pcicards.status</key>
                    <delay>3600</delay>
                    <history>7d</history>
                    <applications>
                        <application>
                            <name>Hardware</name>
                        </application>
                    </applications>
                    <preprocessing>
                        <step>
                            <type>MULTIPLIER</type>
                            <params>1</params>
                        </step>
                    </preprocessing>
                    <triggers>
                        <trigger>
                            <expression>{last()}&lt;8</expression>
                            <name>PCI card faulted</name>
                            <priority>HIGH</priority>
                        </trigger>
                    </triggers>
                </item>
                <item>
                    <name>Temperature status</name>
                    <key>sunblade2000.temp.status</key>
                    <delay>3600</delay>
                    <history>7d</history>
                    <applications>
                        <application>
                            <name>Hardware</name>
                        </application>
                    </applications>
                    <preprocessing>
                        <step>
                            <type>MULTIPLIER</type>
                            <params>1</params>
                        </step>
                    </preprocessing>
                    <triggers>
                        <trigger>
                            <expression>{last()}&lt;4</expression>
                            <name>Temperature faulted</name>
                            <priority>HIGH</priority>
                        </trigger>
                    </triggers>
                </item>
            </items>
        </template>
    </templates>
</zabbix_export>
