<?xml version="1.0" encoding="UTF-8"?>
<zabbix_export>
    <version>3.0</version>
    <date>2017-10-27T10:58:36Z</date>
    <groups>
        <group>
            <name>VGG Templates</name>
        </group>
    </groups>
    <templates>
        <template>
            <template>Windows Firewall</template>
            <name>Windows Firewall</name>
            <description>Security Template for Microsoft windows systems&#13;
&#13;
Based on:&#13;
http://developers-club.com/posts/215509/</description>
            <groups>
                <group>
                    <name>VGG Templates</name>
                </group>
            </groups>
            <applications>
                <application>
                    <name>Application</name>
                </application>
                <application>
                    <name>Firewall</name>
                </application>
            </applications>
            <items>
                <item>
                    <name>Check Firewall</name>
                    <type>7</type>
                    <snmp_community/>
                    <multiplier>0</multiplier>
                    <snmp_oid/>
                    <key>system.run[&quot;C:\Zabbix\plugins\zbx-winfirewall\zbx-winfirewall.exe&quot;,nowait]</key>
                    <delay>300</delay>
                    <history>1</history>
                    <trends>0</trends>
                    <status>0</status>
                    <value_type>2</value_type>
                    <allowed_hosts/>
                    <units/>
                    <delta>0</delta>
                    <snmpv3_contextname/>
                    <snmpv3_securityname/>
                    <snmpv3_securitylevel>0</snmpv3_securitylevel>
                    <snmpv3_authprotocol>0</snmpv3_authprotocol>
                    <snmpv3_authpassphrase/>
                    <snmpv3_privprotocol>0</snmpv3_privprotocol>
                    <snmpv3_privpassphrase/>
                    <formula>1</formula>
                    <delay_flex/>
                    <params/>
                    <ipmi_sensor/>
                    <data_type>0</data_type>
                    <authtype>0</authtype>
                    <username/>
                    <password/>
                    <publickey/>
                    <privatekey/>
                    <port/>
                    <description>Scheduled task to run script for checking firewall.</description>
                    <inventory_link>0</inventory_link>
                    <applications>
                        <application>
                            <name>Firewall</name>
                        </application>
                    </applications>
                    <valuemap/>
                    <logtimefmt/>
                </item>
                <item>
                    <name>Domain</name>
                    <type>2</type>
                    <snmp_community/>
                    <multiplier>0</multiplier>
                    <snmp_oid/>
                    <key>zbx.win.firewall.profile.domain</key>
                    <delay>0</delay>
                    <history>7</history>
                    <trends>365</trends>
                    <status>0</status>
                    <value_type>0</value_type>
                    <allowed_hosts/>
                    <units/>
                    <delta>0</delta>
                    <snmpv3_contextname/>
                    <snmpv3_securityname/>
                    <snmpv3_securitylevel>0</snmpv3_securitylevel>
                    <snmpv3_authprotocol>0</snmpv3_authprotocol>
                    <snmpv3_authpassphrase/>
                    <snmpv3_privprotocol>0</snmpv3_privprotocol>
                    <snmpv3_privpassphrase/>
                    <formula>1</formula>
                    <delay_flex/>
                    <params/>
                    <ipmi_sensor/>
                    <data_type>0</data_type>
                    <authtype>0</authtype>
                    <username/>
                    <password/>
                    <publickey/>
                    <privatekey/>
                    <port/>
                    <description>Check if the 'domain' profile is enabled or disabled.&#13;
&#13;
0 = Disabled&#13;
1 = Enabled</description>
                    <inventory_link>0</inventory_link>
                    <applications>
                        <application>
                            <name>Firewall</name>
                        </application>
                    </applications>
                    <valuemap/>
                    <logtimefmt/>
                </item>
                <item>
                    <name>Private</name>
                    <type>2</type>
                    <snmp_community/>
                    <multiplier>0</multiplier>
                    <snmp_oid/>
                    <key>zbx.win.firewall.profile.private</key>
                    <delay>0</delay>
                    <history>7</history>
                    <trends>365</trends>
                    <status>0</status>
                    <value_type>0</value_type>
                    <allowed_hosts/>
                    <units/>
                    <delta>0</delta>
                    <snmpv3_contextname/>
                    <snmpv3_securityname/>
                    <snmpv3_securitylevel>0</snmpv3_securitylevel>
                    <snmpv3_authprotocol>0</snmpv3_authprotocol>
                    <snmpv3_authpassphrase/>
                    <snmpv3_privprotocol>0</snmpv3_privprotocol>
                    <snmpv3_privpassphrase/>
                    <formula>1</formula>
                    <delay_flex/>
                    <params/>
                    <ipmi_sensor/>
                    <data_type>0</data_type>
                    <authtype>0</authtype>
                    <username/>
                    <password/>
                    <publickey/>
                    <privatekey/>
                    <port/>
                    <description>Check if the 'private' profile is enabled or disabled.&#13;
&#13;
0 = Disabled&#13;
1 = Enabled</description>
                    <inventory_link>0</inventory_link>
                    <applications>
                        <application>
                            <name>Firewall</name>
                        </application>
                    </applications>
                    <valuemap/>
                    <logtimefmt/>
                </item>
                <item>
                    <name>Public</name>
                    <type>2</type>
                    <snmp_community/>
                    <multiplier>0</multiplier>
                    <snmp_oid/>
                    <key>zbx.win.firewall.profile.public</key>
                    <delay>0</delay>
                    <history>7</history>
                    <trends>365</trends>
                    <status>0</status>
                    <value_type>0</value_type>
                    <allowed_hosts/>
                    <units/>
                    <delta>0</delta>
                    <snmpv3_contextname/>
                    <snmpv3_securityname/>
                    <snmpv3_securitylevel>0</snmpv3_securitylevel>
                    <snmpv3_authprotocol>0</snmpv3_authprotocol>
                    <snmpv3_authpassphrase/>
                    <snmpv3_privprotocol>0</snmpv3_privprotocol>
                    <snmpv3_privpassphrase/>
                    <formula>1</formula>
                    <delay_flex/>
                    <params/>
                    <ipmi_sensor/>
                    <data_type>0</data_type>
                    <authtype>0</authtype>
                    <username/>
                    <password/>
                    <publickey/>
                    <privatekey/>
                    <port/>
                    <description>Check if the 'private' profile is enabled or disabled.&#13;
&#13;
0 = Disabled&#13;
1 = Enabled</description>
                    <inventory_link>0</inventory_link>
                    <applications>
                        <application>
                            <name>Firewall</name>
                        </application>
                    </applications>
                    <valuemap/>
                    <logtimefmt/>
                </item>
                <item>
                    <name>Version of &quot;zbx_winfirewall.exe&quot; running</name>
                    <type>2</type>
                    <snmp_community/>
                    <multiplier>0</multiplier>
                    <snmp_oid/>
                    <key>zbx.win.firewall.version</key>
                    <delay>0</delay>
                    <history>1</history>
                    <trends>0</trends>
                    <status>0</status>
                    <value_type>4</value_type>
                    <allowed_hosts/>
                    <units/>
                    <delta>0</delta>
                    <snmpv3_contextname/>
                    <snmpv3_securityname/>
                    <snmpv3_securitylevel>0</snmpv3_securitylevel>
                    <snmpv3_authprotocol>0</snmpv3_authprotocol>
                    <snmpv3_authpassphrase/>
                    <snmpv3_privprotocol>0</snmpv3_privprotocol>
                    <snmpv3_privpassphrase/>
                    <formula>1</formula>
                    <delay_flex/>
                    <params/>
                    <ipmi_sensor/>
                    <data_type>0</data_type>
                    <authtype>0</authtype>
                    <username/>
                    <password/>
                    <publickey/>
                    <privatekey/>
                    <port/>
                    <description>Check the version of 'zbx_winfirewall.exe'.</description>
                    <inventory_link>0</inventory_link>
                    <applications>
                        <application>
                            <name>Application</name>
                        </application>
                        <application>
                            <name>Firewall</name>
                        </application>
                    </applications>
                    <valuemap/>
                    <logtimefmt/>
                </item>
            </items>
            <discovery_rules/>
            <macros/>
            <templates/>
            <screens/>
        </template>
    </templates>
    <triggers>
        <trigger>
            <expression>{Windows Firewall:zbx.win.firewall.profile.domain.last()}&lt;&gt;1</expression>
            <name>Firewall profile &quot;Domain&quot; is not enabled on host &quot;{HOST.NAME}&quot;.</name>
            <url/>
            <status>0</status>
            <priority>2</priority>
            <description/>
            <type>0</type>
            <dependencies/>
        </trigger>
        <trigger>
            <expression>{Windows Firewall:zbx.win.firewall.profile.private.last()}&lt;&gt;1</expression>
            <name>Firewall profile &quot;Private&quot; is not enabled on host &quot;{HOST.NAME}&quot;.</name>
            <url/>
            <status>0</status>
            <priority>2</priority>
            <description/>
            <type>0</type>
            <dependencies/>
        </trigger>
        <trigger>
            <expression>{Windows Firewall:zbx.win.firewall.profile.public.last()}&lt;&gt;1</expression>
            <name>Firewall profile &quot;Public&quot; is not enabled on host &quot;{HOST.NAME}&quot;.</name>
            <url/>
            <status>0</status>
            <priority>2</priority>
            <description/>
            <type>0</type>
            <dependencies/>
        </trigger>
    </triggers>
</zabbix_export>
