<?xml version="1.0" encoding="UTF-8"?>
<zabbix_export>
    <version>3.4</version>
    <date>2018-09-05T23:01:21Z</date>
    <groups>
        <group>
            <name>Templates</name>
        </group>
    </groups>
    <templates>
        <template>
            <template>Template App Proxmox VMs Backup Status</template>
            <name>Template App Proxmox VMs Backup Status</name>
            <description/>
            <groups>
                <group>
                    <name>Templates</name>
                </group>
            </groups>
            <applications>
                <application>
                    <name>Proxmox</name>
                </application>
            </applications>
            <items/>
            <discovery_rules>
                <discovery_rule>
                    <name>Proxmox VMs discovery</name>
                    <type>0</type>
                    <snmp_community/>
                    <snmp_oid/>
                    <key>proxmox-vms-discovery</key>
                    <delay>1d</delay>
                    <status>0</status>
                    <allowed_hosts/>
                    <snmpv3_contextname/>
                    <snmpv3_securityname/>
                    <snmpv3_securitylevel>0</snmpv3_securitylevel>
                    <snmpv3_authprotocol>0</snmpv3_authprotocol>
                    <snmpv3_authpassphrase/>
                    <snmpv3_privprotocol>0</snmpv3_privprotocol>
                    <snmpv3_privpassphrase/>
                    <params/>
                    <ipmi_sensor/>
                    <authtype>0</authtype>
                    <username/>
                    <password/>
                    <publickey/>
                    <privatekey/>
                    <port/>
                    <filter>
                        <evaltype>0</evaltype>
                        <formula/>
                        <conditions>
                            <condition>
                                <macro>{#BACKUP_STATUS}</macro>
                                <value>1</value>
                                <operator>8</operator>
                                <formulaid>A</formulaid>
                            </condition>
                        </conditions>
                    </filter>
                    <lifetime>8d</lifetime>
                    <description/>
                    <item_prototypes>
                        <item_prototype>
                            <name>VM {#VM_NUMBER} Backup status</name>
                            <type>0</type>
                            <snmp_community/>
                            <snmp_oid/>
                            <key>proxmox-vms-backup-status[{#VM_NUMBER},{$BACKUP_PERIOD}]</key>
                            <delay>1d</delay>
                            <history>7d</history>
                            <trends>365d</trends>
                            <status>0</status>
                            <value_type>3</value_type>
                            <allowed_hosts/>
                            <units/>
                            <snmpv3_contextname/>
                            <snmpv3_securityname/>
                            <snmpv3_securitylevel>0</snmpv3_securitylevel>
                            <snmpv3_authprotocol>0</snmpv3_authprotocol>
                            <snmpv3_authpassphrase/>
                            <snmpv3_privprotocol>0</snmpv3_privprotocol>
                            <snmpv3_privpassphrase/>
                            <params/>
                            <ipmi_sensor/>
                            <authtype>0</authtype>
                            <username/>
                            <password/>
                            <publickey/>
                            <privatekey/>
                            <port/>
                            <description/>
                            <inventory_link>0</inventory_link>
                            <applications>
                                <application>
                                    <name>Proxmox</name>
                                </application>
                            </applications>
                            <valuemap>
                                <name>Proxmox VMs backup return codes</name>
                            </valuemap>
                            <logtimefmt/>
                            <preprocessing/>
                            <jmx_endpoint/>
                            <application_prototypes/>
                            <master_item_prototype/>
                        </item_prototype>
                    </item_prototypes>
                    <trigger_prototypes>
                        <trigger_prototype>
                            <expression>{Template App Proxmox VMs Backup Status:proxmox-vms-backup-status[{#VM_NUMBER},{$BACKUP_PERIOD}].last()}=1</expression>
                            <recovery_mode>0</recovery_mode>
                            <recovery_expression/>
                            <name>Backup directory for VM {#VM_NUMBER} does not exists</name>
                            <correlation_mode>0</correlation_mode>
                            <correlation_tag/>
                            <url/>
                            <status>0</status>
                            <priority>2</priority>
                            <description/>
                            <type>0</type>
                            <manual_close>0</manual_close>
                            <dependencies/>
                            <tags/>
                        </trigger_prototype>
                        <trigger_prototype>
                            <expression>{Template App Proxmox VMs Backup Status:proxmox-vms-backup-status[{#VM_NUMBER},{$BACKUP_PERIOD}].last()}=0</expression>
                            <recovery_mode>0</recovery_mode>
                            <recovery_expression/>
                            <name>Invalid VM number, or backup for VM {#VM_NUMBER} is not configured</name>
                            <correlation_mode>0</correlation_mode>
                            <correlation_tag/>
                            <url/>
                            <status>0</status>
                            <priority>2</priority>
                            <description/>
                            <type>0</type>
                            <manual_close>0</manual_close>
                            <dependencies/>
                            <tags/>
                        </trigger_prototype>
                        <trigger_prototype>
                            <expression>{Template App Proxmox VMs Backup Status:proxmox-vms-backup-status[{#VM_NUMBER},{$BACKUP_PERIOD}].nodata(2d)}=1</expression>
                            <recovery_mode>0</recovery_mode>
                            <recovery_expression/>
                            <name>No backup status information for VM {#VM_NUMBER}. Please, check item status</name>
                            <correlation_mode>0</correlation_mode>
                            <correlation_tag/>
                            <url/>
                            <status>0</status>
                            <priority>2</priority>
                            <description/>
                            <type>0</type>
                            <manual_close>0</manual_close>
                            <dependencies/>
                            <tags/>
                        </trigger_prototype>
                        <trigger_prototype>
                            <expression>{Template App Proxmox VMs Backup Status:proxmox-vms-backup-status[{#VM_NUMBER},{$BACKUP_PERIOD}].last()}=4</expression>
                            <recovery_mode>0</recovery_mode>
                            <recovery_expression/>
                            <name>VM {#VM_NUMBER} backup finished with errors. Please, check logs</name>
                            <correlation_mode>0</correlation_mode>
                            <correlation_tag/>
                            <url/>
                            <status>0</status>
                            <priority>3</priority>
                            <description/>
                            <type>0</type>
                            <manual_close>0</manual_close>
                            <dependencies/>
                            <tags/>
                        </trigger_prototype>
                        <trigger_prototype>
                            <expression>{Template App Proxmox VMs Backup Status:proxmox-vms-backup-status[{#VM_NUMBER},{$BACKUP_PERIOD}].last()}=3</expression>
                            <recovery_mode>0</recovery_mode>
                            <recovery_expression/>
                            <name>VM {#VM_NUMBER} backup is older than {$BACKUP_PERIOD} day(s)</name>
                            <correlation_mode>0</correlation_mode>
                            <correlation_tag/>
                            <url/>
                            <status>0</status>
                            <priority>2</priority>
                            <description/>
                            <type>0</type>
                            <manual_close>0</manual_close>
                            <dependencies/>
                            <tags/>
                        </trigger_prototype>
                        <trigger_prototype>
                            <expression>{Template App Proxmox VMs Backup Status:proxmox-vms-backup-status[{#VM_NUMBER},{$BACKUP_PERIOD}].last()}=2</expression>
                            <recovery_mode>0</recovery_mode>
                            <recovery_expression/>
                            <name>VM {#VM_NUMBER} has no backup file</name>
                            <correlation_mode>0</correlation_mode>
                            <correlation_tag/>
                            <url/>
                            <status>0</status>
                            <priority>2</priority>
                            <description/>
                            <type>0</type>
                            <manual_close>0</manual_close>
                            <dependencies/>
                            <tags/>
                        </trigger_prototype>
                    </trigger_prototypes>
                    <graph_prototypes/>
                    <host_prototypes/>
                    <jmx_endpoint/>
                </discovery_rule>
            </discovery_rules>
            <httptests/>
            <macros>
                <macro>
                    <macro>{$BACKUP_PERIOD}</macro>
                    <value>7</value>
                </macro>
            </macros>
            <templates/>
            <screens/>
        </template>
    </templates>
    <value_maps>
        <value_map>
            <name>Proxmox VMs backup return codes</name>
            <mappings>
                <mapping>
                    <value>0</value>
                    <newvalue>Invalid VM number, or backup for VM is not configured.</newvalue>
                </mapping>
                <mapping>
                    <value>1</value>
                    <newvalue>Backup directory for VM does not exists.</newvalue>
                </mapping>
                <mapping>
                    <value>2</value>
                    <newvalue>VM has no backup file.</newvalue>
                </mapping>
                <mapping>
                    <value>3</value>
                    <newvalue>VM backup is older than N day(s).</newvalue>
                </mapping>
                <mapping>
                    <value>4</value>
                    <newvalue>VM backup finished with errors. Please, check logs.</newvalue>
                </mapping>
                <mapping>
                    <value>7</value>
                    <newvalue>VM backup is OK, no errors found.</newvalue>
                </mapping>
            </mappings>
        </value_map>
    </value_maps>
</zabbix_export>
