<?xml version="1.0" encoding="UTF-8"?>
<zabbix_export>
    <version>2.0</version>
    <date>2012-11-05T16:58:48Z</date>
    <groups>
        <group>
            <name>ZBX-FORTINET-TEMPLATES</name>
        </group>
    </groups>
    <templates>
        <template>
            <template>ZBX-FORTINET-IDS</template>
            <name>ZBX-FORTINET-IDS</name>
            <groups>
                <group>
                    <name>ZBX-FORTINET-TEMPLATES</name>
                </group>
            </groups>
            <applications>
                <application>
                    <name>IDS</name>
                </application>
            </applications>
            <items/>
            <discovery_rules>
                <discovery_rule>
                    <name>IDS virtual domain</name>
                    <type>4</type>
                    <snmp_community>{$SNMP_COMMUNITY}</snmp_community>
                    <snmp_oid>.1.3.6.1.4.1.12356.101.3.2.1.1.2</snmp_oid>
                    <key>fgIdsVdEntName</key>
                    <delay>300</delay>
                    <status>0</status>
                    <allowed_hosts/>
                    <snmpv3_securityname/>
                    <snmpv3_securitylevel>0</snmpv3_securitylevel>
                    <snmpv3_authpassphrase/>
                    <snmpv3_privpassphrase/>
                    <delay_flex/>
                    <params/>
                    <ipmi_sensor/>
                    <authtype>0</authtype>
                    <username/>
                    <password/>
                    <publickey/>
                    <privatekey/>
                    <port/>
                    <filter>:</filter>
                    <lifetime>7</lifetime>
                    <description/>
                    <item_prototypes>
                        <item_prototype>
                            <name>Number of intrusions blocked on virtual domain $1</name>
                            <type>4</type>
                            <snmp_community>{$SNMP_COMMUNITY}</snmp_community>
                            <multiplier>0</multiplier>
                            <snmp_oid>.1.3.6.1.4.1.12356.101.9.2.1.1.2.{#SNMPINDEX}</snmp_oid>
                            <key>fgIpsIntrusionsBlocked[{#SNMPVALUE}]</key>
                            <delay>300</delay>
                            <history>7</history>
                            <trends>365</trends>
                            <status>0</status>
                            <value_type>3</value_type>
                            <allowed_hosts/>
                            <units/>
                            <delta>0</delta>
                            <snmpv3_securityname/>
                            <snmpv3_securitylevel>0</snmpv3_securitylevel>
                            <snmpv3_authpassphrase/>
                            <snmpv3_privpassphrase/>
                            <formula>1</formula>
                            <delay_flex/>
                            <params/>
                            <ipmi_sensor/>
                            <data_type>0</data_type>
                            <authtype>0</authtype>
                            <username/>
                            <password/>
                            <publickey/>
                            <privatekey/>
                            <port/>
                            <description/>
                            <inventory_link>0</inventory_link>
                            <applications>
                                <application>
                                    <name>IDS</name>
                                </application>
                            </applications>
                            <valuemap/>
                        </item_prototype>
                        <item_prototype>
                            <name>Number of intrusions detected on virtual domain $1</name>
                            <type>4</type>
                            <snmp_community>{$SNMP_COMMUNITY}</snmp_community>
                            <multiplier>0</multiplier>
                            <snmp_oid>.1.3.6.1.4.1.12356.101.9.2.1.1.1.{#SNMPINDEX}</snmp_oid>
                            <key>fgIpsIntrusionsDetected[{#SNMPVALUE}]</key>
                            <delay>300</delay>
                            <history>7</history>
                            <trends>365</trends>
                            <status>0</status>
                            <value_type>3</value_type>
                            <allowed_hosts/>
                            <units/>
                            <delta>0</delta>
                            <snmpv3_securityname/>
                            <snmpv3_securitylevel>0</snmpv3_securitylevel>
                            <snmpv3_authpassphrase/>
                            <snmpv3_privpassphrase/>
                            <formula>1</formula>
                            <delay_flex/>
                            <params/>
                            <ipmi_sensor/>
                            <data_type>0</data_type>
                            <authtype>0</authtype>
                            <username/>
                            <password/>
                            <publickey/>
                            <privatekey/>
                            <port/>
                            <description/>
                            <inventory_link>0</inventory_link>
                            <applications>
                                <application>
                                    <name>IDS</name>
                                </application>
                            </applications>
                            <valuemap/>
                        </item_prototype>
                    </item_prototypes>
                    <trigger_prototypes>
                        <trigger_prototype>
                            <expression>{ZBX-FORTINET-IDS:fgIpsIntrusionsBlocked[{#SNMPVALUE}].last(0)}&gt;1.2*{ZBX-FORTINET-IDS:fgIpsIntrusionsBlocked[{#SNMPVALUE}].avg(600)} &amp; {ZBX-FORTINET-IDS:fgIpsIntrusionsBlocked[{#SNMPVALUE}].last(0)}&lt;1.3*{ZBX-FORTINET-IDS:fgIpsIntrusionsBlocked[{#SNMPVALUE}].avg(600)}</expression>
                            <name>An increase of 20% of blocked intrusions in the virtual domain {#SNMPVALUE} was detected</name>
                            <url/>
                            <status>0</status>
                            <priority>2</priority>
                            <description/>
                            <type>0</type>
                        </trigger_prototype>
                        <trigger_prototype>
                            <expression>{ZBX-FORTINET-IDS:fgIpsIntrusionsDetected[{#SNMPVALUE}].last(0)}&gt;1.2*{ZBX-FORTINET-IDS:fgIpsIntrusionsDetected[{#SNMPVALUE}].avg(600)} &amp; {ZBX-FORTINET-IDS:fgIpsIntrusionsDetected[{#SNMPVALUE}].last(0)}&lt;1.3*{ZBX-FORTINET-IDS:fgIpsIntrusionsDetected[{#SNMPVALUE}].avg(600)}</expression>
                            <name>An increase of 20% of detected intrusions in the virtual domain {#SNMPVALUE} was detected</name>
                            <url/>
                            <status>0</status>
                            <priority>2</priority>
                            <description/>
                            <type>0</type>
                        </trigger_prototype>
                        <trigger_prototype>
                            <expression>{ZBX-FORTINET-IDS:fgIpsIntrusionsBlocked[{#SNMPVALUE}].last(0)}&gt;1.3*{ZBX-FORTINET-IDS:fgIpsIntrusionsBlocked[{#SNMPVALUE}].avg(600)} &amp; {ZBX-FORTINET-IDS:fgIpsIntrusionsBlocked[{#SNMPVALUE}].last(0)}&lt;1.4*{ZBX-FORTINET-IDS:fgIpsIntrusionsBlocked[{#SNMPVALUE}].avg(600)}</expression>
                            <name>An increase of 30% of blocked intrusions in the virtual domain {#SNMPVALUE} was detected</name>
                            <url/>
                            <status>0</status>
                            <priority>3</priority>
                            <description/>
                            <type>0</type>
                        </trigger_prototype>
                        <trigger_prototype>
                            <expression>{ZBX-FORTINET-IDS:fgIpsIntrusionsDetected[{#SNMPVALUE}].last(0)}&gt;1.3*{ZBX-FORTINET-IDS:fgIpsIntrusionsDetected[{#SNMPVALUE}].avg(600)} &amp; {ZBX-FORTINET-IDS:fgIpsIntrusionsDetected[{#SNMPVALUE}].last(0)}&lt;1.4*{ZBX-FORTINET-IDS:fgIpsIntrusionsDetected[{#SNMPVALUE}].avg(600)}</expression>
                            <name>An increase of 30% of detected intrusions in the virtual domain {#SNMPVALUE} was detected</name>
                            <url/>
                            <status>0</status>
                            <priority>3</priority>
                            <description/>
                            <type>0</type>
                        </trigger_prototype>
                        <trigger_prototype>
                            <expression>{ZBX-FORTINET-IDS:fgIpsIntrusionsBlocked[{#SNMPVALUE}].last(0)}&gt;1.4*{ZBX-FORTINET-IDS:fgIpsIntrusionsBlocked[{#SNMPVALUE}].avg(600)}</expression>
                            <name>An increase of 40% of blocked intrusions in the virtual domain {#SNMPVALUE} was detected</name>
                            <url/>
                            <status>0</status>
                            <priority>4</priority>
                            <description/>
                            <type>0</type>
                        </trigger_prototype>
                        <trigger_prototype>
                            <expression>{ZBX-FORTINET-IDS:fgIpsIntrusionsDetected[{#SNMPVALUE}].last(0)}&gt;1.4*{ZBX-FORTINET-IDS:fgIpsIntrusionsDetected[{#SNMPVALUE}].avg(600)}</expression>
                            <name>An increase of 40% of detected intrusions in the virtual domain {#SNMPVALUE} was detected</name>
                            <url/>
                            <status>0</status>
                            <priority>4</priority>
                            <description/>
                            <type>0</type>
                        </trigger_prototype>
                    </trigger_prototypes>
                    <graph_prototypes/>
                </discovery_rule>
            </discovery_rules>
            <macros/>
            <templates/>
            <screens/>
        </template>
    </templates>
</zabbix_export>
