<?xml version="1.0" encoding="UTF-8"?>
<zabbix_export>
    <version>4.4</version>
    <date>2019-11-12T05:37:12Z</date>
    <groups>
        <group>
            <name>Templates Hardware</name>
        </group>
    </groups>
    <templates>
        <template>
            <template>SunFire v440 hardware</template>
            <name>SunFire v440 hardware</name>
            <groups>
                <group>
                    <name>Templates Hardware</name>
                </group>
            </groups>
            <applications>
                <application>
                    <name>Hardware</name>
                </application>
            </applications>
            <items>
                <item>
                    <name>CPU status</name>
                    <key>sun440.cpu.status</key>
                    <delay>3600</delay>
                    <history>7d</history>
                    <applications>
                        <application>
                            <name>Hardware</name>
                        </application>
                    </applications>
                    <triggers>
                        <trigger>
                            <expression>{last()}&lt;2</expression>
                            <name>CPU faulted</name>
                            <priority>HIGH</priority>
                        </trigger>
                    </triggers>
                </item>
                <item>
                    <name>Fan status</name>
                    <key>sun440.fan.status</key>
                    <delay>3600</delay>
                    <history>7d</history>
                    <applications>
                        <application>
                            <name>Hardware</name>
                        </application>
                    </applications>
                    <triggers>
                        <trigger>
                            <expression>{last()}&lt;5</expression>
                            <name>FAN faulted</name>
                            <priority>HIGH</priority>
                        </trigger>
                    </triggers>
                </item>
                <item>
                    <name>PCI status</name>
                    <key>sun440.pci.status</key>
                    <delay>3600</delay>
                    <history>7d</history>
                    <applications>
                        <application>
                            <name>Hardware</name>
                        </application>
                    </applications>
                    <triggers>
                        <trigger>
                            <expression>{last()}&lt;8</expression>
                            <name>PCI faulted</name>
                            <priority>HIGH</priority>
                        </trigger>
                    </triggers>
                </item>
                <item>
                    <name>PSU status</name>
                    <key>sun440.psu.status</key>
                    <delay>3600</delay>
                    <history>7d</history>
                    <applications>
                        <application>
                            <name>Hardware</name>
                        </application>
                    </applications>
                    <triggers>
                        <trigger>
                            <expression>{last()}&lt;2</expression>
                            <name>PSU faulted</name>
                            <priority>HIGH</priority>
                        </trigger>
                    </triggers>
                </item>
                <item>
                    <name>MB sensors status</name>
                    <key>sun440.sensors.mb_sensors</key>
                    <delay>3600</delay>
                    <history>7d</history>
                    <applications>
                        <application>
                            <name>Hardware</name>
                        </application>
                    </applications>
                    <triggers>
                        <trigger>
                            <expression>{last()}&lt;5</expression>
                            <name>MB sensors faulted</name>
                            <priority>HIGH</priority>
                        </trigger>
                    </triggers>
                </item>
                <item>
                    <name>Temperature status</name>
                    <key>sun440.temp.status</key>
                    <delay>3600</delay>
                    <history>7d</history>
                    <applications>
                        <application>
                            <name>Hardware</name>
                        </application>
                    </applications>
                    <triggers>
                        <trigger>
                            <expression>{last()}&lt;6</expression>
                            <name>Temperature faulted</name>
                            <priority>HIGH</priority>
                        </trigger>
                    </triggers>
                </item>
                <item>
                    <name>Voltage status</name>
                    <key>sun440.voltage.status</key>
                    <delay>3600</delay>
                    <history>7d</history>
                    <applications>
                        <application>
                            <name>Hardware</name>
                        </application>
                    </applications>
                    <triggers>
                        <trigger>
                            <expression>{last()}&lt;17</expression>
                            <name>Voltage faulted</name>
                            <priority>HIGH</priority>
                        </trigger>
                    </triggers>
                </item>
                <item>
                    <name>Disk 1-0 status</name>
                    <key>sunt440.disk.status[0.0.0,1]</key>
                    <delay>3600</delay>
                    <history>7d</history>
                    <applications>
                        <application>
                            <name>Hardware</name>
                        </application>
                    </applications>
                    <triggers>
                        <trigger>
                            <expression>{last()}&lt;&gt;1</expression>
                            <name>Disk 1-0 faulted</name>
                            <priority>HIGH</priority>
                        </trigger>
                    </triggers>
                </item>
                <item>
                    <name>Disk 2-0 status</name>
                    <key>sunt440.disk.status[0.0.0,2]</key>
                    <delay>3600</delay>
                    <history>7d</history>
                    <applications>
                        <application>
                            <name>Hardware</name>
                        </application>
                    </applications>
                    <triggers>
                        <trigger>
                            <expression>{last()}&lt;&gt;1</expression>
                            <name>Disk 2-0 faulted</name>
                            <priority>HIGH</priority>
                        </trigger>
                    </triggers>
                </item>
                <item>
                    <name>Disk 1-1 status</name>
                    <key>sunt440.disk.status[0.1.0,1]</key>
                    <delay>3600</delay>
                    <history>7d</history>
                    <applications>
                        <application>
                            <name>Hardware</name>
                        </application>
                    </applications>
                    <triggers>
                        <trigger>
                            <expression>{last()}&lt;&gt;1</expression>
                            <name>Disk 1-1 faulted</name>
                            <priority>HIGH</priority>
                        </trigger>
                    </triggers>
                </item>
                <item>
                    <name>Disk 2-1 status</name>
                    <key>sunt440.disk.status[0.1.0,2]</key>
                    <delay>3600</delay>
                    <history>7d</history>
                    <applications>
                        <application>
                            <name>Hardware</name>
                        </application>
                    </applications>
                    <triggers>
                        <trigger>
                            <expression>{last()}&lt;&gt;1</expression>
                            <name>Disk 2-1 faulted</name>
                            <priority>HIGH</priority>
                        </trigger>
                    </triggers>
                </item>
            </items>
        </template>
    </templates>
</zabbix_export>
