<?xml version="1.0" encoding="UTF-8"?>
<zabbix_export>
    <version>4.4</version>
    <date>2020-07-26T22:21:28Z</date>
    <value_maps>
        <value_map>
            <name>Synology Active Backup for Business</name>
            <mappings>
                <mapping>
                    <value>1</value>
                    <newvalue>In progress</newvalue>
                </mapping>
                <mapping>
                    <value>2</value>
                    <newvalue>Successful</newvalue>
                </mapping>
                <mapping>
                    <value>3</value>
                    <newvalue>Cancelled</newvalue>
                </mapping>
                <mapping>
                    <value>4</value>
                    <newvalue>Failed</newvalue>
                </mapping>
                <mapping>
                    <value>5</value>
                    <newvalue>Warning</newvalue>
                </mapping>
                <mapping>
                    <value>8</value>
                    <newvalue>Partial success</newvalue>
                </mapping>
            </mappings>
        </value_map>
    </value_maps>
</zabbix_export>
