<?xml version="1.0" encoding="UTF-8"?>
<zabbix_export>
    <version>4.4</version>
    <date>2020-08-06T10:21:24Z</date>
    <groups>
        <group>
            <name>Templates</name>
        </group>
    </groups>
    <templates>
        <template>
            <template>Synology NAS Active Backup for Business template</template>
            <name>Synology NAS Active Backup for Business template</name>
            <groups>
                <group>
                    <name>Templates</name>
                </group>
            </groups>
            <applications>
                <application>
                    <name>Active Backup for Business</name>
                </application>
            </applications>
            <discovery_rules>
                <discovery_rule>
                    <name>Active Backup for Business VM task discovery</name>
                    <type>SSH</type>
                    <key>ssh.run[ActiveBackupDiscovery,{HOST.IP},22,]</key>
                    <delay>1h</delay>
                    <params>cat {$PATH_ACTIVEBACKUPHOST_CSV}</params>
                    <username>{$SSH_USERNAME}</username>
                    <password>{$SSH_PASSWORD}</password>
                    <filter>
                        <conditions>
                            <condition>
                                <macro>{#BACKUP.TYPE}</macro>
                                <value>1</value>
                                <formulaid>A</formulaid>
                            </condition>
                        </conditions>
                    </filter>
                    <lifetime>1d</lifetime>
                    <description>This discovery rule will discover all VM backup tasks in Active Backup for Business</description>
                    <item_prototypes>
                        <item_prototype>
                            <name>VM Backup '{#DEVICE.NAME}'  - Status</name>
                            <type>SSH</type>
                            <key>ssh.run[vm.backup.{#DEVICE.NAME},{HOST.IP},22,]</key>
                            <delay>10m</delay>
                            <history>7d</history>
                            <params>awk -F',' '{ if ($1 == &quot;{#DEVICE.ID}&quot;) { print $3 } }' {$PATH_ACTIVEBACKUPRESULT_CSV}</params>
                            <username>{$SSH_USERNAME}</username>
                            <password>{$SSH_PASSWORD}</password>
                            <description>This item gets the status of the backup task from the CSV file.&#13;
1 = In progress&#13;
2 = Successful&#13;
3 = Cancelled&#13;
4 = Failed&#13;
5 = Warning&#13;
8 = Partial success</description>
                            <applications>
                                <application>
                                    <name>Active Backup for Business</name>
                                </application>
                            </applications>
                            <valuemap>
                                <name>Synology Active Backup for Business</name>
                            </valuemap>
                            <trigger_prototypes>
                                <trigger_prototype>
                                    <expression>{last(0)}&gt;3</expression>
                                    <name>VM Backup operation error '{#DEVICE.NAME}'</name>
                                    <opdata>Last status: {ITEM.LASTVALUE}</opdata>
                                    <priority>WARNING</priority>
                                    <manual_close>YES</manual_close>
                                    <tags>
                                        <tag>
                                            <tag>BACKUP</tag>
                                        </tag>
                                    </tags>
                                </trigger_prototype>
                            </trigger_prototypes>
                        </item_prototype>
                        <item_prototype>
                            <name>VM Backup '{#DEVICE.NAME}' - Transferred data</name>
                            <type>SSH</type>
                            <key>ssh.run[vm.backup.{#DEVICE.NAME}.datatransfer,{HOST.IP},22,]</key>
                            <delay>10m</delay>
                            <history>7d</history>
                            <units>B</units>
                            <params>awk -F',' '{ if ($1 == &quot;{#DEVICE.ID}&quot;) { print $4 } }' {$PATH_ACTIVEBACKUPRESULT_CSV}</params>
                            <username>{$SSH_USERNAME}</username>
                            <password>{$SSH_PASSWORD}</password>
                            <applications>
                                <application>
                                    <name>Active Backup for Business</name>
                                </application>
                            </applications>
                        </item_prototype>
                        <item_prototype>
                            <name>VM Backup '{#DEVICE.NAME}' - End time</name>
                            <type>SSH</type>
                            <key>ssh.run[vm.backup.{#DEVICE.NAME}.end.time,{HOST.IP},22,]</key>
                            <delay>10m</delay>
                            <history>7d</history>
                            <units>unixtime</units>
                            <params>awk -F',' '{ if ($1 == &quot;{#DEVICE.ID}&quot;) { print $6 } }' {$PATH_ACTIVEBACKUPRESULT_CSV}</params>
                            <username>{$SSH_USERNAME}</username>
                            <password>{$SSH_PASSWORD}</password>
                            <applications>
                                <application>
                                    <name>Active Backup for Business</name>
                                </application>
                            </applications>
                        </item_prototype>
                        <item_prototype>
                            <name>VM Backup '{#DEVICE.NAME}' - Start time</name>
                            <type>SSH</type>
                            <key>ssh.run[vm.backup.{#DEVICE.NAME}.start.time,{HOST.IP},22,]</key>
                            <delay>10m</delay>
                            <history>7d</history>
                            <units>unixtime</units>
                            <params>awk -F',' '{ if ($1 == &quot;{#DEVICE.ID}&quot;) { print $5 } }' {$PATH_ACTIVEBACKUPRESULT_CSV}</params>
                            <username>{$SSH_USERNAME}</username>
                            <password>{$SSH_PASSWORD}</password>
                            <applications>
                                <application>
                                    <name>Active Backup for Business</name>
                                </application>
                            </applications>
                        </item_prototype>
                    </item_prototypes>
                    <lld_macro_paths>
                        <lld_macro_path>
                            <lld_macro>{#BACKUP.TYPE}</lld_macro>
                            <path>$.backup_type</path>
                        </lld_macro_path>
                        <lld_macro_path>
                            <lld_macro>{#DEVICE.ID}</lld_macro>
                            <path>$.device_id</path>
                        </lld_macro_path>
                        <lld_macro_path>
                            <lld_macro>{#DEVICE.NAME}</lld_macro>
                            <path>$.host_name</path>
                        </lld_macro_path>
                    </lld_macro_paths>
                    <preprocessing>
                        <step>
                            <type>CSV_TO_JSON</type>
                            <params>

1</params>
                        </step>
                    </preprocessing>
                </discovery_rule>
                <discovery_rule>
                    <name>Active Backup for Business PC task discovery</name>
                    <type>SSH</type>
                    <key>ssh.run[ActiveBackupDiscoveryPC,{HOST.IP},22,]</key>
                    <delay>1h</delay>
                    <params>cat {$PATH_ACTIVEBACKUPHOST_CSV}</params>
                    <username>{$SSH_USERNAME}</username>
                    <password>{$SSH_PASSWORD}</password>
                    <filter>
                        <conditions>
                            <condition>
                                <macro>{#BACKUP.TYPE}</macro>
                                <value>2</value>
                                <formulaid>A</formulaid>
                            </condition>
                        </conditions>
                    </filter>
                    <lifetime>1d</lifetime>
                    <description>This discovery rule will discover all PC backup tasks in Active Backup for Business</description>
                    <item_prototypes>
                        <item_prototype>
                            <name>PC Backup '{#DEVICE.NAME}'  - Status</name>
                            <type>SSH</type>
                            <key>ssh.run[pc.backup.{#DEVICE.NAME},{HOST.IP},22,]</key>
                            <delay>10m</delay>
                            <history>7d</history>
                            <params>awk -F',' '{ if ($1 == &quot;{#DEVICE.ID}&quot;) { print $3 } }' {$PATH_ACTIVEBACKUPRESULT_CSV}</params>
                            <username>{$SSH_USERNAME}</username>
                            <password>{$SSH_PASSWORD}</password>
                            <applications>
                                <application>
                                    <name>Active Backup for Business</name>
                                </application>
                            </applications>
                            <valuemap>
                                <name>Synology Active Backup for Business</name>
                            </valuemap>
                            <trigger_prototypes>
                                <trigger_prototype>
                                    <expression>{last(0)}&gt;3</expression>
                                    <name>PC Backup operation error '{#DEVICE.NAME}'</name>
                                    <opdata>Last status: {ITEM.LASTVALUE}</opdata>
                                    <priority>WARNING</priority>
                                    <manual_close>YES</manual_close>
                                    <tags>
                                        <tag>
                                            <tag>BACKUP</tag>
                                        </tag>
                                    </tags>
                                </trigger_prototype>
                            </trigger_prototypes>
                        </item_prototype>
                        <item_prototype>
                            <name>PC Backup '{#DEVICE.NAME}' - Transferred data</name>
                            <type>SSH</type>
                            <key>ssh.run[pc.backup.{#DEVICE.NAME}.datatransfer,{HOST.IP},22,]</key>
                            <delay>10m</delay>
                            <history>7d</history>
                            <units>B</units>
                            <params>awk -F',' '{ if ($1 == &quot;{#DEVICE.ID}&quot;) { print $4 } }' {$PATH_ACTIVEBACKUPRESULT_CSV}</params>
                            <username>{$SSH_USERNAME}</username>
                            <password>{$SSH_PASSWORD}</password>
                            <applications>
                                <application>
                                    <name>Active Backup for Business</name>
                                </application>
                            </applications>
                            <valuemap>
                                <name>Synology Active Backup for Business</name>
                            </valuemap>
                        </item_prototype>
                        <item_prototype>
                            <name>PC Backup '{#DEVICE.NAME}' - End time</name>
                            <type>SSH</type>
                            <key>ssh.run[pc.backup.{#DEVICE.NAME}.end.time,{HOST.IP},22,]</key>
                            <delay>10m</delay>
                            <history>7d</history>
                            <units>unixtime</units>
                            <params>awk -F',' '{ if ($1 == &quot;{#DEVICE.ID}&quot;) { print $6 } }' {$PATH_ACTIVEBACKUPRESULT_CSV}</params>
                            <username>{$SSH_USERNAME}</username>
                            <password>{$SSH_PASSWORD}</password>
                            <applications>
                                <application>
                                    <name>Active Backup for Business</name>
                                </application>
                            </applications>
                            <valuemap>
                                <name>Synology Active Backup for Business</name>
                            </valuemap>
                        </item_prototype>
                        <item_prototype>
                            <name>PC Backup '{#DEVICE.NAME}' - Start time</name>
                            <type>SSH</type>
                            <key>ssh.run[pc.backup.{#DEVICE.NAME}.start.time,{HOST.IP},22,]</key>
                            <delay>10m</delay>
                            <history>7d</history>
                            <units>unixtime</units>
                            <params>awk -F',' '{ if ($1 == &quot;{#DEVICE.ID}&quot;) { print $5 } }' {$PATH_ACTIVEBACKUPRESULT_CSV}</params>
                            <username>{$SSH_USERNAME}</username>
                            <password>{$SSH_PASSWORD}</password>
                            <applications>
                                <application>
                                    <name>Active Backup for Business</name>
                                </application>
                            </applications>
                            <valuemap>
                                <name>Synology Active Backup for Business</name>
                            </valuemap>
                        </item_prototype>
                    </item_prototypes>
                    <lld_macro_paths>
                        <lld_macro_path>
                            <lld_macro>{#BACKUP.TYPE}</lld_macro>
                            <path>$.backup_type</path>
                        </lld_macro_path>
                        <lld_macro_path>
                            <lld_macro>{#DEVICE.ID}</lld_macro>
                            <path>$.device_id</path>
                        </lld_macro_path>
                        <lld_macro_path>
                            <lld_macro>{#DEVICE.NAME}</lld_macro>
                            <path>$.host_name</path>
                        </lld_macro_path>
                    </lld_macro_paths>
                    <preprocessing>
                        <step>
                            <type>CSV_TO_JSON</type>
                            <params>

1</params>
                        </step>
                    </preprocessing>
                </discovery_rule>
                <discovery_rule>
                    <name>Active Backup for Business Physical Server task discovery</name>
                    <type>SSH</type>
                    <key>ssh.run[ActiveBackupDiscoveryPS,{HOST.IP},22,]</key>
                    <delay>1h</delay>
                    <params>cat {$PATH_ACTIVEBACKUPHOST_CSV}</params>
                    <username>{$SSH_USERNAME}</username>
                    <password>{$SSH_PASSWORD}</password>
                    <filter>
                        <conditions>
                            <condition>
                                <macro>{#BACKUP.TYPE}</macro>
                                <value>3</value>
                                <formulaid>A</formulaid>
                            </condition>
                        </conditions>
                    </filter>
                    <lifetime>1d</lifetime>
                    <description>This discovery rule will discover all physical server backup tasks in Active Backup for Business</description>
                    <item_prototypes>
                        <item_prototype>
                            <name>Physical Server Backup '{#DEVICE.NAME}'  - Status</name>
                            <type>SSH</type>
                            <key>ssh.run[ps.backup.{#DEVICE.NAME},{HOST.IP},22,]</key>
                            <delay>10m</delay>
                            <history>7d</history>
                            <params>awk -F',' '{ if ($1 == &quot;{#DEVICE.ID}&quot;) { print $3 } }' {$PATH_ACTIVEBACKUPRESULT_CSV}</params>
                            <username>{$SSH_USERNAME}</username>
                            <password>{$SSH_PASSWORD}</password>
                            <applications>
                                <application>
                                    <name>Active Backup for Business</name>
                                </application>
                            </applications>
                            <valuemap>
                                <name>Synology Active Backup for Business</name>
                            </valuemap>
                            <trigger_prototypes>
                                <trigger_prototype>
                                    <expression>{last(0)}&gt;3</expression>
                                    <name>Physical Server Backup operation error '{#DEVICE.NAME}'</name>
                                    <opdata>Last status: {ITEM.LASTVALUE}</opdata>
                                    <priority>WARNING</priority>
                                    <manual_close>YES</manual_close>
                                    <tags>
                                        <tag>
                                            <tag>BACKUP</tag>
                                        </tag>
                                    </tags>
                                </trigger_prototype>
                            </trigger_prototypes>
                        </item_prototype>
                        <item_prototype>
                            <name>Physical Server Backup '{#DEVICE.NAME}' - Transferred data</name>
                            <type>SSH</type>
                            <key>ssh.run[ps.backup.{#DEVICE.NAME}.datatransfer,{HOST.IP},22,]</key>
                            <delay>10m</delay>
                            <history>7d</history>
                            <units>B</units>
                            <params>awk -F',' '{ if ($1 == &quot;{#DEVICE.ID}&quot;) { print $4 } }' {$PATH_ACTIVEBACKUPRESULT_CSV}</params>
                            <username>{$SSH_USERNAME}</username>
                            <password>{$SSH_PASSWORD}</password>
                            <applications>
                                <application>
                                    <name>Active Backup for Business</name>
                                </application>
                            </applications>
                            <valuemap>
                                <name>Synology Active Backup for Business</name>
                            </valuemap>
                        </item_prototype>
                        <item_prototype>
                            <name>Physical Server Backup '{#DEVICE.NAME}' - End time</name>
                            <type>SSH</type>
                            <key>ssh.run[ps.backup.{#DEVICE.NAME}.end.time,{HOST.IP},22,]</key>
                            <delay>10m</delay>
                            <units>unixtime</units>
                            <params>awk -F',' '{ if ($1 == &quot;{#DEVICE.ID}&quot;) { print $6 } }' {$PATH_ACTIVEBACKUPRESULT_CSV}</params>
                            <username>{$SSH_USERNAME}</username>
                            <password>{$SSH_PASSWORD}</password>
                            <applications>
                                <application>
                                    <name>Active Backup for Business</name>
                                </application>
                            </applications>
                            <valuemap>
                                <name>Synology Active Backup for Business</name>
                            </valuemap>
                        </item_prototype>
                        <item_prototype>
                            <name>Physical Server Backup '{#DEVICE.NAME}' - Start time</name>
                            <type>SSH</type>
                            <key>ssh.run[ps.backup.{#DEVICE.NAME}.start.time,{HOST.IP},22,]</key>
                            <delay>10m</delay>
                            <history>7d</history>
                            <units>unixtime</units>
                            <params>awk -F',' '{ if ($1 == &quot;{#DEVICE.ID}&quot;) { print $5 } }' {$PATH_ACTIVEBACKUPRESULT_CSV}</params>
                            <username>{$SSH_USERNAME}</username>
                            <password>{$SSH_PASSWORD}</password>
                            <applications>
                                <application>
                                    <name>Active Backup for Business</name>
                                </application>
                            </applications>
                            <valuemap>
                                <name>Synology Active Backup for Business</name>
                            </valuemap>
                        </item_prototype>
                    </item_prototypes>
                    <lld_macro_paths>
                        <lld_macro_path>
                            <lld_macro>{#BACKUP.TYPE}</lld_macro>
                            <path>$.backup_type</path>
                        </lld_macro_path>
                        <lld_macro_path>
                            <lld_macro>{#DEVICE.ID}</lld_macro>
                            <path>$.device_id</path>
                        </lld_macro_path>
                        <lld_macro_path>
                            <lld_macro>{#DEVICE.NAME}</lld_macro>
                            <path>$.host_name</path>
                        </lld_macro_path>
                    </lld_macro_paths>
                    <preprocessing>
                        <step>
                            <type>CSV_TO_JSON</type>
                            <params>

1</params>
                        </step>
                    </preprocessing>
                </discovery_rule>
                <discovery_rule>
                    <name>Active Backup for Business SMB task discovery</name>
                    <type>SSH</type>
                    <key>ssh.run[ActiveBackupDiscoverySMB,{HOST.IP},22,]</key>
                    <delay>1h</delay>
                    <params>cat {$PATH_ACTIVEBACKUPHOST_CSV}</params>
                    <username>{$SSH_USERNAME}</username>
                    <password>{$SSH_PASSWORD}</password>
                    <filter>
                        <conditions>
                            <condition>
                                <macro>{#BACKUP.TYPE}</macro>
                                <value>4</value>
                                <formulaid>A</formulaid>
                            </condition>
                        </conditions>
                    </filter>
                    <lifetime>1d</lifetime>
                    <description>This discovery rule will discover all SMB backup tasks in Active Backup for Business</description>
                    <item_prototypes>
                        <item_prototype>
                            <name>SMB Backup '{#DEVICE.NAME}'  - Status</name>
                            <type>SSH</type>
                            <key>ssh.run[smb.backup.{#DEVICE.NAME},{HOST.IP},22,]</key>
                            <delay>10m</delay>
                            <history>7d</history>
                            <params>awk -F',' '{ if ($1 == &quot;{#DEVICE.ID}&quot;) { print $3 } }' {$PATH_ACTIVEBACKUPRESULT_CSV}</params>
                            <username>{$SSH_USERNAME}</username>
                            <password>{$SSH_PASSWORD}</password>
                            <applications>
                                <application>
                                    <name>Active Backup for Business</name>
                                </application>
                            </applications>
                            <valuemap>
                                <name>Synology Active Backup for Business</name>
                            </valuemap>
                            <trigger_prototypes>
                                <trigger_prototype>
                                    <expression>{last(0)}&gt;3</expression>
                                    <name>SMB Backup operation error '{#DEVICE.NAME}'</name>
                                    <opdata>Last status: {ITEM.LASTVALUE}</opdata>
                                    <priority>WARNING</priority>
                                    <manual_close>YES</manual_close>
                                    <tags>
                                        <tag>
                                            <tag>BACKUP</tag>
                                        </tag>
                                    </tags>
                                </trigger_prototype>
                            </trigger_prototypes>
                        </item_prototype>
                        <item_prototype>
                            <name>SMB Backup '{#DEVICE.NAME}' - Transferred data</name>
                            <type>SSH</type>
                            <key>ssh.run[smb.backup.{#DEVICE.NAME}.datatransfer,{HOST.IP},22,]</key>
                            <delay>10m</delay>
                            <history>7d</history>
                            <units>B</units>
                            <params>awk -F',' '{ if ($1 == &quot;{#DEVICE.ID}&quot;) { print $4 } }' {$PATH_ACTIVEBACKUPRESULT_CSV}</params>
                            <username>{$SSH_USERNAME}</username>
                            <password>{$SSH_PASSWORD}</password>
                            <applications>
                                <application>
                                    <name>Active Backup for Business</name>
                                </application>
                            </applications>
                            <valuemap>
                                <name>Synology Active Backup for Business</name>
                            </valuemap>
                        </item_prototype>
                        <item_prototype>
                            <name>SMB Backup '{#DEVICE.NAME}' - End time</name>
                            <type>SSH</type>
                            <key>ssh.run[smb.backup.{#DEVICE.NAME}.end.time,{HOST.IP},22,]</key>
                            <delay>10m</delay>
                            <history>7d</history>
                            <units>unixtime</units>
                            <params>awk -F',' '{ if ($1 == &quot;{#DEVICE.ID}&quot;) { print $6 } }' {$PATH_ACTIVEBACKUPRESULT_CSV}</params>
                            <username>{$SSH_USERNAME}</username>
                            <password>{$SSH_PASSWORD}</password>
                            <applications>
                                <application>
                                    <name>Active Backup for Business</name>
                                </application>
                            </applications>
                            <valuemap>
                                <name>Synology Active Backup for Business</name>
                            </valuemap>
                        </item_prototype>
                        <item_prototype>
                            <name>SMB Backup '{#DEVICE.NAME}' - Start time</name>
                            <type>SSH</type>
                            <key>ssh.run[smb.backup.{#DEVICE.NAME}.start.time,{HOST.IP},22,]</key>
                            <delay>10m</delay>
                            <history>7d</history>
                            <units>unixtime</units>
                            <params>awk -F',' '{ if ($1 == &quot;{#DEVICE.ID}&quot;) { print $5 } }' {$PATH_ACTIVEBACKUPRESULT_CSV}</params>
                            <username>{$SSH_USERNAME}</username>
                            <password>{$SSH_PASSWORD}</password>
                            <applications>
                                <application>
                                    <name>Active Backup for Business</name>
                                </application>
                            </applications>
                            <valuemap>
                                <name>Synology Active Backup for Business</name>
                            </valuemap>
                        </item_prototype>
                    </item_prototypes>
                    <lld_macro_paths>
                        <lld_macro_path>
                            <lld_macro>{#BACKUP.TYPE}</lld_macro>
                            <path>$.backup_type</path>
                        </lld_macro_path>
                        <lld_macro_path>
                            <lld_macro>{#DEVICE.ID}</lld_macro>
                            <path>$.device_id</path>
                        </lld_macro_path>
                        <lld_macro_path>
                            <lld_macro>{#DEVICE.NAME}</lld_macro>
                            <path>$.host_name</path>
                        </lld_macro_path>
                    </lld_macro_paths>
                    <preprocessing>
                        <step>
                            <type>CSV_TO_JSON</type>
                            <params>

1</params>
                        </step>
                    </preprocessing>
                </discovery_rule>
            </discovery_rules>
            <macros>
                <macro>
                    <macro>{$PATH_ACTIVEBACKUPHOST_CSV}</macro>
                    <description>Path to Active Backup Host export file</description>
                </macro>
                <macro>
                    <macro>{$PATH_ACTIVEBACKUPRESULT_CSV}</macro>
                    <description>Path to Active Backup CSV export file</description>
                </macro>
                <macro>
                    <macro>{$SSH_PASSWORD}</macro>
                    <description>Synology SSH password</description>
                </macro>
                <macro>
                    <macro>{$SSH_USERNAME}</macro>
                    <description>Synology SSH username</description>
                </macro>
            </macros>
        </template>
    </templates>
    <value_maps>
        <value_map>
            <name>Synology Active Backup for Business</name>
            <mappings>
                <mapping>
                    <value>1</value>
                    <newvalue>In progress</newvalue>
                </mapping>
                <mapping>
                    <value>2</value>
                    <newvalue>Successful</newvalue>
                </mapping>
                <mapping>
                    <value>3</value>
                    <newvalue>Cancelled</newvalue>
                </mapping>
                <mapping>
                    <value>4</value>
                    <newvalue>Failed</newvalue>
                </mapping>
                <mapping>
                    <value>5</value>
                    <newvalue>Warning</newvalue>
                </mapping>
                <mapping>
                    <value>8</value>
                    <newvalue>Partial success</newvalue>
                </mapping>
            </mappings>
        </value_map>
    </value_maps>
</zabbix_export>
