<?xml version="1.0" encoding="UTF-8"?>
<zabbix_export>
   <version>3.4</version>
   <date>2015-12-30T14:41:30Z</date>
   <groups>
      <group>
         <name>Templates/Network Devices</name>
      </group>
   </groups>
   <templates>
      <template>
         <template>Template Net Network Generic Device SNMPv2</template>
         <name>Template Net Network Generic Device SNMPv2</name>
         <description>Template Net Network Generic Device version: 0.15
Overview: Use this template if you can't find the template for specific vendor or device family.</description>
         <groups>
            <group>
               <name>Templates/Network Devices</name>
            </group>
         </groups>
         <applications/>
         <items/>
         <discovery_rules/>
         <httptests/>
         <macros/>
         <templates>
            <template>
               <name>Template Module Interfaces Simple SNMPv2</name>
            </template>
            <template>
               <name>Template Module EtherLike-MIB SNMPv2</name>
            </template>
            <template>
               <name>Template Module Generic SNMPv2</name>
            </template>
         </templates>
         <screens/>
      </template>
   </templates>
   <graphs/>
   <triggers/>
   <value_maps/>
</zabbix_export>
