<?xml version="1.0" encoding="UTF-8"?>
<zabbix_export>
    <version>2.0</version>
    <date>2015-10-08T01:45:52Z</date>
    <groups>
        <group>
            <name>Templates</name>
        </group>
    </groups>
    <templates>
        <template>
            <template>Synology_DS212</template>
            <name>Synology DS212</name>
            <description/>
            <groups>
                <group>
                    <name>Templates</name>
                </group>
            </groups>
            <applications>
                <application>
                    <name>Disks</name>
                </application>
                <application>
                    <name>Network</name>
                </application>
                <application>
                    <name>System</name>
                </application>
                <application>
                    <name>Volumes</name>
                </application>
            </applications>
            <items>
                <item>
                    <name>CPU Fan status</name>
                    <type>4</type>
                    <snmp_community>public</snmp_community>
                    <multiplier>0</multiplier>
                    <snmp_oid>1.3.6.1.4.1.6574.1.4.2.0</snmp_oid>
                    <key>1.3.6.1.4.1.6574.1.4.2.0</key>
                    <delay>60</delay>
                    <history>90</history>
                    <trends>365</trends>
                    <status>0</status>
                    <value_type>3</value_type>
                    <allowed_hosts/>
                    <units/>
                    <delta>0</delta>
                    <snmpv3_contextname/>
                    <snmpv3_securityname/>
                    <snmpv3_securitylevel>0</snmpv3_securitylevel>
                    <snmpv3_authprotocol>0</snmpv3_authprotocol>
                    <snmpv3_authpassphrase/>
                    <snmpv3_privprotocol>0</snmpv3_privprotocol>
                    <snmpv3_privpassphrase/>
                    <formula>1</formula>
                    <delay_flex/>
                    <params/>
                    <ipmi_sensor/>
                    <data_type>0</data_type>
                    <authtype>0</authtype>
                    <username/>
                    <password/>
                    <publickey/>
                    <privatekey/>
                    <port/>
                    <description/>
                    <inventory_link>0</inventory_link>
                    <applications>
                        <application>
                            <name>System</name>
                        </application>
                    </applications>
                    <valuemap>
                        <name>Synology status</name>
                    </valuemap>
                    <logtimefmt/>
                </item>
                <item>
                    <name>Disk 1 status</name>
                    <type>4</type>
                    <snmp_community>public</snmp_community>
                    <multiplier>0</multiplier>
                    <snmp_oid>1.3.6.1.4.1.6574.2.1.1.5.0</snmp_oid>
                    <key>1.3.6.1.4.1.6574.2.1.1.5.0</key>
                    <delay>60</delay>
                    <history>90</history>
                    <trends>365</trends>
                    <status>0</status>
                    <value_type>3</value_type>
                    <allowed_hosts/>
                    <units/>
                    <delta>0</delta>
                    <snmpv3_contextname/>
                    <snmpv3_securityname/>
                    <snmpv3_securitylevel>0</snmpv3_securitylevel>
                    <snmpv3_authprotocol>0</snmpv3_authprotocol>
                    <snmpv3_authpassphrase/>
                    <snmpv3_privprotocol>0</snmpv3_privprotocol>
                    <snmpv3_privpassphrase/>
                    <formula>1</formula>
                    <delay_flex/>
                    <params/>
                    <ipmi_sensor/>
                    <data_type>0</data_type>
                    <authtype>0</authtype>
                    <username/>
                    <password/>
                    <publickey/>
                    <privatekey/>
                    <port/>
                    <description/>
                    <inventory_link>0</inventory_link>
                    <applications>
                        <application>
                            <name>Disks</name>
                        </application>
                    </applications>
                    <valuemap>
                        <name>Synology disk status</name>
                    </valuemap>
                    <logtimefmt/>
                </item>
                <item>
                    <name>Disk 1 temperature</name>
                    <type>4</type>
                    <snmp_community>public</snmp_community>
                    <multiplier>0</multiplier>
                    <snmp_oid>1.3.6.1.4.1.6574.2.1.1.6.0</snmp_oid>
                    <key>1.3.6.1.4.1.6574.2.1.1.6.0</key>
                    <delay>60</delay>
                    <history>90</history>
                    <trends>365</trends>
                    <status>0</status>
                    <value_type>3</value_type>
                    <allowed_hosts/>
                    <units>°C</units>
                    <delta>0</delta>
                    <snmpv3_contextname/>
                    <snmpv3_securityname/>
                    <snmpv3_securitylevel>0</snmpv3_securitylevel>
                    <snmpv3_authprotocol>0</snmpv3_authprotocol>
                    <snmpv3_authpassphrase/>
                    <snmpv3_privprotocol>0</snmpv3_privprotocol>
                    <snmpv3_privpassphrase/>
                    <formula>1</formula>
                    <delay_flex/>
                    <params/>
                    <ipmi_sensor/>
                    <data_type>0</data_type>
                    <authtype>0</authtype>
                    <username/>
                    <password/>
                    <publickey/>
                    <privatekey/>
                    <port/>
                    <description/>
                    <inventory_link>0</inventory_link>
                    <applications>
                        <application>
                            <name>Disks</name>
                        </application>
                    </applications>
                    <valuemap/>
                    <logtimefmt/>
                </item>
                <item>
                    <name>Disk 2 status</name>
                    <type>4</type>
                    <snmp_community>public</snmp_community>
                    <multiplier>0</multiplier>
                    <snmp_oid>1.3.6.1.4.1.6574.2.1.1.5.1</snmp_oid>
                    <key>1.3.6.1.4.1.6574.2.1.1.5.1</key>
                    <delay>60</delay>
                    <history>90</history>
                    <trends>365</trends>
                    <status>0</status>
                    <value_type>3</value_type>
                    <allowed_hosts/>
                    <units/>
                    <delta>0</delta>
                    <snmpv3_contextname/>
                    <snmpv3_securityname/>
                    <snmpv3_securitylevel>0</snmpv3_securitylevel>
                    <snmpv3_authprotocol>0</snmpv3_authprotocol>
                    <snmpv3_authpassphrase/>
                    <snmpv3_privprotocol>0</snmpv3_privprotocol>
                    <snmpv3_privpassphrase/>
                    <formula>1</formula>
                    <delay_flex/>
                    <params/>
                    <ipmi_sensor/>
                    <data_type>0</data_type>
                    <authtype>0</authtype>
                    <username/>
                    <password/>
                    <publickey/>
                    <privatekey/>
                    <port/>
                    <description/>
                    <inventory_link>0</inventory_link>
                    <applications>
                        <application>
                            <name>Disks</name>
                        </application>
                    </applications>
                    <valuemap>
                        <name>Synology disk status</name>
                    </valuemap>
                    <logtimefmt/>
                </item>
                <item>
                    <name>Disk 2 temperature</name>
                    <type>4</type>
                    <snmp_community>public</snmp_community>
                    <multiplier>0</multiplier>
                    <snmp_oid>1.3.6.1.4.1.6574.2.1.1.6.1</snmp_oid>
                    <key>1.3.6.1.4.1.6574.2.1.1.6.1</key>
                    <delay>60</delay>
                    <history>90</history>
                    <trends>365</trends>
                    <status>0</status>
                    <value_type>3</value_type>
                    <allowed_hosts/>
                    <units>°C</units>
                    <delta>0</delta>
                    <snmpv3_contextname/>
                    <snmpv3_securityname/>
                    <snmpv3_securitylevel>0</snmpv3_securitylevel>
                    <snmpv3_authprotocol>0</snmpv3_authprotocol>
                    <snmpv3_authpassphrase/>
                    <snmpv3_privprotocol>0</snmpv3_privprotocol>
                    <snmpv3_privpassphrase/>
                    <formula>1</formula>
                    <delay_flex/>
                    <params/>
                    <ipmi_sensor/>
                    <data_type>0</data_type>
                    <authtype>0</authtype>
                    <username/>
                    <password/>
                    <publickey/>
                    <privatekey/>
                    <port/>
                    <description/>
                    <inventory_link>0</inventory_link>
                    <applications>
                        <application>
                            <name>Disks</name>
                        </application>
                    </applications>
                    <valuemap/>
                    <logtimefmt/>
                </item>
                <item>
                    <name>Incoming traffic</name>
                    <type>4</type>
                    <snmp_community>public</snmp_community>
                    <multiplier>1</multiplier>
                    <snmp_oid>1.3.6.1.2.1.31.1.1.1.6.2</snmp_oid>
                    <key>1.3.6.1.2.1.31.1.1.1.6.2</key>
                    <delay>60</delay>
                    <history>90</history>
                    <trends>365</trends>
                    <status>0</status>
                    <value_type>3</value_type>
                    <allowed_hosts/>
                    <units>bps</units>
                    <delta>1</delta>
                    <snmpv3_contextname/>
                    <snmpv3_securityname/>
                    <snmpv3_securitylevel>0</snmpv3_securitylevel>
                    <snmpv3_authprotocol>0</snmpv3_authprotocol>
                    <snmpv3_authpassphrase/>
                    <snmpv3_privprotocol>0</snmpv3_privprotocol>
                    <snmpv3_privpassphrase/>
                    <formula>8</formula>
                    <delay_flex/>
                    <params/>
                    <ipmi_sensor/>
                    <data_type>0</data_type>
                    <authtype>0</authtype>
                    <username/>
                    <password/>
                    <publickey/>
                    <privatekey/>
                    <port/>
                    <description/>
                    <inventory_link>0</inventory_link>
                    <applications>
                        <application>
                            <name>Network</name>
                        </application>
                    </applications>
                    <valuemap/>
                    <logtimefmt/>
                </item>
                <item>
                    <name>Outgoing traffic</name>
                    <type>4</type>
                    <snmp_community>public</snmp_community>
                    <multiplier>1</multiplier>
                    <snmp_oid>1.3.6.1.2.1.31.1.1.1.10.2</snmp_oid>
                    <key>1.3.6.1.2.1.31.1.1.1.10.2</key>
                    <delay>60</delay>
                    <history>90</history>
                    <trends>365</trends>
                    <status>0</status>
                    <value_type>3</value_type>
                    <allowed_hosts/>
                    <units>bps</units>
                    <delta>1</delta>
                    <snmpv3_contextname/>
                    <snmpv3_securityname/>
                    <snmpv3_securitylevel>0</snmpv3_securitylevel>
                    <snmpv3_authprotocol>0</snmpv3_authprotocol>
                    <snmpv3_authpassphrase/>
                    <snmpv3_privprotocol>0</snmpv3_privprotocol>
                    <snmpv3_privpassphrase/>
                    <formula>8</formula>
                    <delay_flex/>
                    <params/>
                    <ipmi_sensor/>
                    <data_type>0</data_type>
                    <authtype>0</authtype>
                    <username/>
                    <password/>
                    <publickey/>
                    <privatekey/>
                    <port/>
                    <description/>
                    <inventory_link>0</inventory_link>
                    <applications>
                        <application>
                            <name>Network</name>
                        </application>
                    </applications>
                    <valuemap/>
                    <logtimefmt/>
                </item>
                <item>
                    <name>Power status</name>
                    <type>4</type>
                    <snmp_community>public</snmp_community>
                    <multiplier>0</multiplier>
                    <snmp_oid>1.3.6.1.4.1.6574.1.3.0</snmp_oid>
                    <key>1.3.6.1.4.1.6574.1.3.0</key>
                    <delay>60</delay>
                    <history>90</history>
                    <trends>365</trends>
                    <status>0</status>
                    <value_type>3</value_type>
                    <allowed_hosts/>
                    <units/>
                    <delta>0</delta>
                    <snmpv3_contextname/>
                    <snmpv3_securityname/>
                    <snmpv3_securitylevel>0</snmpv3_securitylevel>
                    <snmpv3_authprotocol>0</snmpv3_authprotocol>
                    <snmpv3_authpassphrase/>
                    <snmpv3_privprotocol>0</snmpv3_privprotocol>
                    <snmpv3_privpassphrase/>
                    <formula>1</formula>
                    <delay_flex/>
                    <params/>
                    <ipmi_sensor/>
                    <data_type>0</data_type>
                    <authtype>0</authtype>
                    <username/>
                    <password/>
                    <publickey/>
                    <privatekey/>
                    <port/>
                    <description/>
                    <inventory_link>0</inventory_link>
                    <applications>
                        <application>
                            <name>System</name>
                        </application>
                    </applications>
                    <valuemap>
                        <name>Synology status</name>
                    </valuemap>
                    <logtimefmt/>
                </item>
                <item>
                    <name>System Fan status</name>
                    <type>4</type>
                    <snmp_community>public</snmp_community>
                    <multiplier>0</multiplier>
                    <snmp_oid>1.3.6.1.4.1.6574.1.4.1.0</snmp_oid>
                    <key>1.3.6.1.4.1.6574.1.4.1.0</key>
                    <delay>60</delay>
                    <history>90</history>
                    <trends>365</trends>
                    <status>0</status>
                    <value_type>3</value_type>
                    <allowed_hosts/>
                    <units/>
                    <delta>0</delta>
                    <snmpv3_contextname/>
                    <snmpv3_securityname/>
                    <snmpv3_securitylevel>0</snmpv3_securitylevel>
                    <snmpv3_authprotocol>0</snmpv3_authprotocol>
                    <snmpv3_authpassphrase/>
                    <snmpv3_privprotocol>0</snmpv3_privprotocol>
                    <snmpv3_privpassphrase/>
                    <formula>1</formula>
                    <delay_flex/>
                    <params/>
                    <ipmi_sensor/>
                    <data_type>0</data_type>
                    <authtype>0</authtype>
                    <username/>
                    <password/>
                    <publickey/>
                    <privatekey/>
                    <port/>
                    <description/>
                    <inventory_link>0</inventory_link>
                    <applications>
                        <application>
                            <name>System</name>
                        </application>
                    </applications>
                    <valuemap>
                        <name>Synology status</name>
                    </valuemap>
                    <logtimefmt/>
                </item>
                <item>
                    <name>System status</name>
                    <type>4</type>
                    <snmp_community>public</snmp_community>
                    <multiplier>0</multiplier>
                    <snmp_oid>1.3.6.1.4.1.6574.1.1.0</snmp_oid>
                    <key>1.3.6.1.4.1.6574.1.1.0</key>
                    <delay>60</delay>
                    <history>90</history>
                    <trends>365</trends>
                    <status>0</status>
                    <value_type>3</value_type>
                    <allowed_hosts/>
                    <units/>
                    <delta>0</delta>
                    <snmpv3_contextname/>
                    <snmpv3_securityname/>
                    <snmpv3_securitylevel>0</snmpv3_securitylevel>
                    <snmpv3_authprotocol>0</snmpv3_authprotocol>
                    <snmpv3_authpassphrase/>
                    <snmpv3_privprotocol>0</snmpv3_privprotocol>
                    <snmpv3_privpassphrase/>
                    <formula>1</formula>
                    <delay_flex/>
                    <params/>
                    <ipmi_sensor/>
                    <data_type>0</data_type>
                    <authtype>0</authtype>
                    <username/>
                    <password/>
                    <publickey/>
                    <privatekey/>
                    <port/>
                    <description/>
                    <inventory_link>0</inventory_link>
                    <applications>
                        <application>
                            <name>System</name>
                        </application>
                    </applications>
                    <valuemap>
                        <name>Synology status</name>
                    </valuemap>
                    <logtimefmt/>
                </item>
                <item>
                    <name>System temperature</name>
                    <type>4</type>
                    <snmp_community>public</snmp_community>
                    <multiplier>0</multiplier>
                    <snmp_oid>1.3.6.1.4.1.6574.1.2.0</snmp_oid>
                    <key>1.3.6.1.4.1.6574.1.2.0</key>
                    <delay>60</delay>
                    <history>90</history>
                    <trends>365</trends>
                    <status>0</status>
                    <value_type>3</value_type>
                    <allowed_hosts/>
                    <units>°C</units>
                    <delta>0</delta>
                    <snmpv3_contextname/>
                    <snmpv3_securityname/>
                    <snmpv3_securitylevel>0</snmpv3_securitylevel>
                    <snmpv3_authprotocol>0</snmpv3_authprotocol>
                    <snmpv3_authpassphrase/>
                    <snmpv3_privprotocol>0</snmpv3_privprotocol>
                    <snmpv3_privpassphrase/>
                    <formula>1</formula>
                    <delay_flex/>
                    <params/>
                    <ipmi_sensor/>
                    <data_type>0</data_type>
                    <authtype>0</authtype>
                    <username/>
                    <password/>
                    <publickey/>
                    <privatekey/>
                    <port/>
                    <description/>
                    <inventory_link>0</inventory_link>
                    <applications>
                        <application>
                            <name>System</name>
                        </application>
                    </applications>
                    <valuemap/>
                    <logtimefmt/>
                </item>
                <item>
                    <name>Volume 1 status</name>
                    <type>4</type>
                    <snmp_community>public</snmp_community>
                    <multiplier>0</multiplier>
                    <snmp_oid>1.3.6.1.4.1.6574.3.1.1.3.0</snmp_oid>
                    <key>1.3.6.1.4.1.6574.3.1.1.3.0</key>
                    <delay>60</delay>
                    <history>90</history>
                    <trends>365</trends>
                    <status>0</status>
                    <value_type>3</value_type>
                    <allowed_hosts/>
                    <units/>
                    <delta>0</delta>
                    <snmpv3_contextname/>
                    <snmpv3_securityname/>
                    <snmpv3_securitylevel>0</snmpv3_securitylevel>
                    <snmpv3_authprotocol>0</snmpv3_authprotocol>
                    <snmpv3_authpassphrase/>
                    <snmpv3_privprotocol>0</snmpv3_privprotocol>
                    <snmpv3_privpassphrase/>
                    <formula>1</formula>
                    <delay_flex/>
                    <params/>
                    <ipmi_sensor/>
                    <data_type>0</data_type>
                    <authtype>0</authtype>
                    <username/>
                    <password/>
                    <publickey/>
                    <privatekey/>
                    <port/>
                    <description/>
                    <inventory_link>0</inventory_link>
                    <applications>
                        <application>
                            <name>Volumes</name>
                        </application>
                    </applications>
                    <valuemap>
                        <name>Synology Volume status</name>
                    </valuemap>
                    <logtimefmt/>
                </item>
                <item>
                    <name>Volume 2 status</name>
                    <type>4</type>
                    <snmp_community>public</snmp_community>
                    <multiplier>0</multiplier>
                    <snmp_oid>1.3.6.1.4.1.6574.3.1.1.3.1</snmp_oid>
                    <key>1.3.6.1.4.1.6574.3.1.1.3.1</key>
                    <delay>60</delay>
                    <history>90</history>
                    <trends>365</trends>
                    <status>0</status>
                    <value_type>3</value_type>
                    <allowed_hosts/>
                    <units/>
                    <delta>0</delta>
                    <snmpv3_contextname/>
                    <snmpv3_securityname/>
                    <snmpv3_securitylevel>0</snmpv3_securitylevel>
                    <snmpv3_authprotocol>0</snmpv3_authprotocol>
                    <snmpv3_authpassphrase/>
                    <snmpv3_privprotocol>0</snmpv3_privprotocol>
                    <snmpv3_privpassphrase/>
                    <formula>1</formula>
                    <delay_flex/>
                    <params/>
                    <ipmi_sensor/>
                    <data_type>0</data_type>
                    <authtype>0</authtype>
                    <username/>
                    <password/>
                    <publickey/>
                    <privatekey/>
                    <port/>
                    <description/>
                    <inventory_link>0</inventory_link>
                    <applications>
                        <application>
                            <name>Volumes</name>
                        </application>
                    </applications>
                    <valuemap>
                        <name>Synology Volume status</name>
                    </valuemap>
                    <logtimefmt/>
                </item>
                <item>
                    <name>Volume 3 status</name>
                    <type>4</type>
                    <snmp_community>public</snmp_community>
                    <multiplier>0</multiplier>
                    <snmp_oid>1.3.6.1.4.1.6574.3.1.1.3.2</snmp_oid>
                    <key>1.3.6.1.4.1.6574.3.1.1.3.2</key>
                    <delay>60</delay>
                    <history>90</history>
                    <trends>365</trends>
                    <status>0</status>
                    <value_type>3</value_type>
                    <allowed_hosts/>
                    <units/>
                    <delta>0</delta>
                    <snmpv3_contextname/>
                    <snmpv3_securityname/>
                    <snmpv3_securitylevel>0</snmpv3_securitylevel>
                    <snmpv3_authprotocol>0</snmpv3_authprotocol>
                    <snmpv3_authpassphrase/>
                    <snmpv3_privprotocol>0</snmpv3_privprotocol>
                    <snmpv3_privpassphrase/>
                    <formula>1</formula>
                    <delay_flex/>
                    <params/>
                    <ipmi_sensor/>
                    <data_type>0</data_type>
                    <authtype>0</authtype>
                    <username/>
                    <password/>
                    <publickey/>
                    <privatekey/>
                    <port/>
                    <description/>
                    <inventory_link>0</inventory_link>
                    <applications>
                        <application>
                            <name>Volumes</name>
                        </application>
                    </applications>
                    <valuemap>
                        <name>Synology Volume status</name>
                    </valuemap>
                    <logtimefmt/>
                </item>
                <item>
                    <name>Volume 4 status</name>
                    <type>4</type>
                    <snmp_community>public</snmp_community>
                    <multiplier>0</multiplier>
                    <snmp_oid>1.3.6.1.4.1.6574.3.1.1.3.3</snmp_oid>
                    <key>1.3.6.1.4.1.6574.3.1.1.3.3</key>
                    <delay>60</delay>
                    <history>90</history>
                    <trends>365</trends>
                    <status>0</status>
                    <value_type>3</value_type>
                    <allowed_hosts/>
                    <units/>
                    <delta>0</delta>
                    <snmpv3_contextname/>
                    <snmpv3_securityname/>
                    <snmpv3_securitylevel>0</snmpv3_securitylevel>
                    <snmpv3_authprotocol>0</snmpv3_authprotocol>
                    <snmpv3_authpassphrase/>
                    <snmpv3_privprotocol>0</snmpv3_privprotocol>
                    <snmpv3_privpassphrase/>
                    <formula>1</formula>
                    <delay_flex/>
                    <params/>
                    <ipmi_sensor/>
                    <data_type>0</data_type>
                    <authtype>0</authtype>
                    <username/>
                    <password/>
                    <publickey/>
                    <privatekey/>
                    <port/>
                    <description/>
                    <inventory_link>0</inventory_link>
                    <applications>
                        <application>
                            <name>Volumes</name>
                        </application>
                    </applications>
                    <valuemap>
                        <name>Synology Volume status</name>
                    </valuemap>
                    <logtimefmt/>
                </item>
                <item>
                    <name>Volume 5 status</name>
                    <type>4</type>
                    <snmp_community>public</snmp_community>
                    <multiplier>0</multiplier>
                    <snmp_oid>1.3.6.1.4.1.6574.3.1.1.3.4</snmp_oid>
                    <key>1.3.6.1.4.1.6574.3.1.1.3.4</key>
                    <delay>60</delay>
                    <history>90</history>
                    <trends>365</trends>
                    <status>0</status>
                    <value_type>3</value_type>
                    <allowed_hosts/>
                    <units/>
                    <delta>0</delta>
                    <snmpv3_contextname/>
                    <snmpv3_securityname/>
                    <snmpv3_securitylevel>0</snmpv3_securitylevel>
                    <snmpv3_authprotocol>0</snmpv3_authprotocol>
                    <snmpv3_authpassphrase/>
                    <snmpv3_privprotocol>0</snmpv3_privprotocol>
                    <snmpv3_privpassphrase/>
                    <formula>1</formula>
                    <delay_flex/>
                    <params/>
                    <ipmi_sensor/>
                    <data_type>0</data_type>
                    <authtype>0</authtype>
                    <username/>
                    <password/>
                    <publickey/>
                    <privatekey/>
                    <port/>
                    <description/>
                    <inventory_link>0</inventory_link>
                    <applications>
                        <application>
                            <name>Volumes</name>
                        </application>
                    </applications>
                    <valuemap>
                        <name>Synology Volume status</name>
                    </valuemap>
                    <logtimefmt/>
                </item>
            </items>
            <discovery_rules/>
            <macros/>
            <templates/>
            <screens/>
        </template>
    </templates>
    <triggers>
        <trigger>
            <expression>{Synology_DS212:1.3.6.1.4.1.6574.1.4.2.0.last(0)}&lt;&gt;1</expression>
            <name>Synology CPU Fan status</name>
            <url/>
            <status>0</status>
            <priority>4</priority>
            <description/>
            <type>0</type>
            <dependencies/>
        </trigger>
        <trigger>
            <expression>{Synology_DS212:1.3.6.1.4.1.6574.2.1.1.5.0.last(0)}&lt;&gt;1</expression>
            <name>Synology DS212: Disk 1 status</name>
            <url/>
            <status>0</status>
            <priority>4</priority>
            <description/>
            <type>0</type>
            <dependencies/>
        </trigger>
        <trigger>
            <expression>{Synology_DS212:1.3.6.1.4.1.6574.2.1.1.5.1.last(0)}&lt;&gt;1</expression>
            <name>Synology DS212: Disk 2 status</name>
            <url/>
            <status>0</status>
            <priority>4</priority>
            <description/>
            <type>0</type>
            <dependencies/>
        </trigger>
        <trigger>
            <expression>{Synology_DS212:1.3.6.1.4.1.6574.1.3.0.last(0)}&lt;&gt;1</expression>
            <name>Synology Power status</name>
            <url/>
            <status>0</status>
            <priority>4</priority>
            <description/>
            <type>0</type>
            <dependencies/>
        </trigger>
        <trigger>
            <expression>{Synology_DS212:1.3.6.1.4.1.6574.1.4.1.0.last(0)}&lt;&gt;1</expression>
            <name>Synology System Fan status</name>
            <url/>
            <status>0</status>
            <priority>4</priority>
            <description/>
            <type>0</type>
            <dependencies/>
        </trigger>
        <trigger>
            <expression>{Synology_DS212:1.3.6.1.4.1.6574.1.1.0.last(0)}&lt;&gt;1</expression>
            <name>Synology System status</name>
            <url/>
            <status>0</status>
            <priority>4</priority>
            <description/>
            <type>0</type>
            <dependencies/>
        </trigger>
        <trigger>
            <expression>{Synology_DS212:1.3.6.1.4.1.6574.3.1.1.3.0.last(0)}&lt;&gt;1</expression>
            <name>Synology Volume 1 status</name>
            <url/>
            <status>0</status>
            <priority>4</priority>
            <description/>
            <type>0</type>
            <dependencies/>
        </trigger>
        <trigger>
            <expression>{Synology_DS212:1.3.6.1.4.1.6574.3.1.1.3.1.last(0)}&lt;&gt;1</expression>
            <name>Synology Volume 2 status</name>
            <url/>
            <status>0</status>
            <priority>4</priority>
            <description/>
            <type>0</type>
            <dependencies/>
        </trigger>
        <trigger>
            <expression>{Synology_DS212:1.3.6.1.4.1.6574.3.1.1.3.2.last(0)}&lt;&gt;1</expression>
            <name>Synology Volume 3 status</name>
            <url/>
            <status>0</status>
            <priority>4</priority>
            <description/>
            <type>0</type>
            <dependencies/>
        </trigger>
        <trigger>
            <expression>{Synology_DS212:1.3.6.1.4.1.6574.3.1.1.3.3.last(0)}&lt;&gt;1</expression>
            <name>Synology Volume 4 status</name>
            <url/>
            <status>0</status>
            <priority>4</priority>
            <description/>
            <type>0</type>
            <dependencies/>
        </trigger>
        <trigger>
            <expression>{Synology_DS212:1.3.6.1.4.1.6574.3.1.1.3.4.last(0)}&lt;&gt;1</expression>
            <name>Synology Volume 5 status</name>
            <url/>
            <status>0</status>
            <priority>4</priority>
            <description/>
            <type>0</type>
            <dependencies/>
        </trigger>
    </triggers>
    <graphs>
        <graph>
            <name>Synology DS212 network traffic</name>
            <width>900</width>
            <height>200</height>
            <yaxismin>0.0000</yaxismin>
            <yaxismax>100.0000</yaxismax>
            <show_work_period>1</show_work_period>
            <show_triggers>1</show_triggers>
            <type>0</type>
            <show_legend>1</show_legend>
            <show_3d>0</show_3d>
            <percent_left>0.0000</percent_left>
            <percent_right>0.0000</percent_right>
            <ymin_type_1>1</ymin_type_1>
            <ymax_type_1>0</ymax_type_1>
            <ymin_item_1>0</ymin_item_1>
            <ymax_item_1>0</ymax_item_1>
            <graph_items>
                <graph_item>
                    <sortorder>1</sortorder>
                    <drawtype>5</drawtype>
                    <color>00C800</color>
                    <yaxisside>0</yaxisside>
                    <calc_fnc>2</calc_fnc>
                    <type>0</type>
                    <item>
                        <host>Synology_DS212</host>
                        <key>1.3.6.1.2.1.31.1.1.1.10.2</key>
                    </item>
                </graph_item>
                <graph_item>
                    <sortorder>0</sortorder>
                    <drawtype>5</drawtype>
                    <color>C80000</color>
                    <yaxisside>0</yaxisside>
                    <calc_fnc>2</calc_fnc>
                    <type>0</type>
                    <item>
                        <host>Synology_DS212</host>
                        <key>1.3.6.1.2.1.31.1.1.1.6.2</key>
                    </item>
                </graph_item>
            </graph_items>
        </graph>
        <graph>
            <name>Synology DS212 temperatures</name>
            <width>900</width>
            <height>200</height>
            <yaxismin>0.0000</yaxismin>
            <yaxismax>100.0000</yaxismax>
            <show_work_period>1</show_work_period>
            <show_triggers>1</show_triggers>
            <type>0</type>
            <show_legend>1</show_legend>
            <show_3d>0</show_3d>
            <percent_left>0.0000</percent_left>
            <percent_right>0.0000</percent_right>
            <ymin_type_1>1</ymin_type_1>
            <ymax_type_1>0</ymax_type_1>
            <ymin_item_1>0</ymin_item_1>
            <ymax_item_1>0</ymax_item_1>
            <graph_items>
                <graph_item>
                    <sortorder>2</sortorder>
                    <drawtype>2</drawtype>
                    <color>008888</color>
                    <yaxisside>0</yaxisside>
                    <calc_fnc>2</calc_fnc>
                    <type>0</type>
                    <item>
                        <host>Synology_DS212</host>
                        <key>1.3.6.1.4.1.6574.2.1.1.6.1</key>
                    </item>
                </graph_item>
                <graph_item>
                    <sortorder>1</sortorder>
                    <drawtype>2</drawtype>
                    <color>BB00BB</color>
                    <yaxisside>0</yaxisside>
                    <calc_fnc>2</calc_fnc>
                    <type>0</type>
                    <item>
                        <host>Synology_DS212</host>
                        <key>1.3.6.1.4.1.6574.2.1.1.6.0</key>
                    </item>
                </graph_item>
                <graph_item>
                    <sortorder>0</sortorder>
                    <drawtype>5</drawtype>
                    <color>AAAAAA</color>
                    <yaxisside>0</yaxisside>
                    <calc_fnc>2</calc_fnc>
                    <type>0</type>
                    <item>
                        <host>Synology_DS212</host>
                        <key>1.3.6.1.4.1.6574.1.2.0</key>
                    </item>
                </graph_item>
            </graph_items>
        </graph>
    </graphs>
</zabbix_export>
