<?xml version="1.0" encoding="UTF-8"?>
<zabbix_export>
    <version>4.0</version>
    <date>2019-01-16T10:38:30Z</date>
    <groups>
        <group>
            <name>Windows servers</name>
        </group>
    </groups>
    <templates>
        <template>
            <template>AD Replication</template>
            <name>AD Replication</name>
            <description/>
            <groups>
                <group>
                    <name>Windows servers</name>
                </group>
            </groups>
            <applications>
                <application>
                    <name>ADReplication.Failure</name>
                </application>
                <application>
                    <name>ADReplication.PartnerMetadata</name>
                </application>
            </applications>
            <items/>
            <discovery_rules>
                <discovery_rule>
                    <name>ADReplicationMetadataAndFailurePartners</name>
                    <type>0</type>
                    <snmp_community/>
                    <snmp_oid/>
                    <key>ADReplication[&quot;discovery&quot;]</key>
                    <delay>1m</delay>
                    <status>0</status>
                    <allowed_hosts/>
                    <snmpv3_contextname/>
                    <snmpv3_securityname/>
                    <snmpv3_securitylevel>0</snmpv3_securitylevel>
                    <snmpv3_authprotocol>0</snmpv3_authprotocol>
                    <snmpv3_authpassphrase/>
                    <snmpv3_privprotocol>0</snmpv3_privprotocol>
                    <snmpv3_privpassphrase/>
                    <params/>
                    <ipmi_sensor/>
                    <authtype>0</authtype>
                    <username/>
                    <password/>
                    <publickey/>
                    <privatekey/>
                    <port/>
                    <filter>
                        <evaltype>0</evaltype>
                        <formula/>
                        <conditions/>
                    </filter>
                    <lifetime>1d</lifetime>
                    <description/>
                    <item_prototypes>
                        <item_prototype>
                            <name>ADReplication.Failure.FailureCount.partner:{#PARTNER}</name>
                            <type>0</type>
                            <snmp_community/>
                            <snmp_oid/>
                            <key>ADReplication[&quot;failure&quot;,{#PARTNER},FailureCount]</key>
                            <delay>3m</delay>
                            <history>14d</history>
                            <trends>365d</trends>
                            <status>0</status>
                            <value_type>0</value_type>
                            <allowed_hosts/>
                            <units/>
                            <snmpv3_contextname/>
                            <snmpv3_securityname/>
                            <snmpv3_securitylevel>0</snmpv3_securitylevel>
                            <snmpv3_authprotocol>0</snmpv3_authprotocol>
                            <snmpv3_authpassphrase/>
                            <snmpv3_privprotocol>0</snmpv3_privprotocol>
                            <snmpv3_privpassphrase/>
                            <params/>
                            <ipmi_sensor/>
                            <authtype>0</authtype>
                            <username/>
                            <password/>
                            <publickey/>
                            <privatekey/>
                            <port/>
                            <description>Item shows the active directory replication failure count</description>
                            <inventory_link>0</inventory_link>
                            <applications>
                                <application>
                                    <name>ADReplication.Failure</name>
                                </application>
                            </applications>
                            <valuemap>
                                <name>ActiveDirectory Template</name>
                            </valuemap>
                            <logtimefmt/>
                            <preprocessing/>
                            <jmx_endpoint/>
                            <timeout>3s</timeout>
                            <url/>
                            <query_fields/>
                            <posts/>
                            <status_codes>200</status_codes>
                            <follow_redirects>1</follow_redirects>
                            <post_type>0</post_type>
                            <http_proxy/>
                            <headers/>
                            <retrieve_mode>0</retrieve_mode>
                            <request_method>1</request_method>
                            <output_format>0</output_format>
                            <allow_traps>0</allow_traps>
                            <ssl_cert_file/>
                            <ssl_key_file/>
                            <ssl_key_password/>
                            <verify_peer>0</verify_peer>
                            <verify_host>0</verify_host>
                            <application_prototypes/>
                            <master_item/>
                        </item_prototype>
                        <item_prototype>
                            <name>ADReplication.Failure.FailureType.partner:{#PARTNER}</name>
                            <type>0</type>
                            <snmp_community/>
                            <snmp_oid/>
                            <key>ADReplication[&quot;failure&quot;,{#PARTNER},FailureType]</key>
                            <delay>3m</delay>
                            <history>14d</history>
                            <trends>365d</trends>
                            <status>0</status>
                            <value_type>0</value_type>
                            <allowed_hosts/>
                            <units/>
                            <snmpv3_contextname/>
                            <snmpv3_securityname/>
                            <snmpv3_securitylevel>0</snmpv3_securitylevel>
                            <snmpv3_authprotocol>0</snmpv3_authprotocol>
                            <snmpv3_authpassphrase/>
                            <snmpv3_privprotocol>0</snmpv3_privprotocol>
                            <snmpv3_privpassphrase/>
                            <params/>
                            <ipmi_sensor/>
                            <authtype>0</authtype>
                            <username/>
                            <password/>
                            <publickey/>
                            <privatekey/>
                            <port/>
                            <description>Item shows the active directory replication failure type</description>
                            <inventory_link>0</inventory_link>
                            <applications>
                                <application>
                                    <name>ADReplication.Failure</name>
                                </application>
                            </applications>
                            <valuemap>
                                <name>ActiveDirectory Template</name>
                            </valuemap>
                            <logtimefmt/>
                            <preprocessing/>
                            <jmx_endpoint/>
                            <timeout>3s</timeout>
                            <url/>
                            <query_fields/>
                            <posts/>
                            <status_codes>200</status_codes>
                            <follow_redirects>1</follow_redirects>
                            <post_type>0</post_type>
                            <http_proxy/>
                            <headers/>
                            <retrieve_mode>0</retrieve_mode>
                            <request_method>1</request_method>
                            <output_format>0</output_format>
                            <allow_traps>0</allow_traps>
                            <ssl_cert_file/>
                            <ssl_key_file/>
                            <ssl_key_password/>
                            <verify_peer>0</verify_peer>
                            <verify_host>0</verify_host>
                            <application_prototypes/>
                            <master_item/>
                        </item_prototype>
                        <item_prototype>
                            <name>ADReplication.Failure.LastError.partner:{#PARTNER}</name>
                            <type>0</type>
                            <snmp_community/>
                            <snmp_oid/>
                            <key>ADReplication[&quot;failure&quot;,{#PARTNER},LastError]</key>
                            <delay>3m</delay>
                            <history>14d</history>
                            <trends>365d</trends>
                            <status>0</status>
                            <value_type>0</value_type>
                            <allowed_hosts/>
                            <units/>
                            <snmpv3_contextname/>
                            <snmpv3_securityname/>
                            <snmpv3_securitylevel>0</snmpv3_securitylevel>
                            <snmpv3_authprotocol>0</snmpv3_authprotocol>
                            <snmpv3_authpassphrase/>
                            <snmpv3_privprotocol>0</snmpv3_privprotocol>
                            <snmpv3_privpassphrase/>
                            <params/>
                            <ipmi_sensor/>
                            <authtype>0</authtype>
                            <username/>
                            <password/>
                            <publickey/>
                            <privatekey/>
                            <port/>
                            <description>Item shows the active directory replication last error</description>
                            <inventory_link>0</inventory_link>
                            <applications>
                                <application>
                                    <name>ADReplication.Failure</name>
                                </application>
                            </applications>
                            <valuemap>
                                <name>ActiveDirectory Template</name>
                            </valuemap>
                            <logtimefmt/>
                            <preprocessing/>
                            <jmx_endpoint/>
                            <timeout>3s</timeout>
                            <url/>
                            <query_fields/>
                            <posts/>
                            <status_codes>200</status_codes>
                            <follow_redirects>1</follow_redirects>
                            <post_type>0</post_type>
                            <http_proxy/>
                            <headers/>
                            <retrieve_mode>0</retrieve_mode>
                            <request_method>1</request_method>
                            <output_format>0</output_format>
                            <allow_traps>0</allow_traps>
                            <ssl_cert_file/>
                            <ssl_key_file/>
                            <ssl_key_password/>
                            <verify_peer>0</verify_peer>
                            <verify_host>0</verify_host>
                            <application_prototypes/>
                            <master_item/>
                        </item_prototype>
                        <item_prototype>
                            <name>ADReplication.Failure.FirstFailureTime.partner:{#PARTNER}</name>
                            <type>0</type>
                            <snmp_community/>
                            <snmp_oid/>
                            <key>ADReplication[&quot;firstfailuretime&quot;,{#PARTNER},FirstFailureTime]</key>
                            <delay>3m</delay>
                            <history>14d</history>
                            <trends>0</trends>
                            <status>0</status>
                            <value_type>2</value_type>
                            <allowed_hosts/>
                            <units/>
                            <snmpv3_contextname/>
                            <snmpv3_securityname/>
                            <snmpv3_securitylevel>0</snmpv3_securitylevel>
                            <snmpv3_authprotocol>0</snmpv3_authprotocol>
                            <snmpv3_authpassphrase/>
                            <snmpv3_privprotocol>0</snmpv3_privprotocol>
                            <snmpv3_privpassphrase/>
                            <params/>
                            <ipmi_sensor/>
                            <authtype>0</authtype>
                            <username/>
                            <password/>
                            <publickey/>
                            <privatekey/>
                            <port/>
                            <description>Item shows the active directory replication parameter &quot;FirstFailureTime&quot;</description>
                            <inventory_link>0</inventory_link>
                            <applications>
                                <application>
                                    <name>ADReplication.Failure</name>
                                </application>
                            </applications>
                            <valuemap/>
                            <logtimefmt>dd-MM-yyyy HH:mm:ss</logtimefmt>
                            <preprocessing/>
                            <jmx_endpoint/>
                            <timeout>3s</timeout>
                            <url/>
                            <query_fields/>
                            <posts/>
                            <status_codes>200</status_codes>
                            <follow_redirects>1</follow_redirects>
                            <post_type>0</post_type>
                            <http_proxy/>
                            <headers/>
                            <retrieve_mode>0</retrieve_mode>
                            <request_method>1</request_method>
                            <output_format>0</output_format>
                            <allow_traps>0</allow_traps>
                            <ssl_cert_file/>
                            <ssl_key_file/>
                            <ssl_key_password/>
                            <verify_peer>0</verify_peer>
                            <verify_host>0</verify_host>
                            <application_prototypes/>
                            <master_item/>
                        </item_prototype>
                        <item_prototype>
                            <name>ADReplication.Partner.Metadata.LRAttempt.partner:{#PARTNER}</name>
                            <type>0</type>
                            <snmp_community/>
                            <snmp_oid/>
                            <key>ADReplication[&quot;lastreplicationtime&quot;,{#PARTNER},LastReplicationAttempt]</key>
                            <delay>3m</delay>
                            <history>14d</history>
                            <trends>0</trends>
                            <status>0</status>
                            <value_type>2</value_type>
                            <allowed_hosts/>
                            <units/>
                            <snmpv3_contextname/>
                            <snmpv3_securityname/>
                            <snmpv3_securitylevel>0</snmpv3_securitylevel>
                            <snmpv3_authprotocol>0</snmpv3_authprotocol>
                            <snmpv3_authpassphrase/>
                            <snmpv3_privprotocol>0</snmpv3_privprotocol>
                            <snmpv3_privpassphrase/>
                            <params/>
                            <ipmi_sensor/>
                            <authtype>0</authtype>
                            <username/>
                            <password/>
                            <publickey/>
                            <privatekey/>
                            <port/>
                            <description>Item shows the  last replication attempt time</description>
                            <inventory_link>0</inventory_link>
                            <applications>
                                <application>
                                    <name>ADReplication.PartnerMetadata</name>
                                </application>
                            </applications>
                            <valuemap/>
                            <logtimefmt>dd-MM-yyyy HH:mm:ss</logtimefmt>
                            <preprocessing/>
                            <jmx_endpoint/>
                            <timeout>3s</timeout>
                            <url/>
                            <query_fields/>
                            <posts/>
                            <status_codes>200</status_codes>
                            <follow_redirects>1</follow_redirects>
                            <post_type>0</post_type>
                            <http_proxy/>
                            <headers/>
                            <retrieve_mode>0</retrieve_mode>
                            <request_method>0</request_method>
                            <output_format>0</output_format>
                            <allow_traps>0</allow_traps>
                            <ssl_cert_file/>
                            <ssl_key_file/>
                            <ssl_key_password/>
                            <verify_peer>0</verify_peer>
                            <verify_host>0</verify_host>
                            <application_prototypes/>
                            <master_item/>
                        </item_prototype>
                        <item_prototype>
                            <name>ADReplication.Partner.Metadata.LRSuccess.partner:{#PARTNER}</name>
                            <type>0</type>
                            <snmp_community/>
                            <snmp_oid/>
                            <key>ADReplication[&quot;lastreplicationtime&quot;,{#PARTNER},LastReplicationSuccess]</key>
                            <delay>3m</delay>
                            <history>14d</history>
                            <trends>0</trends>
                            <status>0</status>
                            <value_type>2</value_type>
                            <allowed_hosts/>
                            <units/>
                            <snmpv3_contextname/>
                            <snmpv3_securityname/>
                            <snmpv3_securitylevel>0</snmpv3_securitylevel>
                            <snmpv3_authprotocol>0</snmpv3_authprotocol>
                            <snmpv3_authpassphrase/>
                            <snmpv3_privprotocol>0</snmpv3_privprotocol>
                            <snmpv3_privpassphrase/>
                            <params/>
                            <ipmi_sensor/>
                            <authtype>0</authtype>
                            <username/>
                            <password/>
                            <publickey/>
                            <privatekey/>
                            <port/>
                            <description>Item shows the  last replication success time</description>
                            <inventory_link>0</inventory_link>
                            <applications>
                                <application>
                                    <name>ADReplication.PartnerMetadata</name>
                                </application>
                            </applications>
                            <valuemap/>
                            <logtimefmt>dd-MM-yyyy HH:mm:ss</logtimefmt>
                            <preprocessing/>
                            <jmx_endpoint/>
                            <timeout>3s</timeout>
                            <url/>
                            <query_fields/>
                            <posts/>
                            <status_codes>200</status_codes>
                            <follow_redirects>1</follow_redirects>
                            <post_type>0</post_type>
                            <http_proxy/>
                            <headers/>
                            <retrieve_mode>0</retrieve_mode>
                            <request_method>0</request_method>
                            <output_format>0</output_format>
                            <allow_traps>0</allow_traps>
                            <ssl_cert_file/>
                            <ssl_key_file/>
                            <ssl_key_password/>
                            <verify_peer>0</verify_peer>
                            <verify_host>0</verify_host>
                            <application_prototypes/>
                            <master_item/>
                        </item_prototype>
                        <item_prototype>
                            <name>ADReplication.Partner.Metadata.CRF.partner:{#PARTNER}</name>
                            <type>0</type>
                            <snmp_community/>
                            <snmp_oid/>
                            <key>ADReplication[&quot;value&quot;,{#PARTNER},ConsecutiveReplicationFailures]</key>
                            <delay>3m</delay>
                            <history>14d</history>
                            <trends>180d</trends>
                            <status>0</status>
                            <value_type>3</value_type>
                            <allowed_hosts/>
                            <units/>
                            <snmpv3_contextname/>
                            <snmpv3_securityname/>
                            <snmpv3_securitylevel>0</snmpv3_securitylevel>
                            <snmpv3_authprotocol>0</snmpv3_authprotocol>
                            <snmpv3_authpassphrase/>
                            <snmpv3_privprotocol>0</snmpv3_privprotocol>
                            <snmpv3_privpassphrase/>
                            <params/>
                            <ipmi_sensor/>
                            <authtype>0</authtype>
                            <username/>
                            <password/>
                            <publickey/>
                            <privatekey/>
                            <port/>
                            <description>Item shows the consecutive replication failures</description>
                            <inventory_link>0</inventory_link>
                            <applications>
                                <application>
                                    <name>ADReplication.PartnerMetadata</name>
                                </application>
                            </applications>
                            <valuemap/>
                            <logtimefmt/>
                            <preprocessing/>
                            <jmx_endpoint/>
                            <timeout>3s</timeout>
                            <url/>
                            <query_fields/>
                            <posts/>
                            <status_codes>200</status_codes>
                            <follow_redirects>1</follow_redirects>
                            <post_type>0</post_type>
                            <http_proxy/>
                            <headers/>
                            <retrieve_mode>0</retrieve_mode>
                            <request_method>0</request_method>
                            <output_format>0</output_format>
                            <allow_traps>0</allow_traps>
                            <ssl_cert_file/>
                            <ssl_key_file/>
                            <ssl_key_password/>
                            <verify_peer>0</verify_peer>
                            <verify_host>0</verify_host>
                            <application_prototypes/>
                            <master_item/>
                        </item_prototype>
                        <item_prototype>
                            <name>ADReplication.Partner.Metadata.LRResult.partner:{#PARTNER}</name>
                            <type>0</type>
                            <snmp_community/>
                            <snmp_oid/>
                            <key>ADReplication[&quot;value&quot;,{#PARTNER},LastReplicationResult]</key>
                            <delay>3m</delay>
                            <history>14d</history>
                            <trends>180d</trends>
                            <status>0</status>
                            <value_type>3</value_type>
                            <allowed_hosts/>
                            <units/>
                            <snmpv3_contextname/>
                            <snmpv3_securityname/>
                            <snmpv3_securitylevel>0</snmpv3_securitylevel>
                            <snmpv3_authprotocol>0</snmpv3_authprotocol>
                            <snmpv3_authpassphrase/>
                            <snmpv3_privprotocol>0</snmpv3_privprotocol>
                            <snmpv3_privpassphrase/>
                            <params/>
                            <ipmi_sensor/>
                            <authtype>0</authtype>
                            <username/>
                            <password/>
                            <publickey/>
                            <privatekey/>
                            <port/>
                            <description>Item shows the last replication result</description>
                            <inventory_link>0</inventory_link>
                            <applications>
                                <application>
                                    <name>ADReplication.PartnerMetadata</name>
                                </application>
                            </applications>
                            <valuemap/>
                            <logtimefmt/>
                            <preprocessing/>
                            <jmx_endpoint/>
                            <timeout>3s</timeout>
                            <url/>
                            <query_fields/>
                            <posts/>
                            <status_codes>200</status_codes>
                            <follow_redirects>1</follow_redirects>
                            <post_type>0</post_type>
                            <http_proxy/>
                            <headers/>
                            <retrieve_mode>0</retrieve_mode>
                            <request_method>0</request_method>
                            <output_format>0</output_format>
                            <allow_traps>0</allow_traps>
                            <ssl_cert_file/>
                            <ssl_key_file/>
                            <ssl_key_password/>
                            <verify_peer>0</verify_peer>
                            <verify_host>0</verify_host>
                            <application_prototypes/>
                            <master_item/>
                        </item_prototype>
                    </item_prototypes>
                    <trigger_prototypes>
                        <trigger_prototype>
                            <expression>{AD Replication:ADReplication[&quot;failure&quot;,{#PARTNER},LastError].last()}=1127 and {AD Replication:ADReplication[&quot;failure&quot;,{#PARTNER},FailureCount].last()}&lt;&gt;0 and {AD Replication:ADReplication[&quot;failure&quot;,{#PARTNER},FailureCount].last()}&lt;&gt;-1</expression>
                            <recovery_mode>1</recovery_mode>
                            <recovery_expression>{AD Replication:ADReplication[&quot;failure&quot;,{#PARTNER},FailureCount].last()}=0</recovery_expression>
                            <name>1127: While accessing the hard disk, a disk operation failed even after retries.</name>
                            <correlation_mode>0</correlation_mode>
                            <correlation_tag/>
                            <url>https://support.microsoft.com/en-us/help/2025726</url>
                            <status>0</status>
                            <priority>2</priority>
                            <description/>
                            <type>0</type>
                            <manual_close>1</manual_close>
                            <dependencies/>
                            <tags>
                                <tag>
                                    <tag>Service</tag>
                                    <value>ActiveDirectory</value>
                                </tag>
                            </tags>
                        </trigger_prototype>
                        <trigger_prototype>
                            <expression>{AD Replication:ADReplication[&quot;failure&quot;,{#PARTNER},LastError].last()}=1256 and {AD Replication:ADReplication[&quot;failure&quot;,{#PARTNER},FailureCount].last()}&lt;&gt;0 and {AD Replication:ADReplication[&quot;failure&quot;,{#PARTNER},FailureCount].last()}&lt;&gt;-1</expression>
                            <recovery_mode>1</recovery_mode>
                            <recovery_expression>{AD Replication:ADReplication[&quot;failure&quot;,{#PARTNER},FailureCount].last()}=0</recovery_expression>
                            <name>1256: The remote system is not available.</name>
                            <correlation_mode>0</correlation_mode>
                            <correlation_tag/>
                            <url>https://support.microsoft.com/en-us/help/2200187</url>
                            <status>0</status>
                            <priority>2</priority>
                            <description/>
                            <type>0</type>
                            <manual_close>1</manual_close>
                            <dependencies/>
                            <tags>
                                <tag>
                                    <tag>Service</tag>
                                    <value>ActiveDirectory</value>
                                </tag>
                            </tags>
                        </trigger_prototype>
                        <trigger_prototype>
                            <expression>{AD Replication:ADReplication[&quot;failure&quot;,{#PARTNER},LastError].last()}=1396 and {AD Replication:ADReplication[&quot;failure&quot;,{#PARTNER},FailureCount].last()}&lt;&gt;0 and {AD Replication:ADReplication[&quot;failure&quot;,{#PARTNER},FailureCount].last()}&lt;&gt;-1</expression>
                            <recovery_mode>1</recovery_mode>
                            <recovery_expression>{AD Replication:ADReplication[&quot;failure&quot;,{#PARTNER},FailureCount].last()}=0</recovery_expression>
                            <name>1396: Logon Failure: The target account name is incorrect.</name>
                            <correlation_mode>0</correlation_mode>
                            <correlation_tag/>
                            <url>https://support.microsoft.com/en-us/help/2183411</url>
                            <status>0</status>
                            <priority>2</priority>
                            <description/>
                            <type>0</type>
                            <manual_close>1</manual_close>
                            <dependencies/>
                            <tags>
                                <tag>
                                    <tag>Service</tag>
                                    <value>ActiveDirectory</value>
                                </tag>
                            </tags>
                        </trigger_prototype>
                        <trigger_prototype>
                            <expression>{AD Replication:ADReplication[&quot;failure&quot;,{#PARTNER},LastError].last()}=1722 and {AD Replication:ADReplication[&quot;failure&quot;,{#PARTNER},FailureCount].last()}&lt;&gt;0 and {AD Replication:ADReplication[&quot;failure&quot;,{#PARTNER},FailureCount].last()}&lt;&gt;-1</expression>
                            <recovery_mode>1</recovery_mode>
                            <recovery_expression>{AD Replication:ADReplication[&quot;failure&quot;,{#PARTNER},FailureCount].last()}=0</recovery_expression>
                            <name>1722: The RPC server is unavailable</name>
                            <correlation_mode>0</correlation_mode>
                            <correlation_tag/>
                            <url>https://support.microsoft.com/en-us/help/2102154</url>
                            <status>0</status>
                            <priority>2</priority>
                            <description/>
                            <type>0</type>
                            <manual_close>1</manual_close>
                            <dependencies/>
                            <tags>
                                <tag>
                                    <tag>Service</tag>
                                    <value>ActiveDirectory</value>
                                </tag>
                            </tags>
                        </trigger_prototype>
                        <trigger_prototype>
                            <expression>{AD Replication:ADReplication[&quot;failure&quot;,{#PARTNER},LastError].last()}=1753 and {AD Replication:ADReplication[&quot;failure&quot;,{#PARTNER},FailureCount].last()}&lt;&gt;0 and {AD Replication:ADReplication[&quot;failure&quot;,{#PARTNER},FailureCount].last()}&lt;&gt;-1</expression>
                            <recovery_mode>1</recovery_mode>
                            <recovery_expression>{AD Replication:ADReplication[&quot;failure&quot;,{#PARTNER},FailureCount].last()}=0</recovery_expression>
                            <name>1753: There are no more endpoints available from the endpoint mapper.</name>
                            <correlation_mode>0</correlation_mode>
                            <correlation_tag/>
                            <url>https://support.microsoft.com/en-us/help/2089874</url>
                            <status>0</status>
                            <priority>2</priority>
                            <description/>
                            <type>0</type>
                            <manual_close>1</manual_close>
                            <dependencies/>
                            <tags>
                                <tag>
                                    <tag>Service</tag>
                                    <value>ActiveDirectory</value>
                                </tag>
                            </tags>
                        </trigger_prototype>
                        <trigger_prototype>
                            <expression>{AD Replication:ADReplication[&quot;failure&quot;,{#PARTNER},LastError].last()}=1818 and {AD Replication:ADReplication[&quot;failure&quot;,{#PARTNER},FailureCount].last()}&lt;&gt;0 and {AD Replication:ADReplication[&quot;failure&quot;,{#PARTNER},FailureCount].last()}&lt;&gt;-1</expression>
                            <recovery_mode>1</recovery_mode>
                            <recovery_expression>{AD Replication:ADReplication[&quot;failure&quot;,{#PARTNER},FailureCount].last()}=0</recovery_expression>
                            <name>1818: The remote procedure call was cancelled</name>
                            <correlation_mode>0</correlation_mode>
                            <correlation_tag/>
                            <url>https://support.microsoft.com/en-us/help/2694215</url>
                            <status>0</status>
                            <priority>2</priority>
                            <description/>
                            <type>0</type>
                            <manual_close>1</manual_close>
                            <dependencies/>
                            <tags>
                                <tag>
                                    <tag>Service</tag>
                                    <value>ActiveDirectory</value>
                                </tag>
                            </tags>
                        </trigger_prototype>
                        <trigger_prototype>
                            <expression>{AD Replication:ADReplication[&quot;failure&quot;,{#PARTNER},LastError].last()}=1908 and {AD Replication:ADReplication[&quot;failure&quot;,{#PARTNER},FailureCount].last()}&lt;&gt;0 and {AD Replication:ADReplication[&quot;failure&quot;,{#PARTNER},FailureCount].last()}&lt;&gt;-1</expression>
                            <recovery_mode>1</recovery_mode>
                            <recovery_expression>{AD Replication:ADReplication[&quot;failure&quot;,{#PARTNER},FailureCount].last()}=0</recovery_expression>
                            <name>1908: Could not find the domain controller for this domain.</name>
                            <correlation_mode>0</correlation_mode>
                            <correlation_tag/>
                            <url>https://support.microsoft.com/en-us/help/2712026</url>
                            <status>0</status>
                            <priority>2</priority>
                            <description/>
                            <type>0</type>
                            <manual_close>1</manual_close>
                            <dependencies/>
                            <tags>
                                <tag>
                                    <tag>Service</tag>
                                    <value>ActiveDirectory</value>
                                </tag>
                            </tags>
                        </trigger_prototype>
                        <trigger_prototype>
                            <expression>{AD Replication:ADReplication[&quot;failure&quot;,{#PARTNER},LastError].last()}=8240 and {AD Replication:ADReplication[&quot;failure&quot;,{#PARTNER},FailureCount].last()}&lt;&gt;0 and {AD Replication:ADReplication[&quot;failure&quot;,{#PARTNER},FailureCount].last()}&lt;&gt;-1</expression>
                            <recovery_mode>1</recovery_mode>
                            <recovery_expression>{AD Replication:ADReplication[&quot;failure&quot;,{#PARTNER},FailureCount].last()}=0</recovery_expression>
                            <name>8240: &quot;There is no such object on the server&quot;</name>
                            <correlation_mode>0</correlation_mode>
                            <correlation_tag/>
                            <url>https://support.microsoft.com/en-us/help/2680976</url>
                            <status>0</status>
                            <priority>2</priority>
                            <description/>
                            <type>0</type>
                            <manual_close>1</manual_close>
                            <dependencies/>
                            <tags>
                                <tag>
                                    <tag>Service</tag>
                                    <value>ActiveDirectory</value>
                                </tag>
                            </tags>
                        </trigger_prototype>
                        <trigger_prototype>
                            <expression>{AD Replication:ADReplication[&quot;failure&quot;,{#PARTNER},LastError].last()}=8333 and {AD Replication:ADReplication[&quot;failure&quot;,{#PARTNER},FailureCount].last()}&lt;&gt;0 and {AD Replication:ADReplication[&quot;failure&quot;,{#PARTNER},FailureCount].last()}&lt;&gt;-1</expression>
                            <recovery_mode>1</recovery_mode>
                            <recovery_expression>{AD Replication:ADReplication[&quot;failure&quot;,{#PARTNER},FailureCount].last()}=0</recovery_expression>
                            <name>8333: Directory Object Not Found</name>
                            <correlation_mode>0</correlation_mode>
                            <correlation_tag/>
                            <url>https://support.microsoft.com/en-us/help/2703708</url>
                            <status>0</status>
                            <priority>2</priority>
                            <description/>
                            <type>0</type>
                            <manual_close>1</manual_close>
                            <dependencies/>
                            <tags>
                                <tag>
                                    <tag>Service</tag>
                                    <value>ActiveDirectory</value>
                                </tag>
                            </tags>
                        </trigger_prototype>
                        <trigger_prototype>
                            <expression>{AD Replication:ADReplication[&quot;failure&quot;,{#PARTNER},LastError].last()}=8418 and {AD Replication:ADReplication[&quot;failure&quot;,{#PARTNER},FailureCount].last()}&lt;&gt;0 and {AD Replication:ADReplication[&quot;failure&quot;,{#PARTNER},FailureCount].last()}&lt;&gt;-1</expression>
                            <recovery_mode>1</recovery_mode>
                            <recovery_expression>{AD Replication:ADReplication[&quot;failure&quot;,{#PARTNER},FailureCount].last()}=0</recovery_expression>
                            <name>8418: The replication operation failed because of a schema mismatch between the servers involved.</name>
                            <correlation_mode>0</correlation_mode>
                            <correlation_tag/>
                            <url>https://support.microsoft.com/en-us/help/2734946</url>
                            <status>0</status>
                            <priority>2</priority>
                            <description/>
                            <type>0</type>
                            <manual_close>1</manual_close>
                            <dependencies/>
                            <tags>
                                <tag>
                                    <tag>Service</tag>
                                    <value>ActiveDirectory</value>
                                </tag>
                            </tags>
                        </trigger_prototype>
                        <trigger_prototype>
                            <expression>{AD Replication:ADReplication[&quot;failure&quot;,{#PARTNER},LastError].last()}=8446 and {AD Replication:ADReplication[&quot;failure&quot;,{#PARTNER},FailureCount].last()}&lt;&gt;0 and {AD Replication:ADReplication[&quot;failure&quot;,{#PARTNER},FailureCount].last()}&lt;&gt;-1</expression>
                            <recovery_mode>1</recovery_mode>
                            <recovery_expression>{AD Replication:ADReplication[&quot;failure&quot;,{#PARTNER},FailureCount].last()}=0</recovery_expression>
                            <name>8446: The replication operation failed to allocate memory</name>
                            <correlation_mode>0</correlation_mode>
                            <correlation_tag/>
                            <url>https://support.microsoft.com/en-us/help/2693500</url>
                            <status>0</status>
                            <priority>2</priority>
                            <description/>
                            <type>0</type>
                            <manual_close>1</manual_close>
                            <dependencies/>
                            <tags>
                                <tag>
                                    <tag>Service</tag>
                                    <value>ActiveDirectory</value>
                                </tag>
                            </tags>
                        </trigger_prototype>
                        <trigger_prototype>
                            <expression>{AD Replication:ADReplication[&quot;failure&quot;,{#PARTNER},LastError].last()}=8451 and {AD Replication:ADReplication[&quot;failure&quot;,{#PARTNER},FailureCount].last()}&lt;&gt;0 and {AD Replication:ADReplication[&quot;failure&quot;,{#PARTNER},FailureCount].last()}&lt;&gt;-1</expression>
                            <recovery_mode>1</recovery_mode>
                            <recovery_expression>{AD Replication:ADReplication[&quot;failure&quot;,{#PARTNER},FailureCount].last()}=0</recovery_expression>
                            <name>8451: The replication operation encountered a database error</name>
                            <correlation_mode>0</correlation_mode>
                            <correlation_tag/>
                            <url>https://support.microsoft.com/en-us/help/2645996</url>
                            <status>0</status>
                            <priority>2</priority>
                            <description/>
                            <type>0</type>
                            <manual_close>1</manual_close>
                            <dependencies/>
                            <tags>
                                <tag>
                                    <tag>Service</tag>
                                    <value>ActiveDirectory</value>
                                </tag>
                            </tags>
                        </trigger_prototype>
                        <trigger_prototype>
                            <expression>{AD Replication:ADReplication[&quot;failure&quot;,{#PARTNER},LastError].last()}=8452 and {AD Replication:ADReplication[&quot;failure&quot;,{#PARTNER},FailureCount].last()}&lt;&gt;0 and {AD Replication:ADReplication[&quot;failure&quot;,{#PARTNER},FailureCount].last()}&lt;&gt;-1</expression>
                            <recovery_mode>1</recovery_mode>
                            <recovery_expression>{AD Replication:ADReplication[&quot;failure&quot;,{#PARTNER},FailureCount].last()}=0</recovery_expression>
                            <name>8452: &quot;The naming context is in the process of being removed or is not replicated from the specified server.&quot;</name>
                            <correlation_mode>0</correlation_mode>
                            <correlation_tag/>
                            <url>https://support.microsoft.com/en-us/help/2023704</url>
                            <status>0</status>
                            <priority>2</priority>
                            <description/>
                            <type>0</type>
                            <manual_close>1</manual_close>
                            <dependencies/>
                            <tags>
                                <tag>
                                    <tag>Service</tag>
                                    <value>ActiveDirectory</value>
                                </tag>
                            </tags>
                        </trigger_prototype>
                        <trigger_prototype>
                            <expression>{AD Replication:ADReplication[&quot;failure&quot;,{#PARTNER},LastError].last()}=8453 and {AD Replication:ADReplication[&quot;failure&quot;,{#PARTNER},FailureCount].last()}&lt;&gt;0 and {AD Replication:ADReplication[&quot;failure&quot;,{#PARTNER},FailureCount].last()}&lt;&gt;-1</expression>
                            <recovery_mode>1</recovery_mode>
                            <recovery_expression>{AD Replication:ADReplication[&quot;failure&quot;,{#PARTNER},FailureCount].last()}=0</recovery_expression>
                            <name>8453: &quot;Replication access was denied&quot;</name>
                            <correlation_mode>0</correlation_mode>
                            <correlation_tag/>
                            <url>https://support.microsoft.com/en-us/help/2022387</url>
                            <status>0</status>
                            <priority>2</priority>
                            <description/>
                            <type>0</type>
                            <manual_close>1</manual_close>
                            <dependencies/>
                            <tags>
                                <tag>
                                    <tag>Service</tag>
                                    <value>ActiveDirectory</value>
                                </tag>
                            </tags>
                        </trigger_prototype>
                        <trigger_prototype>
                            <expression>{AD Replication:ADReplication[&quot;failure&quot;,{#PARTNER},LastError].last()}=8456 and {AD Replication:ADReplication[&quot;failure&quot;,{#PARTNER},FailureCount].last()}&lt;&gt;0 and {AD Replication:ADReplication[&quot;failure&quot;,{#PARTNER},FailureCount].last()}&lt;&gt;-1</expression>
                            <recovery_mode>1</recovery_mode>
                            <recovery_expression>{AD Replication:ADReplication[&quot;failure&quot;,{#PARTNER},FailureCount].last()}=0</recovery_expression>
                            <name>8456 or 8457: &quot;The source | destination server is currently rejecting replication requests&quot;</name>
                            <correlation_mode>0</correlation_mode>
                            <correlation_tag/>
                            <url>https://support.microsoft.com/en-us/help/2023007</url>
                            <status>0</status>
                            <priority>2</priority>
                            <description/>
                            <type>0</type>
                            <manual_close>1</manual_close>
                            <dependencies/>
                            <tags>
                                <tag>
                                    <tag>Service</tag>
                                    <value>ActiveDirectory</value>
                                </tag>
                            </tags>
                        </trigger_prototype>
                        <trigger_prototype>
                            <expression>{AD Replication:ADReplication[&quot;failure&quot;,{#PARTNER},LastError].last()}=8457 and {AD Replication:ADReplication[&quot;failure&quot;,{#PARTNER},FailureCount].last()}&lt;&gt;0 and {AD Replication:ADReplication[&quot;failure&quot;,{#PARTNER},FailureCount].last()}&lt;&gt;-1</expression>
                            <recovery_mode>1</recovery_mode>
                            <recovery_expression>{AD Replication:ADReplication[&quot;failure&quot;,{#PARTNER},FailureCount].last()}=0</recovery_expression>
                            <name>8456 or 8457: &quot;The source | destination server is currently rejecting replication requests&quot;</name>
                            <correlation_mode>0</correlation_mode>
                            <correlation_tag/>
                            <url>https://support.microsoft.com/en-us/help/2023007</url>
                            <status>0</status>
                            <priority>2</priority>
                            <description/>
                            <type>0</type>
                            <manual_close>1</manual_close>
                            <dependencies/>
                            <tags>
                                <tag>
                                    <tag>Service</tag>
                                    <value>ActiveDirectory</value>
                                </tag>
                            </tags>
                        </trigger_prototype>
                        <trigger_prototype>
                            <expression>{AD Replication:ADReplication[&quot;failure&quot;,{#PARTNER},LastError].last()}=8464 and {AD Replication:ADReplication[&quot;failure&quot;,{#PARTNER},FailureCount].last()}&lt;&gt;0 and {AD Replication:ADReplication[&quot;failure&quot;,{#PARTNER},FailureCount].last()}&lt;&gt;-1</expression>
                            <recovery_mode>1</recovery_mode>
                            <recovery_expression>{AD Replication:ADReplication[&quot;failure&quot;,{#PARTNER},FailureCount].last()}=0</recovery_expression>
                            <name>8464: Synchronization attempt failed</name>
                            <correlation_mode>0</correlation_mode>
                            <correlation_tag/>
                            <url>https://support.microsoft.com/en-us/help/3001248</url>
                            <status>0</status>
                            <priority>2</priority>
                            <description/>
                            <type>0</type>
                            <manual_close>1</manual_close>
                            <dependencies/>
                            <tags>
                                <tag>
                                    <tag>Service</tag>
                                    <value>ActiveDirectory</value>
                                </tag>
                            </tags>
                        </trigger_prototype>
                        <trigger_prototype>
                            <expression>{AD Replication:ADReplication[&quot;failure&quot;,{#PARTNER},LastError].last()}=8477 and {AD Replication:ADReplication[&quot;failure&quot;,{#PARTNER},FailureCount].last()}&lt;&gt;0 and {AD Replication:ADReplication[&quot;failure&quot;,{#PARTNER},FailureCount].last()}&lt;&gt;-1</expression>
                            <recovery_mode>1</recovery_mode>
                            <recovery_expression>{AD Replication:ADReplication[&quot;failure&quot;,{#PARTNER},FailureCount].last()}=0</recovery_expression>
                            <name>8477: The replication request has been posted; waiting for reply</name>
                            <correlation_mode>0</correlation_mode>
                            <correlation_tag/>
                            <url>https://support.microsoft.com/en-us/help/2758780</url>
                            <status>0</status>
                            <priority>2</priority>
                            <description/>
                            <type>0</type>
                            <manual_close>1</manual_close>
                            <dependencies/>
                            <tags>
                                <tag>
                                    <tag>Service</tag>
                                    <value>ActiveDirectory</value>
                                </tag>
                            </tags>
                        </trigger_prototype>
                        <trigger_prototype>
                            <expression>{AD Replication:ADReplication[&quot;failure&quot;,{#PARTNER},LastError].last()}=8524 and {AD Replication:ADReplication[&quot;failure&quot;,{#PARTNER},FailureCount].last()}&lt;&gt;0 and {AD Replication:ADReplication[&quot;failure&quot;,{#PARTNER},FailureCount].last()}&lt;&gt;-1</expression>
                            <recovery_mode>1</recovery_mode>
                            <recovery_expression>{AD Replication:ADReplication[&quot;failure&quot;,{#PARTNER},FailureCount].last()}=0</recovery_expression>
                            <name>8524: The DSA operation is unable to proceed because of a DNS lookup failure</name>
                            <correlation_mode>0</correlation_mode>
                            <correlation_tag/>
                            <url>https://support.microsoft.com/en-us/help/2021446</url>
                            <status>0</status>
                            <priority>2</priority>
                            <description/>
                            <type>0</type>
                            <manual_close>1</manual_close>
                            <dependencies/>
                            <tags>
                                <tag>
                                    <tag>Service</tag>
                                    <value>ActiveDirectory</value>
                                </tag>
                            </tags>
                        </trigger_prototype>
                        <trigger_prototype>
                            <expression>{AD Replication:ADReplication[&quot;failure&quot;,{#PARTNER},LastError].last()}=8545 and {AD Replication:ADReplication[&quot;failure&quot;,{#PARTNER},FailureCount].last()}&lt;&gt;0 and {AD Replication:ADReplication[&quot;failure&quot;,{#PARTNER},FailureCount].last()}&lt;&gt;-1</expression>
                            <recovery_mode>1</recovery_mode>
                            <recovery_expression>{AD Replication:ADReplication[&quot;failure&quot;,{#PARTNER},FailureCount].last()}=0</recovery_expression>
                            <name>8545: &quot;Replication update could not be applied&quot;</name>
                            <correlation_mode>0</correlation_mode>
                            <correlation_tag/>
                            <url>https://support.microsoft.com/en-us/help/3110029</url>
                            <status>0</status>
                            <priority>2</priority>
                            <description/>
                            <type>0</type>
                            <manual_close>1</manual_close>
                            <dependencies/>
                            <tags>
                                <tag>
                                    <tag>Service</tag>
                                    <value>ActiveDirectory</value>
                                </tag>
                            </tags>
                        </trigger_prototype>
                        <trigger_prototype>
                            <expression>{AD Replication:ADReplication[&quot;failure&quot;,{#PARTNER},LastError].last()}=8589 and {AD Replication:ADReplication[&quot;failure&quot;,{#PARTNER},FailureCount].last()}&lt;&gt;0 and {AD Replication:ADReplication[&quot;failure&quot;,{#PARTNER},FailureCount].last()}&lt;&gt;-1</expression>
                            <recovery_mode>1</recovery_mode>
                            <recovery_expression>{AD Replication:ADReplication[&quot;failure&quot;,{#PARTNER},FailureCount].last()}=0</recovery_expression>
                            <name>8589: The DS cannot derive a service principal name (SPN)</name>
                            <correlation_mode>0</correlation_mode>
                            <correlation_tag/>
                            <url>https://support.microsoft.com/en-us/help/2703028</url>
                            <status>0</status>
                            <priority>2</priority>
                            <description/>
                            <type>0</type>
                            <manual_close>1</manual_close>
                            <dependencies/>
                            <tags>
                                <tag>
                                    <tag>Service</tag>
                                    <value>ActiveDirectory</value>
                                </tag>
                            </tags>
                        </trigger_prototype>
                        <trigger_prototype>
                            <expression>{AD Replication:ADReplication[&quot;failure&quot;,{#PARTNER},LastError].last()}=8606 and {AD Replication:ADReplication[&quot;failure&quot;,{#PARTNER},FailureCount].last()}&lt;&gt;0 and {AD Replication:ADReplication[&quot;failure&quot;,{#PARTNER},FailureCount].last()}&lt;&gt;-1</expression>
                            <recovery_mode>1</recovery_mode>
                            <recovery_expression>{AD Replication:ADReplication[&quot;failure&quot;,{#PARTNER},FailureCount].last()}=0</recovery_expression>
                            <name>8606: &quot;Insufficient attributes were given to create an object&quot;</name>
                            <correlation_mode>0</correlation_mode>
                            <correlation_tag/>
                            <url>https://support.microsoft.com/en-us/help/2028495</url>
                            <status>0</status>
                            <priority>2</priority>
                            <description/>
                            <type>0</type>
                            <manual_close>1</manual_close>
                            <dependencies/>
                            <tags>
                                <tag>
                                    <tag>Service</tag>
                                    <value>ActiveDirectory</value>
                                </tag>
                            </tags>
                        </trigger_prototype>
                        <trigger_prototype>
                            <expression>{AD Replication:ADReplication[&quot;failure&quot;,{#PARTNER},LastError].last()}=8614 and {AD Replication:ADReplication[&quot;failure&quot;,{#PARTNER},FailureCount].last()}&lt;&gt;0 and {AD Replication:ADReplication[&quot;failure&quot;,{#PARTNER},FailureCount].last()}&lt;&gt;-1</expression>
                            <recovery_mode>1</recovery_mode>
                            <recovery_expression>{AD Replication:ADReplication[&quot;failure&quot;,{#PARTNER},FailureCount].last()}=0</recovery_expression>
                            <name>8614 The Active Directory cannot replicate with this server because the time since the last replication with this server has exceeded the tombstone lifetime</name>
                            <correlation_mode>0</correlation_mode>
                            <correlation_tag/>
                            <url>https://support.microsoft.com/en-us/help/2020053</url>
                            <status>0</status>
                            <priority>2</priority>
                            <description/>
                            <type>0</type>
                            <manual_close>1</manual_close>
                            <dependencies/>
                            <tags>
                                <tag>
                                    <tag>Service</tag>
                                    <value>ActiveDirectory</value>
                                </tag>
                            </tags>
                        </trigger_prototype>
                        <trigger_prototype>
                            <expression>{AD Replication:ADReplication[&quot;value&quot;,{#PARTNER},LastReplicationResult].last(#2)}&gt;0</expression>
                            <recovery_mode>1</recovery_mode>
                            <recovery_expression>{AD Replication:ADReplication[&quot;value&quot;,{#PARTNER},LastReplicationResult].last(#2)}=0</recovery_expression>
                            <name>AD Replication LastReplicationResult on the {HOST.NAME} from the {#PARTNER}</name>
                            <correlation_mode>0</correlation_mode>
                            <correlation_tag/>
                            <url/>
                            <status>0</status>
                            <priority>2</priority>
                            <description>Trigger reports about replication failure.</description>
                            <type>0</type>
                            <manual_close>1</manual_close>
                            <dependencies/>
                            <tags>
                                <tag>
                                    <tag>Service</tag>
                                    <value>ActiveDirectory</value>
                                </tag>
                            </tags>
                        </trigger_prototype>
                        <trigger_prototype>
                            <expression>{AD Replication:ADReplication[&quot;failure&quot;,{#PARTNER},FailureCount].last()}&lt;&gt;0 and {AD Replication:ADReplication[&quot;failure&quot;,{#PARTNER},FailureCount].last()}&lt;&gt;-1</expression>
                            <recovery_mode>1</recovery_mode>
                            <recovery_expression>{AD Replication:ADReplication[&quot;failure&quot;,{#PARTNER},FailureCount].last()}=0 or {AD Replication:ADReplication[&quot;failure&quot;,{#PARTNER},FailureCount].last()}&lt;&gt;-1</recovery_expression>
                            <name>Replication from {HOST.NAME} to {#PARTNER} failed</name>
                            <correlation_mode>0</correlation_mode>
                            <correlation_tag/>
                            <url/>
                            <status>0</status>
                            <priority>0</priority>
                            <description/>
                            <type>0</type>
                            <manual_close>1</manual_close>
                            <dependencies/>
                            <tags>
                                <tag>
                                    <tag>Service</tag>
                                    <value>ActiveDirectory</value>
                                </tag>
                            </tags>
                        </trigger_prototype>
                    </trigger_prototypes>
                    <graph_prototypes>
                        <graph_prototype>
                            <name>ADReplication.from {HOST.NAME} to {#PARTNER}.Metadata.CRF Graph</name>
                            <width>900</width>
                            <height>200</height>
                            <yaxismin>0.0000</yaxismin>
                            <yaxismax>100.0000</yaxismax>
                            <show_work_period>1</show_work_period>
                            <show_triggers>1</show_triggers>
                            <type>0</type>
                            <show_legend>1</show_legend>
                            <show_3d>0</show_3d>
                            <percent_left>0.0000</percent_left>
                            <percent_right>0.0000</percent_right>
                            <ymin_type_1>0</ymin_type_1>
                            <ymax_type_1>0</ymax_type_1>
                            <ymin_item_1>0</ymin_item_1>
                            <ymax_item_1>0</ymax_item_1>
                            <graph_items>
                                <graph_item>
                                    <sortorder>0</sortorder>
                                    <drawtype>0</drawtype>
                                    <color>199C0D</color>
                                    <yaxisside>0</yaxisside>
                                    <calc_fnc>2</calc_fnc>
                                    <type>0</type>
                                    <item>
                                        <host>AD Replication</host>
                                        <key>ADReplication[&quot;value&quot;,{#PARTNER},ConsecutiveReplicationFailures]</key>
                                    </item>
                                </graph_item>
                            </graph_items>
                        </graph_prototype>
                        <graph_prototype>
                            <name>AD Replication failure count from {HOST.NAME} to {#PARTNER}</name>
                            <width>900</width>
                            <height>200</height>
                            <yaxismin>0.0000</yaxismin>
                            <yaxismax>100.0000</yaxismax>
                            <show_work_period>1</show_work_period>
                            <show_triggers>1</show_triggers>
                            <type>0</type>
                            <show_legend>1</show_legend>
                            <show_3d>0</show_3d>
                            <percent_left>0.0000</percent_left>
                            <percent_right>0.0000</percent_right>
                            <ymin_type_1>0</ymin_type_1>
                            <ymax_type_1>0</ymax_type_1>
                            <ymin_item_1>0</ymin_item_1>
                            <ymax_item_1>0</ymax_item_1>
                            <graph_items>
                                <graph_item>
                                    <sortorder>0</sortorder>
                                    <drawtype>0</drawtype>
                                    <color>199C0D</color>
                                    <yaxisside>0</yaxisside>
                                    <calc_fnc>2</calc_fnc>
                                    <type>0</type>
                                    <item>
                                        <host>AD Replication</host>
                                        <key>ADReplication[&quot;failure&quot;,{#PARTNER},FailureCount]</key>
                                    </item>
                                </graph_item>
                            </graph_items>
                        </graph_prototype>
                        <graph_prototype>
                            <name>AD Replication last replication result from {HOST.NAME} to {#PARTNER}</name>
                            <width>900</width>
                            <height>200</height>
                            <yaxismin>0.0000</yaxismin>
                            <yaxismax>100.0000</yaxismax>
                            <show_work_period>1</show_work_period>
                            <show_triggers>1</show_triggers>
                            <type>0</type>
                            <show_legend>1</show_legend>
                            <show_3d>0</show_3d>
                            <percent_left>0.0000</percent_left>
                            <percent_right>0.0000</percent_right>
                            <ymin_type_1>0</ymin_type_1>
                            <ymax_type_1>0</ymax_type_1>
                            <ymin_item_1>0</ymin_item_1>
                            <ymax_item_1>0</ymax_item_1>
                            <graph_items>
                                <graph_item>
                                    <sortorder>0</sortorder>
                                    <drawtype>0</drawtype>
                                    <color>199C0D</color>
                                    <yaxisside>0</yaxisside>
                                    <calc_fnc>2</calc_fnc>
                                    <type>0</type>
                                    <item>
                                        <host>AD Replication</host>
                                        <key>ADReplication[&quot;value&quot;,{#PARTNER},LastReplicationResult]</key>
                                    </item>
                                </graph_item>
                            </graph_items>
                        </graph_prototype>
                    </graph_prototypes>
                    <host_prototypes/>
                    <jmx_endpoint/>
                    <timeout>3s</timeout>
                    <url/>
                    <query_fields/>
                    <posts/>
                    <status_codes>200</status_codes>
                    <follow_redirects>1</follow_redirects>
                    <post_type>0</post_type>
                    <http_proxy/>
                    <headers/>
                    <retrieve_mode>0</retrieve_mode>
                    <request_method>1</request_method>
                    <allow_traps>0</allow_traps>
                    <ssl_cert_file/>
                    <ssl_key_file/>
                    <ssl_key_password/>
                    <verify_peer>0</verify_peer>
                    <verify_host>0</verify_host>
                </discovery_rule>
            </discovery_rules>
            <httptests/>
            <macros/>
            <templates/>
            <screens/>
        </template>
    </templates>
    <value_maps>
        <value_map>
            <name>ActiveDirectory Template</name>
            <mappings>
                <mapping>
                    <value>-1</value>
                    <newvalue>Active Directory replication errors not found</newvalue>
                </mapping>
                <mapping>
                    <value>0</value>
                    <newvalue>Errors not found</newvalue>
                </mapping>
                <mapping>
                    <value>1</value>
                    <newvalue>Connection</newvalue>
                </mapping>
                <mapping>
                    <value>2</value>
                    <newvalue>Link</newvalue>
                </mapping>
            </mappings>
        </value_map>
    </value_maps>
</zabbix_export>
