<?xml version="1.0" encoding="UTF-8"?>
<zabbix_export>
    <version>3.4</version>
    <date>2018-01-31T23:21:20Z</date>
    <groups>
        <group>
            <name>Tobit</name>
        </group>
    </groups>
    <templates>
        <template>
            <template>Tobit Dienste</template>
            <name>Tobit Dienste</name>
            <description>Tobit Dienste</description>
            <groups>
                <group>
                    <name>Tobit</name>
                </group>
            </groups>
            <applications>
                <application>
                    <name>Tobit</name>
                </application>
            </applications>
            <items>
                <item>
                    <name>David Grabbing Server</name>
                    <type>0</type>
                    <snmp_community/>
                    <snmp_oid/>
                    <key>service.info[DavidGrabbingServer]</key>
                    <delay>30s</delay>
                    <history>90d</history>
                    <trends>365d</trends>
                    <status>0</status>
                    <value_type>3</value_type>
                    <allowed_hosts/>
                    <units/>
                    <snmpv3_contextname/>
                    <snmpv3_securityname/>
                    <snmpv3_securitylevel>0</snmpv3_securitylevel>
                    <snmpv3_authprotocol>0</snmpv3_authprotocol>
                    <snmpv3_authpassphrase/>
                    <snmpv3_privprotocol>0</snmpv3_privprotocol>
                    <snmpv3_privpassphrase/>
                    <params/>
                    <ipmi_sensor/>
                    <authtype>0</authtype>
                    <username/>
                    <password/>
                    <publickey/>
                    <privatekey/>
                    <port/>
                    <description/>
                    <inventory_link>0</inventory_link>
                    <applications>
                        <application>
                            <name>Tobit</name>
                        </application>
                    </applications>
                    <valuemap>
                        <name>Windows service state</name>
                    </valuemap>
                    <logtimefmt/>
                    <preprocessing/>
                    <jmx_endpoint/>
                    <master_item/>
                </item>
                <item>
                    <name>DavidPostMan</name>
                    <type>0</type>
                    <snmp_community/>
                    <snmp_oid/>
                    <key>service.info[DavidPostMan]</key>
                    <delay>1m</delay>
                    <history>90d</history>
                    <trends>365d</trends>
                    <status>0</status>
                    <value_type>3</value_type>
                    <allowed_hosts/>
                    <units/>
                    <snmpv3_contextname/>
                    <snmpv3_securityname/>
                    <snmpv3_securitylevel>0</snmpv3_securitylevel>
                    <snmpv3_authprotocol>0</snmpv3_authprotocol>
                    <snmpv3_authpassphrase/>
                    <snmpv3_privprotocol>0</snmpv3_privprotocol>
                    <snmpv3_privpassphrase/>
                    <params/>
                    <ipmi_sensor/>
                    <authtype>0</authtype>
                    <username/>
                    <password/>
                    <publickey/>
                    <privatekey/>
                    <port/>
                    <description/>
                    <inventory_link>0</inventory_link>
                    <applications>
                        <application>
                            <name>Tobit</name>
                        </application>
                    </applications>
                    <valuemap>
                        <name>Windows service state</name>
                    </valuemap>
                    <logtimefmt/>
                    <preprocessing/>
                    <jmx_endpoint/>
                    <master_item/>
                </item>
                <item>
                    <name>DavidTLD001</name>
                    <type>0</type>
                    <snmp_community/>
                    <snmp_oid/>
                    <key>service.info[DavidTLD001]</key>
                    <delay>30s</delay>
                    <history>90d</history>
                    <trends>365d</trends>
                    <status>0</status>
                    <value_type>3</value_type>
                    <allowed_hosts/>
                    <units/>
                    <snmpv3_contextname/>
                    <snmpv3_securityname/>
                    <snmpv3_securitylevel>0</snmpv3_securitylevel>
                    <snmpv3_authprotocol>0</snmpv3_authprotocol>
                    <snmpv3_authpassphrase/>
                    <snmpv3_privprotocol>0</snmpv3_privprotocol>
                    <snmpv3_privpassphrase/>
                    <params/>
                    <ipmi_sensor/>
                    <authtype>0</authtype>
                    <username/>
                    <password/>
                    <publickey/>
                    <privatekey/>
                    <port/>
                    <description/>
                    <inventory_link>0</inventory_link>
                    <applications>
                        <application>
                            <name>Tobit</name>
                        </application>
                    </applications>
                    <valuemap>
                        <name>Windows service state</name>
                    </valuemap>
                    <logtimefmt/>
                    <preprocessing/>
                    <jmx_endpoint/>
                    <master_item/>
                </item>
                <item>
                    <name>David TLD002</name>
                    <type>0</type>
                    <snmp_community/>
                    <snmp_oid/>
                    <key>service.info[DavidTLD002]</key>
                    <delay>30s</delay>
                    <history>90d</history>
                    <trends>365d</trends>
                    <status>0</status>
                    <value_type>3</value_type>
                    <allowed_hosts/>
                    <units/>
                    <snmpv3_contextname/>
                    <snmpv3_securityname/>
                    <snmpv3_securitylevel>0</snmpv3_securitylevel>
                    <snmpv3_authprotocol>0</snmpv3_authprotocol>
                    <snmpv3_authpassphrase/>
                    <snmpv3_privprotocol>0</snmpv3_privprotocol>
                    <snmpv3_privpassphrase/>
                    <params/>
                    <ipmi_sensor/>
                    <authtype>0</authtype>
                    <username/>
                    <password/>
                    <publickey/>
                    <privatekey/>
                    <port/>
                    <description/>
                    <inventory_link>0</inventory_link>
                    <applications>
                        <application>
                            <name>Tobit</name>
                        </application>
                    </applications>
                    <valuemap>
                        <name>Windows service state</name>
                    </valuemap>
                    <logtimefmt/>
                    <preprocessing/>
                    <jmx_endpoint/>
                    <master_item/>
                </item>
            </items>
            <discovery_rules/>
            <httptests/>
            <macros/>
            <templates/>
            <screens/>
        </template>
    </templates>
    <triggers>
        <trigger>
            <expression>{Tobit Dienste:service.info[DavidGrabbingServer].last()}&gt;5</expression>
            <recovery_mode>0</recovery_mode>
            <recovery_expression/>
            <name>DAVID Grabbing Server STOPPED</name>
            <correlation_mode>0</correlation_mode>
            <correlation_tag/>
            <url/>
            <status>0</status>
            <priority>5</priority>
            <description/>
            <type>0</type>
            <manual_close>0</manual_close>
            <dependencies/>
            <tags/>
        </trigger>
        <trigger>
            <expression>{Tobit Dienste:service.info[DavidPostMan].last()}&gt;5</expression>
            <recovery_mode>0</recovery_mode>
            <recovery_expression/>
            <name>DAVID PostMan STOPPED</name>
            <correlation_mode>0</correlation_mode>
            <correlation_tag/>
            <url/>
            <status>0</status>
            <priority>5</priority>
            <description/>
            <type>0</type>
            <manual_close>0</manual_close>
            <dependencies/>
            <tags/>
        </trigger>
        <trigger>
            <expression>{Tobit Dienste:service.info[DavidTLD001].last()}&gt;5</expression>
            <recovery_mode>0</recovery_mode>
            <recovery_expression/>
            <name>DAVIDTLD001 STOPPED</name>
            <correlation_mode>0</correlation_mode>
            <correlation_tag/>
            <url/>
            <status>0</status>
            <priority>5</priority>
            <description/>
            <type>0</type>
            <manual_close>0</manual_close>
            <dependencies/>
            <tags/>
        </trigger>
        <trigger>
            <expression>{Tobit Dienste:service.info[DavidTLD002].last()}&gt;5</expression>
            <recovery_mode>0</recovery_mode>
            <recovery_expression/>
            <name>DAVIDTLD002 STOPPED</name>
            <correlation_mode>0</correlation_mode>
            <correlation_tag/>
            <url/>
            <status>0</status>
            <priority>5</priority>
            <description/>
            <type>0</type>
            <manual_close>0</manual_close>
            <dependencies/>
            <tags/>
        </trigger>
    </triggers>
    <value_maps>
        <value_map>
            <name>Windows service state</name>
            <mappings>
                <mapping>
                    <value>0</value>
                    <newvalue>Running</newvalue>
                </mapping>
                <mapping>
                    <value>1</value>
                    <newvalue>Paused</newvalue>
                </mapping>
                <mapping>
                    <value>2</value>
                    <newvalue>Start pending</newvalue>
                </mapping>
                <mapping>
                    <value>3</value>
                    <newvalue>Pause pending</newvalue>
                </mapping>
                <mapping>
                    <value>4</value>
                    <newvalue>Continue pending</newvalue>
                </mapping>
                <mapping>
                    <value>5</value>
                    <newvalue>Stop pending</newvalue>
                </mapping>
                <mapping>
                    <value>6</value>
                    <newvalue>Stopped</newvalue>
                </mapping>
                <mapping>
                    <value>7</value>
                    <newvalue>Unknown</newvalue>
                </mapping>
                <mapping>
                    <value>255</value>
                    <newvalue>No such service</newvalue>
                </mapping>
            </mappings>
        </value_map>
    </value_maps>
</zabbix_export>
