<?xml version="1.0" encoding="UTF-8"?>
<zabbix_export>
    <version>2.0</version>
    <date>2015-10-17T14:09:30Z</date>
    <groups>
        <group>
            <name>Linux servers</name>
        </group>
    </groups>
    <templates>
        <template>
            <template>Template SNMP Keepalived Check Virtual Servers</template>
            <name>Template SNMP Keepalived Check Virtual Servers</name>
            <description/>
            <groups>
                <group>
                    <name>Linux servers</name>
                </group>
            </groups>
            <applications>
                <application>
                    <name>Keepalived Check Virtual Server</name>
                </application>
                <application>
                    <name>Keepalived Check Virtual Server Group</name>
                </application>
                <application>
                    <name>Keepalived Check Virtual Server Group Members</name>
                </application>
            </applications>
            <items/>
            <discovery_rules>
                <discovery_rule>
                    <name>Keepalived Check Virtual Server</name>
                    <type>4</type>
                    <snmp_community>{$SNMP_COMMUNITY}</snmp_community>
                    <snmp_oid>KEEPALIVED-MIB::virtualServerVirtualHost</snmp_oid>
                    <key>virtualServerVirtualHost</key>
                    <delay>30</delay>
                    <status>0</status>
                    <allowed_hosts/>
                    <snmpv3_contextname/>
                    <snmpv3_securityname/>
                    <snmpv3_securitylevel>0</snmpv3_securitylevel>
                    <snmpv3_authprotocol>0</snmpv3_authprotocol>
                    <snmpv3_authpassphrase/>
                    <snmpv3_privprotocol>0</snmpv3_privprotocol>
                    <snmpv3_privpassphrase/>
                    <delay_flex/>
                    <params/>
                    <ipmi_sensor/>
                    <authtype>0</authtype>
                    <username/>
                    <password/>
                    <publickey/>
                    <privatekey/>
                    <port/>
                    <filter>
                        <evaltype>0</evaltype>
                        <formula/>
                        <conditions/>
                    </filter>
                    <lifetime>30</lifetime>
                    <description/>
                    <item_prototypes>
                        <item_prototype>
                            <name>virtualServerAddress $1</name>
                            <type>4</type>
                            <snmp_community>{$SNMP_COMMUNITY}</snmp_community>
                            <multiplier>0</multiplier>
                            <snmp_oid>KEEPALIVED-MIB::virtualServerAddress.{#SNMPINDEX}</snmp_oid>
                            <key>virtualServerAddress[{#SNMPVALUE}]</key>
                            <delay>3600</delay>
                            <history>90</history>
                            <trends>365</trends>
                            <status>1</status>
                            <value_type>4</value_type>
                            <allowed_hosts/>
                            <units/>
                            <delta>0</delta>
                            <snmpv3_contextname/>
                            <snmpv3_securityname/>
                            <snmpv3_securitylevel>0</snmpv3_securitylevel>
                            <snmpv3_authprotocol>0</snmpv3_authprotocol>
                            <snmpv3_authpassphrase/>
                            <snmpv3_privprotocol>0</snmpv3_privprotocol>
                            <snmpv3_privpassphrase/>
                            <formula>1</formula>
                            <delay_flex/>
                            <params/>
                            <ipmi_sensor/>
                            <data_type>0</data_type>
                            <authtype>0</authtype>
                            <username/>
                            <password/>
                            <publickey/>
                            <privatekey/>
                            <port/>
                            <description>If the virtual server is defined from an IP address, this is the value of the IP. Otherwise, this column should not exist in the current row.</description>
                            <inventory_link>0</inventory_link>
                            <applications>
                                <application>
                                    <name>Keepalived Check Virtual Server</name>
                                </application>
                            </applications>
                            <valuemap/>
                            <logtimefmt/>
                        </item_prototype>
                        <item_prototype>
                            <name>virtualServerAddrType $1</name>
                            <type>4</type>
                            <snmp_community>{$SNMP_COMMUNITY}</snmp_community>
                            <multiplier>0</multiplier>
                            <snmp_oid>KEEPALIVED-MIB::virtualServerAddrType.{#SNMPINDEX}</snmp_oid>
                            <key>virtualServerAddrType[{#SNMPVALUE}]</key>
                            <delay>3600</delay>
                            <history>90</history>
                            <trends>365</trends>
                            <status>1</status>
                            <value_type>3</value_type>
                            <allowed_hosts/>
                            <units/>
                            <delta>0</delta>
                            <snmpv3_contextname/>
                            <snmpv3_securityname/>
                            <snmpv3_securitylevel>0</snmpv3_securitylevel>
                            <snmpv3_authprotocol>0</snmpv3_authprotocol>
                            <snmpv3_authpassphrase/>
                            <snmpv3_privprotocol>0</snmpv3_privprotocol>
                            <snmpv3_privpassphrase/>
                            <formula>1</formula>
                            <delay_flex/>
                            <params/>
                            <ipmi_sensor/>
                            <data_type>0</data_type>
                            <authtype>0</authtype>
                            <username/>
                            <password/>
                            <publickey/>
                            <privatekey/>
                            <port/>
                            <description>If the virtual server is defined from an IP, this is the address family. Otherwise, this column should not exist in the current row.&#13;
&#13;
unknown (0)&#13;
ipv4 (1)&#13;
ipv6 (2)&#13;
ipv4z (3)&#13;
ipv6z (4)&#13;
dns (16)</description>
                            <inventory_link>0</inventory_link>
                            <applications>
                                <application>
                                    <name>Keepalived Check Virtual Server</name>
                                </application>
                            </applications>
                            <valuemap>
                                <name>SNMP Keepalived ServerAddrType</name>
                            </valuemap>
                            <logtimefmt/>
                        </item_prototype>
                        <item_prototype>
                            <name>virtualServerAlpha $1</name>
                            <type>4</type>
                            <snmp_community>{$SNMP_COMMUNITY}</snmp_community>
                            <multiplier>0</multiplier>
                            <snmp_oid>KEEPALIVED-MIB::virtualServerAlpha.{#SNMPINDEX}</snmp_oid>
                            <key>virtualServerAlpha[{#SNMPVALUE}]</key>
                            <delay>3600</delay>
                            <history>90</history>
                            <trends>365</trends>
                            <status>1</status>
                            <value_type>3</value_type>
                            <allowed_hosts/>
                            <units/>
                            <delta>0</delta>
                            <snmpv3_contextname/>
                            <snmpv3_securityname/>
                            <snmpv3_securitylevel>0</snmpv3_securitylevel>
                            <snmpv3_authprotocol>0</snmpv3_authprotocol>
                            <snmpv3_authpassphrase/>
                            <snmpv3_privprotocol>0</snmpv3_privprotocol>
                            <snmpv3_privpassphrase/>
                            <formula>1</formula>
                            <delay_flex/>
                            <params/>
                            <ipmi_sensor/>
                            <data_type>0</data_type>
                            <authtype>0</authtype>
                            <username/>
                            <password/>
                            <publickey/>
                            <privatekey/>
                            <port/>
                            <description>Is alpha mode enabled?&#13;
&#13;
enabled (1)&#13;
disabled (2)</description>
                            <inventory_link>0</inventory_link>
                            <applications>
                                <application>
                                    <name>Keepalived Check Virtual Server</name>
                                </application>
                            </applications>
                            <valuemap>
                                <name>SNMP Keepalived Enabled/Disabled</name>
                            </valuemap>
                            <logtimefmt/>
                        </item_prototype>
                        <item_prototype>
                            <name>virtualServerDelayLoop $1</name>
                            <type>4</type>
                            <snmp_community>{$SNMP_COMMUNITY}</snmp_community>
                            <multiplier>0</multiplier>
                            <snmp_oid>KEEPALIVED-MIB::virtualServerDelayLoop.{#SNMPINDEX}</snmp_oid>
                            <key>virtualServerDelayLoop[{#SNMPVALUE}]</key>
                            <delay>3600</delay>
                            <history>90</history>
                            <trends>365</trends>
                            <status>1</status>
                            <value_type>3</value_type>
                            <allowed_hosts/>
                            <units>sec</units>
                            <delta>0</delta>
                            <snmpv3_contextname/>
                            <snmpv3_securityname/>
                            <snmpv3_securitylevel>0</snmpv3_securitylevel>
                            <snmpv3_authprotocol>0</snmpv3_authprotocol>
                            <snmpv3_authpassphrase/>
                            <snmpv3_privprotocol>0</snmpv3_privprotocol>
                            <snmpv3_privpassphrase/>
                            <formula>1</formula>
                            <delay_flex/>
                            <params/>
                            <ipmi_sensor/>
                            <data_type>0</data_type>
                            <authtype>0</authtype>
                            <username/>
                            <password/>
                            <publickey/>
                            <privatekey/>
                            <port/>
                            <description>Delay in seconds between two checks.</description>
                            <inventory_link>0</inventory_link>
                            <applications>
                                <application>
                                    <name>Keepalived Check Virtual Server</name>
                                </application>
                            </applications>
                            <valuemap>
                                <name>SNMP Keepalived Enabled/Disabled</name>
                            </valuemap>
                            <logtimefmt/>
                        </item_prototype>
                        <item_prototype>
                            <name>virtualServerFwMark $1</name>
                            <type>4</type>
                            <snmp_community>{$SNMP_COMMUNITY}</snmp_community>
                            <multiplier>0</multiplier>
                            <snmp_oid>KEEPALIVED-MIB::virtualServerFwMark.{#SNMPINDEX}</snmp_oid>
                            <key>virtualServerFwMark[{#SNMPVALUE}]</key>
                            <delay>3600</delay>
                            <history>90</history>
                            <trends>365</trends>
                            <status>1</status>
                            <value_type>3</value_type>
                            <allowed_hosts/>
                            <units>sec</units>
                            <delta>0</delta>
                            <snmpv3_contextname/>
                            <snmpv3_securityname/>
                            <snmpv3_securitylevel>0</snmpv3_securitylevel>
                            <snmpv3_authprotocol>0</snmpv3_authprotocol>
                            <snmpv3_authpassphrase/>
                            <snmpv3_privprotocol>0</snmpv3_privprotocol>
                            <snmpv3_privpassphrase/>
                            <formula>1</formula>
                            <delay_flex/>
                            <params/>
                            <ipmi_sensor/>
                            <data_type>0</data_type>
                            <authtype>0</authtype>
                            <username/>
                            <password/>
                            <publickey/>
                            <privatekey/>
                            <port/>
                            <description>If the virtual server is defined from a firewall mark, this is the value of the mark. Otherwise, this column should not exist in the current row.</description>
                            <inventory_link>0</inventory_link>
                            <applications>
                                <application>
                                    <name>Keepalived Check Virtual Server</name>
                                </application>
                            </applications>
                            <valuemap/>
                            <logtimefmt/>
                        </item_prototype>
                        <item_prototype>
                            <name>virtualServerHaSuspend $1</name>
                            <type>4</type>
                            <snmp_community>{$SNMP_COMMUNITY}</snmp_community>
                            <multiplier>0</multiplier>
                            <snmp_oid>KEEPALIVED-MIB::virtualServerHaSuspend.{#SNMPINDEX}</snmp_oid>
                            <key>virtualServerHaSuspend[{#SNMPVALUE}]</key>
                            <delay>3600</delay>
                            <history>90</history>
                            <trends>365</trends>
                            <status>1</status>
                            <value_type>3</value_type>
                            <allowed_hosts/>
                            <units>sec</units>
                            <delta>0</delta>
                            <snmpv3_contextname/>
                            <snmpv3_securityname/>
                            <snmpv3_securitylevel>0</snmpv3_securitylevel>
                            <snmpv3_authprotocol>0</snmpv3_authprotocol>
                            <snmpv3_authpassphrase/>
                            <snmpv3_privprotocol>0</snmpv3_privprotocol>
                            <snmpv3_privpassphrase/>
                            <formula>1</formula>
                            <delay_flex/>
                            <params/>
                            <ipmi_sensor/>
                            <data_type>0</data_type>
                            <authtype>0</authtype>
                            <username/>
                            <password/>
                            <publickey/>
                            <privatekey/>
                            <port/>
                            <description>If set to true(1), checks will be suspended if the IP of the&#13;
virtual server is currently not set.&#13;
&#13;
true (1)&#13;
false (2)</description>
                            <inventory_link>0</inventory_link>
                            <applications>
                                <application>
                                    <name>Keepalived Check Virtual Server</name>
                                </application>
                            </applications>
                            <valuemap>
                                <name>SNMP Keepalived True/False</name>
                            </valuemap>
                            <logtimefmt/>
                        </item_prototype>
                        <item_prototype>
                            <name>virtualServerHysteresis $1</name>
                            <type>4</type>
                            <snmp_community>{$SNMP_COMMUNITY}</snmp_community>
                            <multiplier>0</multiplier>
                            <snmp_oid>KEEPALIVED-MIB::virtualServerHysteresis.{#SNMPINDEX}</snmp_oid>
                            <key>virtualServerHysteresis[{#SNMPVALUE}]</key>
                            <delay>30</delay>
                            <history>90</history>
                            <trends>365</trends>
                            <status>1</status>
                            <value_type>3</value_type>
                            <allowed_hosts/>
                            <units/>
                            <delta>0</delta>
                            <snmpv3_contextname/>
                            <snmpv3_securityname/>
                            <snmpv3_securitylevel>0</snmpv3_securitylevel>
                            <snmpv3_authprotocol>0</snmpv3_authprotocol>
                            <snmpv3_authpassphrase/>
                            <snmpv3_privprotocol>0</snmpv3_privprotocol>
                            <snmpv3_privpassphrase/>
                            <formula>1</formula>
                            <delay_flex/>
                            <params/>
                            <ipmi_sensor/>
                            <data_type>0</data_type>
                            <authtype>0</authtype>
                            <username/>
                            <password/>
                            <publickey/>
                            <privatekey/>
                            <port/>
                            <description>Hysteresis with respect to quorum count.</description>
                            <inventory_link>0</inventory_link>
                            <applications>
                                <application>
                                    <name>Keepalived Check Virtual Server</name>
                                </application>
                            </applications>
                            <valuemap>
                                <name>SNMP Keepalived True/False</name>
                            </valuemap>
                            <logtimefmt/>
                        </item_prototype>
                        <item_prototype>
                            <name>virtualServerLoadBalancingAlgo $1</name>
                            <type>4</type>
                            <snmp_community>{$SNMP_COMMUNITY}</snmp_community>
                            <multiplier>0</multiplier>
                            <snmp_oid>KEEPALIVED-MIB::virtualServerLoadBalancingAlgo.{#SNMPINDEX}</snmp_oid>
                            <key>virtualServerLoadBalancingAlgo[{#SNMPVALUE}]</key>
                            <delay>3600</delay>
                            <history>90</history>
                            <trends>365</trends>
                            <status>1</status>
                            <value_type>3</value_type>
                            <allowed_hosts/>
                            <units/>
                            <delta>0</delta>
                            <snmpv3_contextname/>
                            <snmpv3_securityname/>
                            <snmpv3_securitylevel>0</snmpv3_securitylevel>
                            <snmpv3_authprotocol>0</snmpv3_authprotocol>
                            <snmpv3_authpassphrase/>
                            <snmpv3_privprotocol>0</snmpv3_privprotocol>
                            <snmpv3_privpassphrase/>
                            <formula>1</formula>
                            <delay_flex/>
                            <params/>
                            <ipmi_sensor/>
                            <data_type>0</data_type>
                            <authtype>0</authtype>
                            <username/>
                            <password/>
                            <publickey/>
                            <privatekey/>
                            <port/>
                            <description>Which load balancing algorithm (or scheduler) should be used for this virtual server.&#13;
&#13;
rr (1)&#13;
wrr (2)&#13;
lc (3)&#13;
wlc (4)&#13;
lblc (5)&#13;
lblcr (6)&#13;
dh (7)&#13;
sh (8)&#13;
sed (9)&#13;
nq (10)&#13;
unknown (99)</description>
                            <inventory_link>0</inventory_link>
                            <applications>
                                <application>
                                    <name>Keepalived Check Virtual Server</name>
                                </application>
                            </applications>
                            <valuemap>
                                <name>SNMP Keepalived virtualServerLoadBalancingAlgo</name>
                            </valuemap>
                            <logtimefmt/>
                        </item_prototype>
                        <item_prototype>
                            <name>virtualServerLoadBalancingKind $1</name>
                            <type>4</type>
                            <snmp_community>{$SNMP_COMMUNITY}</snmp_community>
                            <multiplier>0</multiplier>
                            <snmp_oid>KEEPALIVED-MIB::virtualServerLoadBalancingKind.{#SNMPINDEX}</snmp_oid>
                            <key>virtualServerLoadBalancingKind[{#SNMPVALUE}]</key>
                            <delay>3600</delay>
                            <history>90</history>
                            <trends>365</trends>
                            <status>1</status>
                            <value_type>3</value_type>
                            <allowed_hosts/>
                            <units/>
                            <delta>0</delta>
                            <snmpv3_contextname/>
                            <snmpv3_securityname/>
                            <snmpv3_securitylevel>0</snmpv3_securitylevel>
                            <snmpv3_authprotocol>0</snmpv3_authprotocol>
                            <snmpv3_authpassphrase/>
                            <snmpv3_privprotocol>0</snmpv3_privprotocol>
                            <snmpv3_privpassphrase/>
                            <formula>1</formula>
                            <delay_flex/>
                            <params/>
                            <ipmi_sensor/>
                            <data_type>0</data_type>
                            <authtype>0</authtype>
                            <username/>
                            <password/>
                            <publickey/>
                            <privatekey/>
                            <port/>
                            <description>Forwarding method to use for this virtual server.&#13;
&#13;
nat (1)&#13;
dr (2)&#13;
tun (3)</description>
                            <inventory_link>0</inventory_link>
                            <applications>
                                <application>
                                    <name>Keepalived Check Virtual Server</name>
                                </application>
                            </applications>
                            <valuemap>
                                <name>SNMP Keepalived virtualServerLoadBalancingKind</name>
                            </valuemap>
                            <logtimefmt/>
                        </item_prototype>
                        <item_prototype>
                            <name>virtualServerOmega $1</name>
                            <type>4</type>
                            <snmp_community>{$SNMP_COMMUNITY}</snmp_community>
                            <multiplier>0</multiplier>
                            <snmp_oid>KEEPALIVED-MIB::virtualServerOmega.{#SNMPINDEX}</snmp_oid>
                            <key>virtualServerOmega[{#SNMPVALUE}]</key>
                            <delay>3600</delay>
                            <history>90</history>
                            <trends>365</trends>
                            <status>1</status>
                            <value_type>3</value_type>
                            <allowed_hosts/>
                            <units/>
                            <delta>0</delta>
                            <snmpv3_contextname/>
                            <snmpv3_securityname/>
                            <snmpv3_securitylevel>0</snmpv3_securitylevel>
                            <snmpv3_authprotocol>0</snmpv3_authprotocol>
                            <snmpv3_authpassphrase/>
                            <snmpv3_privprotocol>0</snmpv3_privprotocol>
                            <snmpv3_privpassphrase/>
                            <formula>1</formula>
                            <delay_flex/>
                            <params/>
                            <ipmi_sensor/>
                            <data_type>0</data_type>
                            <authtype>0</authtype>
                            <username/>
                            <password/>
                            <publickey/>
                            <privatekey/>
                            <port/>
                            <description>Is omega mode enabled?&#13;
&#13;
enabled (1)&#13;
disabled (2)</description>
                            <inventory_link>0</inventory_link>
                            <applications>
                                <application>
                                    <name>Keepalived Check Virtual Server</name>
                                </application>
                            </applications>
                            <valuemap>
                                <name>SNMP Keepalived Enabled/Disabled</name>
                            </valuemap>
                            <logtimefmt/>
                        </item_prototype>
                        <item_prototype>
                            <name>virtualServerOPS $1</name>
                            <type>4</type>
                            <snmp_community>{$SNMP_COMMUNITY}</snmp_community>
                            <multiplier>0</multiplier>
                            <snmp_oid>KEEPALIVED-MIB::virtualServerOPS.{#SNMPINDEX}</snmp_oid>
                            <key>virtualServerOPS[{#SNMPVALUE}]</key>
                            <delay>3600</delay>
                            <history>90</history>
                            <trends>365</trends>
                            <status>1</status>
                            <value_type>3</value_type>
                            <allowed_hosts/>
                            <units/>
                            <delta>0</delta>
                            <snmpv3_contextname/>
                            <snmpv3_securityname/>
                            <snmpv3_securitylevel>0</snmpv3_securitylevel>
                            <snmpv3_authprotocol>0</snmpv3_authprotocol>
                            <snmpv3_authpassphrase/>
                            <snmpv3_privprotocol>0</snmpv3_privprotocol>
                            <snmpv3_privpassphrase/>
                            <formula>1</formula>
                            <delay_flex/>
                            <params/>
                            <ipmi_sensor/>
                            <data_type>0</data_type>
                            <authtype>0</authtype>
                            <username/>
                            <password/>
                            <publickey/>
                            <privatekey/>
                            <port/>
                            <description>If set to true(1), One-Packet-Scheduling will be applied.</description>
                            <inventory_link>0</inventory_link>
                            <applications>
                                <application>
                                    <name>Keepalived Check Virtual Server</name>
                                </application>
                            </applications>
                            <valuemap>
                                <name>SNMP Keepalived True/False</name>
                            </valuemap>
                            <logtimefmt/>
                        </item_prototype>
                        <item_prototype>
                            <name>virtualServerPersist $1</name>
                            <type>4</type>
                            <snmp_community>{$SNMP_COMMUNITY}</snmp_community>
                            <multiplier>0</multiplier>
                            <snmp_oid>KEEPALIVED-MIB::virtualServerPersist.{#SNMPINDEX}</snmp_oid>
                            <key>virtualServerPersist[{#SNMPVALUE}]</key>
                            <delay>3600</delay>
                            <history>90</history>
                            <trends>365</trends>
                            <status>1</status>
                            <value_type>3</value_type>
                            <allowed_hosts/>
                            <units/>
                            <delta>0</delta>
                            <snmpv3_contextname/>
                            <snmpv3_securityname/>
                            <snmpv3_securitylevel>0</snmpv3_securitylevel>
                            <snmpv3_authprotocol>0</snmpv3_authprotocol>
                            <snmpv3_authpassphrase/>
                            <snmpv3_privprotocol>0</snmpv3_privprotocol>
                            <snmpv3_privpassphrase/>
                            <formula>1</formula>
                            <delay_flex/>
                            <params/>
                            <ipmi_sensor/>
                            <data_type>0</data_type>
                            <authtype>0</authtype>
                            <username/>
                            <password/>
                            <publickey/>
                            <privatekey/>
                            <port/>
                            <description>Is the virtual service persistence enabled?&#13;
&#13;
enabled (1)&#13;
disabled (2)</description>
                            <inventory_link>0</inventory_link>
                            <applications>
                                <application>
                                    <name>Keepalived Check Virtual Server</name>
                                </application>
                            </applications>
                            <valuemap>
                                <name>SNMP Keepalived Enabled/Disabled</name>
                            </valuemap>
                            <logtimefmt/>
                        </item_prototype>
                        <item_prototype>
                            <name>virtualServerPersistGranularity $1</name>
                            <type>4</type>
                            <snmp_community>{$SNMP_COMMUNITY}</snmp_community>
                            <multiplier>0</multiplier>
                            <snmp_oid>KEEPALIVED-MIB::virtualServerPersistGranularity.{#SNMPINDEX}</snmp_oid>
                            <key>virtualServerPersistGranularity[{#SNMPVALUE}]</key>
                            <delay>3600</delay>
                            <history>90</history>
                            <trends>365</trends>
                            <status>1</status>
                            <value_type>4</value_type>
                            <allowed_hosts/>
                            <units/>
                            <delta>0</delta>
                            <snmpv3_contextname/>
                            <snmpv3_securityname/>
                            <snmpv3_securitylevel>0</snmpv3_securitylevel>
                            <snmpv3_authprotocol>0</snmpv3_authprotocol>
                            <snmpv3_authpassphrase/>
                            <snmpv3_privprotocol>0</snmpv3_privprotocol>
                            <snmpv3_privpassphrase/>
                            <formula>1</formula>
                            <delay_flex/>
                            <params/>
                            <ipmi_sensor/>
                            <data_type>0</data_type>
                            <authtype>0</authtype>
                            <username/>
                            <password/>
                            <publickey/>
                            <privatekey/>
                            <port/>
                            <description>Netmask specifying the granularity of the persistence mechanism.</description>
                            <inventory_link>0</inventory_link>
                            <applications>
                                <application>
                                    <name>Keepalived Check Virtual Server</name>
                                </application>
                            </applications>
                            <valuemap/>
                            <logtimefmt/>
                        </item_prototype>
                        <item_prototype>
                            <name>virtualServerPersistTimeout $1</name>
                            <type>4</type>
                            <snmp_community>{$SNMP_COMMUNITY}</snmp_community>
                            <multiplier>0</multiplier>
                            <snmp_oid>KEEPALIVED-MIB::virtualServerPersistTimeout.{#SNMPINDEX}</snmp_oid>
                            <key>virtualServerPersistTimeout[{#SNMPVALUE}]</key>
                            <delay>3600</delay>
                            <history>90</history>
                            <trends>365</trends>
                            <status>1</status>
                            <value_type>3</value_type>
                            <allowed_hosts/>
                            <units>sec</units>
                            <delta>0</delta>
                            <snmpv3_contextname/>
                            <snmpv3_securityname/>
                            <snmpv3_securitylevel>0</snmpv3_securitylevel>
                            <snmpv3_authprotocol>0</snmpv3_authprotocol>
                            <snmpv3_authpassphrase/>
                            <snmpv3_privprotocol>0</snmpv3_privprotocol>
                            <snmpv3_privpassphrase/>
                            <formula>1</formula>
                            <delay_flex/>
                            <params/>
                            <ipmi_sensor/>
                            <data_type>0</data_type>
                            <authtype>0</authtype>
                            <username/>
                            <password/>
                            <publickey/>
                            <privatekey/>
                            <port/>
                            <description>If this virtual service is persistence, what is the timeout (seconds).</description>
                            <inventory_link>0</inventory_link>
                            <applications>
                                <application>
                                    <name>Keepalived Check Virtual Server</name>
                                </application>
                            </applications>
                            <valuemap/>
                            <logtimefmt/>
                        </item_prototype>
                        <item_prototype>
                            <name>virtualServerPort $1</name>
                            <type>4</type>
                            <snmp_community>{$SNMP_COMMUNITY}</snmp_community>
                            <multiplier>0</multiplier>
                            <snmp_oid>KEEPALIVED-MIB::virtualServerPort.{#SNMPINDEX}</snmp_oid>
                            <key>virtualServerPort[{#SNMPVALUE}]</key>
                            <delay>3600</delay>
                            <history>90</history>
                            <trends>365</trends>
                            <status>1</status>
                            <value_type>3</value_type>
                            <allowed_hosts/>
                            <units/>
                            <delta>0</delta>
                            <snmpv3_contextname/>
                            <snmpv3_securityname/>
                            <snmpv3_securitylevel>0</snmpv3_securitylevel>
                            <snmpv3_authprotocol>0</snmpv3_authprotocol>
                            <snmpv3_authpassphrase/>
                            <snmpv3_privprotocol>0</snmpv3_privprotocol>
                            <snmpv3_privpassphrase/>
                            <formula>1</formula>
                            <delay_flex/>
                            <params/>
                            <ipmi_sensor/>
                            <data_type>0</data_type>
                            <authtype>0</authtype>
                            <username/>
                            <password/>
                            <publickey/>
                            <privatekey/>
                            <port/>
                            <description>If the virtual server is defined from an IP, this is the value of the port to listen for requests. Otherwise, this column should not exist in the current row.</description>
                            <inventory_link>0</inventory_link>
                            <applications>
                                <application>
                                    <name>Keepalived Check Virtual Server</name>
                                </application>
                            </applications>
                            <valuemap/>
                            <logtimefmt/>
                        </item_prototype>
                        <item_prototype>
                            <name>virtualServerProtocol $1</name>
                            <type>4</type>
                            <snmp_community>{$SNMP_COMMUNITY}</snmp_community>
                            <multiplier>0</multiplier>
                            <snmp_oid>KEEPALIVED-MIB::virtualServerProtocol.{#SNMPINDEX}</snmp_oid>
                            <key>virtualServerProtocol[{#SNMPVALUE}]</key>
                            <delay>3600</delay>
                            <history>90</history>
                            <trends>365</trends>
                            <status>1</status>
                            <value_type>3</value_type>
                            <allowed_hosts/>
                            <units/>
                            <delta>0</delta>
                            <snmpv3_contextname/>
                            <snmpv3_securityname/>
                            <snmpv3_securitylevel>0</snmpv3_securitylevel>
                            <snmpv3_authprotocol>0</snmpv3_authprotocol>
                            <snmpv3_authpassphrase/>
                            <snmpv3_privprotocol>0</snmpv3_privprotocol>
                            <snmpv3_privpassphrase/>
                            <formula>1</formula>
                            <delay_flex/>
                            <params/>
                            <ipmi_sensor/>
                            <data_type>0</data_type>
                            <authtype>0</authtype>
                            <username/>
                            <password/>
                            <publickey/>
                            <privatekey/>
                            <port/>
                            <description>Which transport protocol should be used for this virtual server.&#13;
&#13;
tcp (1)&#13;
udp (2)</description>
                            <inventory_link>0</inventory_link>
                            <applications>
                                <application>
                                    <name>Keepalived Check Virtual Server</name>
                                </application>
                            </applications>
                            <valuemap>
                                <name>SNMP Keepalived virtualServerProtocol</name>
                            </valuemap>
                            <logtimefmt/>
                        </item_prototype>
                        <item_prototype>
                            <name>virtualServerQuorum $1</name>
                            <type>4</type>
                            <snmp_community>{$SNMP_COMMUNITY}</snmp_community>
                            <multiplier>0</multiplier>
                            <snmp_oid>KEEPALIVED-MIB::virtualServerQuorum.{#SNMPINDEX}</snmp_oid>
                            <key>virtualServerQuorum[{#SNMPVALUE}]</key>
                            <delay>3600</delay>
                            <history>90</history>
                            <trends>365</trends>
                            <status>0</status>
                            <value_type>3</value_type>
                            <allowed_hosts/>
                            <units/>
                            <delta>0</delta>
                            <snmpv3_contextname/>
                            <snmpv3_securityname/>
                            <snmpv3_securitylevel>0</snmpv3_securitylevel>
                            <snmpv3_authprotocol>0</snmpv3_authprotocol>
                            <snmpv3_authpassphrase/>
                            <snmpv3_privprotocol>0</snmpv3_privprotocol>
                            <snmpv3_privpassphrase/>
                            <formula>1</formula>
                            <delay_flex/>
                            <params/>
                            <ipmi_sensor/>
                            <data_type>0</data_type>
                            <authtype>0</authtype>
                            <username/>
                            <password/>
                            <publickey/>
                            <privatekey/>
                            <port/>
                            <description>Quorum to get among real servers to consider this virtual server up.</description>
                            <inventory_link>0</inventory_link>
                            <applications>
                                <application>
                                    <name>Keepalived Check Virtual Server</name>
                                </application>
                            </applications>
                            <valuemap/>
                            <logtimefmt/>
                        </item_prototype>
                        <item_prototype>
                            <name>virtualServerQuorumDown $1</name>
                            <type>4</type>
                            <snmp_community>{$SNMP_COMMUNITY}</snmp_community>
                            <multiplier>0</multiplier>
                            <snmp_oid>KEEPALIVED-MIB::virtualServerQuorumDown.{#SNMPINDEX}</snmp_oid>
                            <key>virtualServerQuorumDown[{#SNMPVALUE}]</key>
                            <delay>3600</delay>
                            <history>90</history>
                            <trends>365</trends>
                            <status>1</status>
                            <value_type>4</value_type>
                            <allowed_hosts/>
                            <units/>
                            <delta>0</delta>
                            <snmpv3_contextname/>
                            <snmpv3_securityname/>
                            <snmpv3_securitylevel>0</snmpv3_securitylevel>
                            <snmpv3_authprotocol>0</snmpv3_authprotocol>
                            <snmpv3_authpassphrase/>
                            <snmpv3_privprotocol>0</snmpv3_privprotocol>
                            <snmpv3_privpassphrase/>
                            <formula>1</formula>
                            <delay_flex/>
                            <params/>
                            <ipmi_sensor/>
                            <data_type>0</data_type>
                            <authtype>0</authtype>
                            <username/>
                            <password/>
                            <publickey/>
                            <privatekey/>
                            <port/>
                            <description>Command to execute when the quorum is not met.</description>
                            <inventory_link>0</inventory_link>
                            <applications>
                                <application>
                                    <name>Keepalived Check Virtual Server</name>
                                </application>
                            </applications>
                            <valuemap/>
                            <logtimefmt/>
                        </item_prototype>
                        <item_prototype>
                            <name>virtualServerQuorumStatus $1</name>
                            <type>4</type>
                            <snmp_community>{$SNMP_COMMUNITY}</snmp_community>
                            <multiplier>0</multiplier>
                            <snmp_oid>KEEPALIVED-MIB::virtualServerQuorumStatus.{#SNMPINDEX}</snmp_oid>
                            <key>virtualServerQuorumStatus[{#SNMPVALUE}]</key>
                            <delay>30</delay>
                            <history>90</history>
                            <trends>365</trends>
                            <status>0</status>
                            <value_type>3</value_type>
                            <allowed_hosts/>
                            <units/>
                            <delta>0</delta>
                            <snmpv3_contextname/>
                            <snmpv3_securityname/>
                            <snmpv3_securitylevel>0</snmpv3_securitylevel>
                            <snmpv3_authprotocol>0</snmpv3_authprotocol>
                            <snmpv3_authpassphrase/>
                            <snmpv3_privprotocol>0</snmpv3_privprotocol>
                            <snmpv3_privpassphrase/>
                            <formula>1</formula>
                            <delay_flex/>
                            <params/>
                            <ipmi_sensor/>
                            <data_type>0</data_type>
                            <authtype>0</authtype>
                            <username/>
                            <password/>
                            <publickey/>
                            <privatekey/>
                            <port/>
                            <description>Quorum to get amond real servers to consider this virtual server up.</description>
                            <inventory_link>0</inventory_link>
                            <applications>
                                <application>
                                    <name>Keepalived Check Virtual Server</name>
                                </application>
                            </applications>
                            <valuemap>
                                <name>SNMP Keepalived virtualServerQuorumStatus</name>
                            </valuemap>
                            <logtimefmt/>
                        </item_prototype>
                        <item_prototype>
                            <name>virtualServerQuorumUp $1</name>
                            <type>4</type>
                            <snmp_community>{$SNMP_COMMUNITY}</snmp_community>
                            <multiplier>0</multiplier>
                            <snmp_oid>KEEPALIVED-MIB::virtualServerQuorumUp.{#SNMPINDEX}</snmp_oid>
                            <key>virtualServerQuorumUp[{#SNMPVALUE}]</key>
                            <delay>3600</delay>
                            <history>90</history>
                            <trends>365</trends>
                            <status>1</status>
                            <value_type>4</value_type>
                            <allowed_hosts/>
                            <units/>
                            <delta>0</delta>
                            <snmpv3_contextname/>
                            <snmpv3_securityname/>
                            <snmpv3_securitylevel>0</snmpv3_securitylevel>
                            <snmpv3_authprotocol>0</snmpv3_authprotocol>
                            <snmpv3_authpassphrase/>
                            <snmpv3_privprotocol>0</snmpv3_privprotocol>
                            <snmpv3_privpassphrase/>
                            <formula>1</formula>
                            <delay_flex/>
                            <params/>
                            <ipmi_sensor/>
                            <data_type>0</data_type>
                            <authtype>0</authtype>
                            <username/>
                            <password/>
                            <publickey/>
                            <privatekey/>
                            <port/>
                            <description>Command to execute when the quorum is met.</description>
                            <inventory_link>0</inventory_link>
                            <applications>
                                <application>
                                    <name>Keepalived Check Virtual Server</name>
                                </application>
                            </applications>
                            <valuemap/>
                            <logtimefmt/>
                        </item_prototype>
                        <item_prototype>
                            <name>virtualServerRateCps $1</name>
                            <type>4</type>
                            <snmp_community>{$SNMP_COMMUNITY}</snmp_community>
                            <multiplier>0</multiplier>
                            <snmp_oid>KEEPALIVED-MIB::virtualServerRateCps.{#SNMPINDEX}</snmp_oid>
                            <key>virtualServerRateCps[{#SNMPVALUE}]</key>
                            <delay>30</delay>
                            <history>90</history>
                            <trends>365</trends>
                            <status>0</status>
                            <value_type>3</value_type>
                            <allowed_hosts/>
                            <units>connections/sec</units>
                            <delta>0</delta>
                            <snmpv3_contextname/>
                            <snmpv3_securityname/>
                            <snmpv3_securitylevel>0</snmpv3_securitylevel>
                            <snmpv3_authprotocol>0</snmpv3_authprotocol>
                            <snmpv3_authpassphrase/>
                            <snmpv3_privprotocol>0</snmpv3_privprotocol>
                            <snmpv3_privpassphrase/>
                            <formula>1</formula>
                            <delay_flex/>
                            <params/>
                            <ipmi_sensor/>
                            <data_type>0</data_type>
                            <authtype>0</authtype>
                            <username/>
                            <password/>
                            <publickey/>
                            <privatekey/>
                            <port/>
                            <description>Current connection rate for this virtual server.</description>
                            <inventory_link>0</inventory_link>
                            <applications>
                                <application>
                                    <name>Keepalived Check Virtual Server</name>
                                </application>
                            </applications>
                            <valuemap/>
                            <logtimefmt/>
                        </item_prototype>
                        <item_prototype>
                            <name>virtualServerRateInBPS $1</name>
                            <type>4</type>
                            <snmp_community>{$SNMP_COMMUNITY}</snmp_community>
                            <multiplier>0</multiplier>
                            <snmp_oid>KEEPALIVED-MIB::virtualServerRateInBPS.{#SNMPINDEX}</snmp_oid>
                            <key>virtualServerRateInBPS[{#SNMPVALUE}]</key>
                            <delay>30</delay>
                            <history>90</history>
                            <trends>365</trends>
                            <status>0</status>
                            <value_type>3</value_type>
                            <allowed_hosts/>
                            <units>Bytes/sec</units>
                            <delta>0</delta>
                            <snmpv3_contextname/>
                            <snmpv3_securityname/>
                            <snmpv3_securitylevel>0</snmpv3_securitylevel>
                            <snmpv3_authprotocol>0</snmpv3_authprotocol>
                            <snmpv3_authpassphrase/>
                            <snmpv3_privprotocol>0</snmpv3_privprotocol>
                            <snmpv3_privpassphrase/>
                            <formula>1</formula>
                            <delay_flex/>
                            <params/>
                            <ipmi_sensor/>
                            <data_type>0</data_type>
                            <authtype>0</authtype>
                            <username/>
                            <password/>
                            <publickey/>
                            <privatekey/>
                            <port/>
                            <description>Current incoming rate (Bytes/sec) for this virtual server.</description>
                            <inventory_link>0</inventory_link>
                            <applications>
                                <application>
                                    <name>Keepalived Check Virtual Server</name>
                                </application>
                            </applications>
                            <valuemap/>
                            <logtimefmt/>
                        </item_prototype>
                        <item_prototype>
                            <name>virtualServerRateInPPS $1</name>
                            <type>4</type>
                            <snmp_community>{$SNMP_COMMUNITY}</snmp_community>
                            <multiplier>0</multiplier>
                            <snmp_oid>KEEPALIVED-MIB::virtualServerRateInPPS.{#SNMPINDEX}</snmp_oid>
                            <key>virtualServerRateInPPS[{#SNMPVALUE}]</key>
                            <delay>30</delay>
                            <history>90</history>
                            <trends>365</trends>
                            <status>0</status>
                            <value_type>3</value_type>
                            <allowed_hosts/>
                            <units>Packets/sec</units>
                            <delta>0</delta>
                            <snmpv3_contextname/>
                            <snmpv3_securityname/>
                            <snmpv3_securitylevel>0</snmpv3_securitylevel>
                            <snmpv3_authprotocol>0</snmpv3_authprotocol>
                            <snmpv3_authpassphrase/>
                            <snmpv3_privprotocol>0</snmpv3_privprotocol>
                            <snmpv3_privpassphrase/>
                            <formula>1</formula>
                            <delay_flex/>
                            <params/>
                            <ipmi_sensor/>
                            <data_type>0</data_type>
                            <authtype>0</authtype>
                            <username/>
                            <password/>
                            <publickey/>
                            <privatekey/>
                            <port/>
                            <description>Current incoming rate (Packets/sec) for this virtual server.</description>
                            <inventory_link>0</inventory_link>
                            <applications>
                                <application>
                                    <name>Keepalived Check Virtual Server</name>
                                </application>
                            </applications>
                            <valuemap/>
                            <logtimefmt/>
                        </item_prototype>
                        <item_prototype>
                            <name>virtualServerRateOutBPS $1</name>
                            <type>4</type>
                            <snmp_community>{$SNMP_COMMUNITY}</snmp_community>
                            <multiplier>0</multiplier>
                            <snmp_oid>KEEPALIVED-MIB::virtualServerRateOutBPS.{#SNMPINDEX}</snmp_oid>
                            <key>virtualServerRateOutBPS[{#SNMPVALUE}]</key>
                            <delay>30</delay>
                            <history>90</history>
                            <trends>365</trends>
                            <status>0</status>
                            <value_type>3</value_type>
                            <allowed_hosts/>
                            <units>Bytes/sec</units>
                            <delta>0</delta>
                            <snmpv3_contextname/>
                            <snmpv3_securityname/>
                            <snmpv3_securitylevel>0</snmpv3_securitylevel>
                            <snmpv3_authprotocol>0</snmpv3_authprotocol>
                            <snmpv3_authpassphrase/>
                            <snmpv3_privprotocol>0</snmpv3_privprotocol>
                            <snmpv3_privpassphrase/>
                            <formula>1</formula>
                            <delay_flex/>
                            <params/>
                            <ipmi_sensor/>
                            <data_type>0</data_type>
                            <authtype>0</authtype>
                            <username/>
                            <password/>
                            <publickey/>
                            <privatekey/>
                            <port/>
                            <description>Current outgoing rate (Bytes/sec) for this virtual server.</description>
                            <inventory_link>0</inventory_link>
                            <applications>
                                <application>
                                    <name>Keepalived Check Virtual Server</name>
                                </application>
                            </applications>
                            <valuemap/>
                            <logtimefmt/>
                        </item_prototype>
                        <item_prototype>
                            <name>virtualServerRateOutPPS $1</name>
                            <type>4</type>
                            <snmp_community>{$SNMP_COMMUNITY}</snmp_community>
                            <multiplier>0</multiplier>
                            <snmp_oid>KEEPALIVED-MIB::virtualServerRateOutPPS.{#SNMPINDEX}</snmp_oid>
                            <key>virtualServerRateOutPPS[{#SNMPVALUE}]</key>
                            <delay>30</delay>
                            <history>90</history>
                            <trends>365</trends>
                            <status>0</status>
                            <value_type>3</value_type>
                            <allowed_hosts/>
                            <units>Packets/sec</units>
                            <delta>0</delta>
                            <snmpv3_contextname/>
                            <snmpv3_securityname/>
                            <snmpv3_securitylevel>0</snmpv3_securitylevel>
                            <snmpv3_authprotocol>0</snmpv3_authprotocol>
                            <snmpv3_authpassphrase/>
                            <snmpv3_privprotocol>0</snmpv3_privprotocol>
                            <snmpv3_privpassphrase/>
                            <formula>1</formula>
                            <delay_flex/>
                            <params/>
                            <ipmi_sensor/>
                            <data_type>0</data_type>
                            <authtype>0</authtype>
                            <username/>
                            <password/>
                            <publickey/>
                            <privatekey/>
                            <port/>
                            <description>Current outgoing rate (Packets/sec) for this virtual server.</description>
                            <inventory_link>0</inventory_link>
                            <applications>
                                <application>
                                    <name>Keepalived Check Virtual Server</name>
                                </application>
                            </applications>
                            <valuemap/>
                            <logtimefmt/>
                        </item_prototype>
                        <item_prototype>
                            <name>virtualServerRealServersTotal $1</name>
                            <type>4</type>
                            <snmp_community>{$SNMP_COMMUNITY}</snmp_community>
                            <multiplier>0</multiplier>
                            <snmp_oid>KEEPALIVED-MIB::virtualServerRealServersTotal.{#SNMPINDEX}</snmp_oid>
                            <key>virtualServerRealServersTotal[{#SNMPVALUE}]</key>
                            <delay>30</delay>
                            <history>90</history>
                            <trends>365</trends>
                            <status>0</status>
                            <value_type>3</value_type>
                            <allowed_hosts/>
                            <units>real servers</units>
                            <delta>0</delta>
                            <snmpv3_contextname/>
                            <snmpv3_securityname/>
                            <snmpv3_securitylevel>0</snmpv3_securitylevel>
                            <snmpv3_authprotocol>0</snmpv3_authprotocol>
                            <snmpv3_authpassphrase/>
                            <snmpv3_privprotocol>0</snmpv3_privprotocol>
                            <snmpv3_privpassphrase/>
                            <formula>1</formula>
                            <delay_flex/>
                            <params/>
                            <ipmi_sensor/>
                            <data_type>0</data_type>
                            <authtype>0</authtype>
                            <username/>
                            <password/>
                            <publickey/>
                            <privatekey/>
                            <port/>
                            <description>Total number of real servers for this virtual server.</description>
                            <inventory_link>0</inventory_link>
                            <applications>
                                <application>
                                    <name>Keepalived Check Virtual Server</name>
                                </application>
                            </applications>
                            <valuemap/>
                            <logtimefmt/>
                        </item_prototype>
                        <item_prototype>
                            <name>virtualServerRealServersUp $1</name>
                            <type>4</type>
                            <snmp_community>{$SNMP_COMMUNITY}</snmp_community>
                            <multiplier>0</multiplier>
                            <snmp_oid>KEEPALIVED-MIB::virtualServerRealServersUp.{#SNMPINDEX}</snmp_oid>
                            <key>virtualServerRealServersUp[{#SNMPVALUE}]</key>
                            <delay>30</delay>
                            <history>90</history>
                            <trends>365</trends>
                            <status>0</status>
                            <value_type>3</value_type>
                            <allowed_hosts/>
                            <units>real servers</units>
                            <delta>0</delta>
                            <snmpv3_contextname/>
                            <snmpv3_securityname/>
                            <snmpv3_securitylevel>0</snmpv3_securitylevel>
                            <snmpv3_authprotocol>0</snmpv3_authprotocol>
                            <snmpv3_authpassphrase/>
                            <snmpv3_privprotocol>0</snmpv3_privprotocol>
                            <snmpv3_privpassphrase/>
                            <formula>1</formula>
                            <delay_flex/>
                            <params/>
                            <ipmi_sensor/>
                            <data_type>0</data_type>
                            <authtype>0</authtype>
                            <username/>
                            <password/>
                            <publickey/>
                            <privatekey/>
                            <port/>
                            <description>Number of real servers actually up for this virtual server.</description>
                            <inventory_link>0</inventory_link>
                            <applications>
                                <application>
                                    <name>Keepalived Check Virtual Server</name>
                                </application>
                            </applications>
                            <valuemap/>
                            <logtimefmt/>
                        </item_prototype>
                        <item_prototype>
                            <name>virtualServerStatsConns $1</name>
                            <type>4</type>
                            <snmp_community>{$SNMP_COMMUNITY}</snmp_community>
                            <multiplier>0</multiplier>
                            <snmp_oid>KEEPALIVED-MIB::virtualServerStatsConns.{#SNMPINDEX}</snmp_oid>
                            <key>virtualServerStatsConns[{#SNMPVALUE}]</key>
                            <delay>30</delay>
                            <history>90</history>
                            <trends>365</trends>
                            <status>0</status>
                            <value_type>3</value_type>
                            <allowed_hosts/>
                            <units>connections</units>
                            <delta>0</delta>
                            <snmpv3_contextname/>
                            <snmpv3_securityname/>
                            <snmpv3_securitylevel>0</snmpv3_securitylevel>
                            <snmpv3_authprotocol>0</snmpv3_authprotocol>
                            <snmpv3_authpassphrase/>
                            <snmpv3_privprotocol>0</snmpv3_privprotocol>
                            <snmpv3_privpassphrase/>
                            <formula>1</formula>
                            <delay_flex/>
                            <params/>
                            <ipmi_sensor/>
                            <data_type>0</data_type>
                            <authtype>0</authtype>
                            <username/>
                            <password/>
                            <publickey/>
                            <privatekey/>
                            <port/>
                            <description>Total number of connections scheduled for this virtual server.</description>
                            <inventory_link>0</inventory_link>
                            <applications>
                                <application>
                                    <name>Keepalived Check Virtual Server</name>
                                </application>
                            </applications>
                            <valuemap/>
                            <logtimefmt/>
                        </item_prototype>
                        <item_prototype>
                            <name>virtualServerStatsInBytes $1</name>
                            <type>4</type>
                            <snmp_community>{$SNMP_COMMUNITY}</snmp_community>
                            <multiplier>0</multiplier>
                            <snmp_oid>KEEPALIVED-MIB::virtualServerStatsInBytes.{#SNMPINDEX}</snmp_oid>
                            <key>virtualServerStatsInBytes[{#SNMPVALUE}]</key>
                            <delay>30</delay>
                            <history>90</history>
                            <trends>365</trends>
                            <status>1</status>
                            <value_type>0</value_type>
                            <allowed_hosts/>
                            <units>Bytes</units>
                            <delta>0</delta>
                            <snmpv3_contextname/>
                            <snmpv3_securityname/>
                            <snmpv3_securitylevel>0</snmpv3_securitylevel>
                            <snmpv3_authprotocol>0</snmpv3_authprotocol>
                            <snmpv3_authpassphrase/>
                            <snmpv3_privprotocol>0</snmpv3_privprotocol>
                            <snmpv3_privpassphrase/>
                            <formula>1</formula>
                            <delay_flex/>
                            <params/>
                            <ipmi_sensor/>
                            <data_type>0</data_type>
                            <authtype>0</authtype>
                            <username/>
                            <password/>
                            <publickey/>
                            <privatekey/>
                            <port/>
                            <description>Total number of incoming bytes for this virtual server.</description>
                            <inventory_link>0</inventory_link>
                            <applications>
                                <application>
                                    <name>Keepalived Check Virtual Server</name>
                                </application>
                            </applications>
                            <valuemap/>
                            <logtimefmt/>
                        </item_prototype>
                        <item_prototype>
                            <name>virtualServerStatsInPkts $1</name>
                            <type>4</type>
                            <snmp_community>{$SNMP_COMMUNITY}</snmp_community>
                            <multiplier>0</multiplier>
                            <snmp_oid>KEEPALIVED-MIB::virtualServerStatsInPkts.{#SNMPINDEX}</snmp_oid>
                            <key>virtualServerStatsInPkts[{#SNMPVALUE}]</key>
                            <delay>30</delay>
                            <history>90</history>
                            <trends>365</trends>
                            <status>1</status>
                            <value_type>0</value_type>
                            <allowed_hosts/>
                            <units>Packets</units>
                            <delta>0</delta>
                            <snmpv3_contextname/>
                            <snmpv3_securityname/>
                            <snmpv3_securitylevel>0</snmpv3_securitylevel>
                            <snmpv3_authprotocol>0</snmpv3_authprotocol>
                            <snmpv3_authpassphrase/>
                            <snmpv3_privprotocol>0</snmpv3_privprotocol>
                            <snmpv3_privpassphrase/>
                            <formula>1</formula>
                            <delay_flex/>
                            <params/>
                            <ipmi_sensor/>
                            <data_type>0</data_type>
                            <authtype>0</authtype>
                            <username/>
                            <password/>
                            <publickey/>
                            <privatekey/>
                            <port/>
                            <description>Total number of incoming packets for this virtual server.</description>
                            <inventory_link>0</inventory_link>
                            <applications>
                                <application>
                                    <name>Keepalived Check Virtual Server</name>
                                </application>
                            </applications>
                            <valuemap/>
                            <logtimefmt/>
                        </item_prototype>
                        <item_prototype>
                            <name>virtualServerStatsOutBytes $1</name>
                            <type>4</type>
                            <snmp_community>{$SNMP_COMMUNITY}</snmp_community>
                            <multiplier>0</multiplier>
                            <snmp_oid>KEEPALIVED-MIB::virtualServerStatsOutBytes.{#SNMPINDEX}</snmp_oid>
                            <key>virtualServerStatsOutBytes[{#SNMPVALUE}]</key>
                            <delay>30</delay>
                            <history>90</history>
                            <trends>365</trends>
                            <status>1</status>
                            <value_type>0</value_type>
                            <allowed_hosts/>
                            <units>Bytes</units>
                            <delta>0</delta>
                            <snmpv3_contextname/>
                            <snmpv3_securityname/>
                            <snmpv3_securitylevel>0</snmpv3_securitylevel>
                            <snmpv3_authprotocol>0</snmpv3_authprotocol>
                            <snmpv3_authpassphrase/>
                            <snmpv3_privprotocol>0</snmpv3_privprotocol>
                            <snmpv3_privpassphrase/>
                            <formula>1</formula>
                            <delay_flex/>
                            <params/>
                            <ipmi_sensor/>
                            <data_type>0</data_type>
                            <authtype>0</authtype>
                            <username/>
                            <password/>
                            <publickey/>
                            <privatekey/>
                            <port/>
                            <description>Total number of outgoing bytes for this virtual server.</description>
                            <inventory_link>0</inventory_link>
                            <applications>
                                <application>
                                    <name>Keepalived Check Virtual Server</name>
                                </application>
                            </applications>
                            <valuemap/>
                            <logtimefmt/>
                        </item_prototype>
                        <item_prototype>
                            <name>virtualServerStatsOutPkts $1</name>
                            <type>4</type>
                            <snmp_community>{$SNMP_COMMUNITY}</snmp_community>
                            <multiplier>0</multiplier>
                            <snmp_oid>KEEPALIVED-MIB::virtualServerStatsOutPkts.{#SNMPINDEX}</snmp_oid>
                            <key>virtualServerStatsOutPkts[{#SNMPVALUE}]</key>
                            <delay>30</delay>
                            <history>90</history>
                            <trends>365</trends>
                            <status>1</status>
                            <value_type>0</value_type>
                            <allowed_hosts/>
                            <units>Packets</units>
                            <delta>0</delta>
                            <snmpv3_contextname/>
                            <snmpv3_securityname/>
                            <snmpv3_securitylevel>0</snmpv3_securitylevel>
                            <snmpv3_authprotocol>0</snmpv3_authprotocol>
                            <snmpv3_authpassphrase/>
                            <snmpv3_privprotocol>0</snmpv3_privprotocol>
                            <snmpv3_privpassphrase/>
                            <formula>1</formula>
                            <delay_flex/>
                            <params/>
                            <ipmi_sensor/>
                            <data_type>0</data_type>
                            <authtype>0</authtype>
                            <username/>
                            <password/>
                            <publickey/>
                            <privatekey/>
                            <port/>
                            <description>Total number of outgoing packets for this virtual server.</description>
                            <inventory_link>0</inventory_link>
                            <applications>
                                <application>
                                    <name>Keepalived Check Virtual Server</name>
                                </application>
                            </applications>
                            <valuemap/>
                            <logtimefmt/>
                        </item_prototype>
                        <item_prototype>
                            <name>virtualServerStatus $1</name>
                            <type>4</type>
                            <snmp_community>{$SNMP_COMMUNITY}</snmp_community>
                            <multiplier>0</multiplier>
                            <snmp_oid>KEEPALIVED-MIB::virtualServerStatus.{#SNMPINDEX}</snmp_oid>
                            <key>virtualServerStatus[{#SNMPVALUE}]</key>
                            <delay>30</delay>
                            <history>90</history>
                            <trends>365</trends>
                            <status>0</status>
                            <value_type>3</value_type>
                            <allowed_hosts/>
                            <units/>
                            <delta>0</delta>
                            <snmpv3_contextname/>
                            <snmpv3_securityname/>
                            <snmpv3_securitylevel>0</snmpv3_securitylevel>
                            <snmpv3_authprotocol>0</snmpv3_authprotocol>
                            <snmpv3_authpassphrase/>
                            <snmpv3_privprotocol>0</snmpv3_privprotocol>
                            <snmpv3_privpassphrase/>
                            <formula>1</formula>
                            <delay_flex/>
                            <params/>
                            <ipmi_sensor/>
                            <data_type>0</data_type>
                            <authtype>0</authtype>
                            <username/>
                            <password/>
                            <publickey/>
                            <privatekey/>
                            <port/>
                            <description>Current status of this virtual server.&#13;
&#13;
alive (1)&#13;
dead (2)</description>
                            <inventory_link>0</inventory_link>
                            <applications>
                                <application>
                                    <name>Keepalived Check Virtual Server</name>
                                </application>
                            </applications>
                            <valuemap>
                                <name>SNMP Keepalived ServerStatus</name>
                            </valuemap>
                            <logtimefmt/>
                        </item_prototype>
                        <item_prototype>
                            <name>virtualServerType $1</name>
                            <type>4</type>
                            <snmp_community>{$SNMP_COMMUNITY}</snmp_community>
                            <multiplier>0</multiplier>
                            <snmp_oid>KEEPALIVED-MIB::virtualServerType.{#SNMPINDEX}</snmp_oid>
                            <key>virtualServerType[{#SNMPVALUE}]</key>
                            <delay>3600</delay>
                            <history>90</history>
                            <trends>365</trends>
                            <status>1</status>
                            <value_type>3</value_type>
                            <allowed_hosts/>
                            <units/>
                            <delta>0</delta>
                            <snmpv3_contextname/>
                            <snmpv3_securityname/>
                            <snmpv3_securitylevel>0</snmpv3_securitylevel>
                            <snmpv3_authprotocol>0</snmpv3_authprotocol>
                            <snmpv3_authpassphrase/>
                            <snmpv3_privprotocol>0</snmpv3_privprotocol>
                            <snmpv3_privpassphrase/>
                            <formula>1</formula>
                            <delay_flex/>
                            <params/>
                            <ipmi_sensor/>
                            <data_type>0</data_type>
                            <authtype>0</authtype>
                            <username/>
                            <password/>
                            <publickey/>
                            <privatekey/>
                            <port/>
                            <description>Type of virtual server. A virtual server can either be defined from a firewall mark, an IP and a port or from a virtual server group.&#13;
&#13;
fwmark (1)&#13;
ip (2)&#13;
group (3)</description>
                            <inventory_link>0</inventory_link>
                            <applications>
                                <application>
                                    <name>Keepalived Check Virtual Server</name>
                                </application>
                            </applications>
                            <valuemap>
                                <name>SNMP Keepalived virtualServerType</name>
                            </valuemap>
                            <logtimefmt/>
                        </item_prototype>
                        <item_prototype>
                            <name>virtualServerVirtualHost $1</name>
                            <type>4</type>
                            <snmp_community>{$SNMP_COMMUNITY}</snmp_community>
                            <multiplier>0</multiplier>
                            <snmp_oid>KEEPALIVED-MIB::virtualServerVirtualHost.{#SNMPINDEX}</snmp_oid>
                            <key>virtualServerVirtualHost[{#SNMPVALUE}]</key>
                            <delay>3600</delay>
                            <history>90</history>
                            <trends>365</trends>
                            <status>0</status>
                            <value_type>4</value_type>
                            <allowed_hosts/>
                            <units/>
                            <delta>0</delta>
                            <snmpv3_contextname/>
                            <snmpv3_securityname/>
                            <snmpv3_securitylevel>0</snmpv3_securitylevel>
                            <snmpv3_authprotocol>0</snmpv3_authprotocol>
                            <snmpv3_authpassphrase/>
                            <snmpv3_privprotocol>0</snmpv3_privprotocol>
                            <snmpv3_privpassphrase/>
                            <formula>1</formula>
                            <delay_flex/>
                            <params/>
                            <ipmi_sensor/>
                            <data_type>0</data_type>
                            <authtype>0</authtype>
                            <username/>
                            <password/>
                            <publickey/>
                            <privatekey/>
                            <port/>
                            <description>Virtualhost of this server for HTTP like requests.</description>
                            <inventory_link>0</inventory_link>
                            <applications>
                                <application>
                                    <name>Keepalived Check Virtual Server</name>
                                </application>
                            </applications>
                            <valuemap/>
                            <logtimefmt/>
                        </item_prototype>
                    </item_prototypes>
                    <trigger_prototypes>
                        <trigger_prototype>
                            <expression>{Template SNMP Keepalived Check Virtual Servers:virtualServerQuorumStatus[{#SNMPVALUE}].last()}=2</expression>
                            <name>Keepalived Quorum Status</name>
                            <url/>
                            <status>0</status>
                            <priority>4</priority>
                            <description/>
                            <type>0</type>
                        </trigger_prototype>
                        <trigger_prototype>
                            <expression>{Template SNMP Keepalived Check Virtual Servers:virtualServerStatus[{#SNMPVALUE}].last()}=2</expression>
                            <name>Keepalived Virtual Server Status</name>
                            <url/>
                            <status>0</status>
                            <priority>4</priority>
                            <description/>
                            <type>0</type>
                        </trigger_prototype>
                    </trigger_prototypes>
                    <graph_prototypes>
                        <graph_prototype>
                            <name>Keepalived Virtual Server Rate {#SNMPVALUE} (Bytes/sec)</name>
                            <width>900</width>
                            <height>200</height>
                            <yaxismin>0.0000</yaxismin>
                            <yaxismax>100.0000</yaxismax>
                            <show_work_period>1</show_work_period>
                            <show_triggers>1</show_triggers>
                            <type>0</type>
                            <show_legend>1</show_legend>
                            <show_3d>0</show_3d>
                            <percent_left>0.0000</percent_left>
                            <percent_right>0.0000</percent_right>
                            <ymin_type_1>0</ymin_type_1>
                            <ymax_type_1>0</ymax_type_1>
                            <ymin_item_1>0</ymin_item_1>
                            <ymax_item_1>0</ymax_item_1>
                            <graph_items>
                                <graph_item>
                                    <sortorder>0</sortorder>
                                    <drawtype>0</drawtype>
                                    <color>00C800</color>
                                    <yaxisside>0</yaxisside>
                                    <calc_fnc>2</calc_fnc>
                                    <type>0</type>
                                    <item>
                                        <host>Template SNMP Keepalived Check Virtual Servers</host>
                                        <key>virtualServerRateInBPS[{#SNMPVALUE}]</key>
                                    </item>
                                </graph_item>
                                <graph_item>
                                    <sortorder>1</sortorder>
                                    <drawtype>0</drawtype>
                                    <color>EE0000</color>
                                    <yaxisside>0</yaxisside>
                                    <calc_fnc>2</calc_fnc>
                                    <type>0</type>
                                    <item>
                                        <host>Template SNMP Keepalived Check Virtual Servers</host>
                                        <key>virtualServerRateOutBPS[{#SNMPVALUE}]</key>
                                    </item>
                                </graph_item>
                            </graph_items>
                        </graph_prototype>
                        <graph_prototype>
                            <name>Keepalived Virtual Server Rate {#SNMPVALUE} (Connections/sec)</name>
                            <width>900</width>
                            <height>200</height>
                            <yaxismin>0.0000</yaxismin>
                            <yaxismax>100.0000</yaxismax>
                            <show_work_period>1</show_work_period>
                            <show_triggers>1</show_triggers>
                            <type>0</type>
                            <show_legend>1</show_legend>
                            <show_3d>0</show_3d>
                            <percent_left>0.0000</percent_left>
                            <percent_right>0.0000</percent_right>
                            <ymin_type_1>0</ymin_type_1>
                            <ymax_type_1>0</ymax_type_1>
                            <ymin_item_1>0</ymin_item_1>
                            <ymax_item_1>0</ymax_item_1>
                            <graph_items>
                                <graph_item>
                                    <sortorder>0</sortorder>
                                    <drawtype>0</drawtype>
                                    <color>00C800</color>
                                    <yaxisside>0</yaxisside>
                                    <calc_fnc>2</calc_fnc>
                                    <type>0</type>
                                    <item>
                                        <host>Template SNMP Keepalived Check Virtual Servers</host>
                                        <key>virtualServerRateCps[{#SNMPVALUE}]</key>
                                    </item>
                                </graph_item>
                            </graph_items>
                        </graph_prototype>
                        <graph_prototype>
                            <name>Keepalived Virtual Server Rate {#SNMPVALUE} (Packets/sec)</name>
                            <width>900</width>
                            <height>200</height>
                            <yaxismin>0.0000</yaxismin>
                            <yaxismax>100.0000</yaxismax>
                            <show_work_period>1</show_work_period>
                            <show_triggers>1</show_triggers>
                            <type>0</type>
                            <show_legend>1</show_legend>
                            <show_3d>0</show_3d>
                            <percent_left>0.0000</percent_left>
                            <percent_right>0.0000</percent_right>
                            <ymin_type_1>0</ymin_type_1>
                            <ymax_type_1>0</ymax_type_1>
                            <ymin_item_1>0</ymin_item_1>
                            <ymax_item_1>0</ymax_item_1>
                            <graph_items>
                                <graph_item>
                                    <sortorder>0</sortorder>
                                    <drawtype>0</drawtype>
                                    <color>00C800</color>
                                    <yaxisside>0</yaxisside>
                                    <calc_fnc>2</calc_fnc>
                                    <type>0</type>
                                    <item>
                                        <host>Template SNMP Keepalived Check Virtual Servers</host>
                                        <key>virtualServerRateInPPS[{#SNMPVALUE}]</key>
                                    </item>
                                </graph_item>
                                <graph_item>
                                    <sortorder>1</sortorder>
                                    <drawtype>0</drawtype>
                                    <color>EE0000</color>
                                    <yaxisside>0</yaxisside>
                                    <calc_fnc>2</calc_fnc>
                                    <type>0</type>
                                    <item>
                                        <host>Template SNMP Keepalived Check Virtual Servers</host>
                                        <key>virtualServerRateOutPPS[{#SNMPVALUE}]</key>
                                    </item>
                                </graph_item>
                            </graph_items>
                        </graph_prototype>
                    </graph_prototypes>
                    <host_prototypes/>
                </discovery_rule>
            </discovery_rules>
            <macros/>
            <templates/>
            <screens/>
        </template>
    </templates>
</zabbix_export>
