<?xml version="1.0" encoding="UTF-8"?>
<zabbix_export>
    <version>2.0</version>
    <date>2015-10-15T09:36:20Z</date>
    <groups>
        <group>
            <name>Templates</name>
        </group>
    </groups>
    <templates>
        <template>
            <template>Template NTP Peer Offsets</template>
            <name>Template NTP Peer Offsets</name>
            <groups>
                <group>
                    <name>Templates</name>
                </group>
            </groups>
            <applications>
                <application>
                    <name>NTP</name>
                </application>
            </applications>
            <items/>
            <discovery_rules>
                <discovery_rule>
                    <name>NTP peers</name>
                    <type>0</type>
                    <snmp_community/>
                    <snmp_oid/>
                    <key>ntp.peers</key>
                    <delay>86400</delay>
                    <status>0</status>
                    <allowed_hosts/>
                    <snmpv3_contextname/>
                    <snmpv3_securityname/>
                    <snmpv3_securitylevel>0</snmpv3_securitylevel>
                    <snmpv3_authprotocol>0</snmpv3_authprotocol>
                    <snmpv3_authpassphrase/>
                    <snmpv3_privprotocol>0</snmpv3_privprotocol>
                    <snmpv3_privpassphrase/>
                    <delay_flex/>
                    <params/>
                    <ipmi_sensor/>
                    <authtype>0</authtype>
                    <username/>
                    <password/>
                    <publickey/>
                    <privatekey/>
                    <port/>
                    <filter>:</filter>
                    <lifetime>10</lifetime>
                    <description/>
                    <item_prototypes>
                        <item_prototype>
                            <name>NTP offset of $1</name>
                            <type>0</type>
                            <snmp_community/>
                            <multiplier>0</multiplier>
                            <snmp_oid/>
                            <key>ntp.peeroffset[{#PEER}]</key>
                            <delay>60</delay>
                            <history>30</history>
                            <trends>90</trends>
                            <status>0</status>
                            <value_type>0</value_type>
                            <allowed_hosts/>
                            <units>ms</units>
                            <delta>0</delta>
                            <snmpv3_contextname/>
                            <snmpv3_securityname/>
                            <snmpv3_securitylevel>0</snmpv3_securitylevel>
                            <snmpv3_authprotocol>0</snmpv3_authprotocol>
                            <snmpv3_authpassphrase/>
                            <snmpv3_privprotocol>0</snmpv3_privprotocol>
                            <snmpv3_privpassphrase/>
                            <formula>1</formula>
                            <delay_flex/>
                            <params/>
                            <ipmi_sensor/>
                            <data_type>0</data_type>
                            <authtype>0</authtype>
                            <username/>
                            <password/>
                            <publickey/>
                            <privatekey/>
                            <port/>
                            <description/>
                            <inventory_link>0</inventory_link>
                            <applications>
                                <application>
                                    <name>NTP</name>
                                </application>
                            </applications>
                            <valuemap/>
                            <logtimefmt/>
                        </item_prototype>
                    </item_prototypes>
                    <trigger_prototypes>
                        <trigger_prototype>
                            <expression>{Template NTP Peer Offsets:ntp.peeroffset[{#PEER}].last()}&gt;{$THR_LOW} |  {Template NTP Peer Offsets:ntp.peeroffset[{#PEER}].last()}&lt;-{$THR_LOW}</expression>
                            <name>NTP offset too high for {#PEER}</name>
                            <url/>
                            <status>0</status>
                            <priority>2</priority>
                            <description/>
                            <type>0</type>
                        </trigger_prototype>
                        <trigger_prototype>
                            <expression>{Template NTP Peer Offsets:ntp.peeroffset[{#PEER}].last()}&gt;{$THR_HIGH} |  {Template NTP Peer Offsets:ntp.peeroffset[{#PEER}].last()}&lt;-{$THR_HIGH}</expression>
                            <name>NTP offset way too high for {#PEER}</name>
                            <url/>
                            <status>0</status>
                            <priority>4</priority>
                            <description/>
                            <type>0</type>
                        </trigger_prototype>
                    </trigger_prototypes>
                    <graph_prototypes/>
                    <host_prototypes/>
                </discovery_rule>
            </discovery_rules>
            <macros>
                <macro>
                    <macro>{$THR_HIGH}</macro>
                    <value>100</value>
                </macro>
                <macro>
                    <macro>{$THR_LOW}</macro>
                    <value>10</value>
                </macro>
            </macros>
            <templates/>
            <screens/>
        </template>
    </templates>
</zabbix_export>
