<?xml version="1.0" encoding="UTF-8"?>
<zabbix_export>
    <version>5.2</version>
    <date>2021-01-12T21:48:44Z</date>
    <groups>
        <group>
            <name>Templates/Network devices</name>
        </group>
    </groups>
    <templates>
        <template>
            <template>HW Zyxel WLC Discovery</template>
            <name>HW Zyxel WLC Discovery</name>
            <description>If you are interested, you can contact me and add a function, but I do not think that they are still particularly necessary for routine monitoring. priechodsk.dusan@gmail.com</description>
            <templates>
                <template>
                    <name>Module ICMP Ping</name>
                </template>
            </templates>
            <groups>
                <group>
                    <name>Templates/Network devices</name>
                </group>
            </groups>
            <applications>
                <application>
                    <name>AP data</name>
                </application>
                <application>
                    <name>AP Status</name>
                </application>
                <application>
                    <name>Clients data</name>
                </application>
                <application>
                    <name>General</name>
                </application>
                <application>
                    <name>SSID data</name>
                </application>
            </applications>
            <items>
                <item>
                    <name>WLC Location</name>
                    <type>SNMP_AGENT</type>
                    <snmp_oid>1.3.6.1.2.1.1.6.0</snmp_oid>
                    <key>agentInventoryLocation</key>
                    <delay>3600</delay>
                    <history>1d</history>
                    <trends>0</trends>
                    <value_type>TEXT</value_type>
                    <inventory_link>LOCATION</inventory_link>
                    <applications>
                        <application>
                            <name>General</name>
                        </application>
                    </applications>
                </item>
                <item>
                    <name>WLC Machine Model</name>
                    <type>SNMP_AGENT</type>
                    <snmp_oid>1.3.6.1.4.1.890.1.15.3.1.10.0</snmp_oid>
                    <key>agentInventoryMachineModel</key>
                    <delay>3600</delay>
                    <history>1d</history>
                    <trends>0</trends>
                    <value_type>TEXT</value_type>
                    <inventory_link>MODEL</inventory_link>
                    <applications>
                        <application>
                            <name>General</name>
                        </application>
                    </applications>
                </item>
                <item>
                    <name>WLC Firmware Version</name>
                    <type>SNMP_AGENT</type>
                    <snmp_oid>1.3.6.1.4.1.890.1.15.3.1.6.0</snmp_oid>
                    <key>agentInventoryOperatingSystem</key>
                    <delay>3600</delay>
                    <history>1d</history>
                    <trends>0</trends>
                    <value_type>TEXT</value_type>
                    <applications>
                        <application>
                            <name>General</name>
                        </application>
                    </applications>
                </item>
                <item>
                    <name>WLC Product Version</name>
                    <type>SNMP_AGENT</type>
                    <snmp_oid>1.3.6.1.4.1.890.1.15.3.1.11.0</snmp_oid>
                    <key>agentInventoryProductVersion</key>
                    <delay>3600</delay>
                    <history>1d</history>
                    <trends>0</trends>
                    <value_type>TEXT</value_type>
                    <applications>
                        <application>
                            <name>General</name>
                        </application>
                    </applications>
                </item>
                <item>
                    <name>WLC Serial Number</name>
                    <type>SNMP_AGENT</type>
                    <snmp_oid>1.3.6.1.4.1.890.1.15.3.1.12.0</snmp_oid>
                    <key>agentInventorySerialNumber</key>
                    <delay>3600</delay>
                    <history>1d</history>
                    <trends>0</trends>
                    <value_type>TEXT</value_type>
                    <inventory_link>SERIALNO_A</inventory_link>
                    <applications>
                        <application>
                            <name>General</name>
                        </application>
                    </applications>
                </item>
                <item>
                    <name>WLC Uptime</name>
                    <type>SNMP_AGENT</type>
                    <snmp_oid>1.3.6.1.2.1.1.3.0</snmp_oid>
                    <key>sysUpTimeInstance</key>
                    <delay>60</delay>
                    <history>1d</history>
                    <value_type>FLOAT</value_type>
                    <units>uptime</units>
                    <applications>
                        <application>
                            <name>General</name>
                        </application>
                    </applications>
                    <preprocessing>
                        <step>
                            <type>MULTIPLIER</type>
                            <parameters>
                                <parameter>0.01</parameter>
                            </parameters>
                        </step>
                    </preprocessing>
                </item>
            </items>
            <discovery_rules>
                <discovery_rule>
                    <name>WLC AP data</name>
                    <type>SNMP_AGENT</type>
                    <snmp_oid>discovery[{#APMAC},1.3.6.1.4.1.890.1.15.3.5.11.1.2,{#APNAME},1.3.6.1.4.1.890.1.15.3.5.11.1.3,{#IPADDRESS},1.3.6.1.4.1.890.1.15.3.5.11.1.4]</snmp_oid>
                    <key>bsnAPName</key>
                    <delay>1h</delay>
                    <lifetime>14d</lifetime>
                    <item_prototypes>
                        <item_prototype>
                            <name>{#APNAME} AP ADMIN Status</name>
                            <type>SNMP_AGENT</type>
                            <snmp_oid>1.3.6.1.4.1.890.1.15.3.5.11.1.6.{#SNMPINDEX}</snmp_oid>
                            <key>bsnApAdminStatus[{#APMAC}]</key>
                            <history>365d</history>
                            <applications>
                                <application>
                                    <name>AP Status</name>
                                </application>
                            </applications>
                            <valuemap>
                                <name>Service state</name>
                            </valuemap>
                        </item_prototype>
                        <item_prototype>
                            <name>{#APNAME} AP Base MAC Address</name>
                            <type>SNMP_AGENT</type>
                            <snmp_oid>1.3.6.1.4.1.890.1.15.3.5.11.1.2.{#SNMPINDEX}</snmp_oid>
                            <key>bsnApBaseMac[{#APMAC}]</key>
                            <delay>1h</delay>
                            <history>7d</history>
                            <trends>0</trends>
                            <value_type>TEXT</value_type>
                            <applications>
                                <application>
                                    <name>AP data</name>
                                </application>
                            </applications>
                        </item_prototype>
                        <item_prototype>
                            <name>{#APNAME} AP Total associated stations</name>
                            <type>SNMP_AGENT</type>
                            <snmp_oid>1.3.6.1.4.1.890.1.15.3.5.11.1.5.{#SNMPINDEX}</snmp_oid>
                            <key>bsnApIfNoOfUsers0[{#APMAC}]</key>
                            <history>365d</history>
                            <trends>30d</trends>
                            <description>No of Users associated with this radio.</description>
                            <applications>
                                <application>
                                    <name>AP Status</name>
                                </application>
                            </applications>
                        </item_prototype>
                        <item_prototype>
                            <name>{#APNAME} AP Managmented IP</name>
                            <type>SNMP_AGENT</type>
                            <snmp_oid>1.3.6.1.4.1.890.1.15.3.5.11.1.4.{#SNMPINDEX}</snmp_oid>
                            <key>bsnApIpAddress[{#APMAC}]</key>
                            <delay>1h</delay>
                            <history>7d</history>
                            <trends>0</trends>
                            <value_type>TEXT</value_type>
                            <description>Clients (Mobile Stations)</description>
                            <applications>
                                <application>
                                    <name>AP data</name>
                                </application>
                            </applications>
                        </item_prototype>
                        <item_prototype>
                            <name>{#APNAME} AP ({#IPADDRESS}) ICMP Ping loss</name>
                            <type>SIMPLE</type>
                            <key>icmppingloss[{#IPADDRESS}]</key>
                            <value_type>FLOAT</value_type>
                            <units>%</units>
                            <applications>
                                <application>
                                    <name>AP Status</name>
                                </application>
                            </applications>
                        </item_prototype>
                        <item_prototype>
                            <name>{#APNAME} AP ({#IPADDRESS}) ICMP Ping time</name>
                            <type>SIMPLE</type>
                            <key>icmppingsec[{#IPADDRESS}]</key>
                            <value_type>FLOAT</value_type>
                            <units>s</units>
                            <applications>
                                <application>
                                    <name>AP Status</name>
                                </application>
                            </applications>
                        </item_prototype>
                        <item_prototype>
                            <name>{#APNAME} AP ({#IPADDRESS}) ICMP Alive</name>
                            <type>SIMPLE</type>
                            <key>icmpping[{#IPADDRESS},,,,2000]</key>
                            <applications>
                                <application>
                                    <name>AP Status</name>
                                </application>
                            </applications>
                            <valuemap>
                                <name>Service state</name>
                            </valuemap>
                        </item_prototype>
                    </item_prototypes>
                    <trigger_prototypes>
                        <trigger_prototype>
                            <expression>{HW Zyxel WLC Discovery:icmppingloss[{#IPADDRESS}].min(5m)}&gt;{$ICMP_LOSS_WARN_AP} and {HW Zyxel WLC Discovery:icmppingloss[{#IPADDRESS}].min(5m)}&lt;100 and {HW Zyxel WLC Discovery:sysUpTimeInstance.last()}&gt;10m</expression>
                            <name>WIFI AP: {#APNAME} [{#IPADDRESS}] High ICMP ping loss</name>
                            <priority>HIGH</priority>
                            <dependencies>
                                <dependency>
                                    <name>WIFI AP: {#APNAME} [{#IPADDRESS}] Unavailable by ICMP ping</name>
                                    <expression>{HW Zyxel WLC Discovery:icmpping[{#IPADDRESS},,,,2000].avg(#3)}=0 and {HW Zyxel WLC Discovery:sysUpTimeInstance.last()}&gt;10m and  {HW Zyxel WLC Discovery:bsnApAdminStatus[{#APMAC}].last()}&lt;&gt;0</expression>
                                </dependency>
                            </dependencies>
                        </trigger_prototype>
                        <trigger_prototype>
                            <expression>{HW Zyxel WLC Discovery:icmppingsec[{#IPADDRESS}].avg(5m)}&gt;{$ICMP_RESPONSE_TIME_WARN} and {HW Zyxel WLC Discovery:sysUpTimeInstance.last()}&gt;10m</expression>
                            <name>WIFI AP: {#APNAME} [{#IPADDRESS}] High ICMP ping response time</name>
                            <priority>WARNING</priority>
                            <dependencies>
                                <dependency>
                                    <name>WIFI AP: {#APNAME} [{#IPADDRESS}] High ICMP ping loss</name>
                                    <expression>{HW Zyxel WLC Discovery:icmppingloss[{#IPADDRESS}].min(5m)}&gt;{$ICMP_LOSS_WARN_AP} and {HW Zyxel WLC Discovery:icmppingloss[{#IPADDRESS}].min(5m)}&lt;100 and {HW Zyxel WLC Discovery:sysUpTimeInstance.last()}&gt;10m</expression>
                                </dependency>
                                <dependency>
                                    <name>WIFI AP: {#APNAME} [{#IPADDRESS}] Unavailable by ICMP ping</name>
                                    <expression>{HW Zyxel WLC Discovery:icmpping[{#IPADDRESS},,,,2000].avg(#3)}=0 and {HW Zyxel WLC Discovery:sysUpTimeInstance.last()}&gt;10m and  {HW Zyxel WLC Discovery:bsnApAdminStatus[{#APMAC}].last()}&lt;&gt;0</expression>
                                </dependency>
                            </dependencies>
                        </trigger_prototype>
                        <trigger_prototype>
                            <expression>{HW Zyxel WLC Discovery:icmpping[{#IPADDRESS},,,,2000].avg(#3)}=0 and {HW Zyxel WLC Discovery:sysUpTimeInstance.last()}&gt;10m and  {HW Zyxel WLC Discovery:bsnApAdminStatus[{#APMAC}].last()}&lt;&gt;0</expression>
                            <name>WIFI AP: {#APNAME} [{#IPADDRESS}] Unavailable by ICMP ping</name>
                            <priority>DISASTER</priority>
                        </trigger_prototype>
                    </trigger_prototypes>
                    <graph_prototypes>
                        <graph_prototype>
                            <name>{#APNAME} [{#IPADDRESS}] Associated stations</name>
                            <show_work_period>NO</show_work_period>
                            <show_triggers>NO</show_triggers>
                            <ymin_type_1>FIXED</ymin_type_1>
                            <graph_items>
                                <graph_item>
                                    <sortorder>1</sortorder>
                                    <color>0080FF</color>
                                    <item>
                                        <host>HW Zyxel WLC Discovery</host>
                                        <key>bsnApIfNoOfUsers0[{#APMAC}]</key>
                                    </item>
                                </graph_item>
                            </graph_items>
                        </graph_prototype>
                        <graph_prototype>
                            <name>{#APNAME} [{#IPADDRESS}] Ping a loss</name>
                            <graph_items>
                                <graph_item>
                                    <sortorder>1</sortorder>
                                    <drawtype>BOLD_LINE</drawtype>
                                    <color>0080FF</color>
                                    <yaxisside>RIGHT</yaxisside>
                                    <item>
                                        <host>HW Zyxel WLC Discovery</host>
                                        <key>icmppingsec[{#IPADDRESS}]</key>
                                    </item>
                                </graph_item>
                                <graph_item>
                                    <sortorder>2</sortorder>
                                    <drawtype>GRADIENT_LINE</drawtype>
                                    <color>FF0000</color>
                                    <item>
                                        <host>HW Zyxel WLC Discovery</host>
                                        <key>icmppingloss[{#IPADDRESS}]</key>
                                    </item>
                                </graph_item>
                            </graph_items>
                        </graph_prototype>
                    </graph_prototypes>
                </discovery_rule>
                <discovery_rule>
                    <name>WLC Clients data</name>
                    <type>SNMP_AGENT</type>
                    <snmp_oid>discovery[{#SNMPVALUE},1.3.6.1.4.1.14179.2.1.4.1.1]</snmp_oid>
                    <key>bsnMobileStationMacAddress</key>
                    <delay>60</delay>
                    <status>DISABLED</status>
                    <lifetime>14d</lifetime>
                    <description>802.11 MAC Address of the Mobile Station.</description>
                    <item_prototypes>
                        <item_prototype>
                            <name>$1 - Client Associated To Ap</name>
                            <type>SNMP_AGENT</type>
                            <snmp_oid>1.3.6.1.4.1.14179.2.1.4.1.4.{#SNMPINDEX}</snmp_oid>
                            <key>bsnMobileStationAPMacAddr[{#SNMPVALUE}]</key>
                            <delay>60</delay>
                            <history>30d</history>
                            <trends>0</trends>
                            <value_type>CHAR</value_type>
                            <applications>
                                <application>
                                    <name>Clients data</name>
                                </application>
                            </applications>
                            <valuemap>
                                <name>AP MAC -&gt; NAME</name>
                            </valuemap>
                        </item_prototype>
                        <item_prototype>
                            <name>$1 - Client Incoming Bytes</name>
                            <type>SNMP_AGENT</type>
                            <snmp_oid>1.3.6.1.4.1.14179.2.1.6.1.2.{#SNMPINDEX}</snmp_oid>
                            <key>bsnMobileStationBytesReceived[{#SNMPVALUE}]</key>
                            <delay>60</delay>
                            <history>1d</history>
                            <trends>14d</trends>
                            <units>B</units>
                            <description>Bytes received from Mobile Station</description>
                            <applications>
                                <application>
                                    <name>Clients data</name>
                                </application>
                            </applications>
                        </item_prototype>
                        <item_prototype>
                            <name>$1 - Client Outcoming Bytes</name>
                            <type>SNMP_AGENT</type>
                            <snmp_oid>1.3.6.1.4.1.14179.2.1.6.1.3.{#SNMPINDEX}</snmp_oid>
                            <key>bsnMobileStationBytesSent[{#SNMPVALUE}]</key>
                            <delay>60</delay>
                            <history>1d</history>
                            <trends>14d</trends>
                            <units>B</units>
                            <description>Bytes sent to Mobile Station</description>
                            <applications>
                                <application>
                                    <name>Clients data</name>
                                </application>
                            </applications>
                        </item_prototype>
                        <item_prototype>
                            <name>$1 - Client Ip Address</name>
                            <type>SNMP_AGENT</type>
                            <snmp_oid>1.3.6.1.4.1.14179.2.1.4.1.2.{#SNMPINDEX}</snmp_oid>
                            <key>bsnMobileStationIpAddress[{#SNMPVALUE}]</key>
                            <delay>60</delay>
                            <history>14d</history>
                            <trends>0</trends>
                            <value_type>TEXT</value_type>
                            <description>IP Address of the Mobile Station</description>
                            <applications>
                                <application>
                                    <name>Clients data</name>
                                </application>
                            </applications>
                        </item_prototype>
                        <item_prototype>
                            <name>$1 - Client RSSI</name>
                            <type>SNMP_AGENT</type>
                            <snmp_oid>1.3.6.1.4.1.14179.2.1.6.1.1.{#SNMPINDEX}</snmp_oid>
                            <key>bsnMobileStationRSSI[{#SNMPVALUE}]</key>
                            <delay>60</delay>
                            <history>30d</history>
                            <value_type>FLOAT</value_type>
                            <units>dB</units>
                            <description>Average packet RSSI for the Mobile Station.</description>
                            <applications>
                                <application>
                                    <name>Clients data</name>
                                </application>
                            </applications>
                        </item_prototype>
                    </item_prototypes>
                    <graph_prototypes>
                        <graph_prototype>
                            <name>{#SNMPVALUE} - Client Traffic</name>
                            <show_triggers>NO</show_triggers>
                            <graph_items>
                                <graph_item>
                                    <drawtype>GRADIENT_LINE</drawtype>
                                    <color>00AA00</color>
                                    <item>
                                        <host>HW Zyxel WLC Discovery</host>
                                        <key>bsnMobileStationBytesReceived[{#SNMPVALUE}]</key>
                                    </item>
                                </graph_item>
                                <graph_item>
                                    <sortorder>1</sortorder>
                                    <drawtype>GRADIENT_LINE</drawtype>
                                    <color>3333FF</color>
                                    <item>
                                        <host>HW Zyxel WLC Discovery</host>
                                        <key>bsnMobileStationBytesSent[{#SNMPVALUE}]</key>
                                    </item>
                                </graph_item>
                            </graph_items>
                        </graph_prototype>
                    </graph_prototypes>
                </discovery_rule>
                <discovery_rule>
                    <name>WLC Interfaces data</name>
                    <type>SNMP_AGENT</type>
                    <snmp_oid>discovery[{#SNMPVALUE},IF-MIB::ifDescr]</snmp_oid>
                    <key>ifDescr</key>
                    <delay>3600</delay>
                    <filter>
                        <conditions>
                            <condition>
                                <macro>{#SNMPVALUE}</macro>
                                <value>^(lo|eth.*)$</value>
                                <formulaid>A</formulaid>
                            </condition>
                        </conditions>
                    </filter>
                    <description>You may also consider using IF-MIB::ifType or IF-MIB::ifAlias for discovery depending on your filtering needs.

{$SNMP_COMMUNITY} is a global macro.</description>
                    <item_prototypes>
                        <item_prototype>
                            <name>Admin status of interface {#SNMPVALUE}</name>
                            <type>SNMP_AGENT</type>
                            <snmp_oid>IF-MIB::ifAdminStatus.{#SNMPINDEX}</snmp_oid>
                            <key>ifAdminStatus[{#SNMPVALUE}]</key>
                            <delay>60</delay>
                            <history>7d</history>
                            <description>The desired state of the interface.</description>
                            <applications>
                                <application>
                                    <name>General</name>
                                </application>
                            </applications>
                            <valuemap>
                                <name>SNMP interface status (ifAdminStatus)</name>
                            </valuemap>
                        </item_prototype>
                        <item_prototype>
                            <name>Inbound errors on interface {#SNMPVALUE}</name>
                            <type>SNMP_AGENT</type>
                            <snmp_oid>IF-MIB::ifInErrors.{#SNMPINDEX}</snmp_oid>
                            <key>ifInErrors[{#SNMPVALUE}]</key>
                            <delay>60</delay>
                            <history>7d</history>
                            <description>For packet-oriented interfaces, the number of inbound packets that contained errors preventing them from being deliverable to a higher-layer protocol.  For character-oriented or fixed-length interfaces, the number of inbound transmission units that contained errors preventing them from being deliverable to a higher-layer protocol.</description>
                            <applications>
                                <application>
                                    <name>General</name>
                                </application>
                            </applications>
                            <preprocessing>
                                <step>
                                    <type>CHANGE_PER_SECOND</type>
                                    <parameters>
                                        <parameter/>
                                    </parameters>
                                </step>
                            </preprocessing>
                        </item_prototype>
                        <item_prototype>
                            <name>Incoming traffic on interface {#SNMPVALUE}</name>
                            <type>SNMP_AGENT</type>
                            <snmp_oid>IF-MIB::ifInOctets.{#SNMPINDEX}</snmp_oid>
                            <key>ifInOctets[{#SNMPVALUE}]</key>
                            <delay>60</delay>
                            <history>7d</history>
                            <units>bps</units>
                            <description>The number of octets in valid MAC frames received on this interface, including the MAC header and FCS.</description>
                            <applications>
                                <application>
                                    <name>General</name>
                                </application>
                            </applications>
                            <preprocessing>
                                <step>
                                    <type>CHANGE_PER_SECOND</type>
                                    <parameters>
                                        <parameter/>
                                    </parameters>
                                </step>
                                <step>
                                    <type>MULTIPLIER</type>
                                    <parameters>
                                        <parameter>8</parameter>
                                    </parameters>
                                </step>
                            </preprocessing>
                        </item_prototype>
                        <item_prototype>
                            <name>Operational status of interface {#SNMPVALUE}</name>
                            <type>SNMP_AGENT</type>
                            <snmp_oid>IF-MIB::ifOperStatus.{#SNMPINDEX}</snmp_oid>
                            <key>ifOperStatus[{#SNMPVALUE}]</key>
                            <delay>60</delay>
                            <history>7d</history>
                            <description>The current operational state of the interface.</description>
                            <applications>
                                <application>
                                    <name>General</name>
                                </application>
                            </applications>
                            <valuemap>
                                <name>SNMP interface status (ifOperStatus)</name>
                            </valuemap>
                            <trigger_prototypes>
                                <trigger_prototype>
                                    <expression>{diff(0)}=1</expression>
                                    <name>Operational status was changed on {HOST.NAME} interface {#SNMPVALUE}</name>
                                    <priority>WARNING</priority>
                                </trigger_prototype>
                            </trigger_prototypes>
                        </item_prototype>
                        <item_prototype>
                            <name>Outbound errors on interface {#SNMPVALUE}</name>
                            <type>SNMP_AGENT</type>
                            <snmp_oid>IF-MIB::ifOutErrors.{#SNMPINDEX}</snmp_oid>
                            <key>ifOutErrors[{#SNMPVALUE}]</key>
                            <delay>60</delay>
                            <history>7d</history>
                            <description>For packet-oriented interfaces, the number of outbound packets that could not be transmitted because of errors. For character-oriented or fixed-length interfaces, the number of outbound transmission units that could not be transmitted because of errors.</description>
                            <applications>
                                <application>
                                    <name>General</name>
                                </application>
                            </applications>
                            <preprocessing>
                                <step>
                                    <type>CHANGE_PER_SECOND</type>
                                    <parameters>
                                        <parameter/>
                                    </parameters>
                                </step>
                            </preprocessing>
                        </item_prototype>
                        <item_prototype>
                            <name>Outgoing traffic on interface {#SNMPVALUE}</name>
                            <type>SNMP_AGENT</type>
                            <snmp_oid>IF-MIB::ifOutOctets.{#SNMPINDEX}</snmp_oid>
                            <key>ifOutOctets[{#SNMPVALUE}]</key>
                            <delay>60</delay>
                            <history>7d</history>
                            <units>bps</units>
                            <description>The number of octets transmitted in MAC frames on this interface, including the MAC header and FCS.</description>
                            <applications>
                                <application>
                                    <name>General</name>
                                </application>
                            </applications>
                            <preprocessing>
                                <step>
                                    <type>CHANGE_PER_SECOND</type>
                                    <parameters>
                                        <parameter/>
                                    </parameters>
                                </step>
                                <step>
                                    <type>MULTIPLIER</type>
                                    <parameters>
                                        <parameter>8</parameter>
                                    </parameters>
                                </step>
                            </preprocessing>
                        </item_prototype>
                    </item_prototypes>
                    <graph_prototypes>
                        <graph_prototype>
                            <name>Traffic on interface {#SNMPVALUE}</name>
                            <graph_items>
                                <graph_item>
                                    <drawtype>GRADIENT_LINE</drawtype>
                                    <color>00AA00</color>
                                    <item>
                                        <host>HW Zyxel WLC Discovery</host>
                                        <key>ifInOctets[{#SNMPVALUE}]</key>
                                    </item>
                                </graph_item>
                                <graph_item>
                                    <sortorder>1</sortorder>
                                    <drawtype>GRADIENT_LINE</drawtype>
                                    <color>3333FF</color>
                                    <item>
                                        <host>HW Zyxel WLC Discovery</host>
                                        <key>ifOutOctets[{#SNMPVALUE}]</key>
                                    </item>
                                </graph_item>
                            </graph_items>
                        </graph_prototype>
                    </graph_prototypes>
                </discovery_rule>
            </discovery_rules>
            <macros>
                <macro>
                    <macro>{$ICMP_LOSS_WARN_AP}</macro>
                    <value>20</value>
                    <description>WLC AP LOSS MAX</description>
                </macro>
                <macro>
                    <macro>{$ICMP_RESPONSE_TIME_WARN_AP}</macro>
                    <value>0.30</value>
                    <description>WLC AP TIME MAX</description>
                </macro>
            </macros>
        </template>
    </templates>
    <value_maps>
        <value_map>
            <name>AP MAC -&gt; NAME</name>
            <mappings>
                <mapping>
                    <value>AP MAC</value>
                    <newvalue>NAME</newvalue>
                </mapping>
            </mappings>
        </value_map>
        <value_map>
            <name>Service state</name>
            <mappings>
                <mapping>
                    <value>0</value>
                    <newvalue>Down</newvalue>
                </mapping>
                <mapping>
                    <value>1</value>
                    <newvalue>Up</newvalue>
                </mapping>
            </mappings>
        </value_map>
        <value_map>
            <name>SNMP interface status (ifAdminStatus)</name>
            <mappings>
                <mapping>
                    <value>1</value>
                    <newvalue>up</newvalue>
                </mapping>
                <mapping>
                    <value>2</value>
                    <newvalue>down</newvalue>
                </mapping>
                <mapping>
                    <value>3</value>
                    <newvalue>testing</newvalue>
                </mapping>
            </mappings>
        </value_map>
        <value_map>
            <name>SNMP interface status (ifOperStatus)</name>
            <mappings>
                <mapping>
                    <value>1</value>
                    <newvalue>up</newvalue>
                </mapping>
                <mapping>
                    <value>2</value>
                    <newvalue>down</newvalue>
                </mapping>
                <mapping>
                    <value>3</value>
                    <newvalue>testing</newvalue>
                </mapping>
                <mapping>
                    <value>4</value>
                    <newvalue>unknown</newvalue>
                </mapping>
                <mapping>
                    <value>5</value>
                    <newvalue>dormant</newvalue>
                </mapping>
                <mapping>
                    <value>6</value>
                    <newvalue>notPresent</newvalue>
                </mapping>
                <mapping>
                    <value>7</value>
                    <newvalue>lowerLayerDown</newvalue>
                </mapping>
            </mappings>
        </value_map>
    </value_maps>
</zabbix_export>
