<?xml version="1.0" encoding="UTF-8"?>
<zabbix_export>
    <version>3.4</version>
    <date>2018-05-03T17:13:44Z</date>
    <value_maps>
        <value_map>
            <name>Checkpoint standard status</name>
            <mappings>
                <mapping>
                    <value>1</value>
                    <newvalue>Warning</newvalue>
                </mapping>
                <mapping>
                    <value>2</value>
                    <newvalue>Error</newvalue>
                </mapping>
                <mapping>
                    <value>o</value>
                    <newvalue>OK</newvalue>
                </mapping>
            </mappings>
        </value_map>
    </value_maps>
</zabbix_export>
