<?xml version="1.0" encoding="UTF-8"?>
<zabbix_export>
    <version>3.4</version>
    <date>2018-09-13T11:03:59Z</date>
    <groups>
        <group>
            <name>Templates</name>
        </group>
    </groups>
    <templates>
        <template>
            <template>Template HPE MSA for Zabbix 3.4</template>
            <name>Template HPE MSA for Zabbix 3.4</name>
            <description>Monitoring HPE MSA storages.</description>
            <groups>
                <group>
                    <name>Templates</name>
                </group>
            </groups>
            <applications>
                <application>
                    <name>MSA Controllers</name>
                </application>
                <application>
                    <name>MSA Disk Groups</name>
                </application>
                <application>
                    <name>MSA Enclosures</name>
                </application>
                <application>
                    <name>MSA Fans</name>
                </application>
                <application>
                    <name>MSA Physical Disks</name>
                </application>
                <application>
                    <name>MSA Pools</name>
                </application>
                <application>
                    <name>MSA Ports</name>
                </application>
                <application>
                    <name>MSA Power Supplies</name>
                </application>
                <application>
                    <name>MSA Volumes</name>
                </application>
            </applications>
            <items/>
            <discovery_rules>
                <discovery_rule>
                    <name>Controllers discovery</name>
                    <type>10</type>
                    <snmp_community/>
                    <snmp_oid/>
                    <key>zbx-hpmsa.py[&quot;-a&quot;, &quot;{$API.VER}&quot;, &quot;lld&quot;, &quot;{HOST.CONN}&quot;, &quot;controllers&quot;]</key>
                    <delay>{$LLD}</delay>
                    <status>0</status>
                    <allowed_hosts/>
                    <snmpv3_contextname/>
                    <snmpv3_securityname/>
                    <snmpv3_securitylevel>0</snmpv3_securitylevel>
                    <snmpv3_authprotocol>0</snmpv3_authprotocol>
                    <snmpv3_authpassphrase/>
                    <snmpv3_privprotocol>0</snmpv3_privprotocol>
                    <snmpv3_privpassphrase/>
                    <params/>
                    <ipmi_sensor/>
                    <authtype>0</authtype>
                    <username/>
                    <password/>
                    <publickey/>
                    <privatekey/>
                    <port/>
                    <filter>
                        <evaltype>0</evaltype>
                        <formula/>
                        <conditions/>
                    </filter>
                    <lifetime>1d</lifetime>
                    <description>Discovery all HPE MSA controllers.</description>
                    <item_prototypes>
                        <item_prototype>
                            <name>Controller {#CONTROLLER.ID} ping check</name>
                            <type>3</type>
                            <snmp_community/>
                            <snmp_oid/>
                            <key>icmpping[{#CONTROLLER.IP},2]</key>
                            <delay>30s</delay>
                            <history>{$HISTORY}</history>
                            <trends>{$TRENDS}</trends>
                            <status>0</status>
                            <value_type>3</value_type>
                            <allowed_hosts/>
                            <units/>
                            <snmpv3_contextname/>
                            <snmpv3_securityname/>
                            <snmpv3_securitylevel>0</snmpv3_securitylevel>
                            <snmpv3_authprotocol>0</snmpv3_authprotocol>
                            <snmpv3_authpassphrase/>
                            <snmpv3_privprotocol>0</snmpv3_privprotocol>
                            <snmpv3_privpassphrase/>
                            <params/>
                            <ipmi_sensor/>
                            <authtype>0</authtype>
                            <username/>
                            <password/>
                            <publickey/>
                            <privatekey/>
                            <port/>
                            <description>Controller {#CONTROLLER.ID} with IP {#CONTROLLER.IP} ICMP ping check.</description>
                            <inventory_link>0</inventory_link>
                            <applications>
                                <application>
                                    <name>MSA Controllers</name>
                                </application>
                            </applications>
                            <valuemap/>
                            <logtimefmt/>
                            <preprocessing/>
                            <jmx_endpoint/>
                            <application_prototypes/>
                            <master_item_prototype/>
                        </item_prototype>
                        <item_prototype>
                            <name>Controller {#CONTROLLER.ID} web interface status</name>
                            <type>3</type>
                            <snmp_community/>
                            <snmp_oid/>
                            <key>net.tcp.service[http,{#CONTROLLER.IP},80]</key>
                            <delay>{$UPDATE}</delay>
                            <history>{$HISTORY}</history>
                            <trends>{$TRENDS}</trends>
                            <status>0</status>
                            <value_type>3</value_type>
                            <allowed_hosts/>
                            <units/>
                            <snmpv3_contextname/>
                            <snmpv3_securityname/>
                            <snmpv3_securitylevel>0</snmpv3_securitylevel>
                            <snmpv3_authprotocol>0</snmpv3_authprotocol>
                            <snmpv3_authpassphrase/>
                            <snmpv3_privprotocol>0</snmpv3_privprotocol>
                            <snmpv3_privpassphrase/>
                            <params/>
                            <ipmi_sensor/>
                            <authtype>0</authtype>
                            <username/>
                            <password/>
                            <publickey/>
                            <privatekey/>
                            <port/>
                            <description>Check 80/tcp availability on controller {#CONTROLLER.ID}.</description>
                            <inventory_link>0</inventory_link>
                            <applications>
                                <application>
                                    <name>MSA Controllers</name>
                                </application>
                            </applications>
                            <valuemap/>
                            <logtimefmt/>
                            <preprocessing/>
                            <jmx_endpoint/>
                            <application_prototypes/>
                            <master_item_prototype/>
                        </item_prototype>
                        <item_prototype>
                            <name>Controller {#CONTROLLER.ID} health status</name>
                            <type>10</type>
                            <snmp_community/>
                            <snmp_oid/>
                            <key>zbx-hpmsa.py[&quot;-a&quot;, &quot;{$API.VER}&quot;, &quot;health&quot;, &quot;{HOST.CONN}&quot;, &quot;controllers&quot;, &quot;{#CONTROLLER.ID}&quot;]</key>
                            <delay>{$UPDATE}</delay>
                            <history>{$HISTORY}</history>
                            <trends>{$TRENDS}</trends>
                            <status>0</status>
                            <value_type>3</value_type>
                            <allowed_hosts/>
                            <units/>
                            <snmpv3_contextname/>
                            <snmpv3_securityname/>
                            <snmpv3_securitylevel>0</snmpv3_securitylevel>
                            <snmpv3_authprotocol>0</snmpv3_authprotocol>
                            <snmpv3_authpassphrase/>
                            <snmpv3_privprotocol>0</snmpv3_privprotocol>
                            <snmpv3_privpassphrase/>
                            <params/>
                            <ipmi_sensor/>
                            <authtype>0</authtype>
                            <username/>
                            <password/>
                            <publickey/>
                            <privatekey/>
                            <port/>
                            <description>Controller {#CONTROLLER.ID} with SN {#CONTROLLER.SN} and IP {#CONTROLLER.IP} health status.</description>
                            <inventory_link>0</inventory_link>
                            <applications>
                                <application>
                                    <name>MSA Controllers</name>
                                </application>
                            </applications>
                            <valuemap>
                                <name>HPE MSA Health</name>
                            </valuemap>
                            <logtimefmt/>
                            <preprocessing/>
                            <jmx_endpoint/>
                            <application_prototypes/>
                            <master_item_prototype/>
                        </item_prototype>
                    </item_prototypes>
                    <trigger_prototypes>
                        <trigger_prototype>
                            <expression>{Template HPE MSA for Zabbix 3.4:zbx-hpmsa.py[&quot;-a&quot;, &quot;{$API.VER}&quot;, &quot;health&quot;, &quot;{HOST.CONN}&quot;, &quot;controllers&quot;, &quot;{#CONTROLLER.ID}&quot;].avg(#3)}&lt;&gt;0</expression>
                            <recovery_mode>0</recovery_mode>
                            <recovery_expression/>
                            <name>Controller {#CONTROLLER.ID} health status is {ITEM.LASTVALUE}</name>
                            <correlation_mode>0</correlation_mode>
                            <correlation_tag/>
                            <url>https://zabbix.domain.com/tr_status.php?hostid={HOST.ID}</url>
                            <status>0</status>
                            <priority>2</priority>
                            <description>Controller {#CONTROLLER.ID} with SN {#CONTROLLER.SN} and IP {#CONTROLLER.IP} health status is {ITEM.LASTVALUE}.</description>
                            <type>0</type>
                            <manual_close>0</manual_close>
                            <dependencies/>
                            <tags>
                                <tag>
                                    <tag>msa controller</tag>
                                    <value>health</value>
                                </tag>
                            </tags>
                        </trigger_prototype>
                        <trigger_prototype>
                            <expression>{Template HPE MSA for Zabbix 3.4:icmpping[{#CONTROLLER.IP},2].avg(#3)}&lt;&gt;1</expression>
                            <recovery_mode>0</recovery_mode>
                            <recovery_expression/>
                            <name>Controller {#CONTROLLER.ID} ping failed</name>
                            <correlation_mode>0</correlation_mode>
                            <correlation_tag/>
                            <url>https://zabbix.domain.com/tr_status.php?hostid={HOST.ID}</url>
                            <status>0</status>
                            <priority>2</priority>
                            <description>Controller {#CONTROLLER.ID} doesn't responce on ping.</description>
                            <type>0</type>
                            <manual_close>0</manual_close>
                            <dependencies/>
                            <tags>
                                <tag>
                                    <tag>msa controller</tag>
                                    <value>ping</value>
                                </tag>
                            </tags>
                        </trigger_prototype>
                        <trigger_prototype>
                            <expression>{Template HPE MSA for Zabbix 3.4:net.tcp.service[http,{#CONTROLLER.IP},80].avg(#3)}&lt;&gt;1</expression>
                            <recovery_mode>0</recovery_mode>
                            <recovery_expression/>
                            <name>Web interface on controller {#CONTROLLER.ID} ({#CONTROLLER.IP}) is down</name>
                            <correlation_mode>0</correlation_mode>
                            <correlation_tag/>
                            <url>https://zabbix.domain.com/tr_status.php?hostid={HOST.ID}</url>
                            <status>0</status>
                            <priority>1</priority>
                            <description>Cannot connect to controller {#CONTROLLER.ID} web interface.</description>
                            <type>0</type>
                            <manual_close>0</manual_close>
                            <dependencies>
                                <dependency>
                                    <name>Controller {#CONTROLLER.ID} ping failed</name>
                                    <expression>{Template HPE MSA for Zabbix 3.4:icmpping[{#CONTROLLER.IP},2].avg(#3)}&lt;&gt;1</expression>
                                    <recovery_expression/>
                                </dependency>
                            </dependencies>
                            <tags>
                                <tag>
                                    <tag>msa controller</tag>
                                    <value>http</value>
                                </tag>
                            </tags>
                        </trigger_prototype>
                    </trigger_prototypes>
                    <graph_prototypes/>
                    <host_prototypes/>
                    <jmx_endpoint/>
                </discovery_rule>
                <discovery_rule>
                    <name>Disk groups discovery</name>
                    <type>10</type>
                    <snmp_community/>
                    <snmp_oid/>
                    <key>zbx-hpmsa.py[&quot;-a&quot;, &quot;{$API.VER}&quot;, &quot;lld&quot;, &quot;{HOST.CONN}&quot;, &quot;disk-groups&quot;]</key>
                    <delay>{$LLD}</delay>
                    <status>0</status>
                    <allowed_hosts/>
                    <snmpv3_contextname/>
                    <snmpv3_securityname/>
                    <snmpv3_securitylevel>0</snmpv3_securitylevel>
                    <snmpv3_authprotocol>0</snmpv3_authprotocol>
                    <snmpv3_authpassphrase/>
                    <snmpv3_privprotocol>0</snmpv3_privprotocol>
                    <snmpv3_privpassphrase/>
                    <params/>
                    <ipmi_sensor/>
                    <authtype>0</authtype>
                    <username/>
                    <password/>
                    <publickey/>
                    <privatekey/>
                    <port/>
                    <filter>
                        <evaltype>0</evaltype>
                        <formula/>
                        <conditions/>
                    </filter>
                    <lifetime>1d</lifetime>
                    <description>Discovery all HPE MSA disk groups.</description>
                    <item_prototypes>
                        <item_prototype>
                            <name>Disk group {#DG.ID} health status</name>
                            <type>10</type>
                            <snmp_community/>
                            <snmp_oid/>
                            <key>zbx-hpmsa.py[&quot;-a&quot;, &quot;{$API.VER}&quot;, &quot;health&quot;, &quot;{HOST.CONN}&quot;, &quot;disk-groups&quot;, &quot;{#DG.ID}&quot;]</key>
                            <delay>{$UPDATE}</delay>
                            <history>{$HISTORY}</history>
                            <trends>{$TRENDS}</trends>
                            <status>0</status>
                            <value_type>3</value_type>
                            <allowed_hosts/>
                            <units/>
                            <snmpv3_contextname/>
                            <snmpv3_securityname/>
                            <snmpv3_securitylevel>0</snmpv3_securitylevel>
                            <snmpv3_authprotocol>0</snmpv3_authprotocol>
                            <snmpv3_authpassphrase/>
                            <snmpv3_privprotocol>0</snmpv3_privprotocol>
                            <snmpv3_privpassphrase/>
                            <params/>
                            <ipmi_sensor/>
                            <authtype>0</authtype>
                            <username/>
                            <password/>
                            <publickey/>
                            <privatekey/>
                            <port/>
                            <description>Disk group {#DG.ID} with type {#DG.TYPE} health status.&#13;
&#13;
0: OK&#13;
1: Degraded&#13;
2: Fault&#13;
3: Unknown&#13;
4: N/A</description>
                            <inventory_link>0</inventory_link>
                            <applications>
                                <application>
                                    <name>MSA Disk Groups</name>
                                </application>
                            </applications>
                            <valuemap>
                                <name>HPE MSA Health</name>
                            </valuemap>
                            <logtimefmt/>
                            <preprocessing/>
                            <jmx_endpoint/>
                            <application_prototypes/>
                            <master_item_prototype/>
                        </item_prototype>
                    </item_prototypes>
                    <trigger_prototypes>
                        <trigger_prototype>
                            <expression>{Template HPE MSA for Zabbix 3.4:zbx-hpmsa.py[&quot;-a&quot;, &quot;{$API.VER}&quot;, &quot;health&quot;, &quot;{HOST.CONN}&quot;, &quot;disk-groups&quot;, &quot;{#DG.ID}&quot;].avg(#3)}&lt;&gt;0</expression>
                            <recovery_mode>0</recovery_mode>
                            <recovery_expression/>
                            <name>Disk group {#DG.ID} health status is not OK</name>
                            <correlation_mode>0</correlation_mode>
                            <correlation_tag/>
                            <url>https://zabbix.domain.com/tr_status.php?hostid={HOST.ID}</url>
                            <status>0</status>
                            <priority>2</priority>
                            <description>Disk group {#DG.ID} health status in {ITEM.LASTVALUE}.</description>
                            <type>0</type>
                            <manual_close>0</manual_close>
                            <dependencies/>
                            <tags>
                                <tag>
                                    <tag>msa disk group</tag>
                                    <value>health</value>
                                </tag>
                            </tags>
                        </trigger_prototype>
                    </trigger_prototypes>
                    <graph_prototypes/>
                    <host_prototypes/>
                    <jmx_endpoint/>
                </discovery_rule>
                <discovery_rule>
                    <name>Physical disks discovery</name>
                    <type>10</type>
                    <snmp_community/>
                    <snmp_oid/>
                    <key>zbx-hpmsa.py[&quot;-a&quot;, &quot;{$API.VER}&quot;, &quot;lld&quot;, &quot;{HOST.CONN}&quot;, &quot;disks&quot;]</key>
                    <delay>{$LLD}</delay>
                    <status>0</status>
                    <allowed_hosts/>
                    <snmpv3_contextname/>
                    <snmpv3_securityname/>
                    <snmpv3_securitylevel>0</snmpv3_securitylevel>
                    <snmpv3_authprotocol>0</snmpv3_authprotocol>
                    <snmpv3_authpassphrase/>
                    <snmpv3_privprotocol>0</snmpv3_privprotocol>
                    <snmpv3_privpassphrase/>
                    <params/>
                    <ipmi_sensor/>
                    <authtype>0</authtype>
                    <username/>
                    <password/>
                    <publickey/>
                    <privatekey/>
                    <port/>
                    <filter>
                        <evaltype>0</evaltype>
                        <formula/>
                        <conditions/>
                    </filter>
                    <lifetime>1d</lifetime>
                    <description>Discovery all HPE MSA physical disks.</description>
                    <item_prototypes>
                        <item_prototype>
                            <name>Physical diks in slot {#DISK.ID} health status</name>
                            <type>10</type>
                            <snmp_community/>
                            <snmp_oid/>
                            <key>zbx-hpmsa.py[&quot;-a&quot;, &quot;{$API.VER}&quot;, &quot;health&quot;, &quot;{HOST.CONN}&quot;, &quot;disks&quot;, &quot;{#DISK.ID}&quot;]</key>
                            <delay>{$UPDATE}</delay>
                            <history>{$HISTORY}</history>
                            <trends>{$TRENDS}</trends>
                            <status>0</status>
                            <value_type>3</value_type>
                            <allowed_hosts/>
                            <units/>
                            <snmpv3_contextname/>
                            <snmpv3_securityname/>
                            <snmpv3_securitylevel>0</snmpv3_securitylevel>
                            <snmpv3_authprotocol>0</snmpv3_authprotocol>
                            <snmpv3_authpassphrase/>
                            <snmpv3_privprotocol>0</snmpv3_privprotocol>
                            <snmpv3_privpassphrase/>
                            <params/>
                            <ipmi_sensor/>
                            <authtype>0</authtype>
                            <username/>
                            <password/>
                            <publickey/>
                            <privatekey/>
                            <port/>
                            <description>Health status of physical disk in slot {#DISK.ID} with SN {#DISK.SN}.&#13;
&#13;
0: OK&#13;
1: Degraded&#13;
2: Fault&#13;
3: N/A&#13;
4: Unknown</description>
                            <inventory_link>0</inventory_link>
                            <applications>
                                <application>
                                    <name>MSA Physical Disks</name>
                                </application>
                            </applications>
                            <valuemap>
                                <name>HPE MSA Health</name>
                            </valuemap>
                            <logtimefmt/>
                            <preprocessing/>
                            <jmx_endpoint/>
                            <application_prototypes/>
                            <master_item_prototype/>
                        </item_prototype>
                    </item_prototypes>
                    <trigger_prototypes>
                        <trigger_prototype>
                            <expression>{Template HPE MSA for Zabbix 3.4:zbx-hpmsa.py[&quot;-a&quot;, &quot;{$API.VER}&quot;, &quot;health&quot;, &quot;{HOST.CONN}&quot;, &quot;disks&quot;, &quot;{#DISK.ID}&quot;].avg(#3)}&lt;&gt;0</expression>
                            <recovery_mode>0</recovery_mode>
                            <recovery_expression/>
                            <name>Physical disk in slot {#DISK.ID} is not OK</name>
                            <correlation_mode>0</correlation_mode>
                            <correlation_tag/>
                            <url>https://zabbix.domain.com/tr_status.php?hostid={HOST.ID}</url>
                            <status>0</status>
                            <priority>2</priority>
                            <description>Physical disk in slot {#DISK.ID} with SN {#DISK.SN} has status {ITEM.LASTVALUE}.</description>
                            <type>0</type>
                            <manual_close>0</manual_close>
                            <dependencies/>
                            <tags>
                                <tag>
                                    <tag>msa disk</tag>
                                    <value>health</value>
                                </tag>
                            </tags>
                        </trigger_prototype>
                    </trigger_prototypes>
                    <graph_prototypes/>
                    <host_prototypes/>
                    <jmx_endpoint/>
                </discovery_rule>
                <discovery_rule>
                    <name>Enclosures discovery</name>
                    <type>10</type>
                    <snmp_community/>
                    <snmp_oid/>
                    <key>zbx-hpmsa.py[&quot;-a&quot;, &quot;{$API.VER}&quot;, &quot;lld&quot;, &quot;{HOST.CONN}&quot;, &quot;enclosures&quot;]</key>
                    <delay>{$LLD}</delay>
                    <status>0</status>
                    <allowed_hosts/>
                    <snmpv3_contextname/>
                    <snmpv3_securityname/>
                    <snmpv3_securitylevel>0</snmpv3_securitylevel>
                    <snmpv3_authprotocol>0</snmpv3_authprotocol>
                    <snmpv3_authpassphrase/>
                    <snmpv3_privprotocol>0</snmpv3_privprotocol>
                    <snmpv3_privpassphrase/>
                    <params/>
                    <ipmi_sensor/>
                    <authtype>0</authtype>
                    <username/>
                    <password/>
                    <publickey/>
                    <privatekey/>
                    <port/>
                    <filter>
                        <evaltype>0</evaltype>
                        <formula/>
                        <conditions/>
                    </filter>
                    <lifetime>1d</lifetime>
                    <description>Discovery all HPE MSA enclosures.</description>
                    <item_prototypes>
                        <item_prototype>
                            <name>Enclosure {#ENCLOSURE.ID} health status</name>
                            <type>10</type>
                            <snmp_community/>
                            <snmp_oid/>
                            <key>zbx-hpmsa.py[&quot;-a&quot;, &quot;{$API.VER}&quot;, &quot;health&quot;, &quot;{HOST.CONN}&quot;, &quot;enclosures&quot;, &quot;{#ENCLOSURE.ID}&quot;]</key>
                            <delay>{$UPDATE}</delay>
                            <history>{$HISTORY}</history>
                            <trends>{$TRENDS}</trends>
                            <status>0</status>
                            <value_type>3</value_type>
                            <allowed_hosts/>
                            <units/>
                            <snmpv3_contextname/>
                            <snmpv3_securityname/>
                            <snmpv3_securitylevel>0</snmpv3_securitylevel>
                            <snmpv3_authprotocol>0</snmpv3_authprotocol>
                            <snmpv3_authpassphrase/>
                            <snmpv3_privprotocol>0</snmpv3_privprotocol>
                            <snmpv3_privpassphrase/>
                            <params/>
                            <ipmi_sensor/>
                            <authtype>0</authtype>
                            <username/>
                            <password/>
                            <publickey/>
                            <privatekey/>
                            <port/>
                            <description>Enclosure {#ENCLOSURE.ID} with SN {#ENCLOSURE.SN} health status.&#13;
&#13;
0: OK&#13;
1: Degraded&#13;
2: Fault&#13;
3: Unknown&#13;
4: N/A</description>
                            <inventory_link>0</inventory_link>
                            <applications>
                                <application>
                                    <name>MSA Enclosures</name>
                                </application>
                            </applications>
                            <valuemap>
                                <name>HPE MSA Health</name>
                            </valuemap>
                            <logtimefmt/>
                            <preprocessing/>
                            <jmx_endpoint/>
                            <application_prototypes/>
                            <master_item_prototype/>
                        </item_prototype>
                    </item_prototypes>
                    <trigger_prototypes>
                        <trigger_prototype>
                            <expression>{Template HPE MSA for Zabbix 3.4:zbx-hpmsa.py[&quot;-a&quot;, &quot;{$API.VER}&quot;, &quot;health&quot;, &quot;{HOST.CONN}&quot;, &quot;enclosures&quot;, &quot;{#ENCLOSURE.ID}&quot;].avg(#3)}&lt;&gt;0</expression>
                            <recovery_mode>0</recovery_mode>
                            <recovery_expression/>
                            <name>Enclosure {#ENCLOSURE.ID} health status is {ITEM.LASTVALUE}</name>
                            <correlation_mode>0</correlation_mode>
                            <correlation_tag/>
                            <url>https://zabbix.domain.com/tr_status.php?hostid={HOST.ID}</url>
                            <status>0</status>
                            <priority>2</priority>
                            <description>Enclosure {#ENCLOSURE.ID} with SN {#ENCLOSURE.SN} health status is {ITEM.LASTVALUE}.</description>
                            <type>0</type>
                            <manual_close>0</manual_close>
                            <dependencies/>
                            <tags>
                                <tag>
                                    <tag>msa enclosure</tag>
                                    <value>health</value>
                                </tag>
                            </tags>
                        </trigger_prototype>
                    </trigger_prototypes>
                    <graph_prototypes/>
                    <host_prototypes/>
                    <jmx_endpoint/>
                </discovery_rule>
                <discovery_rule>
                    <name>Fans discovery</name>
                    <type>10</type>
                    <snmp_community/>
                    <snmp_oid/>
                    <key>zbx-hpmsa.py[&quot;-a&quot;, &quot;{$API.VER}&quot;, &quot;lld&quot;, &quot;{HOST.CONN}&quot;, &quot;fans&quot;]</key>
                    <delay>{$LLD}</delay>
                    <status>0</status>
                    <allowed_hosts/>
                    <snmpv3_contextname/>
                    <snmpv3_securityname/>
                    <snmpv3_securitylevel>0</snmpv3_securitylevel>
                    <snmpv3_authprotocol>0</snmpv3_authprotocol>
                    <snmpv3_authpassphrase/>
                    <snmpv3_privprotocol>0</snmpv3_privprotocol>
                    <snmpv3_privpassphrase/>
                    <params/>
                    <ipmi_sensor/>
                    <authtype>0</authtype>
                    <username/>
                    <password/>
                    <publickey/>
                    <privatekey/>
                    <port/>
                    <filter>
                        <evaltype>0</evaltype>
                        <formula/>
                        <conditions/>
                    </filter>
                    <lifetime>1d</lifetime>
                    <description>Discovery all HPE MSA fans.</description>
                    <item_prototypes>
                        <item_prototype>
                            <name>Fan {#FAN.ID} health status</name>
                            <type>10</type>
                            <snmp_community/>
                            <snmp_oid/>
                            <key>zbx-hpmsa.py[&quot;-a&quot;, &quot;{$API.VER}&quot;, &quot;health&quot;, &quot;{HOST.CONN}&quot;, &quot;fans&quot;, &quot;{#FAN.ID}&quot;]</key>
                            <delay>{$UPDATE}</delay>
                            <history>{$HISTORY}</history>
                            <trends>{$TRENDS}</trends>
                            <status>0</status>
                            <value_type>3</value_type>
                            <allowed_hosts/>
                            <units/>
                            <snmpv3_contextname/>
                            <snmpv3_securityname/>
                            <snmpv3_securitylevel>0</snmpv3_securitylevel>
                            <snmpv3_authprotocol>0</snmpv3_authprotocol>
                            <snmpv3_authpassphrase/>
                            <snmpv3_privprotocol>0</snmpv3_privprotocol>
                            <snmpv3_privpassphrase/>
                            <params/>
                            <ipmi_sensor/>
                            <authtype>0</authtype>
                            <username/>
                            <password/>
                            <publickey/>
                            <privatekey/>
                            <port/>
                            <description>Fan {#FAN.ID} in location &quot;{#FAN.LOCATION}&quot; health status.&#13;
&#13;
0: OK&#13;
1: Degraded&#13;
2: Fault&#13;
3: N/A&#13;
4: Unknown</description>
                            <inventory_link>0</inventory_link>
                            <applications>
                                <application>
                                    <name>MSA Fans</name>
                                </application>
                            </applications>
                            <valuemap>
                                <name>HPE MSA Health</name>
                            </valuemap>
                            <logtimefmt/>
                            <preprocessing/>
                            <jmx_endpoint/>
                            <application_prototypes/>
                            <master_item_prototype/>
                        </item_prototype>
                    </item_prototypes>
                    <trigger_prototypes>
                        <trigger_prototype>
                            <expression>{Template HPE MSA for Zabbix 3.4:zbx-hpmsa.py[&quot;-a&quot;, &quot;{$API.VER}&quot;, &quot;health&quot;, &quot;{HOST.CONN}&quot;, &quot;fans&quot;, &quot;{#FAN.ID}&quot;].avg(#3)}&lt;&gt;0</expression>
                            <recovery_mode>0</recovery_mode>
                            <recovery_expression/>
                            <name>Fan {#FAN.ID} health status is not OK</name>
                            <correlation_mode>0</correlation_mode>
                            <correlation_tag/>
                            <url>https://zabbix.domain.com/tr_status.php?hostid={HOST.ID}</url>
                            <status>0</status>
                            <priority>2</priority>
                            <description>Fan {#FAN.ID} in {#FAN.LOCATION} health status is {ITEM.LASTVALUE}.</description>
                            <type>0</type>
                            <manual_close>0</manual_close>
                            <dependencies/>
                            <tags>
                                <tag>
                                    <tag>msa fan</tag>
                                    <value>health</value>
                                </tag>
                            </tags>
                        </trigger_prototype>
                    </trigger_prototypes>
                    <graph_prototypes/>
                    <host_prototypes/>
                    <jmx_endpoint/>
                </discovery_rule>
                <discovery_rule>
                    <name>Pools discovery</name>
                    <type>10</type>
                    <snmp_community/>
                    <snmp_oid/>
                    <key>zbx-hpmsa.py[&quot;-a&quot;, &quot;{$API.VER}&quot;, &quot;lld&quot;, &quot;{HOST.CONN}&quot;, &quot;pools&quot;]</key>
                    <delay>{$LLD}</delay>
                    <status>0</status>
                    <allowed_hosts/>
                    <snmpv3_contextname/>
                    <snmpv3_securityname/>
                    <snmpv3_securitylevel>0</snmpv3_securitylevel>
                    <snmpv3_authprotocol>0</snmpv3_authprotocol>
                    <snmpv3_authpassphrase/>
                    <snmpv3_privprotocol>0</snmpv3_privprotocol>
                    <snmpv3_privpassphrase/>
                    <params/>
                    <ipmi_sensor/>
                    <authtype>0</authtype>
                    <username/>
                    <password/>
                    <publickey/>
                    <privatekey/>
                    <port/>
                    <filter>
                        <evaltype>0</evaltype>
                        <formula/>
                        <conditions/>
                    </filter>
                    <lifetime>1d</lifetime>
                    <description>Discovery all HPE MSA pools.</description>
                    <item_prototypes>
                        <item_prototype>
                            <name>Pool {#POOL.ID} health status</name>
                            <type>10</type>
                            <snmp_community/>
                            <snmp_oid/>
                            <key>zbx-hpmsa.py[&quot;-a&quot;, &quot;{$API.VER}&quot;, &quot;health&quot;, &quot;{HOST.CONN}&quot;, &quot;pools&quot;, &quot;{#POOL.ID}&quot;]</key>
                            <delay>{$UPDATE}</delay>
                            <history>{$HISTORY}</history>
                            <trends>{$TRENDS}</trends>
                            <status>0</status>
                            <value_type>3</value_type>
                            <allowed_hosts/>
                            <units/>
                            <snmpv3_contextname/>
                            <snmpv3_securityname/>
                            <snmpv3_securitylevel>0</snmpv3_securitylevel>
                            <snmpv3_authprotocol>0</snmpv3_authprotocol>
                            <snmpv3_authpassphrase/>
                            <snmpv3_privprotocol>0</snmpv3_privprotocol>
                            <snmpv3_privpassphrase/>
                            <params/>
                            <ipmi_sensor/>
                            <authtype>0</authtype>
                            <username/>
                            <password/>
                            <publickey/>
                            <privatekey/>
                            <port/>
                            <description>Pool {#POOL.ID} with type {#POOL.TYPE} health status.&#13;
&#13;
0: OK&#13;
1: Degraded&#13;
2: Fault&#13;
3: N/A&#13;
4: Unknown</description>
                            <inventory_link>0</inventory_link>
                            <applications>
                                <application>
                                    <name>MSA Pools</name>
                                </application>
                            </applications>
                            <valuemap>
                                <name>HPE MSA Health</name>
                            </valuemap>
                            <logtimefmt/>
                            <preprocessing/>
                            <jmx_endpoint/>
                            <application_prototypes/>
                            <master_item_prototype/>
                        </item_prototype>
                    </item_prototypes>
                    <trigger_prototypes>
                        <trigger_prototype>
                            <expression>{Template HPE MSA for Zabbix 3.4:zbx-hpmsa.py[&quot;-a&quot;, &quot;{$API.VER}&quot;, &quot;health&quot;, &quot;{HOST.CONN}&quot;, &quot;pools&quot;, &quot;{#POOL.ID}&quot;].avg(#3)}&lt;&gt;0</expression>
                            <recovery_mode>0</recovery_mode>
                            <recovery_expression/>
                            <name>Pool {#POOL.ID} health status is not OK</name>
                            <correlation_mode>0</correlation_mode>
                            <correlation_tag/>
                            <url>https://zabbix.domain.com/tr_status.php?hostid={HOST.ID}</url>
                            <status>0</status>
                            <priority>2</priority>
                            <description>Pool {#POOL.ID} health status is {ITEM.LASTVALUE}.</description>
                            <type>0</type>
                            <manual_close>0</manual_close>
                            <dependencies/>
                            <tags>
                                <tag>
                                    <tag>msa pool</tag>
                                    <value>health</value>
                                </tag>
                            </tags>
                        </trigger_prototype>
                    </trigger_prototypes>
                    <graph_prototypes/>
                    <host_prototypes/>
                    <jmx_endpoint/>
                </discovery_rule>
                <discovery_rule>
                    <name>Ports discovery</name>
                    <type>10</type>
                    <snmp_community/>
                    <snmp_oid/>
                    <key>zbx-hpmsa.py[&quot;-a&quot;, &quot;{$API.VER}&quot;, &quot;lld&quot;, &quot;{HOST.CONN}&quot;, &quot;ports&quot;]</key>
                    <delay>{$LLD}</delay>
                    <status>0</status>
                    <allowed_hosts/>
                    <snmpv3_contextname/>
                    <snmpv3_securityname/>
                    <snmpv3_securitylevel>0</snmpv3_securitylevel>
                    <snmpv3_authprotocol>0</snmpv3_authprotocol>
                    <snmpv3_authpassphrase/>
                    <snmpv3_privprotocol>0</snmpv3_privprotocol>
                    <snmpv3_privpassphrase/>
                    <params/>
                    <ipmi_sensor/>
                    <authtype>0</authtype>
                    <username/>
                    <password/>
                    <publickey/>
                    <privatekey/>
                    <port/>
                    <filter>
                        <evaltype>0</evaltype>
                        <formula/>
                        <conditions>
                            <condition>
                                <macro>{#PORT.SFP}</macro>
                                <value>^Present$</value>
                                <operator>8</operator>
                                <formulaid>A</formulaid>
                            </condition>
                        </conditions>
                    </filter>
                    <lifetime>1d</lifetime>
                    <description>Discovery all HPE MSA ports.</description>
                    <item_prototypes>
                        <item_prototype>
                            <name>Port {#PORT.ID} health status</name>
                            <type>10</type>
                            <snmp_community/>
                            <snmp_oid/>
                            <key>zbx-hpmsa.py[&quot;-a&quot;, &quot;{$API.VER}&quot;, &quot;health&quot;, &quot;{HOST.CONN}&quot;, &quot;ports&quot;, &quot;{#PORT.ID}&quot;]</key>
                            <delay>{$UPDATE}</delay>
                            <history>{$HISTORY}</history>
                            <trends>{$TRENDS}</trends>
                            <status>0</status>
                            <value_type>3</value_type>
                            <allowed_hosts/>
                            <units/>
                            <snmpv3_contextname/>
                            <snmpv3_securityname/>
                            <snmpv3_securitylevel>0</snmpv3_securitylevel>
                            <snmpv3_authprotocol>0</snmpv3_authprotocol>
                            <snmpv3_authpassphrase/>
                            <snmpv3_privprotocol>0</snmpv3_privprotocol>
                            <snmpv3_privpassphrase/>
                            <params/>
                            <ipmi_sensor/>
                            <authtype>0</authtype>
                            <username/>
                            <password/>
                            <publickey/>
                            <privatekey/>
                            <port/>
                            <description>Port {#PORT.ID} ({#PORT.SPEED}) with type {#PORT.TYPE} health status.&#13;
&#13;
0: OK&#13;
1: Degraded&#13;
2: Fault&#13;
3: N/A&#13;
4: Unknown</description>
                            <inventory_link>0</inventory_link>
                            <applications>
                                <application>
                                    <name>MSA Ports</name>
                                </application>
                            </applications>
                            <valuemap>
                                <name>HPE MSA Health</name>
                            </valuemap>
                            <logtimefmt/>
                            <preprocessing/>
                            <jmx_endpoint/>
                            <application_prototypes/>
                            <master_item_prototype/>
                        </item_prototype>
                    </item_prototypes>
                    <trigger_prototypes>
                        <trigger_prototype>
                            <expression>{Template HPE MSA for Zabbix 3.4:zbx-hpmsa.py[&quot;-a&quot;, &quot;{$API.VER}&quot;, &quot;health&quot;, &quot;{HOST.CONN}&quot;, &quot;ports&quot;, &quot;{#PORT.ID}&quot;].avg(#3)}&gt;0.33</expression>
                            <recovery_mode>0</recovery_mode>
                            <recovery_expression/>
                            <name>Port {#PORT.ID} health status is not OK</name>
                            <correlation_mode>0</correlation_mode>
                            <correlation_tag/>
                            <url>https://zabbix.domain.com/tr_status.php?hostid={HOST.ID}</url>
                            <status>0</status>
                            <priority>2</priority>
                            <description>Port {#PORT.ID} health status is {ITEM.LASTVALUE}.</description>
                            <type>0</type>
                            <manual_close>0</manual_close>
                            <dependencies/>
                            <tags>
                                <tag>
                                    <tag>msa port</tag>
                                    <value>health</value>
                                </tag>
                            </tags>
                        </trigger_prototype>
                    </trigger_prototypes>
                    <graph_prototypes/>
                    <host_prototypes/>
                    <jmx_endpoint/>
                </discovery_rule>
                <discovery_rule>
                    <name>Power supplies discovery</name>
                    <type>10</type>
                    <snmp_community/>
                    <snmp_oid/>
                    <key>zbx-hpmsa.py[&quot;-a&quot;, &quot;{$API.VER}&quot;, &quot;lld&quot;, &quot;{HOST.CONN}&quot;, &quot;power-supplies&quot;]</key>
                    <delay>{$LLD}</delay>
                    <status>0</status>
                    <allowed_hosts/>
                    <snmpv3_contextname/>
                    <snmpv3_securityname/>
                    <snmpv3_securitylevel>0</snmpv3_securitylevel>
                    <snmpv3_authprotocol>0</snmpv3_authprotocol>
                    <snmpv3_authpassphrase/>
                    <snmpv3_privprotocol>0</snmpv3_privprotocol>
                    <snmpv3_privpassphrase/>
                    <params/>
                    <ipmi_sensor/>
                    <authtype>0</authtype>
                    <username/>
                    <password/>
                    <publickey/>
                    <privatekey/>
                    <port/>
                    <filter>
                        <evaltype>0</evaltype>
                        <formula/>
                        <conditions/>
                    </filter>
                    <lifetime>1d</lifetime>
                    <description>Discovery all HPE MSA power supplies.</description>
                    <item_prototypes>
                        <item_prototype>
                            <name>Power supply {#POWERSUPPLY.ID} health status</name>
                            <type>10</type>
                            <snmp_community/>
                            <snmp_oid/>
                            <key>zbx-hpmsa.py[&quot;-a&quot;, &quot;{$API.VER}&quot;, &quot;health&quot;, &quot;{HOST.CONN}&quot;, &quot;power-supplies&quot;, &quot;{#POWERSUPPLY.ID}&quot;]</key>
                            <delay>{$UPDATE}</delay>
                            <history>{$HISTORY}</history>
                            <trends>{$TRENDS}</trends>
                            <status>0</status>
                            <value_type>3</value_type>
                            <allowed_hosts/>
                            <units/>
                            <snmpv3_contextname/>
                            <snmpv3_securityname/>
                            <snmpv3_securitylevel>0</snmpv3_securitylevel>
                            <snmpv3_authprotocol>0</snmpv3_authprotocol>
                            <snmpv3_authpassphrase/>
                            <snmpv3_privprotocol>0</snmpv3_privprotocol>
                            <snmpv3_privpassphrase/>
                            <params/>
                            <ipmi_sensor/>
                            <authtype>0</authtype>
                            <username/>
                            <password/>
                            <publickey/>
                            <privatekey/>
                            <port/>
                            <description>Power supply {#POWERSUPPLY.ID} in location &quot;{#POWERSUPPLY.LOCATION}&quot; health status.&#13;
&#13;
0: OK&#13;
1: Degraded&#13;
2: Fault&#13;
3: N/A&#13;
4: Unknown</description>
                            <inventory_link>0</inventory_link>
                            <applications>
                                <application>
                                    <name>MSA Power Supplies</name>
                                </application>
                            </applications>
                            <valuemap>
                                <name>HPE MSA Health</name>
                            </valuemap>
                            <logtimefmt/>
                            <preprocessing/>
                            <jmx_endpoint/>
                            <application_prototypes/>
                            <master_item_prototype/>
                        </item_prototype>
                    </item_prototypes>
                    <trigger_prototypes>
                        <trigger_prototype>
                            <expression>{Template HPE MSA for Zabbix 3.4:zbx-hpmsa.py[&quot;-a&quot;, &quot;{$API.VER}&quot;, &quot;health&quot;, &quot;{HOST.CONN}&quot;, &quot;power-supplies&quot;, &quot;{#POWERSUPPLY.ID}&quot;].avg(#3)}&lt;&gt;0</expression>
                            <recovery_mode>0</recovery_mode>
                            <recovery_expression/>
                            <name>Power supply {#POWERSUPPLY.ID} health status is not OK</name>
                            <correlation_mode>0</correlation_mode>
                            <correlation_tag/>
                            <url>https://zabbix.domain.com/tr_status.php?hostid={HOST.ID}</url>
                            <status>0</status>
                            <priority>2</priority>
                            <description>Power supply {#POWERSUPPLY.ID} in {#POWERSUPPLY.LOCATION} health status is {ITEM.LASTVALUE}.</description>
                            <type>0</type>
                            <manual_close>0</manual_close>
                            <dependencies/>
                            <tags>
                                <tag>
                                    <tag>msa power supply</tag>
                                    <value>health</value>
                                </tag>
                            </tags>
                        </trigger_prototype>
                    </trigger_prototypes>
                    <graph_prototypes/>
                    <host_prototypes/>
                    <jmx_endpoint/>
                </discovery_rule>
                <discovery_rule>
                    <name>Volumes discovery</name>
                    <type>10</type>
                    <snmp_community/>
                    <snmp_oid/>
                    <key>zbx-hpmsa.py[&quot;-a&quot;, &quot;{$API.VER}&quot;, &quot;lld&quot;, &quot;{HOST.CONN}&quot;, &quot;volumes&quot;]</key>
                    <delay>{$LLD}</delay>
                    <status>0</status>
                    <allowed_hosts/>
                    <snmpv3_contextname/>
                    <snmpv3_securityname/>
                    <snmpv3_securitylevel>0</snmpv3_securitylevel>
                    <snmpv3_authprotocol>0</snmpv3_authprotocol>
                    <snmpv3_authpassphrase/>
                    <snmpv3_privprotocol>0</snmpv3_privprotocol>
                    <snmpv3_privpassphrase/>
                    <params/>
                    <ipmi_sensor/>
                    <authtype>0</authtype>
                    <username/>
                    <password/>
                    <publickey/>
                    <privatekey/>
                    <port/>
                    <filter>
                        <evaltype>0</evaltype>
                        <formula/>
                        <conditions>
                            <condition>
                                <macro>{#VOLUME.TYPE}</macro>
                                <value>master volume|standard</value>
                                <operator>8</operator>
                                <formulaid>A</formulaid>
                            </condition>
                        </conditions>
                    </filter>
                    <lifetime>1d</lifetime>
                    <description>Discovery all HPE MSA volumes.</description>
                    <item_prototypes>
                        <item_prototype>
                            <name>Volume {#VOLUME.ID} health status</name>
                            <type>10</type>
                            <snmp_community/>
                            <snmp_oid/>
                            <key>zbx-hpmsa.py[&quot;-a&quot;, &quot;{$API.VER}&quot;, &quot;health&quot;, &quot;{HOST.CONN}&quot;, &quot;volumes&quot;, &quot;{#VOLUME.ID}&quot;]</key>
                            <delay>{$UPDATE}</delay>
                            <history>{$HISTORY}</history>
                            <trends>{$TRENDS}</trends>
                            <status>0</status>
                            <value_type>3</value_type>
                            <allowed_hosts/>
                            <units/>
                            <snmpv3_contextname/>
                            <snmpv3_securityname/>
                            <snmpv3_securitylevel>0</snmpv3_securitylevel>
                            <snmpv3_authprotocol>0</snmpv3_authprotocol>
                            <snmpv3_authpassphrase/>
                            <snmpv3_privprotocol>0</snmpv3_privprotocol>
                            <snmpv3_privpassphrase/>
                            <params/>
                            <ipmi_sensor/>
                            <authtype>0</authtype>
                            <username/>
                            <password/>
                            <publickey/>
                            <privatekey/>
                            <port/>
                            <description>Volume {#VOLUME.ID} with type {#VOLUME.TYPE} health status.&#13;
&#13;
0: OK&#13;
1: Degraded&#13;
2: Fault&#13;
3: N/A&#13;
4: Unknown</description>
                            <inventory_link>0</inventory_link>
                            <applications>
                                <application>
                                    <name>MSA Volumes</name>
                                </application>
                            </applications>
                            <valuemap>
                                <name>HPE MSA Health</name>
                            </valuemap>
                            <logtimefmt/>
                            <preprocessing/>
                            <jmx_endpoint/>
                            <application_prototypes/>
                            <master_item_prototype/>
                        </item_prototype>
                    </item_prototypes>
                    <trigger_prototypes>
                        <trigger_prototype>
                            <expression>{Template HPE MSA for Zabbix 3.4:zbx-hpmsa.py[&quot;-a&quot;, &quot;{$API.VER}&quot;, &quot;health&quot;, &quot;{HOST.CONN}&quot;, &quot;volumes&quot;, &quot;{#VOLUME.ID}&quot;].avg(#3)}&lt;&gt;0</expression>
                            <recovery_mode>0</recovery_mode>
                            <recovery_expression/>
                            <name>Volume {#VOLUME.ID} health status is not OK</name>
                            <correlation_mode>0</correlation_mode>
                            <correlation_tag/>
                            <url>https://zabbix.domain.com/tr_status.php?hostid={HOST.ID}</url>
                            <status>0</status>
                            <priority>2</priority>
                            <description>Volume {#VOLUME.ID} health status is {ITEM.LASTVALUE}.</description>
                            <type>0</type>
                            <manual_close>0</manual_close>
                            <dependencies/>
                            <tags>
                                <tag>
                                    <tag>msa volume</tag>
                                    <value>health</value>
                                </tag>
                            </tags>
                        </trigger_prototype>
                    </trigger_prototypes>
                    <graph_prototypes/>
                    <host_prototypes/>
                    <jmx_endpoint/>
                </discovery_rule>
            </discovery_rules>
            <httptests/>
            <macros>
                <macro>
                    <macro>{$API.VER}</macro>
                    <value>2</value>
                </macro>
                <macro>
                    <macro>{$HISTORY}</macro>
                    <value>14d</value>
                </macro>
                <macro>
                    <macro>{$LLD}</macro>
                    <value>1h</value>
                </macro>
                <macro>
                    <macro>{$TRENDS}</macro>
                    <value>180d</value>
                </macro>
                <macro>
                    <macro>{$UPDATE}</macro>
                    <value>1m</value>
                </macro>
            </macros>
            <templates/>
            <screens/>
        </template>
    </templates>
    <value_maps>
        <value_map>
            <name>HPE MSA Health</name>
            <mappings>
                <mapping>
                    <value>0</value>
                    <newvalue>OK</newvalue>
                </mapping>
                <mapping>
                    <value>1</value>
                    <newvalue>Degraded</newvalue>
                </mapping>
                <mapping>
                    <value>2</value>
                    <newvalue>Fault</newvalue>
                </mapping>
                <mapping>
                    <value>3</value>
                    <newvalue>N/A</newvalue>
                </mapping>
            </mappings>
        </value_map>
    </value_maps>
</zabbix_export>
