<?xml version="1.0" encoding="UTF-8"?>
<zabbix_export>
    <version>4.4</version>
    <date>2019-11-11T14:14:06Z</date>
    <groups>
        <group>
            <name>Templates Archive</name>
        </group>
    </groups>
    <templates>
        <template>
            <template>IPMI HP DL360p Gen8</template>
            <name>IPMI HP DL360p Gen8</name>
            <groups>
                <group>
                    <name>Templates Archive</name>
                </group>
            </groups>
            <applications>
                <application>
                    <name>Drives</name>
                </application>
                <application>
                    <name>Fan</name>
                </application>
                <application>
                    <name>Fan_MSK</name>
                </application>
                <application>
                    <name>Hardware</name>
                </application>
                <application>
                    <name>Health</name>
                </application>
                <application>
                    <name>Memory</name>
                </application>
                <application>
                    <name>Power</name>
                </application>
                <application>
                    <name>Temp</name>
                </application>
                <application>
                    <name>Temp memory</name>
                </application>
            </applications>
            <items>
                <item>
                    <name>01-Inlet Ambient</name>
                    <type>IPMI</type>
                    <key>01-InletAmbient</key>
                    <delay>3600</delay>
                    <history>7d</history>
                    <value_type>FLOAT</value_type>
                    <units>°C</units>
                    <ipmi_sensor>01-Inlet Ambient</ipmi_sensor>
                    <applications>
                        <application>
                            <name>Hardware</name>
                        </application>
                        <application>
                            <name>Temp</name>
                        </application>
                    </applications>
                </item>
                <item>
                    <name>02-CPU 1</name>
                    <type>IPMI</type>
                    <key>02-CPU1</key>
                    <delay>3600</delay>
                    <history>7d</history>
                    <value_type>FLOAT</value_type>
                    <units>°C</units>
                    <ipmi_sensor>02-CPU 1</ipmi_sensor>
                    <applications>
                        <application>
                            <name>Hardware</name>
                        </application>
                        <application>
                            <name>Temp</name>
                        </application>
                    </applications>
                </item>
                <item>
                    <name>03-CPU 2</name>
                    <type>IPMI</type>
                    <key>03-CPU2</key>
                    <delay>3600</delay>
                    <history>7d</history>
                    <value_type>FLOAT</value_type>
                    <units>°C</units>
                    <ipmi_sensor>03-CPU 2</ipmi_sensor>
                    <applications>
                        <application>
                            <name>Hardware</name>
                        </application>
                        <application>
                            <name>Temp</name>
                        </application>
                    </applications>
                </item>
                <item>
                    <name>04-P1 DIMM 1-6</name>
                    <type>IPMI</type>
                    <key>04-P1DIMM1-6</key>
                    <delay>3600</delay>
                    <history>7d</history>
                    <value_type>FLOAT</value_type>
                    <units>°C</units>
                    <ipmi_sensor>04-P1 DIMM 1-6</ipmi_sensor>
                    <applications>
                        <application>
                            <name>Hardware</name>
                        </application>
                        <application>
                            <name>Temp memory</name>
                        </application>
                    </applications>
                </item>
                <item>
                    <name>05-P1 DIMM 7-12</name>
                    <type>IPMI</type>
                    <key>05-P1DIMM7-12</key>
                    <delay>3600</delay>
                    <history>7d</history>
                    <value_type>FLOAT</value_type>
                    <units>°C</units>
                    <ipmi_sensor>05-P1 DIMM 7-12</ipmi_sensor>
                    <applications>
                        <application>
                            <name>Hardware</name>
                        </application>
                        <application>
                            <name>Temp memory</name>
                        </application>
                    </applications>
                </item>
                <item>
                    <name>06-P2 DIMM 1-6</name>
                    <type>IPMI</type>
                    <key>06-P2DIMM1-6</key>
                    <delay>3600;50/1-7,00:00-24:00</delay>
                    <history>7d</history>
                    <value_type>FLOAT</value_type>
                    <units>°C</units>
                    <ipmi_sensor>06-P2 DIMM 1-6</ipmi_sensor>
                    <applications>
                        <application>
                            <name>Hardware</name>
                        </application>
                        <application>
                            <name>Temp memory</name>
                        </application>
                    </applications>
                </item>
                <item>
                    <name>07-P2 DIMM 7-12</name>
                    <type>IPMI</type>
                    <key>07-P2DIMM7-12</key>
                    <delay>3600</delay>
                    <history>7d</history>
                    <value_type>FLOAT</value_type>
                    <units>°C</units>
                    <ipmi_sensor>07-P2 DIMM 7-12</ipmi_sensor>
                    <applications>
                        <application>
                            <name>Hardware</name>
                        </application>
                        <application>
                            <name>Temp memory</name>
                        </application>
                    </applications>
                </item>
                <item>
                    <name>08-P1 Mem Zone</name>
                    <type>IPMI</type>
                    <key>08-P1MemZone</key>
                    <delay>3600</delay>
                    <history>7d</history>
                    <value_type>FLOAT</value_type>
                    <units>°C</units>
                    <ipmi_sensor>08-P1 Mem Zone</ipmi_sensor>
                    <applications>
                        <application>
                            <name>Hardware</name>
                        </application>
                        <application>
                            <name>Power</name>
                        </application>
                        <application>
                            <name>Temp</name>
                        </application>
                    </applications>
                </item>
                <item>
                    <name>09-P1 Mem Zone</name>
                    <type>IPMI</type>
                    <key>09-P1MemZone</key>
                    <delay>3600</delay>
                    <history>7d</history>
                    <value_type>FLOAT</value_type>
                    <units>°C</units>
                    <ipmi_sensor>09-P1 Mem Zone</ipmi_sensor>
                    <applications>
                        <application>
                            <name>Hardware</name>
                        </application>
                        <application>
                            <name>Power</name>
                        </application>
                        <application>
                            <name>Temp</name>
                        </application>
                    </applications>
                </item>
                <item>
                    <name>10-P2 Mem Zone</name>
                    <type>IPMI</type>
                    <key>10-P2MemZone</key>
                    <delay>3600</delay>
                    <history>7d</history>
                    <value_type>FLOAT</value_type>
                    <units>°C</units>
                    <ipmi_sensor>10-P2 Mem Zone</ipmi_sensor>
                    <applications>
                        <application>
                            <name>Hardware</name>
                        </application>
                        <application>
                            <name>Power</name>
                        </application>
                        <application>
                            <name>Temp</name>
                        </application>
                    </applications>
                </item>
                <item>
                    <name>11-P2 Mem Zone</name>
                    <type>IPMI</type>
                    <key>11-P2MemZone</key>
                    <delay>3600</delay>
                    <history>7d</history>
                    <value_type>FLOAT</value_type>
                    <units>°C</units>
                    <ipmi_sensor>11-P2 Mem Zone</ipmi_sensor>
                    <applications>
                        <application>
                            <name>Hardware</name>
                        </application>
                        <application>
                            <name>Power</name>
                        </application>
                        <application>
                            <name>Temp</name>
                        </application>
                    </applications>
                </item>
                <item>
                    <name>12-HD Max</name>
                    <type>IPMI</type>
                    <key>12-HDMax</key>
                    <delay>3600</delay>
                    <history>7d</history>
                    <value_type>FLOAT</value_type>
                    <units>°C</units>
                    <ipmi_sensor>12-HD Max</ipmi_sensor>
                    <applications>
                        <application>
                            <name>Drives</name>
                        </application>
                        <application>
                            <name>Hardware</name>
                        </application>
                        <application>
                            <name>Temp</name>
                        </application>
                    </applications>
                </item>
                <item>
                    <name>13-Chipset 1</name>
                    <type>IPMI</type>
                    <key>13-Chipset1</key>
                    <delay>3600</delay>
                    <history>7d</history>
                    <value_type>FLOAT</value_type>
                    <units>°C</units>
                    <ipmi_sensor>13-Chipset 1</ipmi_sensor>
                    <applications>
                        <application>
                            <name>Hardware</name>
                        </application>
                        <application>
                            <name>Temp</name>
                        </application>
                    </applications>
                </item>
                <item>
                    <name>14-Chipset1 Zone</name>
                    <type>IPMI</type>
                    <key>14-Chipset1Zone</key>
                    <delay>3600</delay>
                    <history>7d</history>
                    <value_type>FLOAT</value_type>
                    <units>°C</units>
                    <ipmi_sensor>14-Chipset 1 Zone</ipmi_sensor>
                    <applications>
                        <application>
                            <name>Hardware</name>
                        </application>
                        <application>
                            <name>Temp</name>
                        </application>
                    </applications>
                </item>
                <item>
                    <name>15-P/S 1 Inlet</name>
                    <type>IPMI</type>
                    <key>15-PS1Inlet</key>
                    <delay>3600</delay>
                    <history>7d</history>
                    <value_type>FLOAT</value_type>
                    <units>°C</units>
                    <ipmi_sensor>15-P/S 1 Inlet</ipmi_sensor>
                    <applications>
                        <application>
                            <name>Hardware</name>
                        </application>
                        <application>
                            <name>Power</name>
                        </application>
                        <application>
                            <name>Temp</name>
                        </application>
                    </applications>
                </item>
                <item>
                    <name>16-P/S 1 Zone</name>
                    <type>IPMI</type>
                    <key>16-PS1Zone</key>
                    <delay>3600</delay>
                    <history>7d</history>
                    <value_type>FLOAT</value_type>
                    <units>°C</units>
                    <ipmi_sensor>16-P/S 1 Zone</ipmi_sensor>
                    <applications>
                        <application>
                            <name>Hardware</name>
                        </application>
                        <application>
                            <name>Power</name>
                        </application>
                        <application>
                            <name>Temp</name>
                        </application>
                    </applications>
                </item>
                <item>
                    <name>17-P/S 2 Inlet</name>
                    <type>IPMI</type>
                    <key>17-PS2Inlet</key>
                    <delay>3600</delay>
                    <history>7d</history>
                    <value_type>FLOAT</value_type>
                    <units>°C</units>
                    <ipmi_sensor>17-P/S 2 Inlet</ipmi_sensor>
                    <applications>
                        <application>
                            <name>Hardware</name>
                        </application>
                        <application>
                            <name>Power</name>
                        </application>
                        <application>
                            <name>Temp</name>
                        </application>
                    </applications>
                </item>
                <item>
                    <name>18-P/S 2 Zone</name>
                    <type>IPMI</type>
                    <key>18-PS2Zone</key>
                    <delay>3600</delay>
                    <history>7d</history>
                    <value_type>FLOAT</value_type>
                    <units>°C</units>
                    <ipmi_sensor>18-P/S 2 Zone</ipmi_sensor>
                    <applications>
                        <application>
                            <name>Hardware</name>
                        </application>
                        <application>
                            <name>Power</name>
                        </application>
                        <application>
                            <name>Temp</name>
                        </application>
                    </applications>
                </item>
                <item>
                    <name>19-PCI #1</name>
                    <type>IPMI</type>
                    <key>19-PCI1</key>
                    <delay>3600</delay>
                    <history>7d</history>
                    <value_type>FLOAT</value_type>
                    <units>°C</units>
                    <ipmi_sensor>19-PCI #1</ipmi_sensor>
                    <applications>
                        <application>
                            <name>Hardware</name>
                        </application>
                        <application>
                            <name>Temp</name>
                        </application>
                    </applications>
                </item>
                <item>
                    <name>20-PCI #2</name>
                    <type>IPMI</type>
                    <key>20-PCI2</key>
                    <delay>3600</delay>
                    <history>7d</history>
                    <value_type>FLOAT</value_type>
                    <units>C</units>
                    <ipmi_sensor>20-PCI #2</ipmi_sensor>
                    <applications>
                        <application>
                            <name>Hardware</name>
                        </application>
                        <application>
                            <name>Temp</name>
                        </application>
                    </applications>
                </item>
                <item>
                    <name>21-VR P1</name>
                    <type>IPMI</type>
                    <key>21-VRP1</key>
                    <delay>3600</delay>
                    <history>7d</history>
                    <value_type>FLOAT</value_type>
                    <units>C</units>
                    <ipmi_sensor>21-VR P1</ipmi_sensor>
                    <applications>
                        <application>
                            <name>Hardware</name>
                        </application>
                        <application>
                            <name>Temp</name>
                        </application>
                    </applications>
                </item>
                <item>
                    <name>22-VR P2</name>
                    <type>IPMI</type>
                    <key>22-VRP2</key>
                    <delay>3600</delay>
                    <history>7d</history>
                    <value_type>FLOAT</value_type>
                    <units>°C</units>
                    <ipmi_sensor>22-VR P2</ipmi_sensor>
                    <applications>
                        <application>
                            <name>Hardware</name>
                        </application>
                        <application>
                            <name>Temp</name>
                        </application>
                    </applications>
                </item>
                <item>
                    <name>23-VR P1 Mem</name>
                    <type>IPMI</type>
                    <key>23-VRP1Mem</key>
                    <delay>3600</delay>
                    <history>7d</history>
                    <value_type>FLOAT</value_type>
                    <units>°C</units>
                    <ipmi_sensor>23-VR P1 Mem</ipmi_sensor>
                    <applications>
                        <application>
                            <name>Hardware</name>
                        </application>
                        <application>
                            <name>Memory</name>
                        </application>
                        <application>
                            <name>Temp</name>
                        </application>
                    </applications>
                </item>
                <item>
                    <name>24-VR P1 Mem</name>
                    <type>IPMI</type>
                    <key>24-VRP1Mem</key>
                    <delay>3600</delay>
                    <history>7d</history>
                    <value_type>FLOAT</value_type>
                    <units>°C</units>
                    <ipmi_sensor>24-VR P1 Mem</ipmi_sensor>
                    <applications>
                        <application>
                            <name>Hardware</name>
                        </application>
                        <application>
                            <name>Memory</name>
                        </application>
                        <application>
                            <name>Temp</name>
                        </application>
                    </applications>
                </item>
                <item>
                    <name>25-VR P2 Mem</name>
                    <type>IPMI</type>
                    <key>25-VRP2Mem</key>
                    <delay>3600</delay>
                    <history>7d</history>
                    <value_type>FLOAT</value_type>
                    <units>C</units>
                    <ipmi_sensor>25-VR P2 Mem</ipmi_sensor>
                    <applications>
                        <application>
                            <name>Hardware</name>
                        </application>
                        <application>
                            <name>Temp</name>
                        </application>
                    </applications>
                </item>
                <item>
                    <name>26-VR P2 Mem</name>
                    <type>IPMI</type>
                    <key>26-VRP2Mem</key>
                    <delay>3600</delay>
                    <history>7d</history>
                    <value_type>FLOAT</value_type>
                    <units>°C</units>
                    <ipmi_sensor>26-VR P2 Mem</ipmi_sensor>
                    <applications>
                        <application>
                            <name>Hardware</name>
                        </application>
                        <application>
                            <name>Temp</name>
                        </application>
                    </applications>
                </item>
                <item>
                    <name>27-VR P1Mem Zone</name>
                    <type>IPMI</type>
                    <key>27-VRP1MemZone</key>
                    <delay>3600</delay>
                    <history>7d</history>
                    <value_type>FLOAT</value_type>
                    <units>°C</units>
                    <ipmi_sensor>27-VR P1Mem Zone</ipmi_sensor>
                    <applications>
                        <application>
                            <name>Hardware</name>
                        </application>
                        <application>
                            <name>Memory</name>
                        </application>
                        <application>
                            <name>Temp</name>
                        </application>
                    </applications>
                </item>
                <item>
                    <name>28-VR P1Mem Zone</name>
                    <type>IPMI</type>
                    <key>28-VRP1MemZone</key>
                    <delay>3600</delay>
                    <history>7d</history>
                    <value_type>FLOAT</value_type>
                    <units>°C</units>
                    <ipmi_sensor>28-VR P1Mem Zone</ipmi_sensor>
                    <applications>
                        <application>
                            <name>Hardware</name>
                        </application>
                        <application>
                            <name>Memory</name>
                        </application>
                        <application>
                            <name>Temp</name>
                        </application>
                    </applications>
                </item>
                <item>
                    <name>29-VR P2Mem Zone</name>
                    <type>IPMI</type>
                    <key>29-VRP2MemZone</key>
                    <delay>3600</delay>
                    <history>7d</history>
                    <value_type>FLOAT</value_type>
                    <units>°C</units>
                    <ipmi_sensor>29-VR P2Mem Zone</ipmi_sensor>
                    <applications>
                        <application>
                            <name>Hardware</name>
                        </application>
                        <application>
                            <name>Memory</name>
                        </application>
                        <application>
                            <name>Temp</name>
                        </application>
                    </applications>
                </item>
                <item>
                    <name>30-VR P2Mem Zone</name>
                    <type>IPMI</type>
                    <key>30-VRP2MemZone</key>
                    <delay>3600</delay>
                    <history>7d</history>
                    <value_type>FLOAT</value_type>
                    <units>°C</units>
                    <ipmi_sensor>30-VR P2Mem Zone</ipmi_sensor>
                    <applications>
                        <application>
                            <name>Hardware</name>
                        </application>
                        <application>
                            <name>Memory</name>
                        </application>
                        <application>
                            <name>Temp</name>
                        </application>
                    </applications>
                </item>
                <item>
                    <name>31-HD Controller</name>
                    <type>IPMI</type>
                    <key>31-HDController</key>
                    <delay>3600</delay>
                    <history>7d</history>
                    <value_type>FLOAT</value_type>
                    <units>C</units>
                    <ipmi_sensor>31-HD Controller</ipmi_sensor>
                    <applications>
                        <application>
                            <name>Hardware</name>
                        </application>
                        <application>
                            <name>Temp</name>
                        </application>
                    </applications>
                </item>
                <item>
                    <name>32-HD Cntlr Zone</name>
                    <type>IPMI</type>
                    <key>32-HDCntlrZone</key>
                    <delay>3600</delay>
                    <history>7d</history>
                    <value_type>FLOAT</value_type>
                    <units>°C</units>
                    <ipmi_sensor>32-HD Cntlr Zone</ipmi_sensor>
                    <applications>
                        <application>
                            <name>Hardware</name>
                        </application>
                        <application>
                            <name>Temp</name>
                        </application>
                    </applications>
                </item>
                <item>
                    <name>33-PCI 1 Zone</name>
                    <type>IPMI</type>
                    <key>33-PCI1Zone</key>
                    <delay>3600</delay>
                    <history>7d</history>
                    <value_type>FLOAT</value_type>
                    <units>°C</units>
                    <ipmi_sensor>33-PCI 1 Zone</ipmi_sensor>
                    <applications>
                        <application>
                            <name>Hardware</name>
                        </application>
                        <application>
                            <name>Temp</name>
                        </application>
                    </applications>
                </item>
                <item>
                    <name>34-PCI 1 Zone</name>
                    <type>IPMI</type>
                    <key>34-PCI1Zone</key>
                    <delay>3600</delay>
                    <history>7d</history>
                    <value_type>FLOAT</value_type>
                    <units>°C</units>
                    <ipmi_sensor>34-PCI 1 Zone</ipmi_sensor>
                    <applications>
                        <application>
                            <name>Hardware</name>
                        </application>
                        <application>
                            <name>Temp</name>
                        </application>
                    </applications>
                </item>
                <item>
                    <name>35-LOM Card</name>
                    <type>IPMI</type>
                    <key>35-LOMCard</key>
                    <delay>3600</delay>
                    <history>7d</history>
                    <value_type>FLOAT</value_type>
                    <units>°C</units>
                    <ipmi_sensor>35-LOM Card</ipmi_sensor>
                    <applications>
                        <application>
                            <name>Hardware</name>
                        </application>
                        <application>
                            <name>Temp</name>
                        </application>
                    </applications>
                </item>
                <item>
                    <name>36-PCI 2 Zone</name>
                    <type>IPMI</type>
                    <key>36-PCI2Zone</key>
                    <delay>3600</delay>
                    <history>7d</history>
                    <value_type>FLOAT</value_type>
                    <units>°C</units>
                    <ipmi_sensor>36-PCI 2 Zone</ipmi_sensor>
                    <applications>
                        <application>
                            <name>Hardware</name>
                        </application>
                        <application>
                            <name>Temp</name>
                        </application>
                    </applications>
                </item>
                <item>
                    <name>37-System Board</name>
                    <type>IPMI</type>
                    <key>37-SystemBoard</key>
                    <delay>3600</delay>
                    <history>7d</history>
                    <value_type>FLOAT</value_type>
                    <units>°C</units>
                    <ipmi_sensor>37-System Board</ipmi_sensor>
                    <applications>
                        <application>
                            <name>Hardware</name>
                        </application>
                        <application>
                            <name>Temp</name>
                        </application>
                    </applications>
                </item>
                <item>
                    <name>38-System Board</name>
                    <type>IPMI</type>
                    <key>38-SystemBoard</key>
                    <delay>3600</delay>
                    <history>7d</history>
                    <value_type>FLOAT</value_type>
                    <units>°C</units>
                    <ipmi_sensor>38-System Board</ipmi_sensor>
                    <applications>
                        <application>
                            <name>Hardware</name>
                        </application>
                        <application>
                            <name>Temp</name>
                        </application>
                    </applications>
                </item>
                <item>
                    <name>39-Sys Exhaust</name>
                    <type>IPMI</type>
                    <key>39-SysExhaust</key>
                    <delay>3600</delay>
                    <history>7d</history>
                    <value_type>FLOAT</value_type>
                    <units>°C</units>
                    <ipmi_sensor>39-Sys Exhaust</ipmi_sensor>
                    <applications>
                        <application>
                            <name>Hardware</name>
                        </application>
                        <application>
                            <name>Temp</name>
                        </application>
                    </applications>
                </item>
                <item>
                    <name>40-Sys Exhaust</name>
                    <type>IPMI</type>
                    <key>40-SysExhaust</key>
                    <delay>3600</delay>
                    <history>7d</history>
                    <value_type>FLOAT</value_type>
                    <units>°C</units>
                    <ipmi_sensor>40-Sys Exhaust</ipmi_sensor>
                    <applications>
                        <application>
                            <name>Hardware</name>
                        </application>
                        <application>
                            <name>Temp</name>
                        </application>
                    </applications>
                </item>
                <item>
                    <name>41-Sys Exhaust</name>
                    <type>IPMI</type>
                    <key>41-SysExhaust</key>
                    <delay>3600</delay>
                    <history>7d</history>
                    <value_type>FLOAT</value_type>
                    <units>°C</units>
                    <ipmi_sensor>41-Sys Exhaust</ipmi_sensor>
                    <applications>
                        <application>
                            <name>Hardware</name>
                        </application>
                        <application>
                            <name>Temp</name>
                        </application>
                    </applications>
                </item>
                <item>
                    <name>42-SuperCAP Max</name>
                    <type>IPMI</type>
                    <key>42-SuperCAPMax</key>
                    <delay>3600</delay>
                    <history>7d</history>
                    <value_type>FLOAT</value_type>
                    <units>°C</units>
                    <ipmi_sensor>42-SuperCAP Max</ipmi_sensor>
                    <applications>
                        <application>
                            <name>Hardware</name>
                        </application>
                        <application>
                            <name>Temp</name>
                        </application>
                    </applications>
                </item>
                <item>
                    <name>C1 P1I Bay 1</name>
                    <type>IPMI</type>
                    <key>C1P1IBay1</key>
                    <delay>3600</delay>
                    <history>7d</history>
                    <ipmi_sensor>C1 P1I Bay 1</ipmi_sensor>
                    <applications>
                        <application>
                            <name>Drives</name>
                        </application>
                        <application>
                            <name>Hardware</name>
                        </application>
                    </applications>
                </item>
                <item>
                    <name>C1 P1I Bay 2</name>
                    <type>IPMI</type>
                    <key>C1P1IBay2</key>
                    <delay>3600</delay>
                    <history>7d</history>
                    <ipmi_sensor>C1 P1I Bay 2</ipmi_sensor>
                    <applications>
                        <application>
                            <name>Drives</name>
                        </application>
                        <application>
                            <name>Hardware</name>
                        </application>
                    </applications>
                </item>
                <item>
                    <name>C1 P1I Bay 3</name>
                    <type>IPMI</type>
                    <key>C1P1IBay3</key>
                    <delay>3600</delay>
                    <history>7d</history>
                    <ipmi_sensor>C1 P1I Bay 3</ipmi_sensor>
                    <applications>
                        <application>
                            <name>Drives</name>
                        </application>
                        <application>
                            <name>Hardware</name>
                        </application>
                    </applications>
                </item>
                <item>
                    <name>C1 P1I Bay 4</name>
                    <type>IPMI</type>
                    <key>C1P1IBay4</key>
                    <delay>3600</delay>
                    <history>7d</history>
                    <ipmi_sensor>C1 P1I Bay 4</ipmi_sensor>
                    <applications>
                        <application>
                            <name>Drives</name>
                        </application>
                        <application>
                            <name>Hardware</name>
                        </application>
                    </applications>
                </item>
                <item>
                    <name>C1 P2I Bay 5</name>
                    <type>IPMI</type>
                    <key>C1P2IBay5</key>
                    <delay>3600</delay>
                    <history>7d</history>
                    <ipmi_sensor>C1 P2I Bay 5</ipmi_sensor>
                    <applications>
                        <application>
                            <name>Drives</name>
                        </application>
                        <application>
                            <name>Hardware</name>
                        </application>
                    </applications>
                </item>
                <item>
                    <name>C1 P2I Bay 6</name>
                    <type>IPMI</type>
                    <key>C1P2IBay6</key>
                    <delay>3600</delay>
                    <history>7d</history>
                    <ipmi_sensor>C1 P2I Bay 6</ipmi_sensor>
                    <applications>
                        <application>
                            <name>Drives</name>
                        </application>
                        <application>
                            <name>Hardware</name>
                        </application>
                    </applications>
                </item>
                <item>
                    <name>C1 P2I Bay 7</name>
                    <type>IPMI</type>
                    <key>C1P2IBay7</key>
                    <delay>3600</delay>
                    <history>7d</history>
                    <ipmi_sensor>C1 P2I Bay 7</ipmi_sensor>
                    <applications>
                        <application>
                            <name>Drives</name>
                        </application>
                        <application>
                            <name>Hardware</name>
                        </application>
                    </applications>
                </item>
                <item>
                    <name>C1 P2I Bay 8</name>
                    <type>IPMI</type>
                    <key>C1P2IBay8</key>
                    <delay>3600</delay>
                    <history>7d</history>
                    <ipmi_sensor>C1 P2I Bay 8</ipmi_sensor>
                    <applications>
                        <application>
                            <name>Drives</name>
                        </application>
                        <application>
                            <name>Hardware</name>
                        </application>
                    </applications>
                </item>
                <item>
                    <name>Fan Block 1</name>
                    <type>IPMI</type>
                    <key>FanBlock1</key>
                    <delay>3600</delay>
                    <history>7d</history>
                    <value_type>FLOAT</value_type>
                    <units>% Speed</units>
                    <ipmi_sensor>Fan Block 1</ipmi_sensor>
                    <applications>
                        <application>
                            <name>Fan</name>
                        </application>
                        <application>
                            <name>Hardware</name>
                        </application>
                    </applications>
                </item>
                <item>
                    <name>Fan Block 2</name>
                    <type>IPMI</type>
                    <key>FanBlock2</key>
                    <delay>3600</delay>
                    <history>7d</history>
                    <value_type>FLOAT</value_type>
                    <units>% Speed</units>
                    <ipmi_sensor>Fan Block 2</ipmi_sensor>
                    <applications>
                        <application>
                            <name>Fan</name>
                        </application>
                        <application>
                            <name>Hardware</name>
                        </application>
                    </applications>
                </item>
                <item>
                    <name>Fan Block 3</name>
                    <type>IPMI</type>
                    <key>FanBlock3</key>
                    <delay>3600</delay>
                    <history>7d</history>
                    <value_type>FLOAT</value_type>
                    <units>% Speed</units>
                    <ipmi_sensor>Fan Block 3</ipmi_sensor>
                    <applications>
                        <application>
                            <name>Fan</name>
                        </application>
                        <application>
                            <name>Hardware</name>
                        </application>
                    </applications>
                </item>
                <item>
                    <name>Fan Block 4</name>
                    <type>IPMI</type>
                    <key>FanBlock4</key>
                    <delay>3600</delay>
                    <history>7d</history>
                    <value_type>FLOAT</value_type>
                    <units>% Speed</units>
                    <ipmi_sensor>Fan Block 4</ipmi_sensor>
                    <applications>
                        <application>
                            <name>Fan</name>
                        </application>
                        <application>
                            <name>Hardware</name>
                        </application>
                    </applications>
                </item>
                <item>
                    <name>Fan Block 5</name>
                    <type>IPMI</type>
                    <key>FanBlock5</key>
                    <delay>3600</delay>
                    <history>7d</history>
                    <value_type>FLOAT</value_type>
                    <units>% Speed</units>
                    <ipmi_sensor>Fan Block 5</ipmi_sensor>
                    <applications>
                        <application>
                            <name>Fan</name>
                        </application>
                        <application>
                            <name>Hardware</name>
                        </application>
                    </applications>
                    <valuemap>
                        <name>Server HP Fan</name>
                    </valuemap>
                </item>
                <item>
                    <name>Fan Block 6</name>
                    <type>IPMI</type>
                    <key>FanBlock6</key>
                    <delay>3600</delay>
                    <history>7d</history>
                    <value_type>FLOAT</value_type>
                    <units>% Speed</units>
                    <ipmi_sensor>Fan Block 6</ipmi_sensor>
                    <applications>
                        <application>
                            <name>Fan</name>
                        </application>
                        <application>
                            <name>Hardware</name>
                        </application>
                    </applications>
                    <valuemap>
                        <name>Server HP Fan</name>
                    </valuemap>
                </item>
                <item>
                    <name>Fan Block 7</name>
                    <type>IPMI</type>
                    <key>FanBlock7</key>
                    <delay>3600</delay>
                    <history>7d</history>
                    <value_type>FLOAT</value_type>
                    <units>% Speed</units>
                    <ipmi_sensor>Fan Block 7</ipmi_sensor>
                    <applications>
                        <application>
                            <name>Fan</name>
                        </application>
                        <application>
                            <name>Hardware</name>
                        </application>
                    </applications>
                </item>
                <item>
                    <name>Fan Block 8</name>
                    <type>IPMI</type>
                    <key>FanBlock8</key>
                    <delay>3600</delay>
                    <history>7d</history>
                    <value_type>FLOAT</value_type>
                    <units>% Speed</units>
                    <ipmi_sensor>Fan Block 8</ipmi_sensor>
                    <applications>
                        <application>
                            <name>Fan</name>
                        </application>
                        <application>
                            <name>Hardware</name>
                        </application>
                    </applications>
                </item>
                <item>
                    <name>Fans</name>
                    <type>IPMI</type>
                    <key>Fans</key>
                    <delay>3600</delay>
                    <history>7d</history>
                    <ipmi_sensor>Fans</ipmi_sensor>
                    <applications>
                        <application>
                            <name>Hardware</name>
                        </application>
                        <application>
                            <name>Health</name>
                        </application>
                    </applications>
                    <valuemap>
                        <name>Server HP Fan</name>
                    </valuemap>
                    <triggers>
                        <trigger>
                            <expression>{last()}=0</expression>
                            <name>Fan error on {HOSTNAME}</name>
                            <priority>AVERAGE</priority>
                        </trigger>
                    </triggers>
                </item>
                <item>
                    <name>Memory</name>
                    <type>IPMI</type>
                    <key>Memory</key>
                    <delay>3600</delay>
                    <history>7d</history>
                    <ipmi_sensor>Memory</ipmi_sensor>
                    <applications>
                        <application>
                            <name>Hardware</name>
                        </application>
                        <application>
                            <name>Health</name>
                        </application>
                    </applications>
                    <valuemap>
                        <name>Server HP Health</name>
                    </valuemap>
                    <triggers>
                        <trigger>
                            <expression>{last()}=1</expression>
                            <name>Memory error on {HOSTNAME}</name>
                            <priority>HIGH</priority>
                        </trigger>
                    </triggers>
                </item>
                <item>
                    <name>Power Meter</name>
                    <type>IPMI</type>
                    <key>PowerMeter</key>
                    <delay>3600</delay>
                    <history>7d</history>
                    <value_type>FLOAT</value_type>
                    <ipmi_sensor>Power Meter</ipmi_sensor>
                    <applications>
                        <application>
                            <name>Hardware</name>
                        </application>
                        <application>
                            <name>Power</name>
                        </application>
                    </applications>
                </item>
                <item>
                    <name>Power Supplies</name>
                    <type>IPMI</type>
                    <key>PowerSupplies</key>
                    <delay>3600</delay>
                    <history>7d</history>
                    <value_type>FLOAT</value_type>
                    <ipmi_sensor>Power Supplies</ipmi_sensor>
                    <applications>
                        <application>
                            <name>Hardware</name>
                        </application>
                        <application>
                            <name>Power</name>
                        </application>
                    </applications>
                </item>
                <item>
                    <name>Power Supply 1</name>
                    <type>IPMI</type>
                    <key>PowerSupply1</key>
                    <delay>3600</delay>
                    <history>7d</history>
                    <value_type>FLOAT</value_type>
                    <ipmi_sensor>Power Supply 1</ipmi_sensor>
                    <applications>
                        <application>
                            <name>Hardware</name>
                        </application>
                        <application>
                            <name>Power</name>
                        </application>
                    </applications>
                </item>
                <item>
                    <name>Power Supply 2</name>
                    <type>IPMI</type>
                    <key>PowerSupply2</key>
                    <delay>3600</delay>
                    <history>7d</history>
                    <value_type>FLOAT</value_type>
                    <ipmi_sensor>Power Supply 2</ipmi_sensor>
                    <applications>
                        <application>
                            <name>Hardware</name>
                        </application>
                        <application>
                            <name>Power</name>
                        </application>
                    </applications>
                </item>
                <item>
                    <name>Sys Health LED</name>
                    <type>IPMI</type>
                    <key>SysHealthLED</key>
                    <delay>3600</delay>
                    <history>7d</history>
                    <ipmi_sensor>Sys. Health LED</ipmi_sensor>
                    <applications>
                        <application>
                            <name>Hardware</name>
                        </application>
                        <application>
                            <name>Health</name>
                        </application>
                    </applications>
                    <valuemap>
                        <name>Server HP Fan</name>
                    </valuemap>
                    <triggers>
                        <trigger>
                            <expression>{last()}=0</expression>
                            <name>Sys. Health LED error on {HOSTNAME}</name>
                            <priority>HIGH</priority>
                        </trigger>
                    </triggers>
                </item>
                <item>
                    <name>UIDLight</name>
                    <type>IPMI</type>
                    <key>UIDLight</key>
                    <delay>3600</delay>
                    <history>7d</history>
                    <ipmi_sensor>UID Light</ipmi_sensor>
                    <applications>
                        <application>
                            <name>Hardware</name>
                        </application>
                        <application>
                            <name>Health</name>
                        </application>
                    </applications>
                    <valuemap>
                        <name>Server HP Health</name>
                    </valuemap>
                    <triggers>
                        <trigger>
                            <expression>{nodata(10800)}=1</expression>
                            <name>3h with No data from IPMI interface</name>
                            <priority>HIGH</priority>
                        </trigger>
                    </triggers>
                </item>
            </items>
        </template>
    </templates>
    <triggers>
        <trigger>
            <expression>{IPMI HP DL360p Gen8:02-CPU1.last()}&gt;70 or {IPMI HP DL360p Gen8:03-CPU2.last()}&gt;70</expression>
            <name>CPU temperature critical on {HOSTNAME}</name>
            <priority>HIGH</priority>
        </trigger>
        <trigger>
            <expression>{IPMI HP DL360p Gen8:C1P1IBay1.last()}=0 or {IPMI HP DL360p Gen8:C1P1IBay2.last()}=0 or {IPMI HP DL360p Gen8:C1P1IBay3.last()}=0 or {IPMI HP DL360p Gen8:C1P1IBay4.last()}=0 or &#13;
{IPMI HP DL360p Gen8:C1P2IBay5.last()}=0 or &#13;
{IPMI HP DL360p Gen8:C1P2IBay6.last()}=0 or &#13;
{IPMI HP DL360p Gen8:C1P2IBay7.last()}=0 or &#13;
{IPMI HP DL360p Gen8:C1P2IBay8.last()}=0</expression>
            <name>Disk failure on {HOSTNAME}</name>
            <priority>HIGH</priority>
        </trigger>
        <trigger>
            <expression>{IPMI HP DL360p Gen8:PowerSupply1.last()}=0 or {IPMI HP DL360p Gen8:PowerSupply2.last()}=0</expression>
            <name>Power supply failure on {HOSTNAME}</name>
            <priority>HIGH</priority>
        </trigger>
        <trigger>
            <expression>{IPMI HP DL360p Gen8:C1P1IBay1.last()}&gt;1 or {IPMI HP DL360p Gen8:C1P1IBay2.last()}&gt;1 or {IPMI HP DL360p Gen8:C1P1IBay3.last()}&gt;1 or {IPMI HP DL360p Gen8:C1P1IBay4.last()}&gt;1 or {IPMI HP DL360p Gen8:C1P2IBay5.last()}&gt;1 or {IPMI HP DL360p Gen8:C1P2IBay6.last()}&gt;1 or {IPMI HP DL360p Gen8:C1P2IBay7.last()}&gt;1 or {IPMI HP DL360p Gen8:C1P2IBay8.last()}&gt;1</expression>
            <name>Predictive Disk errors on {HOSTNAME}</name>
            <url>http://{HOST.CONN}</url>
            <priority>AVERAGE</priority>
        </trigger>
    </triggers>
    <graphs>
        <graph>
            <name>CPU</name>
            <ymax_type_1>FIXED</ymax_type_1>
            <graph_items>
                <graph_item>
                    <color>0000EE</color>
                    <item>
                        <host>IPMI HP DL360p Gen8</host>
                        <key>02-CPU1</key>
                    </item>
                </graph_item>
                <graph_item>
                    <sortorder>1</sortorder>
                    <color>00C800</color>
                    <item>
                        <host>IPMI HP DL360p Gen8</host>
                        <key>03-CPU2</key>
                    </item>
                </graph_item>
            </graph_items>
        </graph>
    </graphs>
    <value_maps>
        <value_map>
            <name>Server HP Fan</name>
            <mappings>
                <mapping>
                    <value>0</value>
                    <newvalue>Failure</newvalue>
                </mapping>
                <mapping>
                    <value>1</value>
                    <newvalue>OK</newvalue>
                </mapping>
            </mappings>
        </value_map>
        <value_map>
            <name>Server HP Health</name>
            <mappings>
                <mapping>
                    <value>0</value>
                    <newvalue>OK</newvalue>
                </mapping>
                <mapping>
                    <value>1</value>
                    <newvalue>Error</newvalue>
                </mapping>
            </mappings>
        </value_map>
    </value_maps>
</zabbix_export>
