<?xml version="1.0" encoding="UTF-8"?>
<zabbix_export>
    <version>4.4</version>
    <date>2019-11-11T14:14:56Z</date>
    <groups>
        <group>
            <name>Templates Hardware</name>
        </group>
    </groups>
    <templates>
        <template>
            <template>IPMI HP DL360p Gen8 without Drives</template>
            <name>IPMI HP DL360p Gen8 without Drives</name>
            <groups>
                <group>
                    <name>Templates Hardware</name>
                </group>
            </groups>
            <applications>
                <application>
                    <name>Fan</name>
                </application>
                <application>
                    <name>Hardware</name>
                </application>
                <application>
                    <name>Health</name>
                </application>
                <application>
                    <name>Power</name>
                </application>
                <application>
                    <name>Temp</name>
                </application>
            </applications>
            <items>
                <item>
                    <name>01-Inlet Ambient</name>
                    <type>IPMI</type>
                    <key>01-InletAmbient</key>
                    <delay>3600</delay>
                    <history>7d</history>
                    <value_type>FLOAT</value_type>
                    <units>°C</units>
                    <ipmi_sensor>01-Inlet Ambient</ipmi_sensor>
                    <applications>
                        <application>
                            <name>Hardware</name>
                        </application>
                        <application>
                            <name>Temp</name>
                        </application>
                    </applications>
                    <triggers>
                        <trigger>
                            <expression>{last()}&gt;40</expression>
                            <name>InletAmbient Temp is very High</name>
                            <priority>HIGH</priority>
                        </trigger>
                    </triggers>
                </item>
                <item>
                    <name>02-CPU 1</name>
                    <type>IPMI</type>
                    <key>02-CPU1</key>
                    <delay>3600</delay>
                    <history>7d</history>
                    <value_type>FLOAT</value_type>
                    <units>°C</units>
                    <ipmi_sensor>02-CPU 1</ipmi_sensor>
                    <applications>
                        <application>
                            <name>Hardware</name>
                        </application>
                        <application>
                            <name>Temp</name>
                        </application>
                    </applications>
                </item>
                <item>
                    <name>03-CPU 2</name>
                    <type>IPMI</type>
                    <key>03-CPU2</key>
                    <delay>3600</delay>
                    <history>7d</history>
                    <value_type>FLOAT</value_type>
                    <units>°C</units>
                    <ipmi_sensor>03-CPU 2</ipmi_sensor>
                    <applications>
                        <application>
                            <name>Hardware</name>
                        </application>
                        <application>
                            <name>Temp</name>
                        </application>
                    </applications>
                </item>
                <item>
                    <name>12-HD Max</name>
                    <type>IPMI</type>
                    <key>12-HDMax</key>
                    <delay>3600</delay>
                    <history>7d</history>
                    <value_type>FLOAT</value_type>
                    <units>°C</units>
                    <ipmi_sensor>12-HD Max</ipmi_sensor>
                    <applications>
                        <application>
                            <name>Hardware</name>
                        </application>
                        <application>
                            <name>Temp</name>
                        </application>
                    </applications>
                    <triggers>
                        <trigger>
                            <expression>{last()}&gt;60</expression>
                            <name>HD Temperature is very High</name>
                            <priority>HIGH</priority>
                        </trigger>
                    </triggers>
                </item>
                <item>
                    <name>13-Chipset 1</name>
                    <type>IPMI</type>
                    <key>13-Chipset1</key>
                    <delay>3600</delay>
                    <history>7d</history>
                    <value_type>FLOAT</value_type>
                    <units>°C</units>
                    <ipmi_sensor>13-Chipset 1</ipmi_sensor>
                    <applications>
                        <application>
                            <name>Hardware</name>
                        </application>
                        <application>
                            <name>Temp</name>
                        </application>
                    </applications>
                    <triggers>
                        <trigger>
                            <expression>{last()}&gt;100</expression>
                            <name>Chipset Temp is very High!</name>
                            <priority>HIGH</priority>
                        </trigger>
                    </triggers>
                </item>
                <item>
                    <name>37-System Board</name>
                    <type>IPMI</type>
                    <key>37-SystemBoard</key>
                    <delay>3600</delay>
                    <history>7d</history>
                    <value_type>FLOAT</value_type>
                    <units>°C</units>
                    <ipmi_sensor>37-System Board</ipmi_sensor>
                    <applications>
                        <application>
                            <name>Hardware</name>
                        </application>
                        <application>
                            <name>Temp</name>
                        </application>
                    </applications>
                    <triggers>
                        <trigger>
                            <expression>{last()}&gt;70</expression>
                            <name>System Board Temp is very High!</name>
                            <priority>HIGH</priority>
                        </trigger>
                    </triggers>
                </item>
                <item>
                    <name>Fan Block 1</name>
                    <type>IPMI</type>
                    <key>FanBlock1</key>
                    <delay>3600</delay>
                    <history>7d</history>
                    <value_type>FLOAT</value_type>
                    <ipmi_sensor>Fan Block 1</ipmi_sensor>
                    <applications>
                        <application>
                            <name>Fan</name>
                        </application>
                        <application>
                            <name>Hardware</name>
                        </application>
                    </applications>
                    <valuemap>
                        <name>Server HP Fan</name>
                    </valuemap>
                </item>
                <item>
                    <name>Fan Block 2</name>
                    <type>IPMI</type>
                    <key>FanBlock2</key>
                    <delay>3600</delay>
                    <history>7d</history>
                    <value_type>FLOAT</value_type>
                    <ipmi_sensor>Fan Block 2</ipmi_sensor>
                    <applications>
                        <application>
                            <name>Fan</name>
                        </application>
                        <application>
                            <name>Hardware</name>
                        </application>
                    </applications>
                    <valuemap>
                        <name>Server HP Fan</name>
                    </valuemap>
                </item>
                <item>
                    <name>Fan Block 3</name>
                    <type>IPMI</type>
                    <key>FanBlock3</key>
                    <delay>3600</delay>
                    <history>7d</history>
                    <value_type>FLOAT</value_type>
                    <ipmi_sensor>Fan Block 3</ipmi_sensor>
                    <applications>
                        <application>
                            <name>Fan</name>
                        </application>
                        <application>
                            <name>Hardware</name>
                        </application>
                    </applications>
                    <valuemap>
                        <name>Server HP Fan</name>
                    </valuemap>
                </item>
                <item>
                    <name>Fan Block 4</name>
                    <type>IPMI</type>
                    <key>FanBlock4</key>
                    <delay>3600</delay>
                    <history>7d</history>
                    <value_type>FLOAT</value_type>
                    <ipmi_sensor>Fan Block 4</ipmi_sensor>
                    <applications>
                        <application>
                            <name>Fan</name>
                        </application>
                        <application>
                            <name>Hardware</name>
                        </application>
                    </applications>
                    <valuemap>
                        <name>Server HP Fan</name>
                    </valuemap>
                </item>
                <item>
                    <name>Fan Block 5</name>
                    <type>IPMI</type>
                    <key>FanBlock5</key>
                    <delay>3600</delay>
                    <history>7d</history>
                    <value_type>FLOAT</value_type>
                    <ipmi_sensor>Fan Block 5</ipmi_sensor>
                    <applications>
                        <application>
                            <name>Fan</name>
                        </application>
                        <application>
                            <name>Hardware</name>
                        </application>
                    </applications>
                    <valuemap>
                        <name>Server HP Fan</name>
                    </valuemap>
                </item>
                <item>
                    <name>Fan Block 6</name>
                    <type>IPMI</type>
                    <key>FanBlock6</key>
                    <delay>3600</delay>
                    <history>7d</history>
                    <value_type>FLOAT</value_type>
                    <ipmi_sensor>Fan Block 6</ipmi_sensor>
                    <applications>
                        <application>
                            <name>Fan</name>
                        </application>
                        <application>
                            <name>Hardware</name>
                        </application>
                    </applications>
                    <valuemap>
                        <name>Server HP Fan</name>
                    </valuemap>
                </item>
                <item>
                    <name>Fan Block 7</name>
                    <type>IPMI</type>
                    <key>FanBlock7</key>
                    <delay>3600</delay>
                    <history>7d</history>
                    <value_type>FLOAT</value_type>
                    <ipmi_sensor>Fan Block 7</ipmi_sensor>
                    <applications>
                        <application>
                            <name>Fan</name>
                        </application>
                        <application>
                            <name>Hardware</name>
                        </application>
                    </applications>
                    <valuemap>
                        <name>Server HP Fan</name>
                    </valuemap>
                </item>
                <item>
                    <name>Fan Block 8</name>
                    <type>IPMI</type>
                    <key>FanBlock8</key>
                    <delay>3600</delay>
                    <history>7d</history>
                    <value_type>FLOAT</value_type>
                    <ipmi_sensor>Fan Block 8</ipmi_sensor>
                    <applications>
                        <application>
                            <name>Fan</name>
                        </application>
                        <application>
                            <name>Hardware</name>
                        </application>
                    </applications>
                    <valuemap>
                        <name>Server HP Fan</name>
                    </valuemap>
                </item>
                <item>
                    <name>Fans</name>
                    <type>IPMI</type>
                    <key>Fans</key>
                    <delay>3600</delay>
                    <history>7d</history>
                    <ipmi_sensor>Fans</ipmi_sensor>
                    <applications>
                        <application>
                            <name>Hardware</name>
                        </application>
                        <application>
                            <name>Health</name>
                        </application>
                    </applications>
                    <valuemap>
                        <name>Server HP Fan</name>
                    </valuemap>
                    <triggers>
                        <trigger>
                            <expression>{last()}=0</expression>
                            <name>Fan error</name>
                            <priority>HIGH</priority>
                        </trigger>
                    </triggers>
                </item>
                <item>
                    <name>Memory</name>
                    <type>IPMI</type>
                    <key>Memory</key>
                    <delay>3600</delay>
                    <history>7d</history>
                    <ipmi_sensor>Memory</ipmi_sensor>
                    <applications>
                        <application>
                            <name>Hardware</name>
                        </application>
                        <application>
                            <name>Health</name>
                        </application>
                    </applications>
                    <valuemap>
                        <name>Server HP Health</name>
                    </valuemap>
                    <triggers>
                        <trigger>
                            <expression>{last()}=1</expression>
                            <name>Memory error</name>
                            <priority>HIGH</priority>
                        </trigger>
                    </triggers>
                </item>
                <item>
                    <name>Power Meter</name>
                    <type>IPMI</type>
                    <key>PowerMeter</key>
                    <delay>3600</delay>
                    <history>7d</history>
                    <value_type>FLOAT</value_type>
                    <ipmi_sensor>Power Meter</ipmi_sensor>
                    <applications>
                        <application>
                            <name>Hardware</name>
                        </application>
                        <application>
                            <name>Power</name>
                        </application>
                    </applications>
                </item>
                <item>
                    <name>Power Supply 1</name>
                    <type>IPMI</type>
                    <key>PowerSupply1</key>
                    <delay>3600</delay>
                    <history>7d</history>
                    <value_type>FLOAT</value_type>
                    <ipmi_sensor>Power Supply 1</ipmi_sensor>
                    <applications>
                        <application>
                            <name>Hardware</name>
                        </application>
                        <application>
                            <name>Power</name>
                        </application>
                    </applications>
                </item>
                <item>
                    <name>Power Supply 2</name>
                    <type>IPMI</type>
                    <key>PowerSupply2</key>
                    <delay>3600</delay>
                    <history>7d</history>
                    <value_type>FLOAT</value_type>
                    <ipmi_sensor>Power Supply 2</ipmi_sensor>
                    <applications>
                        <application>
                            <name>Hardware</name>
                        </application>
                        <application>
                            <name>Power</name>
                        </application>
                    </applications>
                </item>
                <item>
                    <name>Sys Health LED</name>
                    <type>SNMPV2</type>
                    <snmp_community>public</snmp_community>
                    <snmp_oid>1.3.6.1.4.1.232.6.1.3.0</snmp_oid>
                    <key>SysHealthLED</key>
                    <delay>600</delay>
                    <history>7d</history>
                    <port>161</port>
                    <applications>
                        <application>
                            <name>Hardware</name>
                        </application>
                        <application>
                            <name>Health</name>
                        </application>
                    </applications>
                    <triggers>
                        <trigger>
                            <expression>{nodata(3h)}=1</expression>
                            <name>3h with No data from SNMP iLO interface</name>
                            <priority>HIGH</priority>
                        </trigger>
                        <trigger>
                            <expression>{last()}=3</expression>
                            <name>Sys. Health LED error</name>
                            <priority>HIGH</priority>
                        </trigger>
                    </triggers>
                </item>
                <item>
                    <name>UIDLight</name>
                    <type>IPMI</type>
                    <key>UIDLight</key>
                    <delay>1800</delay>
                    <history>7d</history>
                    <ipmi_sensor>UID Light</ipmi_sensor>
                    <applications>
                        <application>
                            <name>Hardware</name>
                        </application>
                        <application>
                            <name>Health</name>
                        </application>
                    </applications>
                    <triggers>
                        <trigger>
                            <expression>{nodata(6h)}=1</expression>
                            <name>6h with No data from IPMI iLO interface</name>
                            <priority>HIGH</priority>
                        </trigger>
                    </triggers>
                </item>
            </items>
        </template>
    </templates>
    <triggers>
        <trigger>
            <expression>{IPMI HP DL360p Gen8 without Drives:02-CPU1.last()}&gt;70 or {IPMI HP DL360p Gen8 without Drives:03-CPU2.last()}&gt;70</expression>
            <name>CPU temperature critical</name>
            <priority>HIGH</priority>
        </trigger>
        <trigger>
            <expression>{IPMI HP DL360p Gen8 without Drives:FanBlock1.last()}&lt;&gt;1 or {IPMI HP DL360p Gen8 without Drives:FanBlock2.last()}&lt;&gt;1 or {IPMI HP DL360p Gen8 without Drives:FanBlock3.last()}&lt;&gt;1 or {IPMI HP DL360p Gen8 without Drives:FanBlock4.last()}&lt;&gt;1 or {IPMI HP DL360p Gen8 without Drives:FanBlock5.last()}&lt;&gt;1 or {IPMI HP DL360p Gen8 without Drives:FanBlock6.last()}&lt;&gt;1 or {IPMI HP DL360p Gen8 without Drives:FanBlock7.last()}&lt;&gt;1 or {IPMI HP DL360p Gen8 without Drives:FanBlock8.last()}&lt;&gt;1</expression>
            <name>Fan failed</name>
            <priority>HIGH</priority>
        </trigger>
        <trigger>
            <expression>{IPMI HP DL360p Gen8 without Drives:PowerSupply1.last()}&lt;&gt;1 or {IPMI HP DL360p Gen8 without Drives:PowerSupply2.last()}&lt;&gt;1</expression>
            <name>Power supply failure</name>
            <priority>HIGH</priority>
        </trigger>
    </triggers>
    <graphs>
        <graph>
            <name>CPU</name>
            <ymax_type_1>FIXED</ymax_type_1>
            <graph_items>
                <graph_item>
                    <color>0000EE</color>
                    <item>
                        <host>IPMI HP DL360p Gen8 without Drives</host>
                        <key>02-CPU1</key>
                    </item>
                </graph_item>
                <graph_item>
                    <sortorder>1</sortorder>
                    <color>00C800</color>
                    <item>
                        <host>IPMI HP DL360p Gen8 without Drives</host>
                        <key>03-CPU2</key>
                    </item>
                </graph_item>
            </graph_items>
        </graph>
        <graph>
            <name>PowerMeter</name>
            <graph_items>
                <graph_item>
                    <color>1A7C11</color>
                    <item>
                        <host>IPMI HP DL360p Gen8 without Drives</host>
                        <key>PowerMeter</key>
                    </item>
                </graph_item>
            </graph_items>
        </graph>
    </graphs>
    <value_maps>
        <value_map>
            <name>Server HP Fan</name>
            <mappings>
                <mapping>
                    <value>0</value>
                    <newvalue>Failure</newvalue>
                </mapping>
                <mapping>
                    <value>1</value>
                    <newvalue>OK</newvalue>
                </mapping>
            </mappings>
        </value_map>
        <value_map>
            <name>Server HP Health</name>
            <mappings>
                <mapping>
                    <value>0</value>
                    <newvalue>OK</newvalue>
                </mapping>
                <mapping>
                    <value>1</value>
                    <newvalue>Error</newvalue>
                </mapping>
            </mappings>
        </value_map>
    </value_maps>
</zabbix_export>
