<?xml version="1.0" encoding="UTF-8"?>
<zabbix_export>
    <version>3.2</version>
    <date>2017-12-01T19:32:03Z</date>
    <groups>
        <group>
            <name>StoneGate</name>
        </group>
        <group>
            <name>Templates</name>
        </group>
    </groups>
    <templates>
        <template>
            <template>Template StoneGate - Firewall</template>
            <name>Template StoneGate (Firewall)</name>
            <description/>
            <groups>
                <group>
                    <name>StoneGate</name>
                </group>
            </groups>
            <applications>
                <application>
                    <name>Firewall</name>
                </application>
                <application>
                    <name>Hardware</name>
                </application>
                <application>
                    <name>Software</name>
                </application>
            </applications>
            <items>
                <item>
                    <name>Numero de pacotes aceitos</name>
                    <type>4</type>
                    <snmp_community>{$SNMP_COMMUNITY}</snmp_community>
                    <multiplier>0</multiplier>
                    <snmp_oid>STONESOFT-FIREWALL-MIB::fwAccepted.0</snmp_oid>
                    <key>fwAccepted</key>
                    <delay>30</delay>
                    <history>14</history>
                    <trends>365</trends>
                    <status>0</status>
                    <value_type>3</value_type>
                    <allowed_hosts/>
                    <units/>
                    <delta>0</delta>
                    <snmpv3_contextname/>
                    <snmpv3_securityname/>
                    <snmpv3_securitylevel>0</snmpv3_securitylevel>
                    <snmpv3_authprotocol>0</snmpv3_authprotocol>
                    <snmpv3_authpassphrase/>
                    <snmpv3_privprotocol>0</snmpv3_privprotocol>
                    <snmpv3_privpassphrase/>
                    <formula>1</formula>
                    <delay_flex/>
                    <params/>
                    <ipmi_sensor/>
                    <data_type>0</data_type>
                    <authtype>0</authtype>
                    <username/>
                    <password/>
                    <publickey/>
                    <privatekey/>
                    <port>161</port>
                    <description/>
                    <inventory_link>0</inventory_link>
                    <applications>
                        <application>
                            <name>Firewall</name>
                        </application>
                    </applications>
                    <valuemap/>
                    <logtimefmt/>
                </item>
                <item>
                    <name>Numero de conexões ativas</name>
                    <type>4</type>
                    <snmp_community>{$SNMP_COMMUNITY}</snmp_community>
                    <multiplier>0</multiplier>
                    <snmp_oid>STONESOFT-FIREWALL-MIB::fwConnNumber.0</snmp_oid>
                    <key>fwConnNumber.0</key>
                    <delay>30</delay>
                    <history>14</history>
                    <trends>365</trends>
                    <status>0</status>
                    <value_type>3</value_type>
                    <allowed_hosts/>
                    <units/>
                    <delta>0</delta>
                    <snmpv3_contextname/>
                    <snmpv3_securityname/>
                    <snmpv3_securitylevel>0</snmpv3_securitylevel>
                    <snmpv3_authprotocol>0</snmpv3_authprotocol>
                    <snmpv3_authpassphrase/>
                    <snmpv3_privprotocol>0</snmpv3_privprotocol>
                    <snmpv3_privpassphrase/>
                    <formula>1</formula>
                    <delay_flex/>
                    <params/>
                    <ipmi_sensor/>
                    <data_type>0</data_type>
                    <authtype>0</authtype>
                    <username/>
                    <password/>
                    <publickey/>
                    <privatekey/>
                    <port>161</port>
                    <description/>
                    <inventory_link>0</inventory_link>
                    <applications>
                        <application>
                            <name>Firewall</name>
                        </application>
                    </applications>
                    <valuemap/>
                    <logtimefmt/>
                </item>
                <item>
                    <name>Numero de pacotes descartados</name>
                    <type>4</type>
                    <snmp_community>{$SNMP_COMMUNITY}</snmp_community>
                    <multiplier>0</multiplier>
                    <snmp_oid>STONESOFT-FIREWALL-MIB::fwDropped.0</snmp_oid>
                    <key>fwDropped</key>
                    <delay>30</delay>
                    <history>14</history>
                    <trends>365</trends>
                    <status>0</status>
                    <value_type>3</value_type>
                    <allowed_hosts/>
                    <units/>
                    <delta>0</delta>
                    <snmpv3_contextname/>
                    <snmpv3_securityname/>
                    <snmpv3_securitylevel>0</snmpv3_securitylevel>
                    <snmpv3_authprotocol>0</snmpv3_authprotocol>
                    <snmpv3_authpassphrase/>
                    <snmpv3_privprotocol>0</snmpv3_privprotocol>
                    <snmpv3_privpassphrase/>
                    <formula>1</formula>
                    <delay_flex/>
                    <params/>
                    <ipmi_sensor/>
                    <data_type>0</data_type>
                    <authtype>0</authtype>
                    <username/>
                    <password/>
                    <publickey/>
                    <privatekey/>
                    <port>161</port>
                    <description/>
                    <inventory_link>0</inventory_link>
                    <applications>
                        <application>
                            <name>Firewall</name>
                        </application>
                    </applications>
                    <valuemap/>
                    <logtimefmt/>
                </item>
                <item>
                    <name>Memória Física Total</name>
                    <type>4</type>
                    <snmp_community>{$SNMP_COMMUNITY}</snmp_community>
                    <multiplier>0</multiplier>
                    <snmp_oid>STONESOFT-FIREWALL-MIB::fwMemBytesTotal.0</snmp_oid>
                    <key>fwMemBytesTotal</key>
                    <delay>30</delay>
                    <history>14</history>
                    <trends>365</trends>
                    <status>0</status>
                    <value_type>3</value_type>
                    <allowed_hosts/>
                    <units>B</units>
                    <delta>0</delta>
                    <snmpv3_contextname/>
                    <snmpv3_securityname/>
                    <snmpv3_securitylevel>0</snmpv3_securitylevel>
                    <snmpv3_authprotocol>0</snmpv3_authprotocol>
                    <snmpv3_authpassphrase/>
                    <snmpv3_privprotocol>0</snmpv3_privprotocol>
                    <snmpv3_privpassphrase/>
                    <formula>1</formula>
                    <delay_flex/>
                    <params/>
                    <ipmi_sensor/>
                    <data_type>0</data_type>
                    <authtype>0</authtype>
                    <username/>
                    <password/>
                    <publickey/>
                    <privatekey/>
                    <port>161</port>
                    <description/>
                    <inventory_link>0</inventory_link>
                    <applications>
                        <application>
                            <name>Firewall</name>
                        </application>
                    </applications>
                    <valuemap/>
                    <logtimefmt/>
                </item>
                <item>
                    <name>Memória Física Utilizada</name>
                    <type>4</type>
                    <snmp_community>{$SNMP_COMMUNITY}</snmp_community>
                    <multiplier>0</multiplier>
                    <snmp_oid>STONESOFT-FIREWALL-MIB::fwMemBytesUsed.0</snmp_oid>
                    <key>fwMemBytesUsed</key>
                    <delay>30</delay>
                    <history>14</history>
                    <trends>365</trends>
                    <status>0</status>
                    <value_type>3</value_type>
                    <allowed_hosts/>
                    <units>B</units>
                    <delta>0</delta>
                    <snmpv3_contextname/>
                    <snmpv3_securityname/>
                    <snmpv3_securitylevel>0</snmpv3_securitylevel>
                    <snmpv3_authprotocol>0</snmpv3_authprotocol>
                    <snmpv3_authpassphrase/>
                    <snmpv3_privprotocol>0</snmpv3_privprotocol>
                    <snmpv3_privpassphrase/>
                    <formula>1</formula>
                    <delay_flex/>
                    <params/>
                    <ipmi_sensor/>
                    <data_type>0</data_type>
                    <authtype>0</authtype>
                    <username/>
                    <password/>
                    <publickey/>
                    <privatekey/>
                    <port>161</port>
                    <description/>
                    <inventory_link>0</inventory_link>
                    <applications>
                        <application>
                            <name>Firewall</name>
                        </application>
                    </applications>
                    <valuemap/>
                    <logtimefmt/>
                </item>
                <item>
                    <name>Numero de pacotes rejeitados</name>
                    <type>4</type>
                    <snmp_community>{$SNMP_COMMUNITY}</snmp_community>
                    <multiplier>0</multiplier>
                    <snmp_oid>STONESOFT-FIREWALL-MIB::fwRejected.0</snmp_oid>
                    <key>fwRejected.0</key>
                    <delay>30</delay>
                    <history>14</history>
                    <trends>365</trends>
                    <status>0</status>
                    <value_type>3</value_type>
                    <allowed_hosts/>
                    <units/>
                    <delta>0</delta>
                    <snmpv3_contextname/>
                    <snmpv3_securityname/>
                    <snmpv3_securitylevel>0</snmpv3_securitylevel>
                    <snmpv3_authprotocol>0</snmpv3_authprotocol>
                    <snmpv3_authpassphrase/>
                    <snmpv3_privprotocol>0</snmpv3_privprotocol>
                    <snmpv3_privpassphrase/>
                    <formula>1</formula>
                    <delay_flex/>
                    <params/>
                    <ipmi_sensor/>
                    <data_type>0</data_type>
                    <authtype>0</authtype>
                    <username/>
                    <password/>
                    <publickey/>
                    <privatekey/>
                    <port>161</port>
                    <description/>
                    <inventory_link>0</inventory_link>
                    <applications>
                        <application>
                            <name>Firewall</name>
                        </application>
                    </applications>
                    <valuemap/>
                    <logtimefmt/>
                </item>
                <item>
                    <name>Nome da politica de Segurança atua</name>
                    <type>4</type>
                    <snmp_community>{$SNMP_COMMUNITY}</snmp_community>
                    <multiplier>0</multiplier>
                    <snmp_oid>STONESOFT-FIREWALL-MIB::fwSecurityPolicy.0</snmp_oid>
                    <key>fwSecurityPolicy.0</key>
                    <delay>300</delay>
                    <history>14</history>
                    <trends>0</trends>
                    <status>0</status>
                    <value_type>4</value_type>
                    <allowed_hosts/>
                    <units/>
                    <delta>0</delta>
                    <snmpv3_contextname/>
                    <snmpv3_securityname/>
                    <snmpv3_securitylevel>0</snmpv3_securitylevel>
                    <snmpv3_authprotocol>0</snmpv3_authprotocol>
                    <snmpv3_authpassphrase/>
                    <snmpv3_privprotocol>0</snmpv3_privprotocol>
                    <snmpv3_privpassphrase/>
                    <formula>1</formula>
                    <delay_flex/>
                    <params/>
                    <ipmi_sensor/>
                    <data_type>0</data_type>
                    <authtype>0</authtype>
                    <username/>
                    <password/>
                    <publickey/>
                    <privatekey/>
                    <port>161</port>
                    <description/>
                    <inventory_link>0</inventory_link>
                    <applications>
                        <application>
                            <name>Firewall</name>
                        </application>
                    </applications>
                    <valuemap/>
                    <logtimefmt/>
                </item>
                <item>
                    <name>Versão do Software</name>
                    <type>4</type>
                    <snmp_community>{$SNMP_COMMUNITY}</snmp_community>
                    <multiplier>0</multiplier>
                    <snmp_oid>STONESOFT-FIREWALL-MIB::fwSoftwareVersion</snmp_oid>
                    <key>fwSoftwareVersion</key>
                    <delay>3600</delay>
                    <history>14</history>
                    <trends>365</trends>
                    <status>0</status>
                    <value_type>3</value_type>
                    <allowed_hosts/>
                    <units/>
                    <delta>0</delta>
                    <snmpv3_contextname/>
                    <snmpv3_securityname/>
                    <snmpv3_securitylevel>0</snmpv3_securitylevel>
                    <snmpv3_authprotocol>0</snmpv3_authprotocol>
                    <snmpv3_authpassphrase/>
                    <snmpv3_privprotocol>0</snmpv3_privprotocol>
                    <snmpv3_privpassphrase/>
                    <formula>1</formula>
                    <delay_flex/>
                    <params/>
                    <ipmi_sensor/>
                    <data_type>0</data_type>
                    <authtype>0</authtype>
                    <username/>
                    <password/>
                    <publickey/>
                    <privatekey/>
                    <port>161</port>
                    <description/>
                    <inventory_link>0</inventory_link>
                    <applications>
                        <application>
                            <name>Firewall</name>
                        </application>
                    </applications>
                    <valuemap/>
                    <logtimefmt/>
                </item>
                <item>
                    <name>Memória Swap Total</name>
                    <type>4</type>
                    <snmp_community>{$SNMP_COMMUNITY}</snmp_community>
                    <multiplier>0</multiplier>
                    <snmp_oid>STONESOFT-FIREWALL-MIB::fwSwapBytesTotal.0</snmp_oid>
                    <key>fwSwapBytesTotal</key>
                    <delay>30</delay>
                    <history>14</history>
                    <trends>365</trends>
                    <status>0</status>
                    <value_type>3</value_type>
                    <allowed_hosts/>
                    <units>B</units>
                    <delta>0</delta>
                    <snmpv3_contextname/>
                    <snmpv3_securityname/>
                    <snmpv3_securitylevel>0</snmpv3_securitylevel>
                    <snmpv3_authprotocol>0</snmpv3_authprotocol>
                    <snmpv3_authpassphrase/>
                    <snmpv3_privprotocol>0</snmpv3_privprotocol>
                    <snmpv3_privpassphrase/>
                    <formula>1</formula>
                    <delay_flex/>
                    <params/>
                    <ipmi_sensor/>
                    <data_type>0</data_type>
                    <authtype>0</authtype>
                    <username/>
                    <password/>
                    <publickey/>
                    <privatekey/>
                    <port>161</port>
                    <description/>
                    <inventory_link>0</inventory_link>
                    <applications>
                        <application>
                            <name>Firewall</name>
                        </application>
                    </applications>
                    <valuemap/>
                    <logtimefmt/>
                </item>
                <item>
                    <name>Memória Swap Utilizada</name>
                    <type>4</type>
                    <snmp_community>{$SNMP_COMMUNITY}</snmp_community>
                    <multiplier>0</multiplier>
                    <snmp_oid>STONESOFT-FIREWALL-MIB::fwSwapBytesUsed.0</snmp_oid>
                    <key>fwSwapBytesUsed</key>
                    <delay>30</delay>
                    <history>14</history>
                    <trends>365</trends>
                    <status>0</status>
                    <value_type>3</value_type>
                    <allowed_hosts/>
                    <units>B</units>
                    <delta>0</delta>
                    <snmpv3_contextname/>
                    <snmpv3_securityname/>
                    <snmpv3_securitylevel>0</snmpv3_securitylevel>
                    <snmpv3_authprotocol>0</snmpv3_authprotocol>
                    <snmpv3_authpassphrase/>
                    <snmpv3_privprotocol>0</snmpv3_privprotocol>
                    <snmpv3_privpassphrase/>
                    <formula>1</formula>
                    <delay_flex/>
                    <params/>
                    <ipmi_sensor/>
                    <data_type>0</data_type>
                    <authtype>0</authtype>
                    <username/>
                    <password/>
                    <publickey/>
                    <privatekey/>
                    <port>161</port>
                    <description/>
                    <inventory_link>0</inventory_link>
                    <applications>
                        <application>
                            <name>Firewall</name>
                        </application>
                    </applications>
                    <valuemap/>
                    <logtimefmt/>
                </item>
                <item>
                    <name>ClusterID</name>
                    <type>4</type>
                    <snmp_community>{$SNMP_COMMUNITY}</snmp_community>
                    <multiplier>0</multiplier>
                    <snmp_oid>STONESOFT-NETNODE-MIB::nodeClusterId</snmp_oid>
                    <key>nodeClusterId</key>
                    <delay>3600</delay>
                    <history>14</history>
                    <trends>365</trends>
                    <status>0</status>
                    <value_type>3</value_type>
                    <allowed_hosts/>
                    <units/>
                    <delta>0</delta>
                    <snmpv3_contextname/>
                    <snmpv3_securityname/>
                    <snmpv3_securitylevel>0</snmpv3_securitylevel>
                    <snmpv3_authprotocol>0</snmpv3_authprotocol>
                    <snmpv3_authpassphrase/>
                    <snmpv3_privprotocol>0</snmpv3_privprotocol>
                    <snmpv3_privpassphrase/>
                    <formula>1</formula>
                    <delay_flex/>
                    <params/>
                    <ipmi_sensor/>
                    <data_type>0</data_type>
                    <authtype>0</authtype>
                    <username/>
                    <password/>
                    <publickey/>
                    <privatekey/>
                    <port>161</port>
                    <description/>
                    <inventory_link>0</inventory_link>
                    <applications>
                        <application>
                            <name>Firewall</name>
                        </application>
                    </applications>
                    <valuemap/>
                    <logtimefmt/>
                </item>
                <item>
                    <name>Carga da CPU</name>
                    <type>4</type>
                    <snmp_community>{$SNMP_COMMUNITY}</snmp_community>
                    <multiplier>0</multiplier>
                    <snmp_oid>STONESOFT-NETNODE-MIB::nodeCPULoad.0</snmp_oid>
                    <key>nodeCPULoad</key>
                    <delay>30</delay>
                    <history>14</history>
                    <trends>365</trends>
                    <status>0</status>
                    <value_type>3</value_type>
                    <allowed_hosts/>
                    <units>%</units>
                    <delta>0</delta>
                    <snmpv3_contextname/>
                    <snmpv3_securityname/>
                    <snmpv3_securitylevel>0</snmpv3_securitylevel>
                    <snmpv3_authprotocol>0</snmpv3_authprotocol>
                    <snmpv3_authpassphrase/>
                    <snmpv3_privprotocol>0</snmpv3_privprotocol>
                    <snmpv3_privpassphrase/>
                    <formula>1</formula>
                    <delay_flex/>
                    <params/>
                    <ipmi_sensor/>
                    <data_type>0</data_type>
                    <authtype>0</authtype>
                    <username/>
                    <password/>
                    <publickey/>
                    <privatekey/>
                    <port>161</port>
                    <description/>
                    <inventory_link>0</inventory_link>
                    <applications>
                        <application>
                            <name>Firewall</name>
                        </application>
                    </applications>
                    <valuemap/>
                    <logtimefmt/>
                </item>
                <item>
                    <name>Status Operacional do Nó</name>
                    <type>4</type>
                    <snmp_community>{$SNMP_COMMUNITY}</snmp_community>
                    <multiplier>0</multiplier>
                    <snmp_oid>STONESOFT-NETNODE-MIB::nodeOperState.0</snmp_oid>
                    <key>nodeOperState.0</key>
                    <delay>30</delay>
                    <history>14</history>
                    <trends>365</trends>
                    <status>0</status>
                    <value_type>3</value_type>
                    <allowed_hosts/>
                    <units/>
                    <delta>0</delta>
                    <snmpv3_contextname/>
                    <snmpv3_securityname/>
                    <snmpv3_securitylevel>0</snmpv3_securitylevel>
                    <snmpv3_authprotocol>0</snmpv3_authprotocol>
                    <snmpv3_authpassphrase/>
                    <snmpv3_privprotocol>0</snmpv3_privprotocol>
                    <snmpv3_privpassphrase/>
                    <formula>1</formula>
                    <delay_flex/>
                    <params/>
                    <ipmi_sensor/>
                    <data_type>0</data_type>
                    <authtype>0</authtype>
                    <username/>
                    <password/>
                    <publickey/>
                    <privatekey/>
                    <port>161</port>
                    <description/>
                    <inventory_link>0</inventory_link>
                    <applications>
                        <application>
                            <name>Firewall</name>
                        </application>
                    </applications>
                    <valuemap>
                        <name>Status Operacional (StoneGate)</name>
                    </valuemap>
                    <logtimefmt/>
                </item>
            </items>
            <discovery_rules/>
            <httptests/>
            <macros/>
            <templates>
                <template>
                    <name>Template ICMP Ping</name>
                </template>
            </templates>
            <screens/>
        </template>
        <template>
            <template>Template StoneGate - VPN</template>
            <name>Template StoneGate (VPN)</name>
            <description/>
            <groups>
                <group>
                    <name>StoneGate</name>
                </group>
                <group>
                    <name>Templates</name>
                </group>
            </groups>
            <applications>
                <application>
                    <name>VPN</name>
                </application>
            </applications>
            <items/>
            <discovery_rules>
                <discovery_rule>
                    <name>Clientes VPN S2S</name>
                    <type>4</type>
                    <snmp_community>{$SNMP_COMMUNITY}</snmp_community>
                    <snmp_oid>discovery[{#SNMPVALUE},STONESOFT-FIREWALL-MIB::fwVpnEp4Remote]</snmp_oid>
                    <key>fwVpnEp4Remote</key>
                    <delay>300</delay>
                    <status>0</status>
                    <allowed_hosts/>
                    <snmpv3_contextname/>
                    <snmpv3_securityname/>
                    <snmpv3_securitylevel>0</snmpv3_securitylevel>
                    <snmpv3_authprotocol>0</snmpv3_authprotocol>
                    <snmpv3_authpassphrase/>
                    <snmpv3_privprotocol>0</snmpv3_privprotocol>
                    <snmpv3_privpassphrase/>
                    <delay_flex/>
                    <params/>
                    <ipmi_sensor/>
                    <authtype>0</authtype>
                    <username/>
                    <password/>
                    <publickey/>
                    <privatekey/>
                    <port/>
                    <filter>
                        <evaltype>0</evaltype>
                        <formula/>
                        <conditions/>
                    </filter>
                    <lifetime>30</lifetime>
                    <description>Clientes VPN S2S</description>
                    <item_prototypes>
                        <item_prototype>
                            <name>Cliente VPN S2S - $1 - Sessões IP SecSA</name>
                            <type>4</type>
                            <snmp_community>{$SNMP_COMMUNITY}</snmp_community>
                            <multiplier>0</multiplier>
                            <snmp_oid>STONESOFT-FIREWALL-MIB::fwVpnEp4IpsecSa.{#SNMPINDEX}</snmp_oid>
                            <key>fwVpnEp4IpsecSa[{#SNMPVALUE}]</key>
                            <delay>300</delay>
                            <history>14</history>
                            <trends>365</trends>
                            <status>0</status>
                            <value_type>3</value_type>
                            <allowed_hosts/>
                            <units/>
                            <delta>0</delta>
                            <snmpv3_contextname/>
                            <snmpv3_securityname/>
                            <snmpv3_securitylevel>0</snmpv3_securitylevel>
                            <snmpv3_authprotocol>0</snmpv3_authprotocol>
                            <snmpv3_authpassphrase/>
                            <snmpv3_privprotocol>0</snmpv3_privprotocol>
                            <snmpv3_privpassphrase/>
                            <formula>1</formula>
                            <delay_flex/>
                            <params/>
                            <ipmi_sensor/>
                            <data_type>0</data_type>
                            <authtype>0</authtype>
                            <username/>
                            <password/>
                            <publickey/>
                            <privatekey/>
                            <port/>
                            <description/>
                            <inventory_link>0</inventory_link>
                            <applications>
                                <application>
                                    <name>VPN</name>
                                </application>
                            </applications>
                            <valuemap/>
                            <logtimefmt/>
                            <application_prototypes/>
                        </item_prototype>
                        <item_prototype>
                            <name>Cliente VPN S2S - $1 - Bytes Recebidos</name>
                            <type>4</type>
                            <snmp_community>{$SNMP_COMMUNITY}</snmp_community>
                            <multiplier>0</multiplier>
                            <snmp_oid>STONESOFT-FIREWALL-MIB::fwVpnEp4ReceivedBytes.{#SNMPINDEX}</snmp_oid>
                            <key>fwVpnEp4ReceivedBytes[{#SNMPVALUE}]</key>
                            <delay>300</delay>
                            <history>14</history>
                            <trends>365</trends>
                            <status>0</status>
                            <value_type>3</value_type>
                            <allowed_hosts/>
                            <units>bps</units>
                            <delta>0</delta>
                            <snmpv3_contextname/>
                            <snmpv3_securityname/>
                            <snmpv3_securitylevel>0</snmpv3_securitylevel>
                            <snmpv3_authprotocol>0</snmpv3_authprotocol>
                            <snmpv3_authpassphrase/>
                            <snmpv3_privprotocol>0</snmpv3_privprotocol>
                            <snmpv3_privpassphrase/>
                            <formula>1</formula>
                            <delay_flex/>
                            <params/>
                            <ipmi_sensor/>
                            <data_type>0</data_type>
                            <authtype>0</authtype>
                            <username/>
                            <password/>
                            <publickey/>
                            <privatekey/>
                            <port/>
                            <description/>
                            <inventory_link>0</inventory_link>
                            <applications>
                                <application>
                                    <name>VPN</name>
                                </application>
                            </applications>
                            <valuemap/>
                            <logtimefmt/>
                            <application_prototypes/>
                        </item_prototype>
                        <item_prototype>
                            <name>Cliente VPN S2S - $1 - IPs Remotos</name>
                            <type>4</type>
                            <snmp_community>{$SNMP_COMMUNITY}</snmp_community>
                            <multiplier>0</multiplier>
                            <snmp_oid>STONESOFT-FIREWALL-MIB::fwVpnEp4Remote.{#SNMPINDEX}</snmp_oid>
                            <key>fwVpnEp4Remote.[{#SNMPVALUE}]</key>
                            <delay>300</delay>
                            <history>14</history>
                            <trends>0</trends>
                            <status>0</status>
                            <value_type>4</value_type>
                            <allowed_hosts/>
                            <units/>
                            <delta>0</delta>
                            <snmpv3_contextname/>
                            <snmpv3_securityname/>
                            <snmpv3_securitylevel>0</snmpv3_securitylevel>
                            <snmpv3_authprotocol>0</snmpv3_authprotocol>
                            <snmpv3_authpassphrase/>
                            <snmpv3_privprotocol>0</snmpv3_privprotocol>
                            <snmpv3_privpassphrase/>
                            <formula>1</formula>
                            <delay_flex/>
                            <params/>
                            <ipmi_sensor/>
                            <data_type>0</data_type>
                            <authtype>0</authtype>
                            <username/>
                            <password/>
                            <publickey/>
                            <privatekey/>
                            <port/>
                            <description/>
                            <inventory_link>0</inventory_link>
                            <applications>
                                <application>
                                    <name>VPN</name>
                                </application>
                            </applications>
                            <valuemap/>
                            <logtimefmt/>
                            <application_prototypes/>
                        </item_prototype>
                        <item_prototype>
                            <name>Cliente VPN S2S - $1 - Bytes Enviados</name>
                            <type>4</type>
                            <snmp_community>{$SNMP_COMMUNITY}</snmp_community>
                            <multiplier>0</multiplier>
                            <snmp_oid>STONESOFT-FIREWALL-MIB::fwVpnEp4SentBytes.{#SNMPINDEX}</snmp_oid>
                            <key>fwVpnEp4SentBytes[{#SNMPVALUE}]</key>
                            <delay>300</delay>
                            <history>14</history>
                            <trends>365</trends>
                            <status>0</status>
                            <value_type>3</value_type>
                            <allowed_hosts/>
                            <units>bps</units>
                            <delta>0</delta>
                            <snmpv3_contextname/>
                            <snmpv3_securityname/>
                            <snmpv3_securitylevel>0</snmpv3_securitylevel>
                            <snmpv3_authprotocol>0</snmpv3_authprotocol>
                            <snmpv3_authpassphrase/>
                            <snmpv3_privprotocol>0</snmpv3_privprotocol>
                            <snmpv3_privpassphrase/>
                            <formula>1</formula>
                            <delay_flex/>
                            <params/>
                            <ipmi_sensor/>
                            <data_type>0</data_type>
                            <authtype>0</authtype>
                            <username/>
                            <password/>
                            <publickey/>
                            <privatekey/>
                            <port/>
                            <description/>
                            <inventory_link>0</inventory_link>
                            <applications>
                                <application>
                                    <name>VPN</name>
                                </application>
                            </applications>
                            <valuemap/>
                            <logtimefmt/>
                            <application_prototypes/>
                        </item_prototype>
                    </item_prototypes>
                    <trigger_prototypes/>
                    <graph_prototypes>
                        <graph_prototype>
                            <name>Bytes Trafegados - VPN S2S - {#SNMPVALUE}</name>
                            <width>900</width>
                            <height>200</height>
                            <yaxismin>0.0000</yaxismin>
                            <yaxismax>100.0000</yaxismax>
                            <show_work_period>1</show_work_period>
                            <show_triggers>1</show_triggers>
                            <type>0</type>
                            <show_legend>1</show_legend>
                            <show_3d>0</show_3d>
                            <percent_left>0.0000</percent_left>
                            <percent_right>0.0000</percent_right>
                            <ymin_type_1>0</ymin_type_1>
                            <ymax_type_1>0</ymax_type_1>
                            <ymin_item_1>0</ymin_item_1>
                            <ymax_item_1>0</ymax_item_1>
                            <graph_items>
                                <graph_item>
                                    <sortorder>0</sortorder>
                                    <drawtype>2</drawtype>
                                    <color>1A7C11</color>
                                    <yaxisside>0</yaxisside>
                                    <calc_fnc>2</calc_fnc>
                                    <type>0</type>
                                    <item>
                                        <host>Template StoneGate - VPN</host>
                                        <key>fwVpnEp4SentBytes[{#SNMPVALUE}]</key>
                                    </item>
                                </graph_item>
                                <graph_item>
                                    <sortorder>1</sortorder>
                                    <drawtype>2</drawtype>
                                    <color>F63100</color>
                                    <yaxisside>0</yaxisside>
                                    <calc_fnc>2</calc_fnc>
                                    <type>0</type>
                                    <item>
                                        <host>Template StoneGate - VPN</host>
                                        <key>fwVpnEp4ReceivedBytes[{#SNMPVALUE}]</key>
                                    </item>
                                </graph_item>
                            </graph_items>
                        </graph_prototype>
                        <graph_prototype>
                            <name>Numero de conexões IPSec SA - {#SNMPVALUE}</name>
                            <width>900</width>
                            <height>200</height>
                            <yaxismin>0.0000</yaxismin>
                            <yaxismax>100.0000</yaxismax>
                            <show_work_period>1</show_work_period>
                            <show_triggers>1</show_triggers>
                            <type>0</type>
                            <show_legend>1</show_legend>
                            <show_3d>0</show_3d>
                            <percent_left>0.0000</percent_left>
                            <percent_right>0.0000</percent_right>
                            <ymin_type_1>0</ymin_type_1>
                            <ymax_type_1>0</ymax_type_1>
                            <ymin_item_1>0</ymin_item_1>
                            <ymax_item_1>0</ymax_item_1>
                            <graph_items>
                                <graph_item>
                                    <sortorder>0</sortorder>
                                    <drawtype>2</drawtype>
                                    <color>1A7C11</color>
                                    <yaxisside>0</yaxisside>
                                    <calc_fnc>2</calc_fnc>
                                    <type>0</type>
                                    <item>
                                        <host>Template StoneGate - VPN</host>
                                        <key>fwVpnEp4IpsecSa[{#SNMPVALUE}]</key>
                                    </item>
                                </graph_item>
                            </graph_items>
                        </graph_prototype>
                    </graph_prototypes>
                    <host_prototypes/>
                </discovery_rule>
            </discovery_rules>
            <httptests/>
            <macros/>
            <templates/>
            <screens/>
        </template>
    </templates>
    <triggers>
        <trigger>
            <expression>{Template StoneGate - Firewall:fwConnNumber.0.last()}&gt;12000</expression>
            <recovery_mode>0</recovery_mode>
            <recovery_expression/>
            <name>Alto numero de Conexões no Firewall Stonegate (+12k)</name>
            <correlation_mode>0</correlation_mode>
            <correlation_tag/>
            <url/>
            <status>0</status>
            <priority>2</priority>
            <description/>
            <type>0</type>
            <manual_close>0</manual_close>
            <dependencies/>
            <tags/>
        </trigger>
        <trigger>
            <expression>{Template StoneGate - Firewall:nodeCPULoad.last()}&gt;50</expression>
            <recovery_mode>0</recovery_mode>
            <recovery_expression/>
            <name>Uso de CPU do Firewall acima de 50%</name>
            <correlation_mode>0</correlation_mode>
            <correlation_tag/>
            <url/>
            <status>0</status>
            <priority>3</priority>
            <description/>
            <type>0</type>
            <manual_close>0</manual_close>
            <dependencies/>
            <tags/>
        </trigger>
    </triggers>
    <graphs>
        <graph>
            <name>Carga da CPU</name>
            <width>900</width>
            <height>200</height>
            <yaxismin>0.0000</yaxismin>
            <yaxismax>100.0000</yaxismax>
            <show_work_period>1</show_work_period>
            <show_triggers>1</show_triggers>
            <type>0</type>
            <show_legend>1</show_legend>
            <show_3d>0</show_3d>
            <percent_left>0.0000</percent_left>
            <percent_right>0.0000</percent_right>
            <ymin_type_1>0</ymin_type_1>
            <ymax_type_1>0</ymax_type_1>
            <ymin_item_1>0</ymin_item_1>
            <ymax_item_1>0</ymax_item_1>
            <graph_items>
                <graph_item>
                    <sortorder>0</sortorder>
                    <drawtype>2</drawtype>
                    <color>1A7C11</color>
                    <yaxisside>0</yaxisside>
                    <calc_fnc>2</calc_fnc>
                    <type>0</type>
                    <item>
                        <host>Template StoneGate - Firewall</host>
                        <key>nodeCPULoad</key>
                    </item>
                </graph_item>
            </graph_items>
        </graph>
        <graph>
            <name>Memória Fisica</name>
            <width>900</width>
            <height>200</height>
            <yaxismin>0.0000</yaxismin>
            <yaxismax>100.0000</yaxismax>
            <show_work_period>1</show_work_period>
            <show_triggers>1</show_triggers>
            <type>0</type>
            <show_legend>1</show_legend>
            <show_3d>0</show_3d>
            <percent_left>0.0000</percent_left>
            <percent_right>0.0000</percent_right>
            <ymin_type_1>0</ymin_type_1>
            <ymax_type_1>0</ymax_type_1>
            <ymin_item_1>0</ymin_item_1>
            <ymax_item_1>0</ymax_item_1>
            <graph_items>
                <graph_item>
                    <sortorder>0</sortorder>
                    <drawtype>2</drawtype>
                    <color>1A7C11</color>
                    <yaxisside>0</yaxisside>
                    <calc_fnc>2</calc_fnc>
                    <type>0</type>
                    <item>
                        <host>Template StoneGate - Firewall</host>
                        <key>fwMemBytesTotal</key>
                    </item>
                </graph_item>
                <graph_item>
                    <sortorder>1</sortorder>
                    <drawtype>2</drawtype>
                    <color>F63100</color>
                    <yaxisside>0</yaxisside>
                    <calc_fnc>2</calc_fnc>
                    <type>0</type>
                    <item>
                        <host>Template StoneGate - Firewall</host>
                        <key>fwMemBytesUsed</key>
                    </item>
                </graph_item>
            </graph_items>
        </graph>
        <graph>
            <name>Numero de conexões ativas</name>
            <width>900</width>
            <height>200</height>
            <yaxismin>0.0000</yaxismin>
            <yaxismax>100.0000</yaxismax>
            <show_work_period>1</show_work_period>
            <show_triggers>1</show_triggers>
            <type>0</type>
            <show_legend>1</show_legend>
            <show_3d>0</show_3d>
            <percent_left>0.0000</percent_left>
            <percent_right>0.0000</percent_right>
            <ymin_type_1>0</ymin_type_1>
            <ymax_type_1>0</ymax_type_1>
            <ymin_item_1>0</ymin_item_1>
            <ymax_item_1>0</ymax_item_1>
            <graph_items>
                <graph_item>
                    <sortorder>0</sortorder>
                    <drawtype>1</drawtype>
                    <color>1A7C11</color>
                    <yaxisside>0</yaxisside>
                    <calc_fnc>2</calc_fnc>
                    <type>0</type>
                    <item>
                        <host>Template StoneGate - Firewall</host>
                        <key>fwConnNumber.0</key>
                    </item>
                </graph_item>
            </graph_items>
        </graph>
        <graph>
            <name>Pacotes trafegados</name>
            <width>900</width>
            <height>200</height>
            <yaxismin>0.0000</yaxismin>
            <yaxismax>100.0000</yaxismax>
            <show_work_period>1</show_work_period>
            <show_triggers>1</show_triggers>
            <type>0</type>
            <show_legend>1</show_legend>
            <show_3d>0</show_3d>
            <percent_left>0.0000</percent_left>
            <percent_right>0.0000</percent_right>
            <ymin_type_1>0</ymin_type_1>
            <ymax_type_1>0</ymax_type_1>
            <ymin_item_1>0</ymin_item_1>
            <ymax_item_1>0</ymax_item_1>
            <graph_items>
                <graph_item>
                    <sortorder>0</sortorder>
                    <drawtype>2</drawtype>
                    <color>1A7C11</color>
                    <yaxisside>0</yaxisside>
                    <calc_fnc>2</calc_fnc>
                    <type>0</type>
                    <item>
                        <host>Template StoneGate - Firewall</host>
                        <key>fwDropped</key>
                    </item>
                </graph_item>
                <graph_item>
                    <sortorder>1</sortorder>
                    <drawtype>2</drawtype>
                    <color>F63100</color>
                    <yaxisside>0</yaxisside>
                    <calc_fnc>2</calc_fnc>
                    <type>0</type>
                    <item>
                        <host>Template StoneGate - Firewall</host>
                        <key>fwAccepted</key>
                    </item>
                </graph_item>
                <graph_item>
                    <sortorder>2</sortorder>
                    <drawtype>2</drawtype>
                    <color>2774A4</color>
                    <yaxisside>0</yaxisside>
                    <calc_fnc>2</calc_fnc>
                    <type>0</type>
                    <item>
                        <host>Template StoneGate - Firewall</host>
                        <key>fwRejected.0</key>
                    </item>
                </graph_item>
            </graph_items>
        </graph>
    </graphs>
    <value_maps>
        <value_map>
            <name>Status Operacional (StoneGate)</name>
            <mappings>
                <mapping>
                    <value>0</value>
                    <newvalue>unknown</newvalue>
                </mapping>
                <mapping>
                    <value>1</value>
                    <newvalue>online</newvalue>
                </mapping>
                <mapping>
                    <value>2</value>
                    <newvalue>goingOnline</newvalue>
                </mapping>
                <mapping>
                    <value>3</value>
                    <newvalue>lockedOnline</newvalue>
                </mapping>
                <mapping>
                    <value>4</value>
                    <newvalue>goingLockedOnline</newvalue>
                </mapping>
                <mapping>
                    <value>5</value>
                    <newvalue>offline</newvalue>
                </mapping>
                <mapping>
                    <value>6</value>
                    <newvalue>goingOffline</newvalue>
                </mapping>
                <mapping>
                    <value>7</value>
                    <newvalue>lockedOffline</newvalue>
                </mapping>
                <mapping>
                    <value>8</value>
                    <newvalue>goingLockedOffline</newvalue>
                </mapping>
                <mapping>
                    <value>9</value>
                    <newvalue>standby</newvalue>
                </mapping>
                <mapping>
                    <value>10</value>
                    <newvalue>goingStandby</newvalue>
                </mapping>
            </mappings>
        </value_map>
    </value_maps>
</zabbix_export>
