<?xml version="1.0" encoding="UTF-8"?>
<zabbix_export>
    <version>4.2</version>
    <date>2020-03-24T08:22:18Z</date>
    <value_maps>
        <value_map>
            <name>SRK-M2_mod_Function</name>
            <mappings>
                <mapping>
                    <value>0</value>
                    <newvalue>Не использовать</newvalue>
                </mapping>
                <mapping>
                    <value>1</value>
                    <newvalue>все время</newvalue>
                </mapping>
                <mapping>
                    <value>2</value>
                    <newvalue>резерв</newvalue>
                </mapping>
                <mapping>
                    <value>3</value>
                    <newvalue>поворот(работу или резерв)</newvalue>
                </mapping>
                <mapping>
                    <value>5</value>
                    <newvalue>каждый раз на</newvalue>
                </mapping>
            </mappings>
        </value_map>
        <value_map>
            <name>SRK-M2_mod_Mode</name>
            <mappings>
                <mapping>
                    <value>1</value>
                    <newvalue>автоматический</newvalue>
                </mapping>
                <mapping>
                    <value>2</value>
                    <newvalue>сухой</newvalue>
                </mapping>
                <mapping>
                    <value>3</value>
                    <newvalue>прохладный</newvalue>
                </mapping>
                <mapping>
                    <value>4</value>
                    <newvalue>жара</newvalue>
                </mapping>
            </mappings>
        </value_map>
        <value_map>
            <name>SRK-M2_mod_Set_Mode</name>
            <mappings>
                <mapping>
                    <value>0</value>
                    <newvalue>не установлен</newvalue>
                </mapping>
                <mapping>
                    <value>1</value>
                    <newvalue>авто</newvalue>
                </mapping>
                <mapping>
                    <value>2</value>
                    <newvalue>сухой</newvalue>
                </mapping>
                <mapping>
                    <value>3</value>
                    <newvalue>прохладный</newvalue>
                </mapping>
                <mapping>
                    <value>4</value>
                    <newvalue>тепло</newvalue>
                </mapping>
            </mappings>
        </value_map>
        <value_map>
            <name>SRK-M2_mod_Set_Temp</name>
            <mappings>
                <mapping>
                    <value>0</value>
                    <newvalue>не задано=остаются текущими</newvalue>
                </mapping>
                <mapping>
                    <value>17</value>
                    <newvalue>17</newvalue>
                </mapping>
                <mapping>
                    <value>18</value>
                    <newvalue>18</newvalue>
                </mapping>
                <mapping>
                    <value>19</value>
                    <newvalue>19</newvalue>
                </mapping>
                <mapping>
                    <value>20</value>
                    <newvalue>20</newvalue>
                </mapping>
                <mapping>
                    <value>21</value>
                    <newvalue>21</newvalue>
                </mapping>
                <mapping>
                    <value>22</value>
                    <newvalue>22</newvalue>
                </mapping>
                <mapping>
                    <value>23</value>
                    <newvalue>23</newvalue>
                </mapping>
                <mapping>
                    <value>24</value>
                    <newvalue>24</newvalue>
                </mapping>
                <mapping>
                    <value>25</value>
                    <newvalue>25</newvalue>
                </mapping>
                <mapping>
                    <value>26</value>
                    <newvalue>26</newvalue>
                </mapping>
                <mapping>
                    <value>27</value>
                    <newvalue>27</newvalue>
                </mapping>
                <mapping>
                    <value>28</value>
                    <newvalue>28</newvalue>
                </mapping>
                <mapping>
                    <value>29</value>
                    <newvalue>29</newvalue>
                </mapping>
                <mapping>
                    <value>30</value>
                    <newvalue>30</newvalue>
                </mapping>
            </mappings>
        </value_map>
        <value_map>
            <name>SRK-M2_mod_Set_Vent</name>
            <mappings>
                <mapping>
                    <value>0</value>
                    <newvalue>не установлено</newvalue>
                </mapping>
                <mapping>
                    <value>1</value>
                    <newvalue>авто</newvalue>
                </mapping>
                <mapping>
                    <value>2</value>
                    <newvalue>скорость 1</newvalue>
                </mapping>
                <mapping>
                    <value>3</value>
                    <newvalue>скорость 2</newvalue>
                </mapping>
                <mapping>
                    <value>4</value>
                    <newvalue>скорость 3</newvalue>
                </mapping>
                <mapping>
                    <value>5</value>
                    <newvalue>скорость 4</newvalue>
                </mapping>
                <mapping>
                    <value>6</value>
                    <newvalue>скорость 5</newvalue>
                </mapping>
            </mappings>
        </value_map>
        <value_map>
            <name>SRK-M2_mod_Type</name>
            <mappings>
                <mapping>
                    <value>0</value>
                    <newvalue>модуль температура</newvalue>
                </mapping>
                <mapping>
                    <value>1</value>
                    <newvalue>сухой контакт</newvalue>
                </mapping>
                <mapping>
                    <value>2</value>
                    <newvalue>ИК</newvalue>
                </mapping>
                <mapping>
                    <value>4</value>
                    <newvalue>рэлея</newvalue>
                </mapping>
                <mapping>
                    <value>6</value>
                    <newvalue>А413</newvalue>
                </mapping>
                <mapping>
                    <value>12</value>
                    <newvalue>инверс релей</newvalue>
                </mapping>
            </mappings>
        </value_map>
        <value_map>
            <name>SRK-M2_work_Mode</name>
            <mappings>
                <mapping>
                    <value>0</value>
                    <newvalue>авто</newvalue>
                </mapping>
                <mapping>
                    <value>1</value>
                    <newvalue>только Кондиционер</newvalue>
                </mapping>
                <mapping>
                    <value>2</value>
                    <newvalue>только вентиляция</newvalue>
                </mapping>
            </mappings>
        </value_map>
    </value_maps>
</zabbix_export>
