<?xml version="1.0" encoding="UTF-8"?>
<zabbix_export>
    <version>3.0</version>
    <date>2016-06-30T21:38:36Z</date>
    <value_maps>
        <value_map>
            <name>Lenovo EMC Storage - Maximum Number of Processes</name>
            <mappings>
                <mapping>
                    <value>0</value>
                    <newvalue>undefined</newvalue>
                </mapping>
            </mappings>
        </value_map>
        <value_map>
            <name>Lenovo EMC Storage - Media Service status</name>
            <mappings>
                <mapping>
                    <value>0</value>
                    <newvalue>disabled</newvalue>
                </mapping>
                <mapping>
                    <value>1</value>
                    <newvalue>enabled</newvalue>
                </mapping>
            </mappings>
        </value_map>
        <value_map>
            <name>Lenovo EMC Storage - Remote access status</name>
            <mappings>
                <mapping>
                    <value>0</value>
                    <newvalue>disabled</newvalue>
                </mapping>
                <mapping>
                    <value>1</value>
                    <newvalue>enabled</newvalue>
                </mapping>
            </mappings>
        </value_map>
    </value_maps>
</zabbix_export>
