<?xml version="1.0" encoding="UTF-8"?>
<zabbix_export>
    <version>3.4</version>
    <date>2019-05-08T12:13:16Z</date>
    <value_maps>
        <value_map>
            <name>SQL Database Backup status</name>
            <mappings>
                <mapping>
                    <value>0</value>
                    <newvalue>Backup status unavailable</newvalue>
                </mapping>
                <mapping>
                    <value>1</value>
                    <newvalue>Backup is not older then 25 hours</newvalue>
                </mapping>
                <mapping>
                    <value>2</value>
                    <newvalue>Backup is older then 25 hours</newvalue>
                </mapping>
                <mapping>
                    <value>3</value>
                    <newvalue>Backup is older then 26 hours</newvalue>
                </mapping>
                <mapping>
                    <value>4</value>
                    <newvalue>Backup is older then 27 hours</newvalue>
                </mapping>
                <mapping>
                    <value>6</value>
                    <newvalue>Backup is not older then 7 days and 4 hours</newvalue>
                </mapping>
                <mapping>
                    <value>7</value>
                    <newvalue>Backup is older then 7 days and 4 hours</newvalue>
                </mapping>
                <mapping>
                    <value>8</value>
                    <newvalue>Backup is older then 7 days and 6 hours</newvalue>
                </mapping>
                <mapping>
                    <value>9</value>
                    <newvalue>Backup is older then 7 days and 8 hours</newvalue>
                </mapping>
                <mapping>
                    <value>11</value>
                    <newvalue>Backup is not older then 25 hours</newvalue>
                </mapping>
                <mapping>
                    <value>12</value>
                    <newvalue>Backup is older then 25 hours</newvalue>
                </mapping>
                <mapping>
                    <value>13</value>
                    <newvalue>Backup is older then 26 hours</newvalue>
                </mapping>
                <mapping>
                    <value>14</value>
                    <newvalue>Backup is older then 27 hours</newvalue>
                </mapping>
                <mapping>
                    <value>16</value>
                    <newvalue>Backup is not older then 30 minutes</newvalue>
                </mapping>
                <mapping>
                    <value>17</value>
                    <newvalue>Backup is older then 30 minutes</newvalue>
                </mapping>
                <mapping>
                    <value>18</value>
                    <newvalue>Backup is older then 60 minutes</newvalue>
                </mapping>
                <mapping>
                    <value>19</value>
                    <newvalue>Backup is older then 90 minutes</newvalue>
                </mapping>
            </mappings>
        </value_map>
    </value_maps>
</zabbix_export>
