<?xml version="1.0" encoding="UTF-8"?>
<zabbix_export>
    <version>4.2</version>
    <date>2020-03-22T13:09:03Z</date>
    <value_maps>
        <value_map>
            <name>ADAPTEC-UNIVERSAL-STORA-ausArrayCacheStatus</name>
            <mappings>
                <mapping>
                    <value>1</value>
                    <newvalue>Неизвестно</newvalue>
                </mapping>
                <mapping>
                    <value>2</value>
                    <newvalue>Другое</newvalue>
                </mapping>
                <mapping>
                    <value>3</value>
                    <newvalue>Отключен</newvalue>
                </mapping>
                <mapping>
                    <value>4</value>
                    <newvalue>writeBack-написать обратно</newvalue>
                </mapping>
                <mapping>
                    <value>5</value>
                    <newvalue>writeThru-написать через</newvalue>
                </mapping>
            </mappings>
        </value_map>
        <value_map>
            <name>ADAPTEC-UNIVERSAL-STORA-ausArrayHostingControllerType</name>
            <mappings>
                <mapping>
                    <value>1</value>
                    <newvalue>физический контролер</newvalue>
                </mapping>
                <mapping>
                    <value>2</value>
                    <newvalue>статистический контролер</newvalue>
                </mapping>
                <mapping>
                    <value>3</value>
                    <newvalue>Внешний Раид Контролер</newvalue>
                </mapping>
            </mappings>
        </value_map>
        <value_map>
            <name>ADAPTEC-UNIVERSAL-STORA-ausArrayMaxCachePreferredCacheSetting</name>
            <mappings>
                <mapping>
                    <value>0</value>
                    <newvalue>Не поддерживается</newvalue>
                </mapping>
                <mapping>
                    <value>1</value>
                    <newvalue>Выключен</newvalue>
                </mapping>
                <mapping>
                    <value>2</value>
                    <newvalue>Включен</newvalue>
                </mapping>
            </mappings>
        </value_map>
        <value_map>
            <name>ADAPTEC-UNIVERSAL-STORA-ausArrayMaxCacheSetting</name>
            <mappings>
                <mapping>
                    <value>0</value>
                    <newvalue>Не поддерживается</newvalue>
                </mapping>
                <mapping>
                    <value>1</value>
                    <newvalue>Выключен</newvalue>
                </mapping>
                <mapping>
                    <value>2</value>
                    <newvalue>Включен</newvalue>
                </mapping>
            </mappings>
        </value_map>
        <value_map>
            <name>ADAPTEC-UNIVERSAL-STORA-ausArrayPMStatus</name>
            <mappings>
                <mapping>
                    <value>0</value>
                    <newvalue>Отключен</newvalue>
                </mapping>
                <mapping>
                    <value>1</value>
                    <newvalue>Включен</newvalue>
                </mapping>
            </mappings>
        </value_map>
        <value_map>
            <name>ADAPTEC-UNIVERSAL-STORA-ausArrayState</name>
            <mappings>
                <mapping>
                    <value>1</value>
                    <newvalue>Неизвестно</newvalue>
                </mapping>
                <mapping>
                    <value>2</value>
                    <newvalue>Другое</newvalue>
                </mapping>
                <mapping>
                    <value>3</value>
                    <newvalue>Оптимальный</newvalue>
                </mapping>
                <mapping>
                    <value>4</value>
                    <newvalue>быстрый ввод</newvalue>
                </mapping>
                <mapping>
                    <value>5</value>
                    <newvalue>воздействие</newvalue>
                </mapping>
                <mapping>
                    <value>6</value>
                    <newvalue>деградированный</newvalue>
                </mapping>
                <mapping>
                    <value>7</value>
                    <newvalue>Не удалось</newvalue>
                </mapping>
                <mapping>
                    <value>8</value>
                    <newvalue>уплотненный/сжатый</newvalue>
                </mapping>
            </mappings>
        </value_map>
        <value_map>
            <name>ADAPTEC-UNIVERSAL-STORA-ausArrayStatus</name>
            <mappings>
                <mapping>
                    <value>1</value>
                    <newvalue>Неизвестно</newvalue>
                </mapping>
                <mapping>
                    <value>2</value>
                    <newvalue>Другое</newvalue>
                </mapping>
                <mapping>
                    <value>3</value>
                    <newvalue>Хорошо</newvalue>
                </mapping>
                <mapping>
                    <value>4</value>
                    <newvalue>Внимание</newvalue>
                </mapping>
                <mapping>
                    <value>5</value>
                    <newvalue>Отказ</newvalue>
                </mapping>
            </mappings>
        </value_map>
        <value_map>
            <name>ADAPTEC-UNIVERSAL-STORA-ausArrayTaskPriority</name>
            <mappings>
                <mapping>
                    <value>1</value>
                    <newvalue>Неизвестно</newvalue>
                </mapping>
                <mapping>
                    <value>2</value>
                    <newvalue>Другое</newvalue>
                </mapping>
                <mapping>
                    <value>3</value>
                    <newvalue>Не поддерживается</newvalue>
                </mapping>
                <mapping>
                    <value>4</value>
                    <newvalue>Не применимо</newvalue>
                </mapping>
                <mapping>
                    <value>5</value>
                    <newvalue>нет</newvalue>
                </mapping>
                <mapping>
                    <value>6</value>
                    <newvalue>Низкий</newvalue>
                </mapping>
                <mapping>
                    <value>7</value>
                    <newvalue>Средний</newvalue>
                </mapping>
                <mapping>
                    <value>8</value>
                    <newvalue>Высокий</newvalue>
                </mapping>
            </mappings>
        </value_map>
        <value_map>
            <name>ADAPTEC-UNIVERSAL-STORA-ausArrayTaskStatus</name>
            <mappings>
                <mapping>
                    <value>1</value>
                    <newvalue>Неизвестно</newvalue>
                </mapping>
                <mapping>
                    <value>2</value>
                    <newvalue>Другое</newvalue>
                </mapping>
                <mapping>
                    <value>3</value>
                    <newvalue>Задача не активна</newvalue>
                </mapping>
                <mapping>
                    <value>4</value>
                    <newvalue>Реконструировать</newvalue>
                </mapping>
                <mapping>
                    <value>5</value>
                    <newvalue>Нулевой инициализации</newvalue>
                </mapping>
                <mapping>
                    <value>6</value>
                    <newvalue>Проверить</newvalue>
                </mapping>
                <mapping>
                    <value>7</value>
                    <newvalue>Проверить с помощью Fix</newvalue>
                </mapping>
                <mapping>
                    <value>8</value>
                    <newvalue>Модификация</newvalue>
                </mapping>
                <mapping>
                    <value>9</value>
                    <newvalue>Копирование</newvalue>
                </mapping>
                <mapping>
                    <value>10</value>
                    <newvalue>Уплотнение</newvalue>
                </mapping>
                <mapping>
                    <value>11</value>
                    <newvalue>Расширение</newvalue>
                </mapping>
                <mapping>
                    <value>12</value>
                    <newvalue>Резервное копирование снимка</newvalue>
                </mapping>
            </mappings>
        </value_map>
        <value_map>
            <name>ADAPTEC-UNIVERSAL-STORA-ausArrayType</name>
            <mappings>
                <mapping>
                    <value>1</value>
                    <newvalue>Неизвестно</newvalue>
                </mapping>
                <mapping>
                    <value>2</value>
                    <newvalue>Другое</newvalue>
                </mapping>
                <mapping>
                    <value>3</value>
                    <newvalue>raid0</newvalue>
                </mapping>
                <mapping>
                    <value>4</value>
                    <newvalue>raid1</newvalue>
                </mapping>
                <mapping>
                    <value>5</value>
                    <newvalue>raid2</newvalue>
                </mapping>
                <mapping>
                    <value>6</value>
                    <newvalue>raid3</newvalue>
                </mapping>
                <mapping>
                    <value>7</value>
                    <newvalue>raid4</newvalue>
                </mapping>
                <mapping>
                    <value>8</value>
                    <newvalue>raid5</newvalue>
                </mapping>
                <mapping>
                    <value>9</value>
                    <newvalue>raid6</newvalue>
                </mapping>
                <mapping>
                    <value>10</value>
                    <newvalue>raid10</newvalue>
                </mapping>
                <mapping>
                    <value>11</value>
                    <newvalue>raid50</newvalue>
                </mapping>
                <mapping>
                    <value>12</value>
                    <newvalue>volume</newvalue>
                </mapping>
                <mapping>
                    <value>13</value>
                    <newvalue>volume-of-raid0</newvalue>
                </mapping>
                <mapping>
                    <value>14</value>
                    <newvalue>volume-of-raid1</newvalue>
                </mapping>
                <mapping>
                    <value>15</value>
                    <newvalue>volume-of-raid2</newvalue>
                </mapping>
                <mapping>
                    <value>16</value>
                    <newvalue>raid1e</newvalue>
                </mapping>
                <mapping>
                    <value>17</value>
                    <newvalue>raid5ee</newvalue>
                </mapping>
                <mapping>
                    <value>18</value>
                    <newvalue>raid-volume</newvalue>
                </mapping>
                <mapping>
                    <value>19</value>
                    <newvalue>raid60</newvalue>
                </mapping>
            </mappings>
        </value_map>
        <value_map>
            <name>ADAPTEC-UNIVERSAL-STORA-ausDeviceMaxCacheCapable</name>
            <mappings>
                <mapping>
                    <value>-1</value>
                    <newvalue>Неизвестно</newvalue>
                </mapping>
                <mapping>
                    <value>0</value>
                    <newvalue>Неверно</newvalue>
                </mapping>
                <mapping>
                    <value>1</value>
                    <newvalue>Верно</newvalue>
                </mapping>
            </mappings>
        </value_map>
        <value_map>
            <name>ADAPTEC-UNIVERSAL-STORA-ausDevicePortNegotiatedTransferRate</name>
            <mappings>
                <mapping>
                    <value>-1</value>
                    <newvalue>Нет</newvalue>
                </mapping>
                <mapping>
                    <value>0</value>
                    <newvalue>b5</newvalue>
                </mapping>
                <mapping>
                    <value>5</value>
                    <newvalue>b10</newvalue>
                </mapping>
                <mapping>
                    <value>10</value>
                    <newvalue>b20</newvalue>
                </mapping>
                <mapping>
                    <value>20</value>
                    <newvalue>b40</newvalue>
                </mapping>
                <mapping>
                    <value>30</value>
                    <newvalue>Оптимальный</newvalue>
                </mapping>
                <mapping>
                    <value>40</value>
                    <newvalue>b80</newvalue>
                </mapping>
                <mapping>
                    <value>80</value>
                    <newvalue>b160</newvalue>
                </mapping>
                <mapping>
                    <value>150</value>
                    <newvalue>b187</newvalue>
                </mapping>
                <mapping>
                    <value>151</value>
                    <newvalue>b187</newvalue>
                </mapping>
                <mapping>
                    <value>160</value>
                    <newvalue>b320</newvalue>
                </mapping>
                <mapping>
                    <value>300</value>
                    <newvalue>b375</newvalue>
                </mapping>
                <mapping>
                    <value>301</value>
                    <newvalue>b375</newvalue>
                </mapping>
                <mapping>
                    <value>600</value>
                    <newvalue>b750</newvalue>
                </mapping>
                <mapping>
                    <value>601</value>
                    <newvalue>b750</newvalue>
                </mapping>
            </mappings>
        </value_map>
        <value_map>
            <name>ADAPTEC-UNIVERSAL-STORA-ausDevicePortStatus</name>
            <mappings>
                <mapping>
                    <value>1</value>
                    <newvalue>Неизвестно</newvalue>
                </mapping>
                <mapping>
                    <value>2</value>
                    <newvalue>Другое</newvalue>
                </mapping>
                <mapping>
                    <value>3</value>
                    <newvalue>Хорошо</newvalue>
                </mapping>
                <mapping>
                    <value>4</value>
                    <newvalue>Предупреждение</newvalue>
                </mapping>
                <mapping>
                    <value>5</value>
                    <newvalue>Сбой</newvalue>
                </mapping>
            </mappings>
        </value_map>
        <value_map>
            <name>ADAPTEC-UNIVERSAL-STORA-ausDeviceStatus</name>
            <mappings>
                <mapping>
                    <value>1</value>
                    <newvalue>неизвестное</newvalue>
                </mapping>
                <mapping>
                    <value>2</value>
                    <newvalue>иное</newvalue>
                </mapping>
                <mapping>
                    <value>3</value>
                    <newvalue>все в порядке</newvalue>
                </mapping>
                <mapping>
                    <value>4</value>
                    <newvalue>предупреждение</newvalue>
                </mapping>
                <mapping>
                    <value>5</value>
                    <newvalue>отказ</newvalue>
                </mapping>
            </mappings>
        </value_map>
        <value_map>
            <name>ADAPTEC-UNIVERSAL-STORA-ausDeviceType</name>
            <mappings>
                <mapping>
                    <value>1</value>
                    <newvalue>Неизвестно</newvalue>
                </mapping>
                <mapping>
                    <value>2</value>
                    <newvalue>Другое</newvalue>
                </mapping>
                <mapping>
                    <value>3</value>
                    <newvalue>Прямой доступ</newvalue>
                </mapping>
                <mapping>
                    <value>4</value>
                    <newvalue>Последовательный доступ</newvalue>
                </mapping>
                <mapping>
                    <value>5</value>
                    <newvalue>Принтер</newvalue>
                </mapping>
                <mapping>
                    <value>6</value>
                    <newvalue>Процессор</newvalue>
                </mapping>
                <mapping>
                    <value>7</value>
                    <newvalue>Написать один раз</newvalue>
                </mapping>
                <mapping>
                    <value>8</value>
                    <newvalue>CDROM</newvalue>
                </mapping>
                <mapping>
                    <value>9</value>
                    <newvalue>Сканер</newvalue>
                </mapping>
                <mapping>
                    <value>10</value>
                    <newvalue>Оптическая память</newvalue>
                </mapping>
                <mapping>
                    <value>11</value>
                    <newvalue>Средний чейнджер</newvalue>
                </mapping>
                <mapping>
                    <value>12</value>
                    <newvalue>Связь</newvalue>
                </mapping>
            </mappings>
        </value_map>
        <value_map>
            <name>ADAPTEC-UNIVERSAL-STORA-ausDeviceTypeGroup</name>
            <mappings>
                <mapping>
                    <value>1</value>
                    <newvalue>Нет подчиненной таблицы</newvalue>
                </mapping>
                <mapping>
                    <value>2</value>
                    <newvalue>Устройство хранения</newvalue>
                </mapping>
                <mapping>
                    <value>3</value>
                    <newvalue>Устройство корпуса</newvalue>
                </mapping>
                <mapping>
                    <value>4</value>
                    <newvalue>Внешнее рейдовое устройство</newvalue>
                </mapping>
                <mapping>
                    <value>5</value>
                    <newvalue>Другое устройство</newvalue>
                </mapping>
            </mappings>
        </value_map>
        <value_map>
            <name>ADAPTEC-UNIVERSAL-STORA-ausEnclosureDeviceDoorLock</name>
            <mappings>
                <mapping>
                    <value>1</value>
                    <newvalue>Неизвестно</newvalue>
                </mapping>
                <mapping>
                    <value>2</value>
                    <newvalue>Другое</newvalue>
                </mapping>
                <mapping>
                    <value>3</value>
                    <newvalue>Не применяется</newvalue>
                </mapping>
                <mapping>
                    <value>4</value>
                    <newvalue>Не установлено</newvalue>
                </mapping>
                <mapping>
                    <value>5</value>
                    <newvalue>Установлено и неактивно</newvalue>
                </mapping>
                <mapping>
                    <value>6</value>
                    <newvalue>Установлен и активен</newvalue>
                </mapping>
            </mappings>
        </value_map>
        <value_map>
            <name>ADAPTEC-UNIVERSAL-STORA-ausEnclosureDeviceProcessorType</name>
            <mappings>
                <mapping>
                    <value>1</value>
                    <newvalue>Неизвестно</newvalue>
                </mapping>
                <mapping>
                    <value>2</value>
                    <newvalue>Другое</newvalue>
                </mapping>
                <mapping>
                    <value>3</value>
                    <newvalue>decFault-неисправность</newvalue>
                </mapping>
                <mapping>
                    <value>4</value>
                    <newvalue>saf-te</newvalue>
                </mapping>
                <mapping>
                    <value>5</value>
                    <newvalue>ses</newvalue>
                </mapping>
                <mapping>
                    <value>6</value>
                    <newvalue>aemi</newvalue>
                </mapping>
            </mappings>
        </value_map>
        <value_map>
            <name>ADAPTEC-UNIVERSAL-STORA-ausEnclosureDeviceSpeaker</name>
            <mappings>
                <mapping>
                    <value>1</value>
                    <newvalue>Неизвестно</newvalue>
                </mapping>
                <mapping>
                    <value>2</value>
                    <newvalue>Другое</newvalue>
                </mapping>
                <mapping>
                    <value>3</value>
                    <newvalue>Не применяется</newvalue>
                </mapping>
                <mapping>
                    <value>4</value>
                    <newvalue>Не установлено</newvalue>
                </mapping>
                <mapping>
                    <value>5</value>
                    <newvalue>Установлено и неактивно</newvalue>
                </mapping>
                <mapping>
                    <value>6</value>
                    <newvalue>Установлен и активен</newvalue>
                </mapping>
            </mappings>
        </value_map>
        <value_map>
            <name>ADAPTEC-UNIVERSAL-STORA-ausEnclosureDeviceTemperatureState</name>
            <mappings>
                <mapping>
                    <value>1</value>
                    <newvalue>Неизвестно</newvalue>
                </mapping>
                <mapping>
                    <value>2</value>
                    <newvalue>Другое</newvalue>
                </mapping>
                <mapping>
                    <value>3</value>
                    <newvalue>Хорошо</newvalue>
                </mapping>
                <mapping>
                    <value>4</value>
                    <newvalue>Слишком жарко</newvalue>
                </mapping>
            </mappings>
        </value_map>
        <value_map>
            <name>ADAPTEC-UNIVERSAL-STORA-ausEnclosureFanStatus</name>
            <mappings>
                <mapping>
                    <value>1</value>
                    <newvalue>Неизвестно</newvalue>
                </mapping>
                <mapping>
                    <value>2</value>
                    <newvalue>Другое</newvalue>
                </mapping>
                <mapping>
                    <value>3</value>
                    <newvalue>Хорошо</newvalue>
                </mapping>
                <mapping>
                    <value>4</value>
                    <newvalue>Предупреждение</newvalue>
                </mapping>
                <mapping>
                    <value>5</value>
                    <newvalue>Сбой</newvalue>
                </mapping>
            </mappings>
        </value_map>
        <value_map>
            <name>ADAPTEC-UNIVERSAL-STORA-ausEnclosurePowerSupplyStatus</name>
            <mappings>
                <mapping>
                    <value>1</value>
                    <newvalue>Неизвестно</newvalue>
                </mapping>
                <mapping>
                    <value>2</value>
                    <newvalue>Другое</newvalue>
                </mapping>
                <mapping>
                    <value>3</value>
                    <newvalue>Эксплуатационный и вкл</newvalue>
                </mapping>
                <mapping>
                    <value>4</value>
                    <newvalue>В рабочем и выключенном состоянии</newvalue>
                </mapping>
                <mapping>
                    <value>5</value>
                    <newvalue>Включен и не исправен</newvalue>
                </mapping>
                <mapping>
                    <value>6</value>
                    <newvalue>Выключен и неисправен</newvalue>
                </mapping>
                <mapping>
                    <value>7</value>
                    <newvalue>Установлено</newvalue>
                </mapping>
                <mapping>
                    <value>8</value>
                    <newvalue>Не установлено</newvalue>
                </mapping>
            </mappings>
        </value_map>
        <value_map>
            <name>ADAPTEC-UNIVERSAL-STORA-ausEnclosureTemperatureSensorOverTemper</name>
            <mappings>
                <mapping>
                    <value>1</value>
                    <newvalue>Неизвестно</newvalue>
                </mapping>
                <mapping>
                    <value>2</value>
                    <newvalue>Другое</newvalue>
                </mapping>
                <mapping>
                    <value>3</value>
                    <newvalue>Хорошо</newvalue>
                </mapping>
                <mapping>
                    <value>4</value>
                    <newvalue>Предупреждение</newvalue>
                </mapping>
                <mapping>
                    <value>5</value>
                    <newvalue>Сбой</newvalue>
                </mapping>
            </mappings>
        </value_map>
        <value_map>
            <name>ADAPTEC-UNIVERSAL-STORA-ausExternalRaidDeviceAudibleAlarmStatus</name>
            <mappings>
                <mapping>
                    <value>1</value>
                    <newvalue>Неизвестно</newvalue>
                </mapping>
                <mapping>
                    <value>2</value>
                    <newvalue>Другое</newvalue>
                </mapping>
                <mapping>
                    <value>3</value>
                    <newvalue>Не применяется</newvalue>
                </mapping>
                <mapping>
                    <value>4</value>
                    <newvalue>Не установлено</newvalue>
                </mapping>
                <mapping>
                    <value>5</value>
                    <newvalue>Установлено и неактивно</newvalue>
                </mapping>
                <mapping>
                    <value>6</value>
                    <newvalue>Установлен и активен</newvalue>
                </mapping>
            </mappings>
        </value_map>
        <value_map>
            <name>ADAPTEC-UNIVERSAL-STORA-ausExternalRaidDeviceBatteryStatus</name>
            <mappings>
                <mapping>
                    <value>1</value>
                    <newvalue>Неизвестно</newvalue>
                </mapping>
                <mapping>
                    <value>2</value>
                    <newvalue>Другое</newvalue>
                </mapping>
                <mapping>
                    <value>3</value>
                    <newvalue>Не применяется</newvalue>
                </mapping>
                <mapping>
                    <value>4</value>
                    <newvalue>Не установлено</newvalue>
                </mapping>
                <mapping>
                    <value>5</value>
                    <newvalue>Хорошо</newvalue>
                </mapping>
                <mapping>
                    <value>6</value>
                    <newvalue>Не удалось</newvalue>
                </mapping>
                <mapping>
                    <value>7</value>
                    <newvalue>Загрузочный</newvalue>
                </mapping>
                <mapping>
                    <value>8</value>
                    <newvalue>Дисковая обработка</newvalue>
                </mapping>
                <mapping>
                    <value>9</value>
                    <newvalue>В режиме обслуживания</newvalue>
                </mapping>
                <mapping>
                    <value>10</value>
                    <newvalue>Загрузочный отключен</newvalue>
                </mapping>
            </mappings>
        </value_map>
        <value_map>
            <name>ADAPTEC-UNIVERSAL-STORA-ausServeRAIDControllerDefaultRebuildRate</name>
            <mappings>
                <mapping>
                    <value>1</value>
                    <newvalue>Неизвестно</newvalue>
                </mapping>
                <mapping>
                    <value>2</value>
                    <newvalue>Другое</newvalue>
                </mapping>
                <mapping>
                    <value>3</value>
                    <newvalue>Низкий</newvalue>
                </mapping>
                <mapping>
                    <value>4</value>
                    <newvalue>Средний</newvalue>
                </mapping>
                <mapping>
                    <value>5</value>
                    <newvalue>Высокий</newvalue>
                </mapping>
            </mappings>
        </value_map>
        <value_map>
            <name>ADAPTEC-UNIVERSAL-STORA-ausSpareType</name>
            <mappings>
                <mapping>
                    <value>1</value>
                    <newvalue>Глобальный</newvalue>
                </mapping>
                <mapping>
                    <value>2</value>
                    <newvalue>Внутренний</newvalue>
                </mapping>
                <mapping>
                    <value>3</value>
                    <newvalue>Внешний Raid Globa</newvalue>
                </mapping>
                <mapping>
                    <value>4</value>
                    <newvalue>Неизвестно</newvalue>
                </mapping>
                <mapping>
                    <value>5</value>
                    <newvalue>Другое</newvalue>
                </mapping>
                <mapping>
                    <value>6</value>
                    <newvalue>В режиме ожидания</newvalue>
                </mapping>
            </mappings>
        </value_map>
        <value_map>
            <name>ADAPTEC-UNIVERSAL-STORA-ausStorageDeviceRemovableMedia</name>
            <mappings>
                <mapping>
                    <value>1</value>
                    <newvalue>Неизвестно</newvalue>
                </mapping>
                <mapping>
                    <value>2</value>
                    <newvalue>Не поддерживается</newvalue>
                </mapping>
                <mapping>
                    <value>3</value>
                    <newvalue>Поддерживается и не загружается</newvalue>
                </mapping>
                <mapping>
                    <value>4</value>
                    <newvalue>Поддерживается и загружается</newvalue>
                </mapping>
            </mappings>
        </value_map>
        <value_map>
            <name>ADAPTEC-UNIVERSAL-STORA-ausStorageDeviceSmartStatus</name>
            <mappings>
                <mapping>
                    <value>1</value>
                    <newvalue>Неизвестно</newvalue>
                </mapping>
                <mapping>
                    <value>2</value>
                    <newvalue>Не поддерживается</newvalue>
                </mapping>
                <mapping>
                    <value>3</value>
                    <newvalue>Не включен</newvalue>
                </mapping>
                <mapping>
                    <value>4</value>
                    <newvalue>Хорошо</newvalue>
                </mapping>
                <mapping>
                    <value>5</value>
                    <newvalue>Ошибка предсказана</newvalue>
                </mapping>
            </mappings>
        </value_map>
        <value_map>
            <name>ADAPTEC-UNIVERSAL-STORA-ausTrapArrayStatus</name>
            <mappings>
                <mapping>
                    <value>1</value>
                    <newvalue>Хорошо</newvalue>
                </mapping>
                <mapping>
                    <value>2</value>
                    <newvalue>Критический</newvalue>
                </mapping>
                <mapping>
                    <value>3</value>
                    <newvalue>Оффлайн</newvalue>
                </mapping>
                <mapping>
                    <value>4</value>
                    <newvalue>Заблокирован</newvalue>
                </mapping>
                <mapping>
                    <value>5</value>
                    <newvalue>Разблокирован</newvalue>
                </mapping>
            </mappings>
        </value_map>
        <value_map>
            <name>ADAPTEC-UNIVERSAL-STORA-ausTrapArrayTaskStatus</name>
            <mappings>
                <mapping>
                    <value>1</value>
                    <newvalue>Восстановление</newvalue>
                </mapping>
                <mapping>
                    <value>2</value>
                    <newvalue>Восстановление завершено</newvalue>
                </mapping>
                <mapping>
                    <value>3</value>
                    <newvalue>Восстановить не удалось</newvalue>
                </mapping>
                <mapping>
                    <value>4</value>
                    <newvalue>Синхронизация</newvalue>
                </mapping>
                <mapping>
                    <value>5</value>
                    <newvalue>Синхронизация завершена</newvalue>
                </mapping>
                <mapping>
                    <value>6</value>
                    <newvalue>Ошибка синхронизации</newvalue>
                </mapping>
                <mapping>
                    <value>7</value>
                    <newvalue>Мигрирует</newvalue>
                </mapping>
                <mapping>
                    <value>8</value>
                    <newvalue>Миграция завершена</newvalue>
                </mapping>
                <mapping>
                    <value>9</value>
                    <newvalue>Миграция не удалась</newvalue>
                </mapping>
                <mapping>
                    <value>10</value>
                    <newvalue>Сжатие</newvalue>
                </mapping>
                <mapping>
                    <value>11</value>
                    <newvalue>Сжатие завершено</newvalue>
                </mapping>
                <mapping>
                    <value>12</value>
                    <newvalue>Сжатие не удалось</newvalue>
                </mapping>
                <mapping>
                    <value>13</value>
                    <newvalue>Декомпрессия</newvalue>
                </mapping>
                <mapping>
                    <value>14</value>
                    <newvalue>Декомпрессия завершена</newvalue>
                </mapping>
                <mapping>
                    <value>15</value>
                    <newvalue>Сбой декомпрессии</newvalue>
                </mapping>
                <mapping>
                    <value>16</value>
                    <newvalue>Уплотнение</newvalue>
                </mapping>
                <mapping>
                    <value>17</value>
                    <newvalue>Уплотнение завершено</newvalue>
                </mapping>
                <mapping>
                    <value>18</value>
                    <newvalue>Сжатие не удалось</newvalue>
                </mapping>
                <mapping>
                    <value>19</value>
                    <newvalue>Расширяется</newvalue>
                </mapping>
                <mapping>
                    <value>20</value>
                    <newvalue>Расширение завершено</newvalue>
                </mapping>
                <mapping>
                    <value>21</value>
                    <newvalue>Расширение не удалось</newvalue>
                </mapping>
                <mapping>
                    <value>22</value>
                    <newvalue>Флэш-копирование</newvalue>
                </mapping>
                <mapping>
                    <value>23</value>
                    <newvalue>Флэш-копирование готово</newvalue>
                </mapping>
                <mapping>
                    <value>24</value>
                    <newvalue>Ошибка копирования копии</newvalue>
                </mapping>
            </mappings>
        </value_map>
        <value_map>
            <name>ADAPTEC-UNIVERSAL-STORA-ausTrapControllerStatus</name>
            <mappings>
                <mapping>
                    <value>1</value>
                    <newvalue>Хорошо</newvalue>
                </mapping>
                <mapping>
                    <value>2</value>
                    <newvalue>Контроллеры не найдены</newvalue>
                </mapping>
                <mapping>
                    <value>3</value>
                    <newvalue>Добавлен контроллер</newvalue>
                </mapping>
                <mapping>
                    <value>4</value>
                    <newvalue>Контроллер удален</newvalue>
                </mapping>
                <mapping>
                    <value>5</value>
                    <newvalue>Контроллер при сбое</newvalue>
                </mapping>
                <mapping>
                    <value>6</value>
                    <newvalue>Команды не отвечают</newvalue>
                </mapping>
                <mapping>
                    <value>7</value>
                    <newvalue>Не может прочитать информацию контроллера</newvalue>
                </mapping>
                <mapping>
                    <value>8</value>
                    <newvalue>Заменить аккумулятор</newvalue>
                </mapping>
                <mapping>
                    <value>9</value>
                    <newvalue>Дефектный кеш</newvalue>
                </mapping>
                <mapping>
                    <value>10</value>
                    <newvalue>Несоответствие версии прошивки</newvalue>
                </mapping>
            </mappings>
        </value_map>
        <value_map>
            <name>ADAPTEC-UNIVERSAL-STORA-ausTrapControllerType</name>
            <mappings>
                <mapping>
                    <value>1</value>
                    <newvalue>Совокупный контроллер</newvalue>
                </mapping>
                <mapping>
                    <value>2</value>
                    <newvalue>Внутренний контроллер</newvalue>
                </mapping>
                <mapping>
                    <value>3</value>
                    <newvalue>Внешний контроллер</newvalue>
                </mapping>
            </mappings>
        </value_map>
        <value_map>
            <name>ADAPTEC-UNIVERSAL-STORA-ausTrapDeviceStatus</name>
            <mappings>
                <mapping>
                    <value>1</value>
                    <newvalue>Хорошо</newvalue>
                </mapping>
                <mapping>
                    <value>2</value>
                    <newvalue>Устройство добавлено</newvalue>
                </mapping>
                <mapping>
                    <value>3</value>
                    <newvalue>Устройство удалено</newvalue>
                </mapping>
                <mapping>
                    <value>4</value>
                    <newvalue>Устройство не удалось</newvalue>
                </mapping>
                <mapping>
                    <value>5</value>
                    <newvalue>Smart событие лог</newvalue>
                </mapping>
                <mapping>
                    <value>6</value>
                    <newvalue>Неподдерживаемый тип устройства</newvalue>
                </mapping>
            </mappings>
        </value_map>
        <value_map>
            <name>ADAPTEC-UNIVERSAL-STORA-ausTrapEnclosureStatus</name>
            <mappings>
                <mapping>
                    <value>1</value>
                    <newvalue>Корпус, отвечающий</newvalue>
                </mapping>
                <mapping>
                    <value>2</value>
                    <newvalue>Корпус не отвечает</newvalue>
                </mapping>
                <mapping>
                    <value>3</value>
                    <newvalue>Неисправность вентилятора</newvalue>
                </mapping>
                <mapping>
                    <value>4</value>
                    <newvalue>Вентилятор работает</newvalue>
                </mapping>
                <mapping>
                    <value>5</value>
                    <newvalue>Вентилятор удален</newvalue>
                </mapping>
                <mapping>
                    <value>6</value>
                    <newvalue>Вентилятор установлен</newvalue>
                </mapping>
                <mapping>
                    <value>7</value>
                    <newvalue>Температура в диапазоне</newvalue>
                </mapping>
                <mapping>
                    <value>8</value>
                    <newvalue>Температура вне диапазона</newvalue>
                </mapping>
                <mapping>
                    <value>9</value>
                    <newvalue>Неисправность источника питания</newvalue>
                </mapping>
                <mapping>
                    <value>10</value>
                    <newvalue>Блок питания работает</newvalue>
                </mapping>
                <mapping>
                    <value>11</value>
                    <newvalue>Источник питания снят</newvalue>
                </mapping>
                <mapping>
                    <value>12</value>
                    <newvalue>Блок питания установлен</newvalue>
                </mapping>
            </mappings>
        </value_map>
        <value_map>
            <name>ADAPTEC-UNIVERSAL-STORA-ausTrapSpareStatus</name>
            <mappings>
                <mapping>
                    <value>1</value>
                    <newvalue>Хорошо</newvalue>
                </mapping>
                <mapping>
                    <value>2</value>
                    <newvalue>добавленный</newvalue>
                </mapping>
                <mapping>
                    <value>3</value>
                    <newvalue>Удаленый</newvalue>
                </mapping>
                <mapping>
                    <value>4</value>
                    <newvalue>Отказ</newvalue>
                </mapping>
            </mappings>
        </value_map>
        <value_map>
            <name>ADAPTEC-UNIVERSAL-STORAGE-ausChannelLocation</name>
            <mappings>
                <mapping>
                    <value>1</value>
                    <newvalue>Внутренний рейд</newvalue>
                </mapping>
                <mapping>
                    <value>2</value>
                    <newvalue>Внешний рейд</newvalue>
                </mapping>
            </mappings>
        </value_map>
        <value_map>
            <name>ADAPTEC-UNIVERSAL-STORAGE-ausChannelOverallStatus</name>
            <mappings>
                <mapping>
                    <value>1</value>
                    <newvalue>Неизвестный</newvalue>
                </mapping>
                <mapping>
                    <value>2</value>
                    <newvalue>Другое</newvalue>
                </mapping>
                <mapping>
                    <value>3</value>
                    <newvalue>Хорошо</newvalue>
                </mapping>
                <mapping>
                    <value>4</value>
                    <newvalue>Внимание</newvalue>
                </mapping>
                <mapping>
                    <value>5</value>
                    <newvalue>Отказ</newvalue>
                </mapping>
            </mappings>
        </value_map>
        <value_map>
            <name>ADAPTEC-UNIVERSAL-STORAGE-ausChannelType</name>
            <mappings>
                <mapping>
                    <value>1</value>
                    <newvalue>Неизвестно</newvalue>
                </mapping>
                <mapping>
                    <value>2</value>
                    <newvalue>Другое</newvalue>
                </mapping>
                <mapping>
                    <value>3</value>
                    <newvalue>scsi</newvalue>
                </mapping>
                <mapping>
                    <value>4</value>
                    <newvalue>ide</newvalue>
                </mapping>
                <mapping>
                    <value>5</value>
                    <newvalue>fibreChanne-волоконный канал</newvalue>
                </mapping>
                <mapping>
                    <value>6</value>
                    <newvalue>sata</newvalue>
                </mapping>
                <mapping>
                    <value>7</value>
                    <newvalue>sas</newvalue>
                </mapping>
            </mappings>
        </value_map>
        <value_map>
            <name>ADAPTEC-UNIVERSAL-STORAGE-ausControllerAudibleAlarmStatus</name>
            <mappings>
                <mapping>
                    <value>1</value>
                    <newvalue>Неизвестно</newvalue>
                </mapping>
                <mapping>
                    <value>2</value>
                    <newvalue>Другое</newvalue>
                </mapping>
                <mapping>
                    <value>3</value>
                    <newvalue>Непригодный</newvalue>
                </mapping>
                <mapping>
                    <value>4</value>
                    <newvalue>Не установлено</newvalue>
                </mapping>
                <mapping>
                    <value>5</value>
                    <newvalue>Установлен и неактивен</newvalue>
                </mapping>
                <mapping>
                    <value>6</value>
                    <newvalue>Установлен и активен</newvalue>
                </mapping>
            </mappings>
        </value_map>
        <value_map>
            <name>ADAPTEC-UNIVERSAL-STORAGE-ausControllerBatteryStatus</name>
            <mappings>
                <mapping>
                    <value>1</value>
                    <newvalue>Неизвестный</newvalue>
                </mapping>
                <mapping>
                    <value>2</value>
                    <newvalue>Другое</newvalue>
                </mapping>
                <mapping>
                    <value>3</value>
                    <newvalue>Непригодный</newvalue>
                </mapping>
                <mapping>
                    <value>4</value>
                    <newvalue>не установлено</newvalue>
                </mapping>
                <mapping>
                    <value>5</value>
                    <newvalue>Хорошо</newvalue>
                </mapping>
                <mapping>
                    <value>6</value>
                    <newvalue>не удалось</newvalue>
                </mapping>
                <mapping>
                    <value>7</value>
                    <newvalue>charging-зарядка</newvalue>
                </mapping>
                <mapping>
                    <value>8</value>
                    <newvalue>discharging-разрядка</newvalue>
                </mapping>
                <mapping>
                    <value>9</value>
                    <newvalue>В режиме обслуживания</newvalue>
                </mapping>
                <mapping>
                    <value>10</value>
                    <newvalue>chargingDisabled-зарядка отключена</newvalue>
                </mapping>
            </mappings>
        </value_map>
        <value_map>
            <name>ADAPTEC-UNIVERSAL-STORAGE-ausControllerHostBusType</name>
            <mappings>
                <mapping>
                    <value>1</value>
                    <newvalue>Неизвестно</newvalue>
                </mapping>
                <mapping>
                    <value>2</value>
                    <newvalue>Другое</newvalue>
                </mapping>
                <mapping>
                    <value>3</value>
                    <newvalue>Непригодный</newvalue>
                </mapping>
                <mapping>
                    <value>4</value>
                    <newvalue>pci</newvalue>
                </mapping>
                <mapping>
                    <value>5</value>
                    <newvalue>pci-32</newvalue>
                </mapping>
                <mapping>
                    <value>6</value>
                    <newvalue>pci-64</newvalue>
                </mapping>
                <mapping>
                    <value>7</value>
                    <newvalue>pcix</newvalue>
                </mapping>
                <mapping>
                    <value>8</value>
                    <newvalue>pcie</newvalue>
                </mapping>
            </mappings>
        </value_map>
        <value_map>
            <name>ADAPTEC-UNIVERSAL-STORAGE-ausControllerMaxCacheAssignedDriv</name>
            <mappings>
                <mapping>
                    <value>-1</value>
                    <newvalue>Не поддерживается</newvalue>
                </mapping>
            </mappings>
        </value_map>
        <value_map>
            <name>ADAPTEC-UNIVERSAL-STORAGE-ausControllerMaxCacheSupported</name>
            <mappings>
                <mapping>
                    <value>0</value>
                    <newvalue>Нет</newvalue>
                </mapping>
                <mapping>
                    <value>1</value>
                    <newvalue>Да</newvalue>
                </mapping>
            </mappings>
        </value_map>
        <value_map>
            <name>ADAPTEC-UNIVERSAL-STORAGE-ausControllerMaximumAllowedMaxCa</name>
            <mappings>
                <mapping>
                    <value>-1</value>
                    <newvalue>Не поддерживается</newvalue>
                </mapping>
            </mappings>
        </value_map>
        <value_map>
            <name>ADAPTEC-UNIVERSAL-STORAGE-ausControllerNCQStatus</name>
            <mappings>
                <mapping>
                    <value>0</value>
                    <newvalue>Отключен</newvalue>
                </mapping>
                <mapping>
                    <value>1</value>
                    <newvalue>Включен</newvalue>
                </mapping>
            </mappings>
        </value_map>
        <value_map>
            <name>ADAPTEC-UNIVERSAL-STORAGE-ausControllerOverallStatus</name>
            <mappings>
                <mapping>
                    <value>1</value>
                    <newvalue>Неизвестный</newvalue>
                </mapping>
                <mapping>
                    <value>2</value>
                    <newvalue>Другой</newvalue>
                </mapping>
                <mapping>
                    <value>3</value>
                    <newvalue>Хорошо</newvalue>
                </mapping>
                <mapping>
                    <value>4</value>
                    <newvalue>Внимание</newvalue>
                </mapping>
                <mapping>
                    <value>5</value>
                    <newvalue>Отказ</newvalue>
                </mapping>
            </mappings>
        </value_map>
        <value_map>
            <name>ADAPTEC-UNIVERSAL-STORAGE-ausControllerPerformanceMode</name>
            <mappings>
                <mapping>
                    <value>0</value>
                    <newvalue>Динамический</newvalue>
                </mapping>
                <mapping>
                    <value>3</value>
                    <newvalue>База данных oltp</newvalue>
                </mapping>
            </mappings>
        </value_map>
        <value_map>
            <name>ADAPTEC-UNIVERSAL-STORAGE-ausControllerRelationshipType</name>
            <mappings>
                <mapping>
                    <value>1</value>
                    <newvalue>Хост Прикрепленный Контроллер</newvalue>
                </mapping>
                <mapping>
                    <value>2</value>
                    <newvalue>Внешний рейд</newvalue>
                </mapping>
            </mappings>
        </value_map>
        <value_map>
            <name>ADAPTEC-UNIVERSAL-STORAGE-ausControllerStatus</name>
            <mappings>
                <mapping>
                    <value>1</value>
                    <newvalue>Неизвестный</newvalue>
                </mapping>
                <mapping>
                    <value>2</value>
                    <newvalue>Другой</newvalue>
                </mapping>
                <mapping>
                    <value>3</value>
                    <newvalue>Хорошо</newvalue>
                </mapping>
                <mapping>
                    <value>4</value>
                    <newvalue>Внимание</newvalue>
                </mapping>
                <mapping>
                    <value>5</value>
                    <newvalue>Отказ</newvalue>
                </mapping>
            </mappings>
        </value_map>
        <value_map>
            <name>ADAPTEC-UNIVERSAL-STORAGE-ausControllerZMMStatus</name>
            <mappings>
                <mapping>
                    <value>0</value>
                    <newvalue>Неизвестный</newvalue>
                </mapping>
                <mapping>
                    <value>1</value>
                    <newvalue>Хорошо</newvalue>
                </mapping>
                <mapping>
                    <value>2</value>
                    <newvalue>charging-загрузочный</newvalue>
                </mapping>
                <mapping>
                    <value>3</value>
                    <newvalue>Не удалось</newvalue>
                </mapping>
                <mapping>
                    <value>4</value>
                    <newvalue>Не установлено</newvalue>
                </mapping>
            </mappings>
        </value_map>
        <value_map>
            <name>ADAPTEC-UNIVERSAL-STORAGE-StatusOverall</name>
            <mappings>
                <mapping>
                    <value>1</value>
                    <newvalue>Неизвестно</newvalue>
                </mapping>
                <mapping>
                    <value>2</value>
                    <newvalue>Другое</newvalue>
                </mapping>
                <mapping>
                    <value>3</value>
                    <newvalue>Хорошо</newvalue>
                </mapping>
                <mapping>
                    <value>4</value>
                    <newvalue>Предупреждение</newvalue>
                </mapping>
                <mapping>
                    <value>5</value>
                    <newvalue>Неудача</newvalue>
                </mapping>
            </mappings>
        </value_map>
    </value_maps>
</zabbix_export>
