<?xml version="1.0" encoding="UTF-8"?>
<zabbix_export>
    <version>3.4</version>
    <date>2019-04-21T16:44:53Z</date>
    <groups>
        <group>
            <name>Templates</name>
        </group>
    </groups>
    <templates>
        <template>
            <template>Template App SDelete</template>
            <name>Template App SDelete</name>
            <description/>
            <groups>
                <group>
                    <name>Templates</name>
                </group>
            </groups>
            <applications>
                <application>
                    <name>SDelete</name>
                </application>
            </applications>
            <items>
                <item>
                    <name>SDelete</name>
                    <type>2</type>
                    <snmp_community/>
                    <snmp_oid/>
                    <key>sdelete</key>
                    <delay>0</delay>
                    <history>7d</history>
                    <trends>365d</trends>
                    <status>0</status>
                    <value_type>3</value_type>
                    <allowed_hosts/>
                    <units/>
                    <snmpv3_contextname/>
                    <snmpv3_securityname/>
                    <snmpv3_securitylevel>0</snmpv3_securitylevel>
                    <snmpv3_authprotocol>0</snmpv3_authprotocol>
                    <snmpv3_authpassphrase/>
                    <snmpv3_privprotocol>0</snmpv3_privprotocol>
                    <snmpv3_privpassphrase/>
                    <params/>
                    <ipmi_sensor/>
                    <authtype>0</authtype>
                    <username/>
                    <password/>
                    <publickey/>
                    <privatekey/>
                    <port/>
                    <description/>
                    <inventory_link>0</inventory_link>
                    <applications>
                        <application>
                            <name>SDelete</name>
                        </application>
                    </applications>
                    <valuemap/>
                    <logtimefmt/>
                    <preprocessing/>
                    <jmx_endpoint/>
                    <master_item/>
                </item>
            </items>
            <discovery_rules/>
            <httptests/>
            <macros>
                <macro>
                    <macro>{$PERIOD}</macro>
                    <value>8d</value>
                </macro>
            </macros>
            <templates/>
            <screens/>
        </template>
    </templates>
    <triggers>
        <trigger>
            <expression>{Template App SDelete:sdelete.nodata({$PERIOD})}=1</expression>
            <recovery_mode>0</recovery_mode>
            <recovery_expression/>
            <name>SDelete utility - no data more then {$PERIOD}</name>
            <correlation_mode>0</correlation_mode>
            <correlation_tag/>
            <url/>
            <status>0</status>
            <priority>1</priority>
            <description/>
            <type>0</type>
            <manual_close>0</manual_close>
            <dependencies/>
            <tags/>
        </trigger>
        <trigger>
            <expression>{Template App SDelete:sdelete.last()}=0</expression>
            <recovery_mode>0</recovery_mode>
            <recovery_expression/>
            <name>SDelete utility execution failed - please check logs on host</name>
            <correlation_mode>0</correlation_mode>
            <correlation_tag/>
            <url/>
            <status>0</status>
            <priority>2</priority>
            <description/>
            <type>0</type>
            <manual_close>0</manual_close>
            <dependencies/>
            <tags/>
        </trigger>
    </triggers>
</zabbix_export>
