<?xml version="1.0" encoding="UTF-8"?>
<zabbix_export>
    <version>5.2</version>
    <date>2021-01-12T22:21:51Z</date>
    <groups>
        <group>
            <name>Servers Microsoft/DHCP</name>
        </group>
    </groups>
    <templates>
        <template>
            <template>Micrososft DHCP</template>
            <name>Micrososft DHCP</name>
            <templates>
                <template>
                    <name>APP Discovery DHCP scopes</name>
                </template>
            </templates>
            <groups>
                <group>
                    <name>Servers Microsoft/DHCP</name>
                </group>
            </groups>
            <applications>
                <application>
                    <name>CPU</name>
                </application>
                <application>
                    <name>DHCP scopes</name>
                </application>
                <application>
                    <name>Filesystems</name>
                </application>
                <application>
                    <name>Memory</name>
                </application>
                <application>
                    <name>OS</name>
                </application>
                <application>
                    <name>Performance</name>
                </application>
                <application>
                    <name>Processes</name>
                </application>
                <application>
                    <name>Services</name>
                </application>
            </applications>
            <items>
                <item>
                    <name>File read bytes per second</name>
                    <key>perf_counter[\2\16]</key>
                    <history>1w</history>
                    <value_type>FLOAT</value_type>
                    <units>Bps</units>
                    <description>Full counter name: \System\File Read Bytes/sec</description>
                    <applications>
                        <application>
                            <name>Filesystems</name>
                        </application>
                        <application>
                            <name>Performance</name>
                        </application>
                    </applications>
                </item>
                <item>
                    <name>File write bytes per second</name>
                    <key>perf_counter[\2\18]</key>
                    <history>1w</history>
                    <value_type>FLOAT</value_type>
                    <units>Bps</units>
                    <description>Full counter name: \System\File Write Bytes/sec</description>
                    <applications>
                        <application>
                            <name>Filesystems</name>
                        </application>
                        <application>
                            <name>Performance</name>
                        </application>
                    </applications>
                </item>
                <item>
                    <name>Number of threads</name>
                    <key>perf_counter[\2\250]</key>
                    <history>1w</history>
                    <description>Full counter name: \System\Threads</description>
                    <applications>
                        <application>
                            <name>OS</name>
                        </application>
                    </applications>
                </item>
                <item>
                    <name>Average disk read queue length</name>
                    <key>perf_counter[\234(_Total)\1402]</key>
                    <history>1w</history>
                    <value_type>FLOAT</value_type>
                    <description>Full counter name: \PhysicalDisk(_Total)\Avg. Disk Read Queue Length</description>
                    <applications>
                        <application>
                            <name>Filesystems</name>
                        </application>
                        <application>
                            <name>Performance</name>
                        </application>
                    </applications>
                </item>
                <item>
                    <name>Average disk write queue length</name>
                    <key>perf_counter[\234(_Total)\1404]</key>
                    <history>1w</history>
                    <value_type>FLOAT</value_type>
                    <description>Full counter name: \PhysicalDisk(_Total)\Avg. Disk Write Queue Length</description>
                    <applications>
                        <application>
                            <name>Filesystems</name>
                        </application>
                        <application>
                            <name>Performance</name>
                        </application>
                    </applications>
                </item>
                <item>
                    <name>Processor load (1 min average)</name>
                    <key>system.cpu.load[percpu,avg1]</key>
                    <history>1w</history>
                    <value_type>FLOAT</value_type>
                    <applications>
                        <application>
                            <name>CPU</name>
                        </application>
                        <application>
                            <name>Performance</name>
                        </application>
                    </applications>
                    <triggers>
                        <trigger>
                            <expression>{avg(5m)}&gt;10</expression>
                            <recovery_mode>RECOVERY_EXPRESSION</recovery_mode>
                            <recovery_expression>{avg(5m)}&lt;7</recovery_expression>
                            <name>Processor load is too high on {HOST.NAME}</name>
                            <priority>WARNING</priority>
                        </trigger>
                    </triggers>
                </item>
                <item>
                    <name>Processor load (5 min average)</name>
                    <key>system.cpu.load[percpu,avg5]</key>
                    <history>1w</history>
                    <value_type>FLOAT</value_type>
                    <applications>
                        <application>
                            <name>CPU</name>
                        </application>
                        <application>
                            <name>Performance</name>
                        </application>
                    </applications>
                </item>
                <item>
                    <name>Processor load (15 min average)</name>
                    <key>system.cpu.load[percpu,avg15]</key>
                    <history>1w</history>
                    <value_type>FLOAT</value_type>
                    <applications>
                        <application>
                            <name>CPU</name>
                        </application>
                        <application>
                            <name>Performance</name>
                        </application>
                    </applications>
                </item>
                <item>
                    <name>Free memory</name>
                    <key>vm.memory.size[free]</key>
                    <history>1w</history>
                    <units>B</units>
                    <applications>
                        <application>
                            <name>Memory</name>
                        </application>
                    </applications>
                    <triggers>
                        <trigger>
                            <expression>{last(0)}&lt;10000</expression>
                            <name>Lack of free memory on server {HOST.NAME}</name>
                            <priority>AVERAGE</priority>
                        </trigger>
                    </triggers>
                </item>
                <item>
                    <name>Free virtual memory, in %</name>
                    <key>vm.vmemory.size[pavailable]</key>
                    <history>1w</history>
                    <value_type>FLOAT</value_type>
                    <units>%</units>
                    <applications>
                        <application>
                            <name>Memory</name>
                        </application>
                    </applications>
                    <triggers>
                        <trigger>
                            <expression>{min(10m)}&lt;10</expression>
                            <recovery_mode>RECOVERY_EXPRESSION</recovery_mode>
                            <recovery_expression>{min(10m)}&gt;20</recovery_expression>
                            <name>Lack of available virtual memory on server {HOST.NAME}</name>
                            <priority>AVERAGE</priority>
                        </trigger>
                    </triggers>
                </item>
            </items>
            <discovery_rules>
                <discovery_rule>
                    <name>Windows service discovery</name>
                    <key>service.discovery</key>
                    <delay>1h</delay>
                    <filter>
                        <evaltype>AND</evaltype>
                        <conditions>
                            <condition>
                                <macro>{#SERVICE.NAME}</macro>
                                <value>^(DHCPServer)$</value>
                                <formulaid>A</formulaid>
                            </condition>
                            <condition>
                                <macro>{#SERVICE.STARTUPNAME}</macro>
                                <value>@Windows service startup states for discovery</value>
                                <formulaid>B</formulaid>
                            </condition>
                        </conditions>
                    </filter>
                    <description>Discovery of Windows services of different types as defined in global regular expressions &quot;Windows service names for discovery&quot; and &quot;Windows service startup states for discovery&quot;.</description>
                    <item_prototypes>
                        <item_prototype>
                            <name>State of service &quot;{#SERVICE.NAME}&quot; ({#SERVICE.DISPLAYNAME})</name>
                            <key>service.info[{#SERVICE.NAME},state]</key>
                            <applications>
                                <application>
                                    <name>Services</name>
                                </application>
                            </applications>
                            <application_prototypes>
                                <application_prototype>
                                    <name>Startup {#SERVICE.STARTUPNAME} services</name>
                                </application_prototype>
                            </application_prototypes>
                            <valuemap>
                                <name>Windows service state</name>
                            </valuemap>
                            <trigger_prototypes>
                                <trigger_prototype>
                                    <expression>{min(#3)}&lt;&gt;0</expression>
                                    <name>Service &quot;{#SERVICE.NAME}&quot; ({#SERVICE.DISPLAYNAME}) is not running (startup type {#SERVICE.STARTUPNAME})</name>
                                    <priority>HIGH</priority>
                                </trigger_prototype>
                            </trigger_prototypes>
                        </item_prototype>
                    </item_prototypes>
                </discovery_rule>
            </discovery_rules>
            <dashboards>
                <dashboard>
                    <name>System performance</name>
                    <widgets>
                        <widget>
                            <type>GRAPH_CLASSIC</type>
                            <width>12</width>
                            <height>5</height>
                            <fields>
                                <field>
                                    <type>GRAPH</type>
                                    <name>graphid</name>
                                    <value>
                                        <name>CPU load</name>
                                        <host>Micrososft DHCP</host>
                                    </value>
                                </field>
                            </fields>
                        </widget>
                        <widget>
                            <type>GRAPH_CLASSIC</type>
                            <x>12</x>
                            <width>12</width>
                            <height>5</height>
                            <fields>
                                <field>
                                    <type>GRAPH</type>
                                    <name>graphid</name>
                                    <value>
                                        <name>Memory usage</name>
                                        <host>Micrososft DHCP</host>
                                    </value>
                                </field>
                            </fields>
                        </widget>
                        <widget>
                            <type>GRAPH_CLASSIC</type>
                            <y>5</y>
                            <width>12</width>
                            <height>5</height>
                            <fields>
                                <field>
                                    <type>INTEGER</type>
                                    <name>source_type</name>
                                    <value>1</value>
                                </field>
                            </fields>
                        </widget>
                        <widget>
                            <type>GRAPH_CLASSIC</type>
                            <x>12</x>
                            <y>5</y>
                            <width>12</width>
                            <height>5</height>
                            <fields>
                                <field>
                                    <type>INTEGER</type>
                                    <name>source_type</name>
                                    <value>1</value>
                                </field>
                                <field>
                                    <type>ITEM</type>
                                    <name>itemid</name>
                                    <value>
                                        <key>perf_counter[\2\250]</key>
                                        <host>Micrososft DHCP</host>
                                    </value>
                                </field>
                            </fields>
                        </widget>
                    </widgets>
                </dashboard>
            </dashboards>
        </template>
    </templates>
    <graphs>
        <graph>
            <name>CPU load</name>
            <ymin_type_1>FIXED</ymin_type_1>
            <graph_items>
                <graph_item>
                    <color>009900</color>
                    <item>
                        <host>Micrososft DHCP</host>
                        <key>system.cpu.load[percpu,avg1]</key>
                    </item>
                </graph_item>
                <graph_item>
                    <sortorder>1</sortorder>
                    <color>000099</color>
                    <item>
                        <host>Micrososft DHCP</host>
                        <key>system.cpu.load[percpu,avg5]</key>
                    </item>
                </graph_item>
                <graph_item>
                    <sortorder>2</sortorder>
                    <color>990000</color>
                    <item>
                        <host>Micrososft DHCP</host>
                        <key>system.cpu.load[percpu,avg15]</key>
                    </item>
                </graph_item>
            </graph_items>
        </graph>
        <graph>
            <name>Memory usage</name>
            <ymin_type_1>FIXED</ymin_type_1>
            <graph_items>
                <graph_item>
                    <drawtype>GRADIENT_LINE</drawtype>
                    <color>00C800</color>
                    <item>
                        <host>Micrososft DHCP</host>
                        <key>vm.memory.size[free]</key>
                    </item>
                </graph_item>
            </graph_items>
        </graph>
    </graphs>
    <value_maps>
        <value_map>
            <name>Windows service state</name>
            <mappings>
                <mapping>
                    <value>0</value>
                    <newvalue>Running</newvalue>
                </mapping>
                <mapping>
                    <value>1</value>
                    <newvalue>Paused</newvalue>
                </mapping>
                <mapping>
                    <value>2</value>
                    <newvalue>Start pending</newvalue>
                </mapping>
                <mapping>
                    <value>3</value>
                    <newvalue>Pause pending</newvalue>
                </mapping>
                <mapping>
                    <value>4</value>
                    <newvalue>Continue pending</newvalue>
                </mapping>
                <mapping>
                    <value>5</value>
                    <newvalue>Stop pending</newvalue>
                </mapping>
                <mapping>
                    <value>6</value>
                    <newvalue>Stopped</newvalue>
                </mapping>
                <mapping>
                    <value>7</value>
                    <newvalue>Unknown</newvalue>
                </mapping>
                <mapping>
                    <value>255</value>
                    <newvalue>No such service</newvalue>
                </mapping>
            </mappings>
        </value_map>
    </value_maps>
</zabbix_export>
