<?xml version="1.0" encoding="UTF-8"?>
<zabbix_export>
    <version>3.4</version>
    <date>2018-10-08T10:46:33Z</date>
    <value_maps>
        <value_map>
            <name>SQL Database status</name>
            <mappings>
                <mapping>
                    <value>0</value>
                    <newvalue>ONLINE</newvalue>
                </mapping>
                <mapping>
                    <value>1</value>
                    <newvalue>RESTORING</newvalue>
                </mapping>
                <mapping>
                    <value>2</value>
                    <newvalue>RECOVERING</newvalue>
                </mapping>
                <mapping>
                    <value>3</value>
                    <newvalue>RECOVERY_PENDING</newvalue>
                </mapping>
                <mapping>
                    <value>4</value>
                    <newvalue>SUSPECT</newvalue>
                </mapping>
                <mapping>
                    <value>5</value>
                    <newvalue>EMERGENCY</newvalue>
                </mapping>
                <mapping>
                    <value>6</value>
                    <newvalue>OFFLINE</newvalue>
                </mapping>
                <mapping>
                    <value>7</value>
                    <newvalue>COPYING</newvalue>
                </mapping>
                <mapping>
                    <value>10</value>
                    <newvalue>OFFLINE_SECONDARY</newvalue>
                </mapping>
            </mappings>
        </value_map>
    </value_maps>
</zabbix_export>
