<?xml version="1.0" encoding="UTF-8"?>
<zabbix_export>
    <version>4.4</version>
    <date>2020-01-21T08:32:32Z</date>
    <value_maps>
        <value_map>
            <name>Fujitsu Eternus DX200 Disk status</name>
            <mappings>
                <mapping>
                    <value>1</value>
                    <newvalue>available</newvalue>
                </mapping>
                <mapping>
                    <value>2</value>
                    <newvalue>broken</newvalue>
                </mapping>
                <mapping>
                    <value>3</value>
                    <newvalue>notavailable</newvalue>
                </mapping>
                <mapping>
                    <value>4</value>
                    <newvalue>notsupported</newvalue>
                </mapping>
                <mapping>
                    <value>5</value>
                    <newvalue>present</newvalue>
                </mapping>
                <mapping>
                    <value>6</value>
                    <newvalue>readying</newvalue>
                </mapping>
                <mapping>
                    <value>7</value>
                    <newvalue>recovering</newvalue>
                </mapping>
                <mapping>
                    <value>64</value>
                    <newvalue>partbroken</newvalue>
                </mapping>
                <mapping>
                    <value>65</value>
                    <newvalue>spare</newvalue>
                </mapping>
                <mapping>
                    <value>66</value>
                    <newvalue>formatting</newvalue>
                </mapping>
                <mapping>
                    <value>67</value>
                    <newvalue>unformatted</newvalue>
                </mapping>
                <mapping>
                    <value>68</value>
                    <newvalue>notexist</newvalue>
                </mapping>
                <mapping>
                    <value>69</value>
                    <newvalue>copying</newvalue>
                </mapping>
            </mappings>
        </value_map>
    </value_maps>
</zabbix_export>
