<?xml version="1.0" encoding="UTF-8"?>
<zabbix_export>
    <version>4.4</version>
    <date>2020-01-21T08:31:02Z</date>
    <value_maps>
        <value_map>
            <name>Fujitsu Eternus DX200</name>
            <mappings>
                <mapping>
                    <value>1</value>
                    <newvalue>unknown</newvalue>
                </mapping>
                <mapping>
                    <value>2</value>
                    <newvalue>ok</newvalue>
                </mapping>
                <mapping>
                    <value>3</value>
                    <newvalue>degraded</newvalue>
                </mapping>
                <mapping>
                    <value>6</value>
                    <newvalue>error</newvalue>
                </mapping>
                <mapping>
                    <value>15</value>
                    <newvalue>dormant</newvalue>
                </mapping>
            </mappings>
        </value_map>
    </value_maps>
</zabbix_export>
