<?xml version="1.0" encoding="UTF-8"?>
<zabbix_export>
    <version>4.4</version>
    <date>2019-11-11T14:18:17Z</date>
    <groups>
        <group>
            <name>Templates Hardware</name>
        </group>
    </groups>
    <templates>
        <template>
            <template>IPMI HP DL360p Gen9 without Drives</template>
            <name>IPMI HP DL360p Gen9 without Drives</name>
            <groups>
                <group>
                    <name>Templates Hardware</name>
                </group>
            </groups>
            <applications>
                <application>
                    <name>Fan</name>
                </application>
                <application>
                    <name>Hardware</name>
                </application>
                <application>
                    <name>Health</name>
                </application>
                <application>
                    <name>Memory</name>
                </application>
                <application>
                    <name>Power</name>
                </application>
                <application>
                    <name>Temp</name>
                </application>
            </applications>
            <items>
                <item>
                    <name>01-Inlet Ambient</name>
                    <type>IPMI</type>
                    <key>01-InletAmbient</key>
                    <delay>3600</delay>
                    <history>7d</history>
                    <value_type>FLOAT</value_type>
                    <units>C</units>
                    <ipmi_sensor>01-Inlet Ambient</ipmi_sensor>
                    <applications>
                        <application>
                            <name>Hardware</name>
                        </application>
                        <application>
                            <name>Temp</name>
                        </application>
                    </applications>
                    <triggers>
                        <trigger>
                            <expression>{last()}&gt;42</expression>
                            <name>Inlet Temperature is High!</name>
                            <priority>HIGH</priority>
                        </trigger>
                    </triggers>
                </item>
                <item>
                    <name>02-CPU 1</name>
                    <type>IPMI</type>
                    <key>02-CPU1</key>
                    <delay>3600</delay>
                    <history>7d</history>
                    <value_type>FLOAT</value_type>
                    <units>?</units>
                    <ipmi_sensor>02-CPU 1</ipmi_sensor>
                    <applications>
                        <application>
                            <name>Hardware</name>
                        </application>
                        <application>
                            <name>Temp</name>
                        </application>
                    </applications>
                </item>
                <item>
                    <name>03-CPU 2</name>
                    <type>IPMI</type>
                    <key>03-CPU2</key>
                    <delay>3600</delay>
                    <history>7d</history>
                    <value_type>FLOAT</value_type>
                    <units>?</units>
                    <ipmi_sensor>03-CPU 2</ipmi_sensor>
                    <applications>
                        <application>
                            <name>Hardware</name>
                        </application>
                        <application>
                            <name>Temp</name>
                        </application>
                    </applications>
                </item>
                <item>
                    <name>08-HD Max</name>
                    <type>IPMI</type>
                    <key>08-HDMax</key>
                    <delay>3600</delay>
                    <history>7d</history>
                    <value_type>FLOAT</value_type>
                    <units>C</units>
                    <ipmi_sensor>08-HD Max</ipmi_sensor>
                    <applications>
                        <application>
                            <name>Hardware</name>
                        </application>
                        <application>
                            <name>Temp</name>
                        </application>
                    </applications>
                    <triggers>
                        <trigger>
                            <expression>{last()}&gt;60</expression>
                            <name>HD Temp very High!</name>
                            <priority>HIGH</priority>
                        </trigger>
                    </triggers>
                </item>
                <item>
                    <name>10-Chipset</name>
                    <type>IPMI</type>
                    <key>10-Chipset</key>
                    <delay>3600</delay>
                    <history>7d</history>
                    <value_type>FLOAT</value_type>
                    <units>C</units>
                    <ipmi_sensor>10-Chipset</ipmi_sensor>
                    <applications>
                        <application>
                            <name>Hardware</name>
                        </application>
                        <application>
                            <name>Temp</name>
                        </application>
                    </applications>
                    <triggers>
                        <trigger>
                            <expression>{last()}&gt;104</expression>
                            <name>Chipset Temp is very High!</name>
                            <priority>HIGH</priority>
                        </trigger>
                    </triggers>
                </item>
                <item>
                    <name>29-Battery Zone</name>
                    <type>IPMI</type>
                    <key>29-BatteryZone</key>
                    <delay>3600</delay>
                    <history>7d</history>
                    <value_type>FLOAT</value_type>
                    <units>C</units>
                    <ipmi_sensor>29-Battery Zone</ipmi_sensor>
                    <applications>
                        <application>
                            <name>Hardware</name>
                        </application>
                        <application>
                            <name>Temp</name>
                        </application>
                    </applications>
                    <triggers>
                        <trigger>
                            <expression>{last()}&gt;75</expression>
                            <name>Battery zone Temp is very High!</name>
                            <priority>HIGH</priority>
                        </trigger>
                    </triggers>
                </item>
                <item>
                    <name>Fan 1</name>
                    <type>IPMI</type>
                    <key>Fan1</key>
                    <delay>3600</delay>
                    <history>7d</history>
                    <value_type>FLOAT</value_type>
                    <ipmi_sensor>Fan 1</ipmi_sensor>
                    <applications>
                        <application>
                            <name>Fan</name>
                        </application>
                        <application>
                            <name>Hardware</name>
                        </application>
                    </applications>
                    <valuemap>
                        <name>Server HP Fan</name>
                    </valuemap>
                </item>
                <item>
                    <name>Fan 2</name>
                    <type>IPMI</type>
                    <key>Fan2</key>
                    <delay>3600</delay>
                    <history>7d</history>
                    <value_type>FLOAT</value_type>
                    <ipmi_sensor>Fan 2</ipmi_sensor>
                    <applications>
                        <application>
                            <name>Fan</name>
                        </application>
                        <application>
                            <name>Hardware</name>
                        </application>
                    </applications>
                    <valuemap>
                        <name>Server HP Fan</name>
                    </valuemap>
                </item>
                <item>
                    <name>Fan 3</name>
                    <type>IPMI</type>
                    <key>Fan3</key>
                    <delay>3600</delay>
                    <history>7d</history>
                    <value_type>FLOAT</value_type>
                    <ipmi_sensor>Fan 3</ipmi_sensor>
                    <applications>
                        <application>
                            <name>Fan</name>
                        </application>
                        <application>
                            <name>Hardware</name>
                        </application>
                    </applications>
                    <valuemap>
                        <name>Server HP Fan</name>
                    </valuemap>
                </item>
                <item>
                    <name>Fan 4</name>
                    <type>IPMI</type>
                    <key>Fan4</key>
                    <delay>3600</delay>
                    <history>7d</history>
                    <value_type>FLOAT</value_type>
                    <ipmi_sensor>Fan 4</ipmi_sensor>
                    <applications>
                        <application>
                            <name>Fan</name>
                        </application>
                        <application>
                            <name>Hardware</name>
                        </application>
                    </applications>
                    <valuemap>
                        <name>Server HP Fan</name>
                    </valuemap>
                </item>
                <item>
                    <name>Fan 5</name>
                    <type>IPMI</type>
                    <key>Fan5</key>
                    <delay>3600</delay>
                    <history>7d</history>
                    <value_type>FLOAT</value_type>
                    <ipmi_sensor>Fan 5</ipmi_sensor>
                    <applications>
                        <application>
                            <name>Fan</name>
                        </application>
                        <application>
                            <name>Hardware</name>
                        </application>
                    </applications>
                    <valuemap>
                        <name>Server HP Fan</name>
                    </valuemap>
                </item>
                <item>
                    <name>Fan 6</name>
                    <type>IPMI</type>
                    <key>Fan6</key>
                    <delay>3600</delay>
                    <history>7d</history>
                    <value_type>FLOAT</value_type>
                    <ipmi_sensor>Fan 6</ipmi_sensor>
                    <applications>
                        <application>
                            <name>Fan</name>
                        </application>
                        <application>
                            <name>Hardware</name>
                        </application>
                    </applications>
                    <valuemap>
                        <name>Server HP Fan</name>
                    </valuemap>
                </item>
                <item>
                    <name>Fan 7</name>
                    <type>IPMI</type>
                    <key>Fan7</key>
                    <delay>3600</delay>
                    <history>7d</history>
                    <value_type>FLOAT</value_type>
                    <ipmi_sensor>Fan 7</ipmi_sensor>
                    <applications>
                        <application>
                            <name>Fan</name>
                        </application>
                        <application>
                            <name>Hardware</name>
                        </application>
                    </applications>
                    <valuemap>
                        <name>Server HP Fan</name>
                    </valuemap>
                </item>
                <item>
                    <name>Fans</name>
                    <type>IPMI</type>
                    <key>Fans</key>
                    <delay>3600</delay>
                    <history>7d</history>
                    <ipmi_sensor>Fans</ipmi_sensor>
                    <applications>
                        <application>
                            <name>Hardware</name>
                        </application>
                        <application>
                            <name>Health</name>
                        </application>
                    </applications>
                    <valuemap>
                        <name>Server HP Fan</name>
                    </valuemap>
                    <triggers>
                        <trigger>
                            <expression>{last()}&lt;&gt;1</expression>
                            <name>Fans not Fully redundant</name>
                            <priority>INFO</priority>
                            <dependencies>
                                <dependency>
                                    <name>Error FAN</name>
                                    <expression>{IPMI HP DL360p Gen9 without Drives:Fan1.last()}&lt;&gt;1 or {IPMI HP DL360p Gen9 without Drives:Fan2.last()}&lt;&gt;1 or {IPMI HP DL360p Gen9 without Drives:Fan3.last()}&lt;&gt;1 or {IPMI HP DL360p Gen9 without Drives:Fan4.last()}&lt;&gt;1 or {IPMI HP DL360p Gen9 without Drives:Fan5.last()}&lt;&gt;1 or {IPMI HP DL360p Gen9 without Drives:Fan6.last()}&lt;&gt;1 or&#13;
{IPMI HP DL360p Gen9 without Drives:Fan7.last()}&lt;&gt;1</expression>
                                </dependency>
                            </dependencies>
                        </trigger>
                    </triggers>
                </item>
                <item>
                    <name>Megacell Status</name>
                    <type>IPMI</type>
                    <key>MegacellStatus</key>
                    <delay>3600</delay>
                    <history>7d</history>
                    <ipmi_sensor>Megacell Status</ipmi_sensor>
                    <applications>
                        <application>
                            <name>Hardware</name>
                        </application>
                        <application>
                            <name>Health</name>
                        </application>
                    </applications>
                    <valuemap>
                        <name>Server HP Health</name>
                    </valuemap>
                    <triggers>
                        <trigger>
                            <expression>{last()}&lt;&gt;4</expression>
                            <name>Megacell Status Battery Error</name>
                            <url>https://{$ILO_IP}</url>
                            <priority>HIGH</priority>
                            <description>please check Battry state at ilo</description>
                        </trigger>
                    </triggers>
                </item>
                <item>
                    <name>Memory Status</name>
                    <type>IPMI</type>
                    <key>MemoryStatus</key>
                    <delay>3600</delay>
                    <history>7d</history>
                    <ipmi_sensor>Memory Status</ipmi_sensor>
                    <applications>
                        <application>
                            <name>Hardware</name>
                        </application>
                        <application>
                            <name>Health</name>
                        </application>
                    </applications>
                    <valuemap>
                        <name>Server HP Health</name>
                    </valuemap>
                    <triggers>
                        <trigger>
                            <expression>{last()}&lt;&gt;64</expression>
                            <name>Memory status error</name>
                            <url>https://{$ILO_IP}</url>
                            <priority>HIGH</priority>
                            <description>please check memory state at ilo</description>
                        </trigger>
                    </triggers>
                </item>
                <item>
                    <name>Power Supply 1</name>
                    <type>IPMI</type>
                    <key>PowerSupply1</key>
                    <delay>3600</delay>
                    <history>7d</history>
                    <value_type>FLOAT</value_type>
                    <ipmi_sensor>Power Supply 1</ipmi_sensor>
                    <applications>
                        <application>
                            <name>Hardware</name>
                        </application>
                        <application>
                            <name>Power</name>
                        </application>
                    </applications>
                </item>
                <item>
                    <name>Power Supply 2</name>
                    <type>IPMI</type>
                    <key>PowerSupply2</key>
                    <delay>3600</delay>
                    <history>7d</history>
                    <value_type>FLOAT</value_type>
                    <ipmi_sensor>Power Supply 2</ipmi_sensor>
                    <applications>
                        <application>
                            <name>Hardware</name>
                        </application>
                        <application>
                            <name>Power</name>
                        </application>
                    </applications>
                </item>
                <item>
                    <name>PwrMeter Output</name>
                    <type>IPMI</type>
                    <key>PwrMeterOutput</key>
                    <delay>3600</delay>
                    <history>7d</history>
                    <value_type>FLOAT</value_type>
                    <units>Watts</units>
                    <ipmi_sensor>PwrMeter Output</ipmi_sensor>
                    <applications>
                        <application>
                            <name>Hardware</name>
                        </application>
                        <application>
                            <name>Power</name>
                        </application>
                    </applications>
                </item>
                <item>
                    <name>Sys Health LED</name>
                    <type>IPMI</type>
                    <key>SysHealthLED</key>
                    <delay>3600</delay>
                    <history>7d</history>
                    <ipmi_sensor>Sys Health LED</ipmi_sensor>
                    <applications>
                        <application>
                            <name>Hardware</name>
                        </application>
                        <application>
                            <name>Health</name>
                        </application>
                    </applications>
                    <valuemap>
                        <name>Server HP Fan</name>
                    </valuemap>
                    <triggers>
                        <trigger>
                            <expression>{last()}&lt;&gt;1</expression>
                            <name>Error Sys. Health LED</name>
                            <priority>HIGH</priority>
                        </trigger>
                    </triggers>
                </item>
                <item>
                    <name>UID</name>
                    <type>IPMI</type>
                    <key>UID</key>
                    <delay>50</delay>
                    <history>7d</history>
                    <ipmi_sensor>UID</ipmi_sensor>
                    <applications>
                        <application>
                            <name>Hardware</name>
                        </application>
                        <application>
                            <name>Health</name>
                        </application>
                    </applications>
                    <valuemap>
                        <name>Server HP Health</name>
                    </valuemap>
                    <triggers>
                        <trigger>
                            <expression>{nodata(6h)}=1</expression>
                            <name>6h with No data from IPMI interface</name>
                            <priority>HIGH</priority>
                        </trigger>
                    </triggers>
                </item>
            </items>
        </template>
    </templates>
    <triggers>
        <trigger>
            <expression>{IPMI HP DL360p Gen9 without Drives:Fan1.last()}&lt;&gt;1 or {IPMI HP DL360p Gen9 without Drives:Fan2.last()}&lt;&gt;1 or {IPMI HP DL360p Gen9 without Drives:Fan3.last()}&lt;&gt;1 or {IPMI HP DL360p Gen9 without Drives:Fan4.last()}&lt;&gt;1 or {IPMI HP DL360p Gen9 without Drives:Fan5.last()}&lt;&gt;1 or {IPMI HP DL360p Gen9 without Drives:Fan6.last()}&lt;&gt;1 or&#13;
{IPMI HP DL360p Gen9 without Drives:Fan7.last()}&lt;&gt;1</expression>
            <name>Error FAN</name>
            <priority>HIGH</priority>
        </trigger>
        <trigger>
            <expression>{IPMI HP DL360p Gen9 without Drives:PowerSupply1.last()}&lt;&gt;1 or {IPMI HP DL360p Gen9 without Drives:PowerSupply2.last()}&lt;&gt;1</expression>
            <name>Error Power</name>
            <priority>HIGH</priority>
        </trigger>
        <trigger>
            <expression>{IPMI HP DL360p Gen9 without Drives:02-CPU1.last()}&gt;70 or {IPMI HP DL360p Gen9 without Drives:03-CPU2.last()}&gt;70</expression>
            <name>Error Temp CPU</name>
            <priority>HIGH</priority>
        </trigger>
    </triggers>
    <graphs>
        <graph>
            <name>CPU</name>
            <ymax_type_1>FIXED</ymax_type_1>
            <graph_items>
                <graph_item>
                    <color>0000EE</color>
                    <item>
                        <host>IPMI HP DL360p Gen9 without Drives</host>
                        <key>02-CPU1</key>
                    </item>
                </graph_item>
                <graph_item>
                    <sortorder>1</sortorder>
                    <color>00C800</color>
                    <item>
                        <host>IPMI HP DL360p Gen9 without Drives</host>
                        <key>03-CPU2</key>
                    </item>
                </graph_item>
            </graph_items>
        </graph>
        <graph>
            <name>PwrMeterOutput</name>
            <graph_items>
                <graph_item>
                    <color>1A7C11</color>
                    <item>
                        <host>IPMI HP DL360p Gen9 without Drives</host>
                        <key>PwrMeterOutput</key>
                    </item>
                </graph_item>
            </graph_items>
        </graph>
    </graphs>
    <value_maps>
        <value_map>
            <name>Server HP Fan</name>
            <mappings>
                <mapping>
                    <value>0</value>
                    <newvalue>Failure</newvalue>
                </mapping>
                <mapping>
                    <value>1</value>
                    <newvalue>OK</newvalue>
                </mapping>
            </mappings>
        </value_map>
        <value_map>
            <name>Server HP Health</name>
            <mappings>
                <mapping>
                    <value>0</value>
                    <newvalue>OK</newvalue>
                </mapping>
                <mapping>
                    <value>1</value>
                    <newvalue>Error</newvalue>
                </mapping>
            </mappings>
        </value_map>
    </value_maps>
</zabbix_export>
