<?xml version="1.0" encoding="UTF-8"?>
<zabbix_export>
    <version>2.0</version>
    <date>2013-12-02T10:35:13Z</date>
    <groups>
        <group>
            <name>Templates</name>
        </group>
    </groups>
    <templates>
        <template>
            <template>UPS Ippon</template>
            <name>UPS Ippon</name>
            <groups>
                <group>
                    <name>Templates</name>
                </group>
            </groups>
            <applications>
                <application>
                    <name>UPS</name>
                </application>
            </applications>
            <items>
                <item>
                    <name>Ippon Battery Voltage</name>
                    <type>0</type>
                    <snmp_community/>
                    <multiplier>0</multiplier>
                    <snmp_oid/>
                    <key>upsmon[{$UPSNAME},battery.voltage]</key>
                    <delay>10</delay>
                    <history>90</history>
                    <trends>365</trends>
                    <status>0</status>
                    <value_type>0</value_type>
                    <allowed_hosts/>
                    <units>Volts</units>
                    <delta>0</delta>
                    <snmpv3_contextname/>
                    <snmpv3_securityname/>
                    <snmpv3_securitylevel>0</snmpv3_securitylevel>
                    <snmpv3_authprotocol>0</snmpv3_authprotocol>
                    <snmpv3_authpassphrase/>
                    <snmpv3_privprotocol>0</snmpv3_privprotocol>
                    <snmpv3_privpassphrase/>
                    <formula>1</formula>
                    <delay_flex/>
                    <params/>
                    <ipmi_sensor/>
                    <data_type>0</data_type>
                    <authtype>0</authtype>
                    <username/>
                    <password/>
                    <publickey/>
                    <privatekey/>
                    <port/>
                    <description/>
                    <inventory_link>0</inventory_link>
                    <applications>
                        <application>
                            <name>UPS</name>
                        </application>
                    </applications>
                    <valuemap/>
                </item>
                <item>
                    <name>Ippon Charge</name>
                    <type>0</type>
                    <snmp_community/>
                    <multiplier>0</multiplier>
                    <snmp_oid/>
                    <key>upsmon[{$UPSNAME},battery.charge]</key>
                    <delay>10</delay>
                    <history>90</history>
                    <trends>365</trends>
                    <status>0</status>
                    <value_type>3</value_type>
                    <allowed_hosts/>
                    <units>%</units>
                    <delta>0</delta>
                    <snmpv3_contextname/>
                    <snmpv3_securityname/>
                    <snmpv3_securitylevel>0</snmpv3_securitylevel>
                    <snmpv3_authprotocol>0</snmpv3_authprotocol>
                    <snmpv3_authpassphrase/>
                    <snmpv3_privprotocol>0</snmpv3_privprotocol>
                    <snmpv3_privpassphrase/>
                    <formula>1</formula>
                    <delay_flex/>
                    <params/>
                    <ipmi_sensor/>
                    <data_type>0</data_type>
                    <authtype>0</authtype>
                    <username/>
                    <password/>
                    <publickey/>
                    <privatekey/>
                    <port/>
                    <description/>
                    <inventory_link>0</inventory_link>
                    <applications>
                        <application>
                            <name>UPS</name>
                        </application>
                    </applications>
                    <valuemap/>
                </item>
                <item>
                    <name>Ippon Input Frequency</name>
                    <type>0</type>
                    <snmp_community/>
                    <multiplier>0</multiplier>
                    <snmp_oid/>
                    <key>upsmon[{$UPSNAME},input.frequency]</key>
                    <delay>30</delay>
                    <history>90</history>
                    <trends>365</trends>
                    <status>0</status>
                    <value_type>0</value_type>
                    <allowed_hosts/>
                    <units>Hz</units>
                    <delta>0</delta>
                    <snmpv3_contextname/>
                    <snmpv3_securityname/>
                    <snmpv3_securitylevel>0</snmpv3_securitylevel>
                    <snmpv3_authprotocol>0</snmpv3_authprotocol>
                    <snmpv3_authpassphrase/>
                    <snmpv3_privprotocol>0</snmpv3_privprotocol>
                    <snmpv3_privpassphrase/>
                    <formula>1</formula>
                    <delay_flex/>
                    <params/>
                    <ipmi_sensor/>
                    <data_type>0</data_type>
                    <authtype>0</authtype>
                    <username/>
                    <password/>
                    <publickey/>
                    <privatekey/>
                    <port/>
                    <description/>
                    <inventory_link>0</inventory_link>
                    <applications>
                        <application>
                            <name>UPS</name>
                        </application>
                    </applications>
                    <valuemap/>
                </item>
                <item>
                    <name>Ippon Input Voltage</name>
                    <type>0</type>
                    <snmp_community/>
                    <multiplier>0</multiplier>
                    <snmp_oid/>
                    <key>upsmon[{$UPSNAME},input.voltage]</key>
                    <delay>30</delay>
                    <history>90</history>
                    <trends>365</trends>
                    <status>0</status>
                    <value_type>0</value_type>
                    <allowed_hosts/>
                    <units>Volts</units>
                    <delta>0</delta>
                    <snmpv3_contextname/>
                    <snmpv3_securityname/>
                    <snmpv3_securitylevel>0</snmpv3_securitylevel>
                    <snmpv3_authprotocol>0</snmpv3_authprotocol>
                    <snmpv3_authpassphrase/>
                    <snmpv3_privprotocol>0</snmpv3_privprotocol>
                    <snmpv3_privpassphrase/>
                    <formula>1</formula>
                    <delay_flex/>
                    <params/>
                    <ipmi_sensor/>
                    <data_type>0</data_type>
                    <authtype>0</authtype>
                    <username/>
                    <password/>
                    <publickey/>
                    <privatekey/>
                    <port/>
                    <description/>
                    <inventory_link>0</inventory_link>
                    <applications>
                        <application>
                            <name>UPS</name>
                        </application>
                    </applications>
                    <valuemap/>
                </item>
                <item>
                    <name>Ippon Load</name>
                    <type>0</type>
                    <snmp_community/>
                    <multiplier>0</multiplier>
                    <snmp_oid/>
                    <key>upsmon[{$UPSNAME},ups.load]</key>
                    <delay>10</delay>
                    <history>90</history>
                    <trends>365</trends>
                    <status>0</status>
                    <value_type>0</value_type>
                    <allowed_hosts/>
                    <units>%</units>
                    <delta>0</delta>
                    <snmpv3_contextname/>
                    <snmpv3_securityname/>
                    <snmpv3_securitylevel>0</snmpv3_securitylevel>
                    <snmpv3_authprotocol>0</snmpv3_authprotocol>
                    <snmpv3_authpassphrase/>
                    <snmpv3_privprotocol>0</snmpv3_privprotocol>
                    <snmpv3_privpassphrase/>
                    <formula>1</formula>
                    <delay_flex/>
                    <params/>
                    <ipmi_sensor/>
                    <data_type>0</data_type>
                    <authtype>0</authtype>
                    <username/>
                    <password/>
                    <publickey/>
                    <privatekey/>
                    <port/>
                    <description/>
                    <inventory_link>0</inventory_link>
                    <applications>
                        <application>
                            <name>UPS</name>
                        </application>
                    </applications>
                    <valuemap/>
                </item>
                <item>
                    <name>Ippon Output Voltage</name>
                    <type>0</type>
                    <snmp_community/>
                    <multiplier>0</multiplier>
                    <snmp_oid/>
                    <key>upsmon[{$UPSNAME},output.voltage]</key>
                    <delay>30</delay>
                    <history>90</history>
                    <trends>365</trends>
                    <status>0</status>
                    <value_type>0</value_type>
                    <allowed_hosts/>
                    <units>Volts</units>
                    <delta>0</delta>
                    <snmpv3_contextname/>
                    <snmpv3_securityname/>
                    <snmpv3_securitylevel>0</snmpv3_securitylevel>
                    <snmpv3_authprotocol>0</snmpv3_authprotocol>
                    <snmpv3_authpassphrase/>
                    <snmpv3_privprotocol>0</snmpv3_privprotocol>
                    <snmpv3_privpassphrase/>
                    <formula>1</formula>
                    <delay_flex/>
                    <params/>
                    <ipmi_sensor/>
                    <data_type>0</data_type>
                    <authtype>0</authtype>
                    <username/>
                    <password/>
                    <publickey/>
                    <privatekey/>
                    <port/>
                    <description/>
                    <inventory_link>0</inventory_link>
                    <applications>
                        <application>
                            <name>UPS</name>
                        </application>
                    </applications>
                    <valuemap/>
                </item>
                <item>
                    <name>Ippon Status</name>
                    <type>0</type>
                    <snmp_community/>
                    <multiplier>0</multiplier>
                    <snmp_oid/>
                    <key>upsmon[{$UPSNAME},ups.status]</key>
                    <delay>10</delay>
                    <history>90</history>
                    <trends>365</trends>
                    <status>0</status>
                    <value_type>3</value_type>
                    <allowed_hosts/>
                    <units/>
                    <delta>0</delta>
                    <snmpv3_contextname/>
                    <snmpv3_securityname/>
                    <snmpv3_securitylevel>0</snmpv3_securitylevel>
                    <snmpv3_authprotocol>0</snmpv3_authprotocol>
                    <snmpv3_authpassphrase/>
                    <snmpv3_privprotocol>0</snmpv3_privprotocol>
                    <snmpv3_privpassphrase/>
                    <formula>1</formula>
                    <delay_flex/>
                    <params/>
                    <ipmi_sensor/>
                    <data_type>0</data_type>
                    <authtype>0</authtype>
                    <username/>
                    <password/>
                    <publickey/>
                    <privatekey/>
                    <port/>
                    <description/>
                    <inventory_link>0</inventory_link>
                    <applications>
                        <application>
                            <name>UPS</name>
                        </application>
                    </applications>
                    <valuemap>
                        <name>Ippon Battery Status</name>
                    </valuemap>
                </item>
                <item>
                    <name>Ippon Temperature</name>
                    <type>0</type>
                    <snmp_community/>
                    <multiplier>0</multiplier>
                    <snmp_oid/>
                    <key>upsmon[{$UPSNAME},ups.temperature]</key>
                    <delay>10</delay>
                    <history>90</history>
                    <trends>365</trends>
                    <status>0</status>
                    <value_type>0</value_type>
                    <allowed_hosts/>
                    <units>°C</units>
                    <delta>0</delta>
                    <snmpv3_contextname/>
                    <snmpv3_securityname/>
                    <snmpv3_securitylevel>0</snmpv3_securitylevel>
                    <snmpv3_authprotocol>0</snmpv3_authprotocol>
                    <snmpv3_authpassphrase/>
                    <snmpv3_privprotocol>0</snmpv3_privprotocol>
                    <snmpv3_privpassphrase/>
                    <formula>1</formula>
                    <delay_flex/>
                    <params/>
                    <ipmi_sensor/>
                    <data_type>0</data_type>
                    <authtype>0</authtype>
                    <username/>
                    <password/>
                    <publickey/>
                    <privatekey/>
                    <port/>
                    <description/>
                    <inventory_link>0</inventory_link>
                    <applications>
                        <application>
                            <name>UPS</name>
                        </application>
                    </applications>
                    <valuemap/>
                </item>
            </items>
            <discovery_rules/>
            <macros>
                <macro>
                    <macro>{$UPSNAME}</macro>
                    <value>ippon</value>
                </macro>
            </macros>
            <templates/>
            <screens/>
        </template>
    </templates>
    <triggers>
        <trigger>
            <expression>{UPS Ippon:upsmon[{$UPSNAME},battery.charge].last(0)}&lt;40</expression>
            <name>Ippon Charge &lt; 40%</name>
            <url/>
            <status>0</status>
            <priority>5</priority>
            <description/>
            <type>0</type>
            <dependencies/>
        </trigger>
        <trigger>
            <expression>{UPS Ippon:upsmon[{$UPSNAME},battery.charge].last(0)}&lt;90</expression>
            <name>Ippon Charge &lt; 90%</name>
            <url/>
            <status>0</status>
            <priority>4</priority>
            <description/>
            <type>0</type>
            <dependencies/>
        </trigger>
        <trigger>
            <expression>{UPS Ippon:upsmon[{$UPSNAME},ups.status].last(0)}=5</expression>
            <name>Ippon Status - Battery is charging</name>
            <url/>
            <status>0</status>
            <priority>1</priority>
            <description>The battery is charging</description>
            <type>0</type>
            <dependencies/>
        </trigger>
        <trigger>
            <expression>{UPS Ippon:upsmon[{$UPSNAME},ups.status].last(0)}=11</expression>
            <name>Ippon Status - Boosting incoming voltage</name>
            <url/>
            <status>0</status>
            <priority>4</priority>
            <description>UPS is boosting incoming voltage</description>
            <type>0</type>
            <dependencies/>
        </trigger>
        <trigger>
            <expression>{UPS Ippon:upsmon[{$UPSNAME},ups.status].last(0)}=7</expression>
            <name>Ippon Status - Bypass</name>
            <url/>
            <status>0</status>
            <priority>5</priority>
            <description>UPS bypass circuit is active echo no battery protection is available</description>
            <type>0</type>
            <dependencies/>
        </trigger>
        <trigger>
            <expression>{UPS Ippon:upsmon[{$UPSNAME},ups.status].last(0)}=8</expression>
            <name>Ippon Status - Calibration</name>
            <url/>
            <status>0</status>
            <priority>1</priority>
            <description>UPS is currently performing runtime calibration (on battery)</description>
            <type>0</type>
            <dependencies/>
        </trigger>
        <trigger>
            <expression>{UPS Ippon:upsmon[{$UPSNAME},ups.status].last(0)}=3</expression>
            <name>Ippon Status - Low battery</name>
            <url/>
            <status>0</status>
            <priority>5</priority>
            <description>Low battery</description>
            <type>0</type>
            <dependencies/>
        </trigger>
        <trigger>
            <expression>{UPS Ippon:upsmon[{$UPSNAME},ups.status].last(0)}=9</expression>
            <name>Ippon Status - Offline</name>
            <url/>
            <status>0</status>
            <priority>5</priority>
            <description>UPS is offline and is not supplying power to the load</description>
            <type>0</type>
            <dependencies/>
        </trigger>
        <trigger>
            <expression>{UPS Ippon:upsmon[{$UPSNAME},ups.status].last(0)}=2</expression>
            <name>Ippon Status - On battery</name>
            <url/>
            <status>0</status>
            <priority>4</priority>
            <description>On battery (mains is not present)</description>
            <type>0</type>
            <dependencies/>
        </trigger>
        <trigger>
            <expression>{UPS Ippon:upsmon[{$UPSNAME},ups.status].last(0)}=10</expression>
            <name>Ippon Status - Overloaded</name>
            <url/>
            <status>0</status>
            <priority>5</priority>
            <description>UPS is overloaded</description>
            <type>0</type>
            <dependencies/>
        </trigger>
        <trigger>
            <expression>{UPS Ippon:upsmon[{$UPSNAME},ups.status].last(0)}=11</expression>
            <name>Ippon Status - Trimming incoming voltage</name>
            <url/>
            <status>0</status>
            <priority>4</priority>
            <description>UPS is trimming incoming voltage (called &quot;buck&quot; in some hardware)</description>
            <type>0</type>
            <dependencies/>
        </trigger>
        <trigger>
            <expression>{UPS Ippon:upsmon[{$UPSNAME},ups.status].last(0)}=0</expression>
            <name>Ippon Status - Unknown state</name>
            <url/>
            <status>0</status>
            <priority>5</priority>
            <description>Unknown state</description>
            <type>0</type>
            <dependencies/>
        </trigger>
        <trigger>
            <expression>{UPS Ippon:upsmon[{$UPSNAME},ups.temperature].last(0)}&gt;28</expression>
            <name>Ippon Temperature</name>
            <url/>
            <status>0</status>
            <priority>4</priority>
            <description/>
            <type>1</type>
            <dependencies/>
        </trigger>
    </triggers>
    <graphs>
        <graph>
            <name>Ippon Charge</name>
            <width>900</width>
            <height>200</height>
            <yaxismin>0.0000</yaxismin>
            <yaxismax>100.0000</yaxismax>
            <show_work_period>1</show_work_period>
            <show_triggers>1</show_triggers>
            <type>0</type>
            <show_legend>1</show_legend>
            <show_3d>0</show_3d>
            <percent_left>0.0000</percent_left>
            <percent_right>0.0000</percent_right>
            <ymin_type_1>1</ymin_type_1>
            <ymax_type_1>1</ymax_type_1>
            <ymin_item_1>0</ymin_item_1>
            <ymax_item_1>0</ymax_item_1>
            <graph_items>
                <graph_item>
                    <sortorder>0</sortorder>
                    <drawtype>0</drawtype>
                    <color>C80000</color>
                    <yaxisside>0</yaxisside>
                    <calc_fnc>2</calc_fnc>
                    <type>0</type>
                    <item>
                        <host>UPS Ippon</host>
                        <key>upsmon[{$UPSNAME},battery.charge]</key>
                    </item>
                </graph_item>
            </graph_items>
        </graph>
        <graph>
            <name>Ippon Frequency</name>
            <width>900</width>
            <height>200</height>
            <yaxismin>0.0000</yaxismin>
            <yaxismax>100.0000</yaxismax>
            <show_work_period>1</show_work_period>
            <show_triggers>1</show_triggers>
            <type>0</type>
            <show_legend>1</show_legend>
            <show_3d>0</show_3d>
            <percent_left>0.0000</percent_left>
            <percent_right>0.0000</percent_right>
            <ymin_type_1>0</ymin_type_1>
            <ymax_type_1>0</ymax_type_1>
            <ymin_item_1>0</ymin_item_1>
            <ymax_item_1>0</ymax_item_1>
            <graph_items>
                <graph_item>
                    <sortorder>0</sortorder>
                    <drawtype>0</drawtype>
                    <color>C80000</color>
                    <yaxisside>0</yaxisside>
                    <calc_fnc>2</calc_fnc>
                    <type>0</type>
                    <item>
                        <host>UPS Ippon</host>
                        <key>upsmon[{$UPSNAME},input.frequency]</key>
                    </item>
                </graph_item>
            </graph_items>
        </graph>
        <graph>
            <name>Ippon Load</name>
            <width>900</width>
            <height>200</height>
            <yaxismin>0.0000</yaxismin>
            <yaxismax>100.0000</yaxismax>
            <show_work_period>1</show_work_period>
            <show_triggers>1</show_triggers>
            <type>0</type>
            <show_legend>1</show_legend>
            <show_3d>0</show_3d>
            <percent_left>0.0000</percent_left>
            <percent_right>0.0000</percent_right>
            <ymin_type_1>1</ymin_type_1>
            <ymax_type_1>1</ymax_type_1>
            <ymin_item_1>0</ymin_item_1>
            <ymax_item_1>0</ymax_item_1>
            <graph_items>
                <graph_item>
                    <sortorder>0</sortorder>
                    <drawtype>0</drawtype>
                    <color>C80000</color>
                    <yaxisside>0</yaxisside>
                    <calc_fnc>2</calc_fnc>
                    <type>0</type>
                    <item>
                        <host>UPS Ippon</host>
                        <key>upsmon[{$UPSNAME},ups.load]</key>
                    </item>
                </graph_item>
            </graph_items>
        </graph>
        <graph>
            <name>Ippon Temperature</name>
            <width>900</width>
            <height>200</height>
            <yaxismin>0.0000</yaxismin>
            <yaxismax>100.0000</yaxismax>
            <show_work_period>1</show_work_period>
            <show_triggers>1</show_triggers>
            <type>0</type>
            <show_legend>1</show_legend>
            <show_3d>0</show_3d>
            <percent_left>0.0000</percent_left>
            <percent_right>0.0000</percent_right>
            <ymin_type_1>0</ymin_type_1>
            <ymax_type_1>0</ymax_type_1>
            <ymin_item_1>0</ymin_item_1>
            <ymax_item_1>0</ymax_item_1>
            <graph_items>
                <graph_item>
                    <sortorder>0</sortorder>
                    <drawtype>0</drawtype>
                    <color>C80000</color>
                    <yaxisside>0</yaxisside>
                    <calc_fnc>2</calc_fnc>
                    <type>0</type>
                    <item>
                        <host>UPS Ippon</host>
                        <key>upsmon[{$UPSNAME},ups.temperature]</key>
                    </item>
                </graph_item>
            </graph_items>
        </graph>
        <graph>
            <name>Ippon Voltage</name>
            <width>900</width>
            <height>200</height>
            <yaxismin>0.0000</yaxismin>
            <yaxismax>300.0000</yaxismax>
            <show_work_period>1</show_work_period>
            <show_triggers>1</show_triggers>
            <type>0</type>
            <show_legend>1</show_legend>
            <show_3d>0</show_3d>
            <percent_left>0.0000</percent_left>
            <percent_right>0.0000</percent_right>
            <ymin_type_1>0</ymin_type_1>
            <ymax_type_1>0</ymax_type_1>
            <ymin_item_1>0</ymin_item_1>
            <ymax_item_1>0</ymax_item_1>
            <graph_items>
                <graph_item>
                    <sortorder>0</sortorder>
                    <drawtype>0</drawtype>
                    <color>DD0000</color>
                    <yaxisside>0</yaxisside>
                    <calc_fnc>2</calc_fnc>
                    <type>0</type>
                    <item>
                        <host>UPS Ippon</host>
                        <key>upsmon[{$UPSNAME},input.voltage]</key>
                    </item>
                </graph_item>
                <graph_item>
                    <sortorder>1</sortorder>
                    <drawtype>0</drawtype>
                    <color>00CC00</color>
                    <yaxisside>0</yaxisside>
                    <calc_fnc>2</calc_fnc>
                    <type>0</type>
                    <item>
                        <host>UPS Ippon</host>
                        <key>upsmon[{$UPSNAME},output.voltage]</key>
                    </item>
                </graph_item>
            </graph_items>
        </graph>
    </graphs>
</zabbix_export>
