<?xml version="1.0" encoding="UTF-8"?>
<zabbix_export>
    <version>5.0</version>
    <date>2020-06-02T06:29:04Z</date>
    <groups>
        <group>
            <name>Templates/Network Devices</name>
        </group>
    </groups>
    <templates>
        <template>
            <template>Template AVM TR-064</template>
            <name>Template AVM TR-064</name>
            <description>This template requires its corresponding script inside the externalscripts directory, typically /var/lib/zabbix/externalscripts to be executable. It's made for FRITZ!Box and FRITZ!WLAN devices, might work on some other TR-064 compliant devices to some point. Set user, password, and the base address of the FRITZ!Box in the device macros. The &quot;Log&quot; item is disabled due to a never fixed bug in the FRITZ!Box, making its timestamps fuzzy, e.g. differ from time to time ± 1s. It does not check certificates. Monitoring from outside is technically possible, but unreliable.</description>
            <groups>
                <group>
                    <name>Templates/Network Devices</name>
                </group>
            </groups>
            <applications>
                <application>
                    <name>ATM Link</name>
                </application>
                <application>
                    <name>Device</name>
                </application>
                <application>
                    <name>DSL Link</name>
                </application>
                <application>
                    <name>Ethernet Link</name>
                </application>
                <application>
                    <name>PPP</name>
                </application>
                <application>
                    <name>WAN Link</name>
                </application>
                <application>
                    <name>Zabbix raw items</name>
                </application>
            </applications>
            <items>
                <item>
                    <name>Downstream bit/s/db Margin</name>
                    <type>CALCULATED</type>
                    <key>CalculatedDownstreamByMargin</key>
                    <delay>180</delay>
                    <value_type>FLOAT</value_type>
                    <units>bit/s/db</units>
                    <params>last(WANDSLInterfaceConfig.GetInfo.DownstreamCurrRate)/last(WANDSLInterfaceConfig.GetInfo.DownstreamNoiseMargin)</params>
                    <applications>
                        <application>
                            <name>DSL Link</name>
                        </application>
                    </applications>
                    <preprocessing>
                        <step>
                            <type>DISCARD_UNCHANGED</type>
                            <params/>
                        </step>
                    </preprocessing>
                    <request_method>POST</request_method>
                </item>
                <item>
                    <name>Upstream bit/s/db Margin</name>
                    <type>CALCULATED</type>
                    <key>CalculatedUpstreamByMargin</key>
                    <delay>180</delay>
                    <value_type>FLOAT</value_type>
                    <units>bit/s/db</units>
                    <params>last(WANDSLInterfaceConfig.GetInfo.UpstreamCurrRate)/last(WANDSLInterfaceConfig.GetInfo.UpstreamNoiseMargin)</params>
                    <applications>
                        <application>
                            <name>DSL Link</name>
                        </application>
                    </applications>
                    <preprocessing>
                        <step>
                            <type>DISCARD_UNCHANGED</type>
                            <params/>
                        </step>
                    </preprocessing>
                    <request_method>POST</request_method>
                </item>
                <item>
                    <name>Description</name>
                    <type>DEPENDENT</type>
                    <key>DeviceInfo.GetInfo.Description</key>
                    <delay>0</delay>
                    <history>7d</history>
                    <trends>0</trends>
                    <value_type>TEXT</value_type>
                    <applications>
                        <application>
                            <name>Device</name>
                        </application>
                    </applications>
                    <preprocessing>
                        <step>
                            <type>JSONPATH</type>
                            <params>$.Description</params>
                        </step>
                        <step>
                            <type>DISCARD_UNCHANGED_HEARTBEAT</type>
                            <params>43200</params>
                        </step>
                    </preprocessing>
                    <master_item>
                        <key>tr064tool[DeviceInfo.GetInfo,{$BASE_URL},{$USER},{$PASSWORD}]</key>
                    </master_item>
                    <request_method>POST</request_method>
                </item>
                <item>
                    <name>Device Log</name>
                    <type>DEPENDENT</type>
                    <key>DeviceInfo.GetInfo.DeviceLog</key>
                    <delay>0</delay>
                    <history>7d</history>
                    <trends>0</trends>
                    <status>DISABLED</status>
                    <value_type>LOG</value_type>
                    <applications>
                        <application>
                            <name>Device</name>
                        </application>
                    </applications>
                    <preprocessing>
                        <step>
                            <type>JSONPATH</type>
                            <params>$.DeviceLog</params>
                        </step>
                        <step>
                            <type>DISCARD_UNCHANGED_HEARTBEAT</type>
                            <params>43200</params>
                        </step>
                    </preprocessing>
                    <master_item>
                        <key>tr064tool[DeviceInfo.GetInfo,{$BASE_URL},{$USER},{$PASSWORD}]</key>
                    </master_item>
                    <request_method>POST</request_method>
                    <triggers>
                        <trigger>
                            <expression>{change()}&gt;0</expression>
                            <name>Log Changed</name>
                            <status>DISABLED</status>
                            <priority>INFO</priority>
                            <tags>
                                <tag>
                                    <tag>single-event</tag>
                                </tag>
                            </tags>
                        </trigger>
                    </triggers>
                </item>
                <item>
                    <name>Hardware Version</name>
                    <type>DEPENDENT</type>
                    <key>DeviceInfo.GetInfo.HardwareVersion</key>
                    <delay>0</delay>
                    <history>7d</history>
                    <trends>0</trends>
                    <status>DISABLED</status>
                    <value_type>TEXT</value_type>
                    <inventory_link>HARDWARE_FULL</inventory_link>
                    <applications>
                        <application>
                            <name>Device</name>
                        </application>
                    </applications>
                    <preprocessing>
                        <step>
                            <type>JSONPATH</type>
                            <params>$.HardwareVersion</params>
                        </step>
                        <step>
                            <type>DISCARD_UNCHANGED_HEARTBEAT</type>
                            <params>43200</params>
                        </step>
                    </preprocessing>
                    <master_item>
                        <key>tr064tool[DeviceInfo.GetInfo,{$BASE_URL},{$USER},{$PASSWORD}]</key>
                    </master_item>
                    <request_method>POST</request_method>
                </item>
                <item>
                    <name>Manufacturer Name</name>
                    <type>DEPENDENT</type>
                    <key>DeviceInfo.GetInfo.ManufacturerName</key>
                    <delay>0</delay>
                    <history>7d</history>
                    <trends>0</trends>
                    <value_type>TEXT</value_type>
                    <inventory_link>VENDOR</inventory_link>
                    <applications>
                        <application>
                            <name>Device</name>
                        </application>
                    </applications>
                    <preprocessing>
                        <step>
                            <type>JSONPATH</type>
                            <params>$.ManufacturerName</params>
                        </step>
                        <step>
                            <type>DISCARD_UNCHANGED_HEARTBEAT</type>
                            <params>43200</params>
                        </step>
                    </preprocessing>
                    <master_item>
                        <key>tr064tool[DeviceInfo.GetInfo,{$BASE_URL},{$USER},{$PASSWORD}]</key>
                    </master_item>
                    <request_method>POST</request_method>
                </item>
                <item>
                    <name>Manufacturer OUI</name>
                    <type>DEPENDENT</type>
                    <key>DeviceInfo.GetInfo.ManufacturerOUI</key>
                    <delay>0</delay>
                    <history>7d</history>
                    <trends>0</trends>
                    <status>DISABLED</status>
                    <value_type>TEXT</value_type>
                    <applications>
                        <application>
                            <name>Device</name>
                        </application>
                    </applications>
                    <preprocessing>
                        <step>
                            <type>JSONPATH</type>
                            <params>$.ManufacturerOUI</params>
                        </step>
                        <step>
                            <type>DISCARD_UNCHANGED_HEARTBEAT</type>
                            <params>43200</params>
                        </step>
                    </preprocessing>
                    <master_item>
                        <key>tr064tool[DeviceInfo.GetInfo,{$BASE_URL},{$USER},{$PASSWORD}]</key>
                    </master_item>
                    <request_method>POST</request_method>
                </item>
                <item>
                    <name>Model Name</name>
                    <type>DEPENDENT</type>
                    <key>DeviceInfo.GetInfo.ModelName</key>
                    <delay>0</delay>
                    <history>7d</history>
                    <trends>0</trends>
                    <value_type>TEXT</value_type>
                    <inventory_link>MODEL</inventory_link>
                    <applications>
                        <application>
                            <name>Device</name>
                        </application>
                    </applications>
                    <preprocessing>
                        <step>
                            <type>JSONPATH</type>
                            <params>$.ModelName</params>
                        </step>
                        <step>
                            <type>DISCARD_UNCHANGED_HEARTBEAT</type>
                            <params>43200</params>
                        </step>
                    </preprocessing>
                    <master_item>
                        <key>tr064tool[DeviceInfo.GetInfo,{$BASE_URL},{$USER},{$PASSWORD}]</key>
                    </master_item>
                    <request_method>POST</request_method>
                    <triggers>
                        <trigger>
                            <expression>{diff(0)}&gt;0</expression>
                            <name>Model Changed</name>
                            <priority>INFO</priority>
                            <tags>
                                <tag>
                                    <tag>single-event</tag>
                                </tag>
                            </tags>
                        </trigger>
                    </triggers>
                </item>
                <item>
                    <name>Product Class</name>
                    <type>DEPENDENT</type>
                    <key>DeviceInfo.GetInfo.ProductClass</key>
                    <delay>0</delay>
                    <history>7d</history>
                    <trends>0</trends>
                    <status>DISABLED</status>
                    <value_type>TEXT</value_type>
                    <applications>
                        <application>
                            <name>Device</name>
                        </application>
                    </applications>
                    <preprocessing>
                        <step>
                            <type>JSONPATH</type>
                            <params>$.ProductClass</params>
                        </step>
                        <step>
                            <type>DISCARD_UNCHANGED_HEARTBEAT</type>
                            <params>43200</params>
                        </step>
                    </preprocessing>
                    <master_item>
                        <key>tr064tool[DeviceInfo.GetInfo,{$BASE_URL},{$USER},{$PASSWORD}]</key>
                    </master_item>
                    <request_method>POST</request_method>
                </item>
                <item>
                    <name>Provisioning Code</name>
                    <type>DEPENDENT</type>
                    <key>DeviceInfo.GetInfo.ProvisioningCode</key>
                    <delay>0</delay>
                    <history>7d</history>
                    <trends>0</trends>
                    <status>DISABLED</status>
                    <value_type>TEXT</value_type>
                    <applications>
                        <application>
                            <name>Device</name>
                        </application>
                    </applications>
                    <preprocessing>
                        <step>
                            <type>JSONPATH</type>
                            <params>$.ProvisioningCode</params>
                        </step>
                        <step>
                            <type>DISCARD_UNCHANGED_HEARTBEAT</type>
                            <params>43200</params>
                        </step>
                    </preprocessing>
                    <master_item>
                        <key>tr064tool[DeviceInfo.GetInfo,{$BASE_URL},{$USER},{$PASSWORD}]</key>
                    </master_item>
                    <request_method>POST</request_method>
                </item>
                <item>
                    <name>Serial Number</name>
                    <type>DEPENDENT</type>
                    <key>DeviceInfo.GetInfo.SerialNumber</key>
                    <delay>0</delay>
                    <history>7d</history>
                    <trends>0</trends>
                    <value_type>TEXT</value_type>
                    <inventory_link>SERIALNO_A</inventory_link>
                    <applications>
                        <application>
                            <name>Device</name>
                        </application>
                    </applications>
                    <preprocessing>
                        <step>
                            <type>JSONPATH</type>
                            <params>$.SerialNumber</params>
                        </step>
                        <step>
                            <type>DISCARD_UNCHANGED_HEARTBEAT</type>
                            <params>43200</params>
                        </step>
                    </preprocessing>
                    <master_item>
                        <key>tr064tool[DeviceInfo.GetInfo,{$BASE_URL},{$USER},{$PASSWORD}]</key>
                    </master_item>
                    <request_method>POST</request_method>
                    <triggers>
                        <trigger>
                            <expression>{diff(0)}&gt;0</expression>
                            <name>Device Replaced</name>
                            <priority>INFO</priority>
                            <tags>
                                <tag>
                                    <tag>single-event</tag>
                                </tag>
                            </tags>
                        </trigger>
                    </triggers>
                </item>
                <item>
                    <name>Software Version</name>
                    <type>DEPENDENT</type>
                    <key>DeviceInfo.GetInfo.SoftwareVersion</key>
                    <delay>0</delay>
                    <history>7d</history>
                    <trends>0</trends>
                    <value_type>TEXT</value_type>
                    <inventory_link>OS</inventory_link>
                    <applications>
                        <application>
                            <name>Device</name>
                        </application>
                    </applications>
                    <preprocessing>
                        <step>
                            <type>JSONPATH</type>
                            <params>$.SoftwareVersion</params>
                        </step>
                        <step>
                            <type>DISCARD_UNCHANGED_HEARTBEAT</type>
                            <params>43200</params>
                        </step>
                    </preprocessing>
                    <master_item>
                        <key>tr064tool[DeviceInfo.GetInfo,{$BASE_URL},{$USER},{$PASSWORD}]</key>
                    </master_item>
                    <request_method>POST</request_method>
                </item>
                <item>
                    <name>Spec Version</name>
                    <type>DEPENDENT</type>
                    <key>DeviceInfo.GetInfo.SpecVersion</key>
                    <delay>0</delay>
                    <history>7d</history>
                    <trends>0</trends>
                    <status>DISABLED</status>
                    <value_type>TEXT</value_type>
                    <applications>
                        <application>
                            <name>Device</name>
                        </application>
                    </applications>
                    <preprocessing>
                        <step>
                            <type>JSONPATH</type>
                            <params>$.SpecVersion</params>
                        </step>
                        <step>
                            <type>DISCARD_UNCHANGED_HEARTBEAT</type>
                            <params>43200</params>
                        </step>
                    </preprocessing>
                    <master_item>
                        <key>tr064tool[DeviceInfo.GetInfo,{$BASE_URL},{$USER},{$PASSWORD}]</key>
                    </master_item>
                    <request_method>POST</request_method>
                </item>
                <item>
                    <name>Uptime</name>
                    <type>DEPENDENT</type>
                    <key>DeviceInfo.GetInfo.UpTime</key>
                    <delay>0</delay>
                    <units>uptime</units>
                    <applications>
                        <application>
                            <name>Device</name>
                        </application>
                    </applications>
                    <preprocessing>
                        <step>
                            <type>JSONPATH</type>
                            <params>$.UpTime</params>
                        </step>
                    </preprocessing>
                    <master_item>
                        <key>tr064tool[DeviceInfo.GetInfo,{$BASE_URL},{$USER},{$PASSWORD}]</key>
                    </master_item>
                    <request_method>POST</request_method>
                    <triggers>
                        <trigger>
                            <expression>{change(0)}&lt;0</expression>
                            <name>Device has been rebooted</name>
                            <priority>INFO</priority>
                            <tags>
                                <tag>
                                    <tag>single-event</tag>
                                </tag>
                            </tags>
                        </trigger>
                    </triggers>
                </item>
                <item>
                    <name>Bytes Received</name>
                    <type>DEPENDENT</type>
                    <key>LANEthernetInterfaceConfig.GetStatistics.BytesReceived</key>
                    <delay>0</delay>
                    <units>B</units>
                    <applications>
                        <application>
                            <name>Ethernet Link</name>
                        </application>
                    </applications>
                    <preprocessing>
                        <step>
                            <type>JSONPATH</type>
                            <params>$.BytesReceived</params>
                        </step>
                        <step>
                            <type>DISCARD_UNCHANGED</type>
                            <params/>
                        </step>
                    </preprocessing>
                    <master_item>
                        <key>tr064tool[LANEthernetInterfaceConfig.GetStatistics,{$BASE_URL},{$USER},{$PASSWORD}]</key>
                    </master_item>
                    <request_method>POST</request_method>
                </item>
                <item>
                    <name>Bytes Sent</name>
                    <type>DEPENDENT</type>
                    <key>LANEthernetInterfaceConfig.GetStatistics.BytesSent</key>
                    <delay>0</delay>
                    <units>B</units>
                    <applications>
                        <application>
                            <name>Ethernet Link</name>
                        </application>
                    </applications>
                    <preprocessing>
                        <step>
                            <type>JSONPATH</type>
                            <params>$.BytesSent</params>
                        </step>
                    </preprocessing>
                    <master_item>
                        <key>tr064tool[LANEthernetInterfaceConfig.GetStatistics,{$BASE_URL},{$USER},{$PASSWORD}]</key>
                    </master_item>
                    <request_method>POST</request_method>
                </item>
                <item>
                    <name>Packets Received</name>
                    <type>DEPENDENT</type>
                    <key>LANEthernetInterfaceConfig.GetStatistics.PacketsReceived</key>
                    <delay>0</delay>
                    <applications>
                        <application>
                            <name>Ethernet Link</name>
                        </application>
                    </applications>
                    <preprocessing>
                        <step>
                            <type>JSONPATH</type>
                            <params>$.PacketsReceived</params>
                        </step>
                    </preprocessing>
                    <master_item>
                        <key>tr064tool[LANEthernetInterfaceConfig.GetStatistics,{$BASE_URL},{$USER},{$PASSWORD}]</key>
                    </master_item>
                    <request_method>POST</request_method>
                </item>
                <item>
                    <name>Packets Sent</name>
                    <type>DEPENDENT</type>
                    <key>LANEthernetInterfaceConfig.GetStatistics.PacketsSent</key>
                    <delay>0</delay>
                    <applications>
                        <application>
                            <name>Ethernet Link</name>
                        </application>
                    </applications>
                    <preprocessing>
                        <step>
                            <type>JSONPATH</type>
                            <params>$.PacketsSent</params>
                        </step>
                    </preprocessing>
                    <master_item>
                        <key>tr064tool[LANEthernetInterfaceConfig.GetStatistics,{$BASE_URL},{$USER},{$PASSWORD}]</key>
                    </master_item>
                    <request_method>POST</request_method>
                </item>
                <item>
                    <name>TR-064: DeviceInfo.GetInfo</name>
                    <type>EXTERNAL</type>
                    <key>tr064tool[DeviceInfo.GetInfo,{$BASE_URL},{$USER},{$PASSWORD}]</key>
                    <delay>1h</delay>
                    <history>0d</history>
                    <trends>0</trends>
                    <value_type>TEXT</value_type>
                    <applications>
                        <application>
                            <name>Zabbix raw items</name>
                        </application>
                    </applications>
                    <request_method>POST</request_method>
                </item>
                <item>
                    <name>TR-064: LANEthernetInterfaceConfig.GetStatistics</name>
                    <type>EXTERNAL</type>
                    <key>tr064tool[LANEthernetInterfaceConfig.GetStatistics,{$BASE_URL},{$USER},{$PASSWORD}]</key>
                    <delay>300s</delay>
                    <history>0d</history>
                    <trends>0</trends>
                    <value_type>TEXT</value_type>
                    <applications>
                        <application>
                            <name>Zabbix raw items</name>
                        </application>
                    </applications>
                    <request_method>POST</request_method>
                </item>
                <item>
                    <name>TR-064: UserInterface.GetInfo</name>
                    <type>EXTERNAL</type>
                    <key>tr064tool[UserInterface.GetInfo,{$BASE_URL},{$USER},{$PASSWORD}]</key>
                    <delay>2h</delay>
                    <history>0</history>
                    <trends>0</trends>
                    <value_type>TEXT</value_type>
                    <applications>
                        <application>
                            <name>Zabbix raw items</name>
                        </application>
                    </applications>
                </item>
                <item>
                    <name>TR-064: UserInterface.X_AVM-DE_GetInfo</name>
                    <type>EXTERNAL</type>
                    <key>tr064tool[UserInterface.X_AVM-DE_GetInfo,{$BASE_URL},{$USER},{$PASSWORD}]</key>
                    <delay>2h</delay>
                    <history>0</history>
                    <trends>0</trends>
                    <value_type>TEXT</value_type>
                    <applications>
                        <application>
                            <name>Zabbix raw items</name>
                        </application>
                    </applications>
                </item>
                <item>
                    <name>IGD: WANCommonInterfaceConfig.GetAddonInfos</name>
                    <type>EXTERNAL</type>
                    <key>tr064tool[WANCommonInterfaceConfig.GetAddonInfos,{$BASE_URL},{$USER},{$PASSWORD}]</key>
                    <delay>300s</delay>
                    <history>0d</history>
                    <trends>0</trends>
                    <value_type>TEXT</value_type>
                    <applications>
                        <application>
                            <name>Zabbix raw items</name>
                        </application>
                    </applications>
                </item>
                <item>
                    <name>TR-064: WANCommonInterfaceConfig.GetCommonLinkProperties</name>
                    <type>EXTERNAL</type>
                    <key>tr064tool[WANCommonInterfaceConfig.GetCommonLinkProperties,{$BASE_URL},{$USER},{$PASSWORD}]</key>
                    <delay>300s</delay>
                    <history>0d</history>
                    <trends>0</trends>
                    <status>DISABLED</status>
                    <value_type>TEXT</value_type>
                    <applications>
                        <application>
                            <name>Zabbix raw items</name>
                        </application>
                    </applications>
                    <request_method>POST</request_method>
                </item>
                <item>
                    <name>TR-064: WANCommonInterfaceConfig.GetTotalBytesReceived</name>
                    <type>EXTERNAL</type>
                    <key>tr064tool[WANCommonInterfaceConfig.GetTotalBytesReceived,{$BASE_URL},{$USER},{$PASSWORD}]</key>
                    <delay>300s</delay>
                    <history>0d</history>
                    <trends>0</trends>
                    <status>DISABLED</status>
                    <value_type>TEXT</value_type>
                    <applications>
                        <application>
                            <name>Zabbix raw items</name>
                        </application>
                    </applications>
                    <request_method>POST</request_method>
                </item>
                <item>
                    <name>TR-064: WANCommonInterfaceConfig.GetTotalBytesSent</name>
                    <type>EXTERNAL</type>
                    <key>tr064tool[WANCommonInterfaceConfig.GetTotalBytesSent,{$BASE_URL},{$USER},{$PASSWORD}]</key>
                    <delay>300s</delay>
                    <history>0d</history>
                    <trends>0</trends>
                    <status>DISABLED</status>
                    <value_type>TEXT</value_type>
                    <applications>
                        <application>
                            <name>Zabbix raw items</name>
                        </application>
                    </applications>
                    <request_method>POST</request_method>
                </item>
                <item>
                    <name>TR-064: WANDSLInterfaceConfig.GetInfo</name>
                    <type>EXTERNAL</type>
                    <key>tr064tool[WANDSLInterfaceConfig.GetInfo,{$BASE_URL},{$USER},{$PASSWORD}]</key>
                    <delay>120s</delay>
                    <history>0d</history>
                    <trends>0</trends>
                    <value_type>TEXT</value_type>
                    <applications>
                        <application>
                            <name>Zabbix raw items</name>
                        </application>
                    </applications>
                    <request_method>POST</request_method>
                </item>
                <item>
                    <name>TR-064: WANDSLInterfaceConfig.GetStatisticsTotal</name>
                    <type>EXTERNAL</type>
                    <key>tr064tool[WANDSLInterfaceConfig.GetStatisticsTotal,{$BASE_URL},{$USER},{$PASSWORD}]</key>
                    <delay>300s</delay>
                    <history>0d</history>
                    <trends>0</trends>
                    <value_type>TEXT</value_type>
                    <applications>
                        <application>
                            <name>Zabbix raw items</name>
                        </application>
                    </applications>
                    <request_method>POST</request_method>
                </item>
                <item>
                    <name>TR-064: WANDSLLinkConfig.GetStatistics</name>
                    <type>EXTERNAL</type>
                    <key>tr064tool[WANDSLLinkConfig.GetStatistics,{$BASE_URL},{$USER},{$PASSWORD}]</key>
                    <delay>300s</delay>
                    <history>0d</history>
                    <trends>0</trends>
                    <status>DISABLED</status>
                    <value_type>TEXT</value_type>
                    <applications>
                        <application>
                            <name>Zabbix raw items</name>
                        </application>
                    </applications>
                    <request_method>POST</request_method>
                </item>
                <item>
                    <name>TR-064: WANPPPConnection.GetInfo</name>
                    <type>EXTERNAL</type>
                    <key>tr064tool[WANPPPConnection.GetInfo,{$BASE_URL},{$USER},{$PASSWORD}]</key>
                    <delay>1h</delay>
                    <history>0d</history>
                    <trends>0</trends>
                    <value_type>TEXT</value_type>
                    <applications>
                        <application>
                            <name>Zabbix raw items</name>
                        </application>
                    </applications>
                    <request_method>POST</request_method>
                </item>
                <item>
                    <name>Upgrade Available</name>
                    <type>DEPENDENT</type>
                    <key>UserInterface.GetInfo.UpgradeAvailable</key>
                    <delay>0</delay>
                    <history>7d</history>
                    <applications>
                        <application>
                            <name>Device</name>
                        </application>
                    </applications>
                    <valuemap>
                        <name>Boolean</name>
                    </valuemap>
                    <preprocessing>
                        <step>
                            <type>JSONPATH</type>
                            <params>$.UpgradeAvailable</params>
                        </step>
                        <step>
                            <type>DISCARD_UNCHANGED_HEARTBEAT</type>
                            <params>43200</params>
                        </step>
                    </preprocessing>
                    <master_item>
                        <key>tr064tool[UserInterface.GetInfo,{$BASE_URL},{$USER},{$PASSWORD}]</key>
                    </master_item>
                    <triggers>
                        <trigger>
                            <expression>{last()}=1</expression>
                            <name>Update Available</name>
                            <priority>INFO</priority>
                            <manual_close>YES</manual_close>
                        </trigger>
                    </triggers>
                </item>
                <item>
                    <name>Update State</name>
                    <type>DEPENDENT</type>
                    <key>UserInterface.GetInfo.X_AVM-DE_UpdateState</key>
                    <delay>0</delay>
                    <history>7d</history>
                    <trends>0</trends>
                    <value_type>TEXT</value_type>
                    <applications>
                        <application>
                            <name>Device</name>
                        </application>
                    </applications>
                    <preprocessing>
                        <step>
                            <type>JSONPATH</type>
                            <params>$.['X_AVM-DE_UpdateState']</params>
                        </step>
                        <step>
                            <type>DISCARD_UNCHANGED_HEARTBEAT</type>
                            <params>43200</params>
                        </step>
                    </preprocessing>
                    <master_item>
                        <key>tr064tool[UserInterface.GetInfo,{$BASE_URL},{$USER},{$PASSWORD}]</key>
                    </master_item>
                </item>
                <item>
                    <name>Auto Update Mode</name>
                    <type>DEPENDENT</type>
                    <key>UserInterface.X_AVM-DE_GetInfo.X_AVM-DE_AutoUpdateMode</key>
                    <delay>0</delay>
                    <history>7d</history>
                    <trends>0</trends>
                    <value_type>TEXT</value_type>
                    <applications>
                        <application>
                            <name>Device</name>
                        </application>
                    </applications>
                    <preprocessing>
                        <step>
                            <type>JSONPATH</type>
                            <params>$.['X_AVM-DE_AutoUpdateMode']</params>
                        </step>
                        <step>
                            <type>DISCARD_UNCHANGED</type>
                            <params/>
                        </step>
                    </preprocessing>
                    <master_item>
                        <key>tr064tool[UserInterface.X_AVM-DE_GetInfo,{$BASE_URL},{$USER},{$PASSWORD}]</key>
                    </master_item>
                </item>
                <item>
                    <name>Last Update Succeeded</name>
                    <type>DEPENDENT</type>
                    <key>UserInterface.X_AVM-DE_GetInfo.X_AVM-DE_UpdateSuccessful</key>
                    <delay>0</delay>
                    <history>7d</history>
                    <trends>0</trends>
                    <value_type>TEXT</value_type>
                    <applications>
                        <application>
                            <name>Device</name>
                        </application>
                    </applications>
                    <preprocessing>
                        <step>
                            <type>JSONPATH</type>
                            <params>$.['X_AVM-DE_UpdateSuccessful']</params>
                        </step>
                        <step>
                            <type>DISCARD_UNCHANGED_HEARTBEAT</type>
                            <params>43200</params>
                        </step>
                    </preprocessing>
                    <master_item>
                        <key>tr064tool[UserInterface.X_AVM-DE_GetInfo,{$BASE_URL},{$USER},{$PASSWORD}]</key>
                    </master_item>
                    <triggers>
                        <trigger>
                            <expression>{str(&quot;succeeded&quot;)}=0</expression>
                            <name>Last Update Failed</name>
                            <priority>WARNING</priority>
                            <manual_close>YES</manual_close>
                        </trigger>
                    </triggers>
                </item>
                <item>
                    <name>Total Bytes Received</name>
                    <type>DEPENDENT</type>
                    <key>WANCommonInterfaceConfig.GetAddonInfos.X_AVM_DE_TotalBytesReceived64</key>
                    <delay>0</delay>
                    <units>B</units>
                    <applications>
                        <application>
                            <name>WAN Link</name>
                        </application>
                    </applications>
                    <preprocessing>
                        <step>
                            <type>JSONPATH</type>
                            <params>$.X_AVM_DE_TotalBytesReceived64</params>
                        </step>
                    </preprocessing>
                    <master_item>
                        <key>tr064tool[WANCommonInterfaceConfig.GetAddonInfos,{$BASE_URL},{$USER},{$PASSWORD}]</key>
                    </master_item>
                    <request_method>POST</request_method>
                </item>
                <item>
                    <name>Total Bytes Sent</name>
                    <type>DEPENDENT</type>
                    <key>WANCommonInterfaceConfig.GetAddonInfos.X_AVM_DE_TotalBytesSent64</key>
                    <delay>0</delay>
                    <units>B</units>
                    <applications>
                        <application>
                            <name>WAN Link</name>
                        </application>
                    </applications>
                    <preprocessing>
                        <step>
                            <type>JSONPATH</type>
                            <params>$.X_AVM_DE_TotalBytesSent64</params>
                        </step>
                    </preprocessing>
                    <master_item>
                        <key>tr064tool[WANCommonInterfaceConfig.GetAddonInfos,{$BASE_URL},{$USER},{$PASSWORD}]</key>
                    </master_item>
                    <request_method>POST</request_method>
                </item>
                <item>
                    <name>Layer 1 Downstream Max Bitrate</name>
                    <type>DEPENDENT</type>
                    <key>WANCommonInterfaceConfig.GetCommonLinkProperties.Layer1DownstreamMaxBitRate</key>
                    <delay>0</delay>
                    <status>DISABLED</status>
                    <units>b/s</units>
                    <applications>
                        <application>
                            <name>WAN Link</name>
                        </application>
                    </applications>
                    <preprocessing>
                        <step>
                            <type>JSONPATH</type>
                            <params>$.Layer1DownstreamMaxBitRate</params>
                        </step>
                        <step>
                            <type>DISCARD_UNCHANGED</type>
                            <params/>
                        </step>
                    </preprocessing>
                    <master_item>
                        <key>tr064tool[WANCommonInterfaceConfig.GetCommonLinkProperties,{$BASE_URL},{$USER},{$PASSWORD}]</key>
                    </master_item>
                    <request_method>POST</request_method>
                </item>
                <item>
                    <name>Layer 1 Upstream Max Bitrate</name>
                    <type>DEPENDENT</type>
                    <key>WANCommonInterfaceConfig.GetCommonLinkProperties.Layer1UpstreamMaxBitRate</key>
                    <delay>0</delay>
                    <status>DISABLED</status>
                    <units>b/s</units>
                    <applications>
                        <application>
                            <name>WAN Link</name>
                        </application>
                    </applications>
                    <preprocessing>
                        <step>
                            <type>JSONPATH</type>
                            <params>$.Layer1UpstreamMaxBitRate</params>
                        </step>
                        <step>
                            <type>DISCARD_UNCHANGED</type>
                            <params/>
                        </step>
                    </preprocessing>
                    <master_item>
                        <key>tr064tool[WANCommonInterfaceConfig.GetCommonLinkProperties,{$BASE_URL},{$USER},{$PASSWORD}]</key>
                    </master_item>
                    <request_method>POST</request_method>
                </item>
                <item>
                    <name>WANAccessType</name>
                    <type>DEPENDENT</type>
                    <key>WANCommonInterfaceConfig.GetCommonLinkProperties.WANAccessType</key>
                    <delay>0</delay>
                    <history>7d</history>
                    <trends>0</trends>
                    <status>DISABLED</status>
                    <value_type>TEXT</value_type>
                    <applications>
                        <application>
                            <name>WAN Link</name>
                        </application>
                    </applications>
                    <preprocessing>
                        <step>
                            <type>JSONPATH</type>
                            <params>$.WANAccessType</params>
                        </step>
                        <step>
                            <type>DISCARD_UNCHANGED_HEARTBEAT</type>
                            <params>43200</params>
                        </step>
                    </preprocessing>
                    <master_item>
                        <key>tr064tool[WANCommonInterfaceConfig.GetCommonLinkProperties,{$BASE_URL},{$USER},{$PASSWORD}]</key>
                    </master_item>
                    <request_method>POST</request_method>
                </item>
                <item>
                    <name>Downstream Attenuation</name>
                    <type>DEPENDENT</type>
                    <key>WANDSLInterfaceConfig.GetInfo.DownstreamAttenuation</key>
                    <delay>0</delay>
                    <value_type>FLOAT</value_type>
                    <units>dB</units>
                    <applications>
                        <application>
                            <name>DSL Link</name>
                        </application>
                    </applications>
                    <preprocessing>
                        <step>
                            <type>JSONPATH</type>
                            <params>$.DownstreamAttenuation</params>
                        </step>
                        <step>
                            <type>MULTIPLIER</type>
                            <params>0.1</params>
                        </step>
                        <step>
                            <type>DISCARD_UNCHANGED</type>
                            <params/>
                        </step>
                    </preprocessing>
                    <master_item>
                        <key>tr064tool[WANDSLInterfaceConfig.GetInfo,{$BASE_URL},{$USER},{$PASSWORD}]</key>
                    </master_item>
                    <request_method>POST</request_method>
                </item>
                <item>
                    <name>Downstream Current Rate</name>
                    <type>DEPENDENT</type>
                    <key>WANDSLInterfaceConfig.GetInfo.DownstreamCurrRate</key>
                    <delay>0</delay>
                    <units>b/s</units>
                    <applications>
                        <application>
                            <name>DSL Link</name>
                        </application>
                    </applications>
                    <preprocessing>
                        <step>
                            <type>JSONPATH</type>
                            <params>$.DownstreamCurrRate</params>
                        </step>
                        <step>
                            <type>MULTIPLIER</type>
                            <params>1000</params>
                        </step>
                        <step>
                            <type>DISCARD_UNCHANGED</type>
                            <params/>
                        </step>
                    </preprocessing>
                    <master_item>
                        <key>tr064tool[WANDSLInterfaceConfig.GetInfo,{$BASE_URL},{$USER},{$PASSWORD}]</key>
                    </master_item>
                    <request_method>POST</request_method>
                    <triggers>
                        <trigger>
                            <expression>{last()}&lt;{$MIN_DOWNSTREAM}</expression>
                            <name>Downstream Bandwidth Too Low</name>
                            <priority>WARNING</priority>
                        </trigger>
                    </triggers>
                </item>
                <item>
                    <name>Downstream Max Rate</name>
                    <type>DEPENDENT</type>
                    <key>WANDSLInterfaceConfig.GetInfo.DownstreamMaxRate</key>
                    <delay>0</delay>
                    <units>b/s</units>
                    <applications>
                        <application>
                            <name>DSL Link</name>
                        </application>
                    </applications>
                    <preprocessing>
                        <step>
                            <type>JSONPATH</type>
                            <params>$.DownstreamMaxRate</params>
                        </step>
                        <step>
                            <type>MULTIPLIER</type>
                            <params>1000</params>
                        </step>
                        <step>
                            <type>DISCARD_UNCHANGED</type>
                            <params/>
                        </step>
                    </preprocessing>
                    <master_item>
                        <key>tr064tool[WANDSLInterfaceConfig.GetInfo,{$BASE_URL},{$USER},{$PASSWORD}]</key>
                    </master_item>
                    <request_method>POST</request_method>
                </item>
                <item>
                    <name>Downstream Noise Margin</name>
                    <type>DEPENDENT</type>
                    <key>WANDSLInterfaceConfig.GetInfo.DownstreamNoiseMargin</key>
                    <delay>0</delay>
                    <value_type>FLOAT</value_type>
                    <units>dB</units>
                    <applications>
                        <application>
                            <name>DSL Link</name>
                        </application>
                    </applications>
                    <preprocessing>
                        <step>
                            <type>JSONPATH</type>
                            <params>$.DownstreamNoiseMargin</params>
                        </step>
                        <step>
                            <type>MULTIPLIER</type>
                            <params>0.1</params>
                        </step>
                        <step>
                            <type>DISCARD_UNCHANGED</type>
                            <params/>
                        </step>
                    </preprocessing>
                    <master_item>
                        <key>tr064tool[WANDSLInterfaceConfig.GetInfo,{$BASE_URL},{$USER},{$PASSWORD}]</key>
                    </master_item>
                    <request_method>POST</request_method>
                </item>
                <item>
                    <name>Downstream Power</name>
                    <type>DEPENDENT</type>
                    <key>WANDSLInterfaceConfig.GetInfo.DownstreamPower</key>
                    <delay>0</delay>
                    <value_type>FLOAT</value_type>
                    <units>dBmV</units>
                    <applications>
                        <application>
                            <name>DSL Link</name>
                        </application>
                    </applications>
                    <preprocessing>
                        <step>
                            <type>JSONPATH</type>
                            <params>$.DownstreamPower</params>
                        </step>
                        <step>
                            <type>MULTIPLIER</type>
                            <params>0.1</params>
                        </step>
                        <step>
                            <type>DISCARD_UNCHANGED</type>
                            <params/>
                        </step>
                    </preprocessing>
                    <master_item>
                        <key>tr064tool[WANDSLInterfaceConfig.GetInfo,{$BASE_URL},{$USER},{$PASSWORD}]</key>
                    </master_item>
                    <request_method>POST</request_method>
                </item>
                <item>
                    <name>Upstream Attenuation</name>
                    <type>DEPENDENT</type>
                    <key>WANDSLInterfaceConfig.GetInfo.UpstreamAttenuation</key>
                    <delay>0</delay>
                    <value_type>FLOAT</value_type>
                    <units>dB</units>
                    <applications>
                        <application>
                            <name>DSL Link</name>
                        </application>
                    </applications>
                    <preprocessing>
                        <step>
                            <type>JSONPATH</type>
                            <params>$.UpstreamAttenuation</params>
                        </step>
                        <step>
                            <type>MULTIPLIER</type>
                            <params>0.1</params>
                        </step>
                        <step>
                            <type>DISCARD_UNCHANGED_HEARTBEAT</type>
                            <params>43200</params>
                        </step>
                    </preprocessing>
                    <master_item>
                        <key>tr064tool[WANDSLInterfaceConfig.GetInfo,{$BASE_URL},{$USER},{$PASSWORD}]</key>
                    </master_item>
                    <request_method>POST</request_method>
                </item>
                <item>
                    <name>Upstream Current Rate</name>
                    <type>DEPENDENT</type>
                    <key>WANDSLInterfaceConfig.GetInfo.UpstreamCurrRate</key>
                    <delay>0</delay>
                    <units>b/s</units>
                    <applications>
                        <application>
                            <name>DSL Link</name>
                        </application>
                    </applications>
                    <preprocessing>
                        <step>
                            <type>JSONPATH</type>
                            <params>$.UpstreamCurrRate</params>
                        </step>
                        <step>
                            <type>MULTIPLIER</type>
                            <params>1000</params>
                        </step>
                        <step>
                            <type>DISCARD_UNCHANGED</type>
                            <params/>
                        </step>
                    </preprocessing>
                    <master_item>
                        <key>tr064tool[WANDSLInterfaceConfig.GetInfo,{$BASE_URL},{$USER},{$PASSWORD}]</key>
                    </master_item>
                    <request_method>POST</request_method>
                    <triggers>
                        <trigger>
                            <expression>{last()}&lt;{$MIN_UPSTREAM}</expression>
                            <name>Upstream Bandwidth Too Low</name>
                            <priority>WARNING</priority>
                        </trigger>
                    </triggers>
                </item>
                <item>
                    <name>Upstream Max Rate</name>
                    <type>DEPENDENT</type>
                    <key>WANDSLInterfaceConfig.GetInfo.UpstreamMaxRate</key>
                    <delay>0</delay>
                    <units>b/s</units>
                    <applications>
                        <application>
                            <name>DSL Link</name>
                        </application>
                    </applications>
                    <preprocessing>
                        <step>
                            <type>JSONPATH</type>
                            <params>$.UpstreamMaxRate</params>
                        </step>
                        <step>
                            <type>MULTIPLIER</type>
                            <params>1000</params>
                        </step>
                        <step>
                            <type>DISCARD_UNCHANGED</type>
                            <params/>
                        </step>
                    </preprocessing>
                    <master_item>
                        <key>tr064tool[WANDSLInterfaceConfig.GetInfo,{$BASE_URL},{$USER},{$PASSWORD}]</key>
                    </master_item>
                    <request_method>POST</request_method>
                </item>
                <item>
                    <name>Upstream Noise Margin</name>
                    <type>DEPENDENT</type>
                    <key>WANDSLInterfaceConfig.GetInfo.UpstreamNoiseMargin</key>
                    <delay>0</delay>
                    <value_type>FLOAT</value_type>
                    <units>dB</units>
                    <applications>
                        <application>
                            <name>DSL Link</name>
                        </application>
                    </applications>
                    <preprocessing>
                        <step>
                            <type>JSONPATH</type>
                            <params>$.UpstreamNoiseMargin</params>
                        </step>
                        <step>
                            <type>MULTIPLIER</type>
                            <params>0.1</params>
                        </step>
                        <step>
                            <type>DISCARD_UNCHANGED</type>
                            <params/>
                        </step>
                    </preprocessing>
                    <master_item>
                        <key>tr064tool[WANDSLInterfaceConfig.GetInfo,{$BASE_URL},{$USER},{$PASSWORD}]</key>
                    </master_item>
                    <request_method>POST</request_method>
                </item>
                <item>
                    <name>Upstream Power</name>
                    <type>DEPENDENT</type>
                    <key>WANDSLInterfaceConfig.GetInfo.UpstreamPower</key>
                    <delay>0</delay>
                    <value_type>FLOAT</value_type>
                    <units>dBmV</units>
                    <applications>
                        <application>
                            <name>DSL Link</name>
                        </application>
                    </applications>
                    <preprocessing>
                        <step>
                            <type>JSONPATH</type>
                            <params>$.UpstreamPower</params>
                        </step>
                        <step>
                            <type>MULTIPLIER</type>
                            <params>0.1</params>
                        </step>
                        <step>
                            <type>DISCARD_UNCHANGED</type>
                            <params/>
                        </step>
                    </preprocessing>
                    <master_item>
                        <key>tr064tool[WANDSLInterfaceConfig.GetInfo,{$BASE_URL},{$USER},{$PASSWORD}]</key>
                    </master_item>
                    <request_method>POST</request_method>
                </item>
                <item>
                    <name>CRC Errors As Seen By ATU-C</name>
                    <type>DEPENDENT</type>
                    <key>WANDSLInterfaceConfig.GetStatisticsTotal.ATUCCRCErrors</key>
                    <delay>0</delay>
                    <applications>
                        <application>
                            <name>DSL Link</name>
                        </application>
                    </applications>
                    <preprocessing>
                        <step>
                            <type>JSONPATH</type>
                            <params>$.ATUCCRCErrors</params>
                        </step>
                        <step>
                            <type>DISCARD_UNCHANGED</type>
                            <params/>
                        </step>
                    </preprocessing>
                    <master_item>
                        <key>tr064tool[WANDSLInterfaceConfig.GetStatisticsTotal,{$BASE_URL},{$USER},{$PASSWORD}]</key>
                    </master_item>
                    <request_method>POST</request_method>
                </item>
                <item>
                    <name>FEC Errors As Seen By ATU-C</name>
                    <type>DEPENDENT</type>
                    <key>WANDSLInterfaceConfig.GetStatisticsTotal.ATUCFECErrors</key>
                    <delay>0</delay>
                    <applications>
                        <application>
                            <name>DSL Link</name>
                        </application>
                    </applications>
                    <preprocessing>
                        <step>
                            <type>JSONPATH</type>
                            <params>$.ATUCFECErrors</params>
                        </step>
                        <step>
                            <type>DISCARD_UNCHANGED</type>
                            <params/>
                        </step>
                    </preprocessing>
                    <master_item>
                        <key>tr064tool[WANDSLInterfaceConfig.GetStatisticsTotal,{$BASE_URL},{$USER},{$PASSWORD}]</key>
                    </master_item>
                    <request_method>POST</request_method>
                </item>
                <item>
                    <name>HEC Errors As Seen By ATU-C</name>
                    <type>DEPENDENT</type>
                    <key>WANDSLInterfaceConfig.GetStatisticsTotal.ATUCHECErrors</key>
                    <delay>0</delay>
                    <applications>
                        <application>
                            <name>DSL Link</name>
                        </application>
                    </applications>
                    <preprocessing>
                        <step>
                            <type>JSONPATH</type>
                            <params>$.ATUCHECErrors</params>
                        </step>
                        <step>
                            <type>DISCARD_UNCHANGED</type>
                            <params/>
                        </step>
                    </preprocessing>
                    <master_item>
                        <key>tr064tool[WANDSLInterfaceConfig.GetStatisticsTotal,{$BASE_URL},{$USER},{$PASSWORD}]</key>
                    </master_item>
                    <request_method>POST</request_method>
                </item>
                <item>
                    <name>Cell-Delineation Errors</name>
                    <type>DEPENDENT</type>
                    <key>WANDSLInterfaceConfig.GetStatisticsTotal.CellDelin</key>
                    <delay>0</delay>
                    <applications>
                        <application>
                            <name>DSL Link</name>
                        </application>
                    </applications>
                    <preprocessing>
                        <step>
                            <type>JSONPATH</type>
                            <params>$.CellDelin</params>
                        </step>
                        <step>
                            <type>DISCARD_UNCHANGED</type>
                            <params/>
                        </step>
                    </preprocessing>
                    <master_item>
                        <key>tr064tool[WANDSLInterfaceConfig.GetStatisticsTotal,{$BASE_URL},{$USER},{$PASSWORD}]</key>
                    </master_item>
                    <request_method>POST</request_method>
                </item>
                <item>
                    <name>CRC Errors</name>
                    <type>DEPENDENT</type>
                    <key>WANDSLInterfaceConfig.GetStatisticsTotal.CRCErrors</key>
                    <delay>0</delay>
                    <applications>
                        <application>
                            <name>DSL Link</name>
                        </application>
                    </applications>
                    <preprocessing>
                        <step>
                            <type>JSONPATH</type>
                            <params>$.CRCErrors</params>
                        </step>
                        <step>
                            <type>DISCARD_UNCHANGED</type>
                            <params/>
                        </step>
                    </preprocessing>
                    <master_item>
                        <key>tr064tool[WANDSLInterfaceConfig.GetStatisticsTotal,{$BASE_URL},{$USER},{$PASSWORD}]</key>
                    </master_item>
                    <request_method>POST</request_method>
                </item>
                <item>
                    <name>Errored Time</name>
                    <type>DEPENDENT</type>
                    <key>WANDSLInterfaceConfig.GetStatisticsTotal.ErroredSecs</key>
                    <delay>0</delay>
                    <units>s</units>
                    <applications>
                        <application>
                            <name>DSL Link</name>
                        </application>
                    </applications>
                    <preprocessing>
                        <step>
                            <type>JSONPATH</type>
                            <params>$.ErroredSecs</params>
                        </step>
                        <step>
                            <type>DISCARD_UNCHANGED</type>
                            <params/>
                        </step>
                    </preprocessing>
                    <master_item>
                        <key>tr064tool[WANDSLInterfaceConfig.GetStatisticsTotal,{$BASE_URL},{$USER},{$PASSWORD}]</key>
                    </master_item>
                    <request_method>POST</request_method>
                </item>
                <item>
                    <name>FEC Errors</name>
                    <type>DEPENDENT</type>
                    <key>WANDSLInterfaceConfig.GetStatisticsTotal.FECErrors</key>
                    <delay>0</delay>
                    <applications>
                        <application>
                            <name>DSL Link</name>
                        </application>
                    </applications>
                    <preprocessing>
                        <step>
                            <type>JSONPATH</type>
                            <params>$.FECErrors</params>
                        </step>
                        <step>
                            <type>DISCARD_UNCHANGED</type>
                            <params/>
                        </step>
                    </preprocessing>
                    <master_item>
                        <key>tr064tool[WANDSLInterfaceConfig.GetStatisticsTotal,{$BASE_URL},{$USER},{$PASSWORD}]</key>
                    </master_item>
                    <request_method>POST</request_method>
                </item>
                <item>
                    <name>HEC Errors</name>
                    <type>DEPENDENT</type>
                    <key>WANDSLInterfaceConfig.GetStatisticsTotal.HECErrors</key>
                    <delay>0</delay>
                    <applications>
                        <application>
                            <name>DSL Link</name>
                        </application>
                    </applications>
                    <preprocessing>
                        <step>
                            <type>JSONPATH</type>
                            <params>$.HECErrors</params>
                        </step>
                        <step>
                            <type>DISCARD_UNCHANGED</type>
                            <params/>
                        </step>
                    </preprocessing>
                    <master_item>
                        <key>tr064tool[WANDSLInterfaceConfig.GetStatisticsTotal,{$BASE_URL},{$USER},{$PASSWORD}]</key>
                    </master_item>
                    <request_method>POST</request_method>
                </item>
                <item>
                    <name>Init Errors</name>
                    <type>DEPENDENT</type>
                    <key>WANDSLInterfaceConfig.GetStatisticsTotal.InitErrors</key>
                    <delay>0</delay>
                    <applications>
                        <application>
                            <name>DSL Link</name>
                        </application>
                    </applications>
                    <preprocessing>
                        <step>
                            <type>JSONPATH</type>
                            <params>$.InitErrors</params>
                        </step>
                        <step>
                            <type>DISCARD_UNCHANGED</type>
                            <params/>
                        </step>
                    </preprocessing>
                    <master_item>
                        <key>tr064tool[WANDSLInterfaceConfig.GetStatisticsTotal,{$BASE_URL},{$USER},{$PASSWORD}]</key>
                    </master_item>
                    <request_method>POST</request_method>
                </item>
                <item>
                    <name>Init Timeouts</name>
                    <type>DEPENDENT</type>
                    <key>WANDSLInterfaceConfig.GetStatisticsTotal.InitTimeouts</key>
                    <delay>0</delay>
                    <applications>
                        <application>
                            <name>DSL Link</name>
                        </application>
                    </applications>
                    <preprocessing>
                        <step>
                            <type>JSONPATH</type>
                            <params>$.InitTimeouts</params>
                        </step>
                        <step>
                            <type>DISCARD_UNCHANGED</type>
                            <params/>
                        </step>
                    </preprocessing>
                    <master_item>
                        <key>tr064tool[WANDSLInterfaceConfig.GetStatisticsTotal,{$BASE_URL},{$USER},{$PASSWORD}]</key>
                    </master_item>
                    <request_method>POST</request_method>
                </item>
                <item>
                    <name>Link Retrain</name>
                    <type>DEPENDENT</type>
                    <key>WANDSLInterfaceConfig.GetStatisticsTotal.LinkRetrain</key>
                    <delay>0</delay>
                    <applications>
                        <application>
                            <name>DSL Link</name>
                        </application>
                    </applications>
                    <preprocessing>
                        <step>
                            <type>JSONPATH</type>
                            <params>$.LinkRetrain</params>
                        </step>
                    </preprocessing>
                    <master_item>
                        <key>tr064tool[WANDSLInterfaceConfig.GetStatisticsTotal,{$BASE_URL},{$USER},{$PASSWORD}]</key>
                    </master_item>
                    <request_method>POST</request_method>
                    <triggers>
                        <trigger>
                            <expression>{change(0)}&gt;0</expression>
                            <name>Link retrain</name>
                            <priority>WARNING</priority>
                            <tags>
                                <tag>
                                    <tag>single-event</tag>
                                </tag>
                            </tags>
                        </trigger>
                    </triggers>
                </item>
                <item>
                    <name>Loss of Framing</name>
                    <type>DEPENDENT</type>
                    <key>WANDSLInterfaceConfig.GetStatisticsTotal.LossOfFraming</key>
                    <delay>0</delay>
                    <applications>
                        <application>
                            <name>DSL Link</name>
                        </application>
                    </applications>
                    <preprocessing>
                        <step>
                            <type>JSONPATH</type>
                            <params>$.LossOfFraming</params>
                        </step>
                        <step>
                            <type>DISCARD_UNCHANGED</type>
                            <params/>
                        </step>
                    </preprocessing>
                    <master_item>
                        <key>tr064tool[WANDSLInterfaceConfig.GetStatisticsTotal,{$BASE_URL},{$USER},{$PASSWORD}]</key>
                    </master_item>
                    <request_method>POST</request_method>
                </item>
                <item>
                    <name>Receive Blocks</name>
                    <type>DEPENDENT</type>
                    <key>WANDSLInterfaceConfig.GetStatisticsTotal.ReceiveBlocks</key>
                    <delay>0</delay>
                    <applications>
                        <application>
                            <name>DSL Link</name>
                        </application>
                    </applications>
                    <preprocessing>
                        <step>
                            <type>JSONPATH</type>
                            <params>$.ReceiveBlocks</params>
                        </step>
                    </preprocessing>
                    <master_item>
                        <key>tr064tool[WANDSLInterfaceConfig.GetStatisticsTotal,{$BASE_URL},{$USER},{$PASSWORD}]</key>
                    </master_item>
                    <request_method>POST</request_method>
                </item>
                <item>
                    <name>Severely Errored Time</name>
                    <type>DEPENDENT</type>
                    <key>WANDSLInterfaceConfig.GetStatisticsTotal.SeverelyErroredSecs</key>
                    <delay>0</delay>
                    <units>s</units>
                    <applications>
                        <application>
                            <name>DSL Link</name>
                        </application>
                    </applications>
                    <preprocessing>
                        <step>
                            <type>JSONPATH</type>
                            <params>$.SeverelyErroredSecs</params>
                        </step>
                        <step>
                            <type>DISCARD_UNCHANGED</type>
                            <params/>
                        </step>
                    </preprocessing>
                    <master_item>
                        <key>tr064tool[WANDSLInterfaceConfig.GetStatisticsTotal,{$BASE_URL},{$USER},{$PASSWORD}]</key>
                    </master_item>
                    <request_method>POST</request_method>
                </item>
                <item>
                    <name>Transmit Blocks</name>
                    <type>DEPENDENT</type>
                    <key>WANDSLInterfaceConfig.GetStatisticsTotal.TransmitBlocks</key>
                    <delay>0</delay>
                    <applications>
                        <application>
                            <name>DSL Link</name>
                        </application>
                    </applications>
                    <preprocessing>
                        <step>
                            <type>JSONPATH</type>
                            <params>$.TransmitBlocks</params>
                        </step>
                    </preprocessing>
                    <master_item>
                        <key>tr064tool[WANDSLInterfaceConfig.GetStatisticsTotal,{$BASE_URL},{$USER},{$PASSWORD}]</key>
                    </master_item>
                    <request_method>POST</request_method>
                </item>
                <item>
                    <name>AAL5 CRC Errors</name>
                    <type>DEPENDENT</type>
                    <key>WANDSLLinkConfig.GetStatistics.AAL5CRCErrors</key>
                    <delay>0</delay>
                    <status>DISABLED</status>
                    <description>Provides a count of the AAL5 layer cyclic redundancy check erorrs.&#13;
&#13;
TR-064, Page 62</description>
                    <applications>
                        <application>
                            <name>ATM Link</name>
                        </application>
                    </applications>
                    <preprocessing>
                        <step>
                            <type>JSONPATH</type>
                            <params>$.AAL5CRCErrors</params>
                        </step>
                        <step>
                            <type>DISCARD_UNCHANGED_HEARTBEAT</type>
                            <params>43200</params>
                        </step>
                    </preprocessing>
                    <master_item>
                        <key>tr064tool[WANDSLLinkConfig.GetStatistics,{$BASE_URL},{$USER},{$PASSWORD}]</key>
                    </master_item>
                    <request_method>POST</request_method>
                </item>
                <item>
                    <name>ATM CRC Errors</name>
                    <type>DEPENDENT</type>
                    <key>WANDSLLinkConfig.GetStatistics.ATMCRCErrors</key>
                    <delay>0</delay>
                    <status>DISABLED</status>
                    <description>Provides a count of the ATM layer cyclic redundancy errors.&#13;
&#13;
TR-064, Page 62</description>
                    <applications>
                        <application>
                            <name>ATM Link</name>
                        </application>
                    </applications>
                    <preprocessing>
                        <step>
                            <type>JSONPATH</type>
                            <params>$.ATMCRCErrors</params>
                        </step>
                        <step>
                            <type>DISCARD_UNCHANGED</type>
                            <params/>
                        </step>
                    </preprocessing>
                    <master_item>
                        <key>tr064tool[WANDSLLinkConfig.GetStatistics,{$BASE_URL},{$USER},{$PASSWORD}]</key>
                    </master_item>
                    <request_method>POST</request_method>
                </item>
                <item>
                    <name>Received Blocks</name>
                    <type>DEPENDENT</type>
                    <key>WANDSLLinkConfig.GetStatistics.ATMReceivedBlocks</key>
                    <delay>0</delay>
                    <status>DISABLED</status>
                    <description>The current count of successfully received blocks.&#13;
&#13;
TR-064, Page 62</description>
                    <applications>
                        <application>
                            <name>ATM Link</name>
                        </application>
                    </applications>
                    <preprocessing>
                        <step>
                            <type>JSONPATH</type>
                            <params>$.ATMReceivedBlocks</params>
                        </step>
                    </preprocessing>
                    <master_item>
                        <key>tr064tool[WANDSLLinkConfig.GetStatistics,{$BASE_URL},{$USER},{$PASSWORD}]</key>
                    </master_item>
                    <request_method>POST</request_method>
                </item>
                <item>
                    <name>Transmitted Blocks</name>
                    <type>DEPENDENT</type>
                    <key>WANDSLLinkConfig.GetStatistics.ATMTransmittedBlocks</key>
                    <delay>0</delay>
                    <status>DISABLED</status>
                    <description>The current count of successfully transmitted blocks.&#13;
&#13;
TR-064, Page 62</description>
                    <applications>
                        <application>
                            <name>ATM Link</name>
                        </application>
                    </applications>
                    <preprocessing>
                        <step>
                            <type>JSONPATH</type>
                            <params>$.ATMTransmittedBlocks</params>
                        </step>
                    </preprocessing>
                    <master_item>
                        <key>tr064tool[WANDSLLinkConfig.GetStatistics,{$BASE_URL},{$USER},{$PASSWORD}]</key>
                    </master_item>
                    <request_method>POST</request_method>
                </item>
                <item>
                    <name>DNS Servers</name>
                    <type>DEPENDENT</type>
                    <key>WANPPPConnection.GetInfo.DNSServers</key>
                    <delay>0</delay>
                    <history>7d</history>
                    <trends>0</trends>
                    <value_type>TEXT</value_type>
                    <applications>
                        <application>
                            <name>PPP</name>
                        </application>
                    </applications>
                    <preprocessing>
                        <step>
                            <type>JSONPATH</type>
                            <params>$.DNSServers</params>
                        </step>
                        <step>
                            <type>DISCARD_UNCHANGED_HEARTBEAT</type>
                            <params>43200</params>
                        </step>
                    </preprocessing>
                    <master_item>
                        <key>tr064tool[WANPPPConnection.GetInfo,{$BASE_URL},{$USER},{$PASSWORD}]</key>
                    </master_item>
                    <request_method>POST</request_method>
                    <triggers>
                        <trigger>
                            <expression>{abschange()}=1</expression>
                            <name>PPP Provided DNS Servers Changed</name>
                            <priority>INFO</priority>
                            <tags>
                                <tag>
                                    <tag>single-event</tag>
                                </tag>
                            </tags>
                        </trigger>
                    </triggers>
                </item>
                <item>
                    <name>Last Connection Error</name>
                    <type>DEPENDENT</type>
                    <key>WANPPPConnection.GetInfo.LastConnectionError</key>
                    <delay>0</delay>
                    <history>7d</history>
                    <trends>0</trends>
                    <value_type>TEXT</value_type>
                    <applications>
                        <application>
                            <name>PPP</name>
                        </application>
                    </applications>
                    <preprocessing>
                        <step>
                            <type>JSONPATH</type>
                            <params>$.LastConnectionError</params>
                        </step>
                        <step>
                            <type>DISCARD_UNCHANGED_HEARTBEAT</type>
                            <params>43200</params>
                        </step>
                    </preprocessing>
                    <master_item>
                        <key>tr064tool[WANPPPConnection.GetInfo,{$BASE_URL},{$USER},{$PASSWORD}]</key>
                    </master_item>
                    <request_method>POST</request_method>
                    <triggers>
                        <trigger>
                            <expression>{str(&quot;ERROR_NONE&quot;)}=0</expression>
                            <name>PPP Last Connection Error Is Not None</name>
                            <priority>WARNING</priority>
                            <manual_close>YES</manual_close>
                        </trigger>
                    </triggers>
                </item>
                <item>
                    <name>MAC Address</name>
                    <type>DEPENDENT</type>
                    <key>WANPPPConnection.GetInfo.MACAddress</key>
                    <delay>0</delay>
                    <history>7d</history>
                    <trends>0</trends>
                    <value_type>TEXT</value_type>
                    <inventory_link>MACADDRESS_A</inventory_link>
                    <applications>
                        <application>
                            <name>PPP</name>
                        </application>
                    </applications>
                    <preprocessing>
                        <step>
                            <type>JSONPATH</type>
                            <params>$.MACAddress</params>
                        </step>
                        <step>
                            <type>DISCARD_UNCHANGED_HEARTBEAT</type>
                            <params>43200</params>
                        </step>
                    </preprocessing>
                    <master_item>
                        <key>tr064tool[WANPPPConnection.GetInfo,{$BASE_URL},{$USER},{$PASSWORD}]</key>
                    </master_item>
                    <request_method>POST</request_method>
                </item>
                <item>
                    <name>PPPoE Access Concentrator Name</name>
                    <type>DEPENDENT</type>
                    <key>WANPPPConnection.GetInfo.PPPoEACName</key>
                    <delay>0</delay>
                    <history>360d</history>
                    <trends>0</trends>
                    <value_type>TEXT</value_type>
                    <applications>
                        <application>
                            <name>PPP</name>
                        </application>
                    </applications>
                    <preprocessing>
                        <step>
                            <type>JSONPATH</type>
                            <params>$.PPPoEACName</params>
                        </step>
                        <step>
                            <type>DISCARD_UNCHANGED_HEARTBEAT</type>
                            <params>43200</params>
                        </step>
                    </preprocessing>
                    <master_item>
                        <key>tr064tool[WANPPPConnection.GetInfo,{$BASE_URL},{$USER},{$PASSWORD}]</key>
                    </master_item>
                    <request_method>POST</request_method>
                    <triggers>
                        <trigger>
                            <expression>{abschange()}=1</expression>
                            <name>PPPoE Access Concentrator Changed</name>
                            <priority>INFO</priority>
                            <tags>
                                <tag>
                                    <tag>single-event</tag>
                                </tag>
                            </tags>
                        </trigger>
                    </triggers>
                </item>
                <item>
                    <name>Uptime</name>
                    <type>DEPENDENT</type>
                    <key>WANPPPConnection.GetInfo.Uptime</key>
                    <delay>0</delay>
                    <history>30d</history>
                    <units>uptime</units>
                    <applications>
                        <application>
                            <name>PPP</name>
                        </application>
                    </applications>
                    <preprocessing>
                        <step>
                            <type>JSONPATH</type>
                            <params>$.Uptime</params>
                        </step>
                    </preprocessing>
                    <master_item>
                        <key>tr064tool[WANPPPConnection.GetInfo,{$BASE_URL},{$USER},{$PASSWORD}]</key>
                    </master_item>
                    <request_method>POST</request_method>
                </item>
                <item>
                    <name>UserName</name>
                    <type>DEPENDENT</type>
                    <key>WANPPPConnection.GetInfo.UserName</key>
                    <delay>0</delay>
                    <history>30d</history>
                    <trends>0</trends>
                    <value_type>TEXT</value_type>
                    <applications>
                        <application>
                            <name>PPP</name>
                        </application>
                    </applications>
                    <preprocessing>
                        <step>
                            <type>JSONPATH</type>
                            <params>$.UserName</params>
                        </step>
                        <step>
                            <type>DISCARD_UNCHANGED_HEARTBEAT</type>
                            <params>43200</params>
                        </step>
                    </preprocessing>
                    <master_item>
                        <key>tr064tool[WANPPPConnection.GetInfo,{$BASE_URL},{$USER},{$PASSWORD}]</key>
                    </master_item>
                    <request_method>POST</request_method>
                </item>
            </items>
            <macros>
                <macro>
                    <macro>{$BASE_URL}</macro>
                    <value>http://fritz.box:49000</value>
                </macro>
                <macro>
                    <macro>{$MIN_DOWNSTREAM}</macro>
                    <value>0</value>
                </macro>
                <macro>
                    <macro>{$MIN_UPSTREAM}</macro>
                    <value>0</value>
                </macro>
                <macro>
                    <macro>{$PASSWORD}</macro>
                    <type>SECRET_TEXT</type>
                </macro>
                <macro>
                    <macro>{$USER}</macro>
                </macro>
            </macros>
        </template>
    </templates>
    <triggers>
        <trigger>
            <expression>{Template AVM TR-064:DeviceInfo.GetInfo.SoftwareVersion.abschange()}=1 or {Template AVM TR-064:DeviceInfo.GetInfo.Description.abschange()}=1</expression>
            <name>Software Changed</name>
            <priority>INFO</priority>
            <tags>
                <tag>
                    <tag>single-event</tag>
                </tag>
            </tags>
        </trigger>
    </triggers>
    <graphs>
        <graph>
            <name>Attenuations Down vs Up</name>
            <ymin_type_1>FIXED</ymin_type_1>
            <graph_items>
                <graph_item>
                    <color>00BB00</color>
                    <item>
                        <host>Template AVM TR-064</host>
                        <key>WANDSLInterfaceConfig.GetInfo.DownstreamAttenuation</key>
                    </item>
                </graph_item>
                <graph_item>
                    <sortorder>1</sortorder>
                    <color>0000BB</color>
                    <item>
                        <host>Template AVM TR-064</host>
                        <key>WANDSLInterfaceConfig.GetInfo.UpstreamAttenuation</key>
                    </item>
                </graph_item>
            </graph_items>
        </graph>
        <graph>
            <name>Downstream: Maximum Bandwidth vs Noise Margin</name>
            <graph_items>
                <graph_item>
                    <drawtype>GRADIENT_LINE</drawtype>
                    <color>00EE00</color>
                    <item>
                        <host>Template AVM TR-064</host>
                        <key>WANDSLInterfaceConfig.GetInfo.DownstreamMaxRate</key>
                    </item>
                </graph_item>
                <graph_item>
                    <sortorder>1</sortorder>
                    <color>006600</color>
                    <yaxisside>RIGHT</yaxisside>
                    <item>
                        <host>Template AVM TR-064</host>
                        <key>WANDSLInterfaceConfig.GetInfo.DownstreamNoiseMargin</key>
                    </item>
                </graph_item>
            </graph_items>
        </graph>
        <graph>
            <name>Errors vs Packets Down</name>
            <type>STACKED</type>
            <graph_items>
                <graph_item>
                    <color>0000BB</color>
                    <yaxisside>RIGHT</yaxisside>
                    <item>
                        <host>Template AVM TR-064</host>
                        <key>WANDSLInterfaceConfig.GetStatisticsTotal.ReceiveBlocks</key>
                    </item>
                </graph_item>
                <graph_item>
                    <sortorder>1</sortorder>
                    <color>FF6666</color>
                    <item>
                        <host>Template AVM TR-064</host>
                        <key>WANDSLInterfaceConfig.GetStatisticsTotal.CRCErrors</key>
                    </item>
                </graph_item>
                <graph_item>
                    <sortorder>2</sortorder>
                    <color>00AA00</color>
                    <item>
                        <host>Template AVM TR-064</host>
                        <key>WANDSLInterfaceConfig.GetStatisticsTotal.FECErrors</key>
                    </item>
                </graph_item>
                <graph_item>
                    <sortorder>3</sortorder>
                    <color>FF33FF</color>
                    <item>
                        <host>Template AVM TR-064</host>
                        <key>WANDSLInterfaceConfig.GetStatisticsTotal.HECErrors</key>
                    </item>
                </graph_item>
            </graph_items>
        </graph>
        <graph>
            <name>SNR Down vs Up</name>
            <ymin_type_1>FIXED</ymin_type_1>
            <graph_items>
                <graph_item>
                    <color>2774A4</color>
                    <item>
                        <host>Template AVM TR-064</host>
                        <key>WANDSLInterfaceConfig.GetInfo.DownstreamNoiseMargin</key>
                    </item>
                </graph_item>
                <graph_item>
                    <sortorder>1</sortorder>
                    <color>00CC00</color>
                    <item>
                        <host>Template AVM TR-064</host>
                        <key>WANDSLInterfaceConfig.GetInfo.UpstreamNoiseMargin</key>
                    </item>
                </graph_item>
            </graph_items>
        </graph>
        <graph>
            <name>Upstream: Maximum Bandwidth vs Noise Margin</name>
            <graph_items>
                <graph_item>
                    <drawtype>GRADIENT_LINE</drawtype>
                    <color>EE0000</color>
                    <item>
                        <host>Template AVM TR-064</host>
                        <key>WANDSLInterfaceConfig.GetInfo.UpstreamMaxRate</key>
                    </item>
                </graph_item>
                <graph_item>
                    <sortorder>1</sortorder>
                    <color>660000</color>
                    <yaxisside>RIGHT</yaxisside>
                    <item>
                        <host>Template AVM TR-064</host>
                        <key>WANDSLInterfaceConfig.GetInfo.UpstreamNoiseMargin</key>
                    </item>
                </graph_item>
            </graph_items>
        </graph>
    </graphs>
    <value_maps>
        <value_map>
            <name>Boolean</name>
            <mappings>
                <mapping>
                    <value>0</value>
                    <newvalue>False</newvalue>
                </mapping>
                <mapping>
                    <value>1</value>
                    <newvalue>True</newvalue>
                </mapping>
            </mappings>
        </value_map>
    </value_maps>
</zabbix_export>
