<?xml version="1.0" encoding="UTF-8"?>
<zabbix_export>
    <version>3.2</version>
    <date>2017-01-30T21:39:45Z</date>
    <value_maps>
        <value_map>
            <name>Buffalo TeraStation iSCSI Status</name>
            <mappings>
                <mapping>
                    <value>-1</value>
                    <newvalue>Unkown</newvalue>
                </mapping>
                <mapping>
                    <value>1</value>
                    <newvalue>Connected</newvalue>
                </mapping>
                <mapping>
                    <value>2</value>
                    <newvalue>Standing By</newvalue>
                </mapping>
            </mappings>
        </value_map>
        <value_map>
            <name>Buffalo TeraStation NAS ArrayStatus</name>
            <mappings>
                <mapping>
                    <value>-1</value>
                    <newvalue>Not Supported</newvalue>
                </mapping>
                <mapping>
                    <value>1</value>
                    <newvalue>No RAID Configured</newvalue>
                </mapping>
                <mapping>
                    <value>2</value>
                    <newvalue>RAID 0</newvalue>
                </mapping>
                <mapping>
                    <value>3</value>
                    <newvalue>RAID 1</newvalue>
                </mapping>
                <mapping>
                    <value>4</value>
                    <newvalue>RAID 5</newvalue>
                </mapping>
                <mapping>
                    <value>5</value>
                    <newvalue>RAID 6</newvalue>
                </mapping>
                <mapping>
                    <value>6</value>
                    <newvalue>RAID 10</newvalue>
                </mapping>
                <mapping>
                    <value>7</value>
                    <newvalue>RAID 50</newvalue>
                </mapping>
                <mapping>
                    <value>8</value>
                    <newvalue>RAID 51</newvalue>
                </mapping>
                <mapping>
                    <value>9</value>
                    <newvalue>RAID 60</newvalue>
                </mapping>
                <mapping>
                    <value>10</value>
                    <newvalue>RAID 61</newvalue>
                </mapping>
            </mappings>
        </value_map>
        <value_map>
            <name>Buffalo TeraStation NAS Disk S.M.A.R.T. Status</name>
            <mappings>
                <mapping>
                    <value>-1</value>
                    <newvalue>Unknown</newvalue>
                </mapping>
                <mapping>
                    <value>1</value>
                    <newvalue>Normal</newvalue>
                </mapping>
                <mapping>
                    <value>2</value>
                    <newvalue>Caution</newvalue>
                </mapping>
                <mapping>
                    <value>3</value>
                    <newvalue>Failure</newvalue>
                </mapping>
            </mappings>
        </value_map>
        <value_map>
            <name>Buffalo TeraStation NAS Disk Status</name>
            <mappings>
                <mapping>
                    <value>-1</value>
                    <newvalue>Unknown</newvalue>
                </mapping>
                <mapping>
                    <value>1</value>
                    <newvalue>Normal</newvalue>
                </mapping>
                <mapping>
                    <value>2</value>
                    <newvalue>Member of Array 1</newvalue>
                </mapping>
                <mapping>
                    <value>3</value>
                    <newvalue>Member of Array 2</newvalue>
                </mapping>
                <mapping>
                    <value>4</value>
                    <newvalue>Hot Spare / Normal</newvalue>
                </mapping>
                <mapping>
                    <value>5</value>
                    <newvalue>Removed from Array</newvalue>
                </mapping>
                <mapping>
                    <value>6</value>
                    <newvalue>Dismounted / Plugged</newvalue>
                </mapping>
                <mapping>
                    <value>7</value>
                    <newvalue>Hot Spare / Dismounted</newvalue>
                </mapping>
                <mapping>
                    <value>8</value>
                    <newvalue>Failed</newvalue>
                </mapping>
                <mapping>
                    <value>9</value>
                    <newvalue>Unplugged</newvalue>
                </mapping>
                <mapping>
                    <value>10</value>
                    <newvalue>Member of Array 3</newvalue>
                </mapping>
                <mapping>
                    <value>11</value>
                    <newvalue>Member of Array 4</newvalue>
                </mapping>
                <mapping>
                    <value>12</value>
                    <newvalue>Media Cartridge</newvalue>
                </mapping>
                <mapping>
                    <value>13</value>
                    <newvalue>Member of Array 5</newvalue>
                </mapping>
                <mapping>
                    <value>14</value>
                    <newvalue>Member of Array 6</newvalue>
                </mapping>
            </mappings>
        </value_map>
        <value_map>
            <name>Buffalo TeraStation NAS Failover Role</name>
            <mappings>
                <mapping>
                    <value>1</value>
                    <newvalue>Standalone</newvalue>
                </mapping>
                <mapping>
                    <value>2</value>
                    <newvalue>Main</newvalue>
                </mapping>
                <mapping>
                    <value>4</value>
                    <newvalue>Alone Main</newvalue>
                </mapping>
                <mapping>
                    <value>8</value>
                    <newvalue>Backup</newvalue>
                </mapping>
                <mapping>
                    <value>16</value>
                    <newvalue>Alone Backup</newvalue>
                </mapping>
                <mapping>
                    <value>32</value>
                    <newvalue>Maintenance Main</newvalue>
                </mapping>
                <mapping>
                    <value>64</value>
                    <newvalue>Maintenance Backuo</newvalue>
                </mapping>
                <mapping>
                    <value>128</value>
                    <newvalue>EM Mode</newvalue>
                </mapping>
            </mappings>
        </value_map>
        <value_map>
            <name>Buffalo TeraStation NAS Failover Status</name>
            <mappings>
                <mapping>
                    <value>0</value>
                    <newvalue>Idle</newvalue>
                </mapping>
                <mapping>
                    <value>1</value>
                    <newvalue>Busy</newvalue>
                </mapping>
                <mapping>
                    <value>2</value>
                    <newvalue>Starting Main</newvalue>
                </mapping>
                <mapping>
                    <value>3</value>
                    <newvalue>Starting Backup</newvalue>
                </mapping>
                <mapping>
                    <value>4</value>
                    <newvalue>Initializing</newvalue>
                </mapping>
                <mapping>
                    <value>32</value>
                    <newvalue>Stopping</newvalue>
                </mapping>
            </mappings>
        </value_map>
        <value_map>
            <name>Buffalo TeraStation RPSU Status</name>
            <mappings>
                <mapping>
                    <value>-1</value>
                    <newvalue>Unkown</newvalue>
                </mapping>
                <mapping>
                    <value>1</value>
                    <newvalue>Fine</newvalue>
                </mapping>
                <mapping>
                    <value>2</value>
                    <newvalue>Broken</newvalue>
                </mapping>
            </mappings>
        </value_map>
        <value_map>
            <name>Buffalo TeraStation Update Availability</name>
            <mappings>
                <mapping>
                    <value>-1</value>
                    <newvalue>Unknown</newvalue>
                </mapping>
                <mapping>
                    <value>1</value>
                    <newvalue>Yes</newvalue>
                </mapping>
                <mapping>
                    <value>2</value>
                    <newvalue>No</newvalue>
                </mapping>
            </mappings>
        </value_map>
    </value_maps>
</zabbix_export>
