<?xml version="1.0" encoding="UTF-8"?>
<zabbix_export>
    <version>3.2</version>
    <date>2016-12-14T20:00:20Z</date>
    <value_maps>
        <value_map>
            <name>NETAPP aggrType</name>
            <mappings>
                <mapping>
                    <value>0</value>
                    <newvalue>unknown</newvalue>
                </mapping>
                <mapping>
                    <value>1</value>
                    <newvalue>traditional</newvalue>
                </mapping>
                <mapping>
                    <value>2</value>
                    <newvalue>aggregate</newvalue>
                </mapping>
                <mapping>
                    <value>3</value>
                    <newvalue>striped</newvalue>
                </mapping>
            </mappings>
        </value_map>
        <value_map>
            <name>NETAPP dfMirrorStatus</name>
            <mappings>
                <mapping>
                    <value>1</value>
                    <newvalue>invalid</newvalue>
                </mapping>
                <mapping>
                    <value>2</value>
                    <newvalue>uninitialized</newvalue>
                </mapping>
                <mapping>
                    <value>3</value>
                    <newvalue>needcpcheck</newvalue>
                </mapping>
                <mapping>
                    <value>4</value>
                    <newvalue>cpcheckwait</newvalue>
                </mapping>
                <mapping>
                    <value>5</value>
                    <newvalue>unmirrored</newvalue>
                </mapping>
                <mapping>
                    <value>6</value>
                    <newvalue>normal</newvalue>
                </mapping>
                <mapping>
                    <value>7</value>
                    <newvalue>degraded</newvalue>
                </mapping>
                <mapping>
                    <value>8</value>
                    <newvalue>resyncing</newvalue>
                </mapping>
                <mapping>
                    <value>9</value>
                    <newvalue>failed</newvalue>
                </mapping>
                <mapping>
                    <value>10</value>
                    <newvalue>limbo</newvalue>
                </mapping>
            </mappings>
        </value_map>
        <value_map>
            <name>NETAPP dfStatus</name>
            <mappings>
                <mapping>
                    <value>1</value>
                    <newvalue>unmounted</newvalue>
                </mapping>
                <mapping>
                    <value>2</value>
                    <newvalue>mounted</newvalue>
                </mapping>
                <mapping>
                    <value>3</value>
                    <newvalue>frozen</newvalue>
                </mapping>
                <mapping>
                    <value>4</value>
                    <newvalue>destroying</newvalue>
                </mapping>
                <mapping>
                    <value>5</value>
                    <newvalue>creating</newvalue>
                </mapping>
                <mapping>
                    <value>6</value>
                    <newvalue>mounting</newvalue>
                </mapping>
                <mapping>
                    <value>7</value>
                    <newvalue>unmounting</newvalue>
                </mapping>
                <mapping>
                    <value>8</value>
                    <newvalue>nofsinfo</newvalue>
                </mapping>
                <mapping>
                    <value>9</value>
                    <newvalue>replaying</newvalue>
                </mapping>
                <mapping>
                    <value>10</value>
                    <newvalue>replayed</newvalue>
                </mapping>
            </mappings>
        </value_map>
        <value_map>
            <name>NETAPP haCannotTakeoverCause</name>
            <mappings>
                <mapping>
                    <value>1</value>
                    <newvalue>ok</newvalue>
                </mapping>
                <mapping>
                    <value>2</value>
                    <newvalue>unknownReason</newvalue>
                </mapping>
                <mapping>
                    <value>3</value>
                    <newvalue>disabledByOperator</newvalue>
                </mapping>
                <mapping>
                    <value>4</value>
                    <newvalue>interconnectOffline</newvalue>
                </mapping>
                <mapping>
                    <value>5</value>
                    <newvalue>disabledByPartner</newvalue>
                </mapping>
                <mapping>
                    <value>6</value>
                    <newvalue>takeoverFailed</newvalue>
                </mapping>
                <mapping>
                    <value>7</value>
                    <newvalue>mailboxIsInDegradedState</newvalue>
                </mapping>
                <mapping>
                    <value>8</value>
                    <newvalue>partnermailboxIsInUninitialisedState</newvalue>
                </mapping>
                <mapping>
                    <value>9</value>
                    <newvalue>mailboxVersionMismatch</newvalue>
                </mapping>
                <mapping>
                    <value>10</value>
                    <newvalue>nvramSizeMismatch</newvalue>
                </mapping>
                <mapping>
                    <value>11</value>
                    <newvalue>kernelVersionMismatch</newvalue>
                </mapping>
                <mapping>
                    <value>12</value>
                    <newvalue>partnerIsInBootingStage</newvalue>
                </mapping>
                <mapping>
                    <value>13</value>
                    <newvalue>diskshelfIsTooHot</newvalue>
                </mapping>
                <mapping>
                    <value>14</value>
                    <newvalue>partnerIsPerformingRevert</newvalue>
                </mapping>
                <mapping>
                    <value>15</value>
                    <newvalue>nodeIsPerformingRevert</newvalue>
                </mapping>
                <mapping>
                    <value>16</value>
                    <newvalue>sametimePartnerIsAlsoTryingToTakeUsOver</newvalue>
                </mapping>
                <mapping>
                    <value>17</value>
                    <newvalue>alreadyInTakenoverMode</newvalue>
                </mapping>
                <mapping>
                    <value>18</value>
                    <newvalue>nvramLogUnsynchronized</newvalue>
                </mapping>
                <mapping>
                    <value>19</value>
                    <newvalue>stateofBackupMailboxIsDoubtful</newvalue>
                </mapping>
            </mappings>
        </value_map>
        <value_map>
            <name>NETAPP haInterconnectStatus</name>
            <mappings>
                <mapping>
                    <value>1</value>
                    <newvalue>notPresent</newvalue>
                </mapping>
                <mapping>
                    <value>2</value>
                    <newvalue>down</newvalue>
                </mapping>
                <mapping>
                    <value>3</value>
                    <newvalue>partialFailure</newvalue>
                </mapping>
                <mapping>
                    <value>4</value>
                    <newvalue>up</newvalue>
                </mapping>
            </mappings>
        </value_map>
        <value_map>
            <name>NETAPP  haPartnerStatus</name>
            <mappings>
                <mapping>
                    <value>1</value>
                    <newvalue>maybeDown</newvalue>
                </mapping>
                <mapping>
                    <value>2</value>
                    <newvalue>ok</newvalue>
                </mapping>
                <mapping>
                    <value>3</value>
                    <newvalue>dead</newvalue>
                </mapping>
            </mappings>
        </value_map>
        <value_map>
            <name>NETAPP haSettings</name>
            <mappings>
                <mapping>
                    <value>1</value>
                    <newvalue>notConfigured</newvalue>
                </mapping>
                <mapping>
                    <value>2</value>
                    <newvalue>enabled</newvalue>
                </mapping>
                <mapping>
                    <value>3</value>
                    <newvalue>disabled</newvalue>
                </mapping>
                <mapping>
                    <value>4</value>
                    <newvalue>takeoverByPartnerDisabled</newvalue>
                </mapping>
                <mapping>
                    <value>5</value>
                    <newvalue>thisNodeDead</newvalue>
                </mapping>
            </mappings>
        </value_map>
        <value_map>
            <name>NETAPP haState</name>
            <mappings>
                <mapping>
                    <value>1</value>
                    <newvalue>dead</newvalue>
                </mapping>
                <mapping>
                    <value>2</value>
                    <newvalue>canTakeover</newvalue>
                </mapping>
                <mapping>
                    <value>3</value>
                    <newvalue>cannotTakeover</newvalue>
                </mapping>
                <mapping>
                    <value>4</value>
                    <newvalue>takeover</newvalue>
                </mapping>
                <mapping>
                    <value>5</value>
                    <newvalue>partialGiveback</newvalue>
                </mapping>
            </mappings>
        </value_map>
        <value_map>
            <name>NETAPP logicalInterfaceIsHome</name>
            <mappings>
                <mapping>
                    <value>0</value>
                    <newvalue>false</newvalue>
                </mapping>
                <mapping>
                    <value>1</value>
                    <newvalue>true</newvalue>
                </mapping>
            </mappings>
        </value_map>
        <value_map>
            <name>NETAPP volSpaceGuarantee</name>
            <mappings>
                <mapping>
                    <value>0</value>
                    <newvalue>none</newvalue>
                </mapping>
                <mapping>
                    <value>1</value>
                    <newvalue>file</newvalue>
                </mapping>
                <mapping>
                    <value>2</value>
                    <newvalue>volume</newvalue>
                </mapping>
            </mappings>
        </value_map>
        <value_map>
            <name>NETAPP volSpaceGuaranteeEnabled</name>
            <mappings>
                <mapping>
                    <value>1</value>
                    <newvalue>true</newvalue>
                </mapping>
                <mapping>
                    <value>2</value>
                    <newvalue>false</newvalue>
                </mapping>
            </mappings>
        </value_map>
        <value_map>
            <name>NETAPP volType</name>
            <mappings>
                <mapping>
                    <value>1</value>
                    <newvalue>traditional</newvalue>
                </mapping>
                <mapping>
                    <value>2</value>
                    <newvalue>flexible</newvalue>
                </mapping>
                <mapping>
                    <value>3</value>
                    <newvalue>striped</newvalue>
                </mapping>
                <mapping>
                    <value>4</value>
                    <newvalue>asis</newvalue>
                </mapping>
                <mapping>
                    <value>5</value>
                    <newvalue>snaplock</newvalue>
                </mapping>
            </mappings>
        </value_map>
    </value_maps>
</zabbix_export>
