<?xml version="1.0" encoding="UTF-8"?>
<zabbix_export>
    <version>3.4</version>
    <date>2019-02-19T08:55:09Z</date>
    <groups>
        <group>
            <name>Templates</name>
        </group>
    </groups>
    <templates>
        <template>
            <template>Template Bareos</template>
            <name>Template Bareos</name>
            <description/>
            <groups>
                <group>
                    <name>Templates</name>
                </group>
            </groups>
            <applications>
                <application>
                    <name>Bareos :: App</name>
                </application>
                <application>
                    <name>Bareos :: Jobs</name>
                </application>
                <application>
                    <name>nodata</name>
                </application>
            </applications>
            <items>
                <item>
                    <name>Bareos director time</name>
                    <type>0</type>
                    <snmp_community/>
                    <snmp_oid/>
                    <key>bareos.job[get_time]</key>
                    <delay>5m</delay>
                    <history>90d</history>
                    <trends>365d</trends>
                    <status>0</status>
                    <value_type>3</value_type>
                    <allowed_hosts/>
                    <units>unixtime</units>
                    <snmpv3_contextname/>
                    <snmpv3_securityname/>
                    <snmpv3_securitylevel>0</snmpv3_securitylevel>
                    <snmpv3_authprotocol>0</snmpv3_authprotocol>
                    <snmpv3_authpassphrase/>
                    <snmpv3_privprotocol>0</snmpv3_privprotocol>
                    <snmpv3_privpassphrase/>
                    <params/>
                    <ipmi_sensor/>
                    <authtype>0</authtype>
                    <username/>
                    <password/>
                    <publickey/>
                    <privatekey/>
                    <port/>
                    <description/>
                    <inventory_link>0</inventory_link>
                    <applications>
                        <application>
                            <name>Bareos :: App</name>
                        </application>
                    </applications>
                    <valuemap/>
                    <logtimefmt/>
                    <preprocessing/>
                    <jmx_endpoint/>
                    <master_item/>
                </item>
                <item>
                    <name>Bareos total jobs</name>
                    <type>0</type>
                    <snmp_community/>
                    <snmp_oid/>
                    <key>bareos.job[get_total_jobs]</key>
                    <delay>5m</delay>
                    <history>90d</history>
                    <trends>365d</trends>
                    <status>0</status>
                    <value_type>3</value_type>
                    <allowed_hosts/>
                    <units/>
                    <snmpv3_contextname/>
                    <snmpv3_securityname/>
                    <snmpv3_securitylevel>0</snmpv3_securitylevel>
                    <snmpv3_authprotocol>0</snmpv3_authprotocol>
                    <snmpv3_authpassphrase/>
                    <snmpv3_privprotocol>0</snmpv3_privprotocol>
                    <snmpv3_privpassphrase/>
                    <params/>
                    <ipmi_sensor/>
                    <authtype>0</authtype>
                    <username/>
                    <password/>
                    <publickey/>
                    <privatekey/>
                    <port/>
                    <description/>
                    <inventory_link>0</inventory_link>
                    <applications>
                        <application>
                            <name>Bareos :: Jobs</name>
                        </application>
                    </applications>
                    <valuemap/>
                    <logtimefmt/>
                    <preprocessing/>
                    <jmx_endpoint/>
                    <master_item/>
                </item>
                <item>
                    <name>Number of bareos-dir processes</name>
                    <type>0</type>
                    <snmp_community/>
                    <snmp_oid/>
                    <key>proc.num[bareos-dir]</key>
                    <delay>5m</delay>
                    <history>90d</history>
                    <trends>365d</trends>
                    <status>0</status>
                    <value_type>3</value_type>
                    <allowed_hosts/>
                    <units/>
                    <snmpv3_contextname/>
                    <snmpv3_securityname/>
                    <snmpv3_securitylevel>0</snmpv3_securitylevel>
                    <snmpv3_authprotocol>0</snmpv3_authprotocol>
                    <snmpv3_authpassphrase/>
                    <snmpv3_privprotocol>0</snmpv3_privprotocol>
                    <snmpv3_privpassphrase/>
                    <params/>
                    <ipmi_sensor/>
                    <authtype>0</authtype>
                    <username/>
                    <password/>
                    <publickey/>
                    <privatekey/>
                    <port/>
                    <description>Number of running bareos-dir processes</description>
                    <inventory_link>0</inventory_link>
                    <applications>
                        <application>
                            <name>Bareos :: App</name>
                        </application>
                    </applications>
                    <valuemap/>
                    <logtimefmt/>
                    <preprocessing/>
                    <jmx_endpoint/>
                    <master_item/>
                </item>
            </items>
            <discovery_rules>
                <discovery_rule>
                    <name>Bareos jobs discovery</name>
                    <type>0</type>
                    <snmp_community/>
                    <snmp_oid/>
                    <key>bareos.discovery</key>
                    <delay>1h</delay>
                    <status>0</status>
                    <allowed_hosts/>
                    <snmpv3_contextname/>
                    <snmpv3_securityname/>
                    <snmpv3_securitylevel>0</snmpv3_securitylevel>
                    <snmpv3_authprotocol>0</snmpv3_authprotocol>
                    <snmpv3_authpassphrase/>
                    <snmpv3_privprotocol>0</snmpv3_privprotocol>
                    <snmpv3_privpassphrase/>
                    <params/>
                    <ipmi_sensor/>
                    <authtype>0</authtype>
                    <username/>
                    <password/>
                    <publickey/>
                    <privatekey/>
                    <port/>
                    <filter>
                        <evaltype>0</evaltype>
                        <formula/>
                        <conditions>
                            <condition>
                                <macro>{#ENABLED}</macro>
                                <value>True</value>
                                <operator>8</operator>
                                <formulaid>A</formulaid>
                            </condition>
                            <condition>
                                <macro>{#TYPE}</macro>
                                <value>Backup</value>
                                <operator>8</operator>
                                <formulaid>B</formulaid>
                            </condition>
                        </conditions>
                    </filter>
                    <lifetime>30d</lifetime>
                    <description/>
                    <item_prototypes>
                        <item_prototype>
                            <name>Job {#NAME} estimate size</name>
                            <type>0</type>
                            <snmp_community/>
                            <snmp_oid/>
                            <key>bareos.job[get_job_estimate,&quot;{#NAME}&quot;]</key>
                            <delay>30m</delay>
                            <history>90d</history>
                            <trends>365d</trends>
                            <status>0</status>
                            <value_type>3</value_type>
                            <allowed_hosts/>
                            <units>Bytes</units>
                            <snmpv3_contextname/>
                            <snmpv3_securityname/>
                            <snmpv3_securitylevel>0</snmpv3_securitylevel>
                            <snmpv3_authprotocol>0</snmpv3_authprotocol>
                            <snmpv3_authpassphrase/>
                            <snmpv3_privprotocol>0</snmpv3_privprotocol>
                            <snmpv3_privpassphrase/>
                            <params/>
                            <ipmi_sensor/>
                            <authtype>0</authtype>
                            <username/>
                            <password/>
                            <publickey/>
                            <privatekey/>
                            <port/>
                            <description/>
                            <inventory_link>0</inventory_link>
                            <applications>
                                <application>
                                    <name>Bareos :: Jobs</name>
                                </application>
                            </applications>
                            <valuemap/>
                            <logtimefmt/>
                            <preprocessing/>
                            <jmx_endpoint/>
                            <application_prototypes/>
                            <master_item_prototype/>
                        </item_prototype>
                        <item_prototype>
                            <name>Job {#NAME} latest size</name>
                            <type>0</type>
                            <snmp_community/>
                            <snmp_oid/>
                            <key>bareos.job[last_size,&quot;{#NAME}&quot;]</key>
                            <delay>30m</delay>
                            <history>90d</history>
                            <trends>365d</trends>
                            <status>0</status>
                            <value_type>3</value_type>
                            <allowed_hosts/>
                            <units>Bytes</units>
                            <snmpv3_contextname/>
                            <snmpv3_securityname/>
                            <snmpv3_securitylevel>0</snmpv3_securitylevel>
                            <snmpv3_authprotocol>0</snmpv3_authprotocol>
                            <snmpv3_authpassphrase/>
                            <snmpv3_privprotocol>0</snmpv3_privprotocol>
                            <snmpv3_privpassphrase/>
                            <params/>
                            <ipmi_sensor/>
                            <authtype>0</authtype>
                            <username/>
                            <password/>
                            <publickey/>
                            <privatekey/>
                            <port/>
                            <description/>
                            <inventory_link>0</inventory_link>
                            <applications>
                                <application>
                                    <name>Bareos :: Jobs</name>
                                </application>
                            </applications>
                            <valuemap/>
                            <logtimefmt/>
                            <preprocessing/>
                            <jmx_endpoint/>
                            <application_prototypes/>
                            <master_item_prototype/>
                        </item_prototype>
                        <item_prototype>
                            <name>Job {#NAME} latest status</name>
                            <type>0</type>
                            <snmp_community/>
                            <snmp_oid/>
                            <key>bareos.job[last_status,&quot;{#NAME}&quot;]</key>
                            <delay>30m</delay>
                            <history>90d</history>
                            <trends>0</trends>
                            <status>0</status>
                            <value_type>1</value_type>
                            <allowed_hosts/>
                            <units/>
                            <snmpv3_contextname/>
                            <snmpv3_securityname/>
                            <snmpv3_securitylevel>0</snmpv3_securitylevel>
                            <snmpv3_authprotocol>0</snmpv3_authprotocol>
                            <snmpv3_authpassphrase/>
                            <snmpv3_privprotocol>0</snmpv3_privprotocol>
                            <snmpv3_privpassphrase/>
                            <params/>
                            <ipmi_sensor/>
                            <authtype>0</authtype>
                            <username/>
                            <password/>
                            <publickey/>
                            <privatekey/>
                            <port/>
                            <description/>
                            <inventory_link>0</inventory_link>
                            <applications>
                                <application>
                                    <name>Bareos :: Jobs</name>
                                </application>
                            </applications>
                            <valuemap>
                                <name>Bareos job status</name>
                            </valuemap>
                            <logtimefmt/>
                            <preprocessing/>
                            <jmx_endpoint/>
                            <application_prototypes/>
                            <master_item_prototype/>
                        </item_prototype>
                    </item_prototypes>
                    <trigger_prototypes>
                        <trigger_prototype>
                            <expression>{Template Bareos:bareos.job[last_status,&quot;{#NAME}&quot;].regexp(^[WRTCt]$,#1)}=0</expression>
                            <recovery_mode>0</recovery_mode>
                            <recovery_expression/>
                            <name>Last job {#NAME} has unusual status</name>
                            <correlation_mode>0</correlation_mode>
                            <correlation_tag/>
                            <url/>
                            <status>0</status>
                            <priority>4</priority>
                            <description>R - Running&#13;
T - Terminated normally&#13;
C - Created but not yet running&#13;
t - Waiting for Start Time&#13;
W - warning</description>
                            <type>0</type>
                            <manual_close>1</manual_close>
                            <dependencies>
                                <dependency>
                                    <name>Can't fetch data from bareos-dir</name>
                                    <expression>{Template Bareos:bareos.job[get_time].nodata(600)}=1</expression>
                                    <recovery_expression/>
                                </dependency>
                            </dependencies>
                            <tags/>
                        </trigger_prototype>
                        <trigger_prototype>
                            <expression>{Template Bareos:bareos.job[last_status,&quot;{#NAME}&quot;].regexp(^W$,#1)}=1</expression>
                            <recovery_mode>0</recovery_mode>
                            <recovery_expression/>
                            <name>Last job {#NAME} has warning status</name>
                            <correlation_mode>0</correlation_mode>
                            <correlation_tag/>
                            <url/>
                            <status>0</status>
                            <priority>2</priority>
                            <description>R - Running&#13;
T - Terminated normally&#13;
C - Created but not yet running&#13;
t - Waiting for Start Time&#13;
W - warning</description>
                            <type>0</type>
                            <manual_close>1</manual_close>
                            <dependencies>
                                <dependency>
                                    <name>Can't fetch data from bareos-dir</name>
                                    <expression>{Template Bareos:bareos.job[get_time].nodata(600)}=1</expression>
                                    <recovery_expression/>
                                </dependency>
                            </dependencies>
                            <tags/>
                        </trigger_prototype>
                    </trigger_prototypes>
                    <graph_prototypes/>
                    <host_prototypes/>
                    <jmx_endpoint/>
                </discovery_rule>
            </discovery_rules>
            <httptests/>
            <macros/>
            <templates/>
            <screens/>
        </template>
    </templates>
    <triggers>
        <trigger>
            <expression>{Template Bareos:proc.num[bareos-dir].last()}&lt;1 or {Template Bareos:proc.num[bareos-dir].last()}&gt;3</expression>
            <recovery_mode>0</recovery_mode>
            <recovery_expression/>
            <name>Anomaly of bareos-dir process number</name>
            <correlation_mode>0</correlation_mode>
            <correlation_tag/>
            <url/>
            <status>0</status>
            <priority>4</priority>
            <description/>
            <type>0</type>
            <manual_close>0</manual_close>
            <dependencies/>
            <tags/>
        </trigger>
        <trigger>
            <expression>{Template Bareos:bareos.job[get_time].nodata(600)}=1</expression>
            <recovery_mode>0</recovery_mode>
            <recovery_expression/>
            <name>Can't fetch data from bareos-dir</name>
            <correlation_mode>0</correlation_mode>
            <correlation_tag/>
            <url/>
            <status>0</status>
            <priority>4</priority>
            <description>Raise alarm if zabbix couldn't fetch data from bareos-dir more than 10m</description>
            <type>0</type>
            <manual_close>0</manual_close>
            <dependencies/>
            <tags/>
        </trigger>
        <trigger>
            <expression>{Template Bareos:bareos.job[get_total_jobs].last()}=0 or {Template Bareos:bareos.job[get_total_jobs].nodata(600)}=1</expression>
            <recovery_mode>0</recovery_mode>
            <recovery_expression/>
            <name>Can't fetch data from bareos DB</name>
            <correlation_mode>0</correlation_mode>
            <correlation_tag/>
            <url/>
            <status>0</status>
            <priority>4</priority>
            <description>Raise alarm if zabbix couldn't fetch data via bareos sql query</description>
            <type>0</type>
            <manual_close>0</manual_close>
            <dependencies/>
            <tags/>
        </trigger>
    </triggers>
    <value_maps>
        <value_map>
            <name>Bareos job status</name>
            <mappings>
                <mapping>
                    <value>A</value>
                    <newvalue>Canceled by the user</newvalue>
                </mapping>
                <mapping>
                    <value>B</value>
                    <newvalue>Blocked</newvalue>
                </mapping>
                <mapping>
                    <value>c</value>
                    <newvalue>Waiting for Client resource</newvalue>
                </mapping>
                <mapping>
                    <value>C</value>
                    <newvalue>Created but not yet running</newvalue>
                </mapping>
                <mapping>
                    <value>D</value>
                    <newvalue>Verify Differences</newvalue>
                </mapping>
                <mapping>
                    <value>d</value>
                    <newvalue>Wating for Maximum jobs</newvalue>
                </mapping>
                <mapping>
                    <value>E</value>
                    <newvalue>Terminated in Error</newvalue>
                </mapping>
                <mapping>
                    <value>e</value>
                    <newvalue>Non-fatal error</newvalue>
                </mapping>
                <mapping>
                    <value>F</value>
                    <newvalue>Waiting on the File daemon</newvalue>
                </mapping>
                <mapping>
                    <value>f</value>
                    <newvalue>Fatal error</newvalue>
                </mapping>
                <mapping>
                    <value>j</value>
                    <newvalue>Waiting for Job resource</newvalue>
                </mapping>
                <mapping>
                    <value>m</value>
                    <newvalue>Waiting for a new Volume to be mounted</newvalue>
                </mapping>
                <mapping>
                    <value>M</value>
                    <newvalue>Waiting for a Mount</newvalue>
                </mapping>
                <mapping>
                    <value>p</value>
                    <newvalue>aiting for higher priority job to finish</newvalue>
                </mapping>
                <mapping>
                    <value>R</value>
                    <newvalue>Running</newvalue>
                </mapping>
                <mapping>
                    <value>S</value>
                    <newvalue>Waiting on the Storage daemon</newvalue>
                </mapping>
                <mapping>
                    <value>s</value>
                    <newvalue>Waiting for Storage resource</newvalue>
                </mapping>
                <mapping>
                    <value>t</value>
                    <newvalue>Waiting for Start Time</newvalue>
                </mapping>
                <mapping>
                    <value>T</value>
                    <newvalue>Terminated normally</newvalue>
                </mapping>
                <mapping>
                    <value>W</value>
                    <newvalue>Warning</newvalue>
                </mapping>
            </mappings>
        </value_map>
    </value_maps>
</zabbix_export>
