<?xml version="1.0" encoding="UTF-8"?>
<zabbix_export>
    <version>3.0</version>
    <date>2016-09-02T12:47:58Z</date>
    <value_maps>
        <value_map>
            <name>Eaton xUPS Battery Status</name>
            <mappings>
                <mapping>
                    <value>1</value>
                    <newvalue>batteryCharging</newvalue>
                </mapping>
                <mapping>
                    <value>2</value>
                    <newvalue>batteryDischarging</newvalue>
                </mapping>
                <mapping>
                    <value>3</value>
                    <newvalue>batteryFloating</newvalue>
                </mapping>
                <mapping>
                    <value>4</value>
                    <newvalue>batteryResting</newvalue>
                </mapping>
                <mapping>
                    <value>5</value>
                    <newvalue>unknown</newvalue>
                </mapping>
            </mappings>
        </value_map>
		
		<value_map>
            <name>Eaton xUPS Battery Test Status</name>
            <mappings>
                <mapping>
                    <value>1</value>
                    <newvalue>unknown</newvalue>
                </mapping>
                <mapping>
                    <value>2</value>
                    <newvalue>passed</newvalue>
                </mapping>
                <mapping>
                    <value>3</value>
                    <newvalue>failed</newvalue>
                </mapping>
                <mapping>
                    <value>4</value>
                    <newvalue>inProgress</newvalue>
                </mapping>
                <mapping>
                    <value>5</value>
                    <newvalue>notSupported</newvalue>
                </mapping>
                <mapping>
                    <value>6</value>
                    <newvalue>inhibited</newvalue>
                </mapping>
                <mapping>
                    <value>7</value>
                    <newvalue>scheduled</newvalue>
                </mapping>
            </mappings>
        </value_map>

		<value_map>
            <name>Eaton xUPS Input Source</name>
            <mappings>
                <mapping>
                    <value>1</value>
                    <newvalue>other</newvalue>
                </mapping>
                <mapping>
                    <value>2</value>
                    <newvalue>none</newvalue>
                </mapping>
                <mapping>
                    <value>3</value>
                    <newvalue>primaryUtility</newvalue>
                </mapping>
                <mapping>
                    <value>4</value>
                    <newvalue>bypassFeed</newvalue>
                </mapping>
                <mapping>
                    <value>5</value>
                    <newvalue>secondaryUtility</newvalue>
                </mapping>
                <mapping>
                    <value>6</value>
                    <newvalue>generator</newvalue>
                </mapping>
                <mapping>
                    <value>7</value>
                    <newvalue>flywheel</newvalue>
                </mapping>
                <mapping>
                    <value>8</value>
                    <newvalue>fuelcell</newvalue>
                </mapping>
            </mappings>
        </value_map>

        <value_map>
            <name>Eaton xUPS Output Source</name>
            <mappings>
                <mapping>
                    <value>1</value>
                    <newvalue>other</newvalue>
                </mapping>
                <mapping>
                    <value>2</value>
                    <newvalue>none</newvalue>
                </mapping>
                <mapping>
                    <value>3</value>
                    <newvalue>normal</newvalue>
                </mapping>
                <mapping>
                    <value>4</value>
                    <newvalue>bypass</newvalue>
                </mapping>
                <mapping>
                    <value>5</value>
                    <newvalue>battery</newvalue>
                </mapping>
				<mapping>
                    <value>6</value>
                    <newvalue>booster</newvalue>
                </mapping>
                <mapping>
                    <value>7</value>
                    <newvalue>reducer</newvalue>
                </mapping>
                <mapping>
                    <value>8</value>
                    <newvalue>parallelCapacity</newvalue>
                </mapping>
                <mapping>
                    <value>9</value>
                    <newvalue>parallelRedundant</newvalue>
                </mapping>
                <mapping>
                    <value>10</value>
                    <newvalue>highEfficiencyMode</newvalue>
                </mapping>
            </mappings>
        </value_map>
		
    </value_maps>
</zabbix_export>
