<?xml version="1.0" encoding="UTF-8"?>
<zabbix_export version="1.0" date="29.07.11" time="10.27">
	<hosts>
		<host name="Template_barco">
			<proxy_hostid>0</proxy_hostid>
			<useip>1</useip>
			<dns></dns>
			<ip>127.0.0.1</ip>
			<port>10050</port>
			<status>3</status>
			<useipmi>0</useipmi>
			<ipmi_ip>127.0.0.1</ipmi_ip>
			<ipmi_port>623</ipmi_port>
			<ipmi_authtype>0</ipmi_authtype>
			<ipmi_privilege>2</ipmi_privilege>
			<ipmi_username></ipmi_username>
			<ipmi_password></ipmi_password>
			<groups>
				<group>Templates</group>
			</groups>
			<triggers/>
			<items/>
			<templates/>
			<graphs/>
			<macros/>
		</host>
		<host name="Template_Powerware9390">
			<proxy_hostid>0</proxy_hostid>
			<useip>1</useip>
			<dns></dns>
			<ip>127.0.0.1</ip>
			<port>10050</port>
			<status>3</status>
			<useipmi>0</useipmi>
			<ipmi_ip>127.0.0.1</ipmi_ip>
			<ipmi_port>623</ipmi_port>
			<ipmi_authtype>0</ipmi_authtype>
			<ipmi_privilege>2</ipmi_privilege>
			<ipmi_username></ipmi_username>
			<ipmi_password></ipmi_password>
			<groups>
				<group>Templates</group>
			</groups>
			<triggers>
				<trigger>
					<description>{HOSTNAME} is unreachable</description>
					<type>0</type>
					<expression>{Template_Powerware9390:icmpping.max(300)}#1</expression>
					<url></url>
					<status>0</status>
					<priority>4</priority>
					<comments></comments>
				</trigger>
				<trigger>
					<description>"Alarm" on {HOSTNAME}</description>
					<type>0</type>
					<expression>{Template_Powerware9390:xupsAlarms.last(0)}#0</expression>
					<url></url>
					<status>1</status>
					<priority>4</priority>
					<comments></comments>
				</trigger>
				<trigger>
					<description>Relative Humidity in UPS room is not normal</description>
					<type>0</type>
					<expression>{Template_Powerware9390:xupsEnvRemoteHumidity.last(0)}&gt;75</expression>
					<url></url>
					<status>0</status>
					<priority>4</priority>
					<comments></comments>
				</trigger>
				<trigger>
					<description>Temperature in UPS room is not normal</description>
					<type>0</type>
					<expression>{Template_Powerware9390:xupsEnvRemoteTemp.last(0)}&gt;26</expression>
					<url></url>
					<status>0</status>
					<priority>4</priority>
					<comments></comments>
				</trigger>
				<trigger>
					<description>{HOSTNAME} input source Failure</description>
					<type>0</type>
					<expression>{Template_Powerware9390:xupsInputSource.last(0)}&lt;3</expression>
					<url></url>
					<status>0</status>
					<priority>4</priority>
					<comments></comments>
				</trigger>
				<trigger>
					<description>{HOSTNAME} is on Bypass</description>
					<type>0</type>
					<expression>{Template_Powerware9390:xupsInputSource.last(0)}=4</expression>
					<url></url>
					<status>0</status>
					<priority>3</priority>
					<comments></comments>
				</trigger>
				<trigger>
					<description>{HOSTNAME} is on automatic Bypass</description>
					<type>0</type>
					<expression>{Template_Powerware9390:xupsOutputSource.last(0)}=4</expression>
					<url></url>
					<status>0</status>
					<priority>2</priority>
					<comments></comments>
				</trigger>
				<trigger>
					<description>{HOSTNAME} on Battery</description>
					<type>0</type>
					<expression>{Template_Powerware9390:xupsOutputSource.last(0)}=5</expression>
					<url></url>
					<status>0</status>
					<priority>3</priority>
					<comments></comments>
				</trigger>
				<trigger>
					<description>{HOSTNAME} on manual Bypass</description>
					<type>0</type>
					<expression>{Template_Powerware9390:xupsOutputSource.last(0)}=11</expression>
					<url></url>
					<status>0</status>
					<priority>2</priority>
					<comments></comments>
				</trigger>
				<trigger>
					<description>{HOSTNAME} Check UPS Status!</description>
					<type>0</type>
					<expression>{Template_Powerware9390:xupsOutputSource.last(0)}&lt;4</expression>
					<url></url>
					<status>0</status>
					<priority>2</priority>
					<comments></comments>
				</trigger>
				<trigger>
					<description>{HOSTNAME} battery test Failed!</description>
					<type>0</type>
					<expression>{Template_Powerware9390:xupsTestBatteryStatus.last(0)}=3</expression>
					<url></url>
					<status>0</status>
					<priority>4</priority>
					<comments></comments>
				</trigger>
			</triggers>
			<items>
				<item type="1" key="batcur" value_type="0">
					<description>Батарея. Ток</description>
					<ipmi_sensor></ipmi_sensor>
					<delay>30</delay>
					<history>14</history>
					<trends>30</trends>
					<status>0</status>
					<data_type>0</data_type>
					<units>A</units>
					<multiplier>0</multiplier>
					<delta>0</delta>
					<formula>1</formula>
					<lastlogsize>0</lastlogsize>
					<logtimefmt></logtimefmt>
					<delay_flex></delay_flex>
					<authtype>0</authtype>
					<username></username>
					<password></password>
					<publickey></publickey>
					<privatekey></privatekey>
					<params></params>
					<trapper_hosts></trapper_hosts>
					<snmp_community>public</snmp_community>
					<snmp_oid>1.3.6.1.4.1.534.1.2.3.0</snmp_oid>
					<snmp_port>161</snmp_port>
					<snmpv3_securityname></snmpv3_securityname>
					<snmpv3_securitylevel>0</snmpv3_securitylevel>
					<snmpv3_authpassphrase></snmpv3_authpassphrase>
					<snmpv3_privpassphrase></snmpv3_privpassphrase>
					<applications>
						<application>Батарея</application>
					</applications>
				</item>
				<item type="3" key="icmpping" value_type="3">
					<description>ICMP Ping</description>
					<ipmi_sensor></ipmi_sensor>
					<delay>30</delay>
					<history>14</history>
					<trends>30</trends>
					<status>0</status>
					<data_type>0</data_type>
					<units></units>
					<multiplier>0</multiplier>
					<delta>0</delta>
					<formula>1</formula>
					<lastlogsize>0</lastlogsize>
					<logtimefmt></logtimefmt>
					<delay_flex></delay_flex>
					<authtype>0</authtype>
					<username></username>
					<password></password>
					<publickey></publickey>
					<privatekey></privatekey>
					<params></params>
					<trapper_hosts></trapper_hosts>
					<snmp_community>public</snmp_community>
					<snmp_oid>interfaces.ifTable.ifEntry.ifInOctets.1</snmp_oid>
					<snmp_port>161</snmp_port>
					<snmpv3_securityname></snmpv3_securityname>
					<snmpv3_securitylevel>0</snmpv3_securitylevel>
					<snmpv3_authpassphrase></snmpv3_authpassphrase>
					<snmpv3_privpassphrase></snmpv3_privpassphrase>
					<applications>
						<application>Состояние ИБП</application>
					</applications>
				</item>
				<item type="1" key="xupsAlarms" value_type="3">
					<description>Кол-во состояний типа "Тревога"</description>
					<ipmi_sensor></ipmi_sensor>
					<delay>30</delay>
					<history>14</history>
					<trends>30</trends>
					<status>0</status>
					<data_type>0</data_type>
					<units>Шт.</units>
					<multiplier>0</multiplier>
					<delta>0</delta>
					<formula>1</formula>
					<lastlogsize>0</lastlogsize>
					<logtimefmt></logtimefmt>
					<delay_flex></delay_flex>
					<authtype>0</authtype>
					<username></username>
					<password></password>
					<publickey></publickey>
					<privatekey></privatekey>
					<params></params>
					<trapper_hosts></trapper_hosts>
					<snmp_community>public</snmp_community>
					<snmp_oid>1.3.6.1.4.1.534.1.7.1.0</snmp_oid>
					<snmp_port>161</snmp_port>
					<snmpv3_securityname></snmpv3_securityname>
					<snmpv3_securitylevel>0</snmpv3_securitylevel>
					<snmpv3_authpassphrase></snmpv3_authpassphrase>
					<snmpv3_privpassphrase></snmpv3_privpassphrase>
					<applications>
						<application>Состояние ИБП</application>
					</applications>
				</item>
				<item type="1" key="xupsBatCapacity" value_type="3">
					<description>Батарея. Заряд</description>
					<ipmi_sensor></ipmi_sensor>
					<delay>30</delay>
					<history>14</history>
					<trends>30</trends>
					<status>0</status>
					<data_type>0</data_type>
					<units>%</units>
					<multiplier>0</multiplier>
					<delta>0</delta>
					<formula>1</formula>
					<lastlogsize>0</lastlogsize>
					<logtimefmt></logtimefmt>
					<delay_flex></delay_flex>
					<authtype>0</authtype>
					<username></username>
					<password></password>
					<publickey></publickey>
					<privatekey></privatekey>
					<params></params>
					<trapper_hosts></trapper_hosts>
					<snmp_community>public</snmp_community>
					<snmp_oid>1.3.6.1.4.1.534.1.2.4.0</snmp_oid>
					<snmp_port>161</snmp_port>
					<snmpv3_securityname></snmpv3_securityname>
					<snmpv3_securitylevel>0</snmpv3_securitylevel>
					<snmpv3_authpassphrase></snmpv3_authpassphrase>
					<snmpv3_privpassphrase></snmpv3_privpassphrase>
					<applications>
						<application>Батарея</application>
					</applications>
				</item>
				<item type="1" key="xupsBatTimeRemaining" value_type="0">
					<description>Батарея. Время работы от батарей</description>
					<ipmi_sensor></ipmi_sensor>
					<delay>30</delay>
					<history>14</history>
					<trends>30</trends>
					<status>0</status>
					<data_type>0</data_type>
					<units>минут</units>
					<multiplier>1</multiplier>
					<delta>0</delta>
					<formula>0.016666667</formula>
					<lastlogsize>0</lastlogsize>
					<logtimefmt></logtimefmt>
					<delay_flex></delay_flex>
					<authtype>0</authtype>
					<username></username>
					<password></password>
					<publickey></publickey>
					<privatekey></privatekey>
					<params></params>
					<trapper_hosts></trapper_hosts>
					<snmp_community>public</snmp_community>
					<snmp_oid>1.3.6.1.4.1.534.1.2.1.0</snmp_oid>
					<snmp_port>161</snmp_port>
					<snmpv3_securityname></snmpv3_securityname>
					<snmpv3_securitylevel>0</snmpv3_securitylevel>
					<snmpv3_authpassphrase></snmpv3_authpassphrase>
					<snmpv3_privpassphrase></snmpv3_privpassphrase>
					<applications>
						<application>Батарея</application>
					</applications>
				</item>
				<item type="1" key="xupsBatVoltage" value_type="3">
					<description>Батарея. Напряжение</description>
					<ipmi_sensor></ipmi_sensor>
					<delay>30</delay>
					<history>14</history>
					<trends>30</trends>
					<status>0</status>
					<data_type>0</data_type>
					<units>В</units>
					<multiplier>0</multiplier>
					<delta>0</delta>
					<formula>1</formula>
					<lastlogsize>0</lastlogsize>
					<logtimefmt></logtimefmt>
					<delay_flex></delay_flex>
					<authtype>0</authtype>
					<username></username>
					<password></password>
					<publickey></publickey>
					<privatekey></privatekey>
					<params></params>
					<trapper_hosts></trapper_hosts>
					<snmp_community>public</snmp_community>
					<snmp_oid>1.3.6.1.4.1.534.1.2.2.0</snmp_oid>
					<snmp_port>161</snmp_port>
					<snmpv3_securityname></snmpv3_securityname>
					<snmpv3_securitylevel>0</snmpv3_securitylevel>
					<snmpv3_authpassphrase></snmpv3_authpassphrase>
					<snmpv3_privpassphrase></snmpv3_privpassphrase>
					<applications>
						<application>Батарея</application>
					</applications>
				</item>
				<item type="1" key="xupsBypassFrequency" value_type="3">
					<description>Байпас. Частота</description>
					<ipmi_sensor></ipmi_sensor>
					<delay>30</delay>
					<history>14</history>
					<trends>30</trends>
					<status>0</status>
					<data_type>0</data_type>
					<units>Гц</units>
					<multiplier>1</multiplier>
					<delta>0</delta>
					<formula>0.1</formula>
					<lastlogsize>0</lastlogsize>
					<logtimefmt></logtimefmt>
					<delay_flex></delay_flex>
					<authtype>0</authtype>
					<username></username>
					<password></password>
					<publickey></publickey>
					<privatekey></privatekey>
					<params></params>
					<trapper_hosts></trapper_hosts>
					<snmp_community>public</snmp_community>
					<snmp_oid>1.3.6.1.4.1.534.1.5.1.0</snmp_oid>
					<snmp_port>161</snmp_port>
					<snmpv3_securityname></snmpv3_securityname>
					<snmpv3_securitylevel>0</snmpv3_securitylevel>
					<snmpv3_authpassphrase></snmpv3_authpassphrase>
					<snmpv3_privpassphrase></snmpv3_privpassphrase>
					<applications>
						<application>Байпас</application>
					</applications>
				</item>
				<item type="1" key="xupsBypassVoltagea" value_type="3">
					<description>Байпас. Напряжение A-N</description>
					<ipmi_sensor></ipmi_sensor>
					<delay>30</delay>
					<history>14</history>
					<trends>30</trends>
					<status>0</status>
					<data_type>0</data_type>
					<units>В</units>
					<multiplier>0</multiplier>
					<delta>0</delta>
					<formula>1</formula>
					<lastlogsize>0</lastlogsize>
					<logtimefmt></logtimefmt>
					<delay_flex></delay_flex>
					<authtype>0</authtype>
					<username></username>
					<password></password>
					<publickey></publickey>
					<privatekey></privatekey>
					<params></params>
					<trapper_hosts></trapper_hosts>
					<snmp_community>public</snmp_community>
					<snmp_oid>1.3.6.1.4.1.534.1.5.3.1.2.1</snmp_oid>
					<snmp_port>161</snmp_port>
					<snmpv3_securityname></snmpv3_securityname>
					<snmpv3_securitylevel>0</snmpv3_securitylevel>
					<snmpv3_authpassphrase></snmpv3_authpassphrase>
					<snmpv3_privpassphrase></snmpv3_privpassphrase>
					<applications>
						<application>Байпас</application>
					</applications>
				</item>
				<item type="1" key="xupsBypassVoltageb" value_type="3">
					<description>Байпас. Напряжение B-N</description>
					<ipmi_sensor></ipmi_sensor>
					<delay>30</delay>
					<history>14</history>
					<trends>30</trends>
					<status>0</status>
					<data_type>0</data_type>
					<units>В</units>
					<multiplier>0</multiplier>
					<delta>0</delta>
					<formula>1</formula>
					<lastlogsize>0</lastlogsize>
					<logtimefmt></logtimefmt>
					<delay_flex></delay_flex>
					<authtype>0</authtype>
					<username></username>
					<password></password>
					<publickey></publickey>
					<privatekey></privatekey>
					<params></params>
					<trapper_hosts></trapper_hosts>
					<snmp_community>public</snmp_community>
					<snmp_oid>1.3.6.1.4.1.534.1.5.3.1.2.2</snmp_oid>
					<snmp_port>161</snmp_port>
					<snmpv3_securityname></snmpv3_securityname>
					<snmpv3_securitylevel>0</snmpv3_securitylevel>
					<snmpv3_authpassphrase></snmpv3_authpassphrase>
					<snmpv3_privpassphrase></snmpv3_privpassphrase>
					<applications>
						<application>Байпас</application>
					</applications>
				</item>
				<item type="1" key="xupsBypassVoltagec" value_type="3">
					<description>Байпас. Напряжение C-N</description>
					<ipmi_sensor></ipmi_sensor>
					<delay>30</delay>
					<history>14</history>
					<trends>30</trends>
					<status>0</status>
					<data_type>0</data_type>
					<units>В</units>
					<multiplier>0</multiplier>
					<delta>0</delta>
					<formula>1</formula>
					<lastlogsize>0</lastlogsize>
					<logtimefmt></logtimefmt>
					<delay_flex></delay_flex>
					<authtype>0</authtype>
					<username></username>
					<password></password>
					<publickey></publickey>
					<privatekey></privatekey>
					<params></params>
					<trapper_hosts></trapper_hosts>
					<snmp_community>public</snmp_community>
					<snmp_oid>1.3.6.1.4.1.534.1.5.3.1.2.3</snmp_oid>
					<snmp_port>161</snmp_port>
					<snmpv3_securityname></snmpv3_securityname>
					<snmpv3_securitylevel>0</snmpv3_securitylevel>
					<snmpv3_authpassphrase></snmpv3_authpassphrase>
					<snmpv3_privpassphrase></snmpv3_privpassphrase>
					<applications>
						<application>Байпас</application>
					</applications>
				</item>
				<item type="1" key="xupsEnvRemoteHumidity" value_type="3">
					<description>Влажность. Выносной датчик</description>
					<ipmi_sensor></ipmi_sensor>
					<delay>30</delay>
					<history>14</history>
					<trends>30</trends>
					<status>0</status>
					<data_type>0</data_type>
					<units>%</units>
					<multiplier>0</multiplier>
					<delta>0</delta>
					<formula>1</formula>
					<lastlogsize>0</lastlogsize>
					<logtimefmt></logtimefmt>
					<delay_flex></delay_flex>
					<authtype>0</authtype>
					<username></username>
					<password></password>
					<publickey></publickey>
					<privatekey></privatekey>
					<params></params>
					<trapper_hosts></trapper_hosts>
					<snmp_community>public</snmp_community>
					<snmp_oid>1.3.6.1.4.1.534.1.6.6.0</snmp_oid>
					<snmp_port>161</snmp_port>
					<snmpv3_securityname></snmpv3_securityname>
					<snmpv3_securitylevel>0</snmpv3_securitylevel>
					<snmpv3_authpassphrase></snmpv3_authpassphrase>
					<snmpv3_privpassphrase></snmpv3_privpassphrase>
					<applications>
						<application>Состояние ИБП</application>
					</applications>
				</item>
				<item type="1" key="xupsEnvRemoteTemp" value_type="3">
					<description>Температура. Выносной датчик</description>
					<ipmi_sensor></ipmi_sensor>
					<delay>30</delay>
					<history>14</history>
					<trends>30</trends>
					<status>0</status>
					<data_type>0</data_type>
					<units>C</units>
					<multiplier>0</multiplier>
					<delta>0</delta>
					<formula>1</formula>
					<lastlogsize>0</lastlogsize>
					<logtimefmt></logtimefmt>
					<delay_flex></delay_flex>
					<authtype>0</authtype>
					<username></username>
					<password></password>
					<publickey></publickey>
					<privatekey></privatekey>
					<params></params>
					<trapper_hosts></trapper_hosts>
					<snmp_community>public</snmp_community>
					<snmp_oid>1.3.6.1.4.1.534.1.6.5.0</snmp_oid>
					<snmp_port>161</snmp_port>
					<snmpv3_securityname></snmpv3_securityname>
					<snmpv3_securitylevel>0</snmpv3_securitylevel>
					<snmpv3_authpassphrase></snmpv3_authpassphrase>
					<snmpv3_privpassphrase></snmpv3_privpassphrase>
					<applications>
						<application>Состояние ИБП</application>
					</applications>
				</item>
				<item type="1" key="xupsInputCurrenta" value_type="3">
					<description>Вход. Ток фаза A</description>
					<ipmi_sensor></ipmi_sensor>
					<delay>30</delay>
					<history>14</history>
					<trends>30</trends>
					<status>0</status>
					<data_type>0</data_type>
					<units>А</units>
					<multiplier>0</multiplier>
					<delta>0</delta>
					<formula>1</formula>
					<lastlogsize>0</lastlogsize>
					<logtimefmt></logtimefmt>
					<delay_flex></delay_flex>
					<authtype>0</authtype>
					<username></username>
					<password></password>
					<publickey></publickey>
					<privatekey></privatekey>
					<params></params>
					<trapper_hosts></trapper_hosts>
					<snmp_community>public</snmp_community>
					<snmp_oid>1.3.6.1.4.1.534.1.3.4.1.3.1</snmp_oid>
					<snmp_port>161</snmp_port>
					<snmpv3_securityname></snmpv3_securityname>
					<snmpv3_securitylevel>0</snmpv3_securitylevel>
					<snmpv3_authpassphrase></snmpv3_authpassphrase>
					<snmpv3_privpassphrase></snmpv3_privpassphrase>
					<applications>
						<application>Вход</application>
					</applications>
				</item>
				<item type="1" key="xupsInputCurrentb" value_type="3">
					<description>Вход. Ток фаза B</description>
					<ipmi_sensor></ipmi_sensor>
					<delay>30</delay>
					<history>14</history>
					<trends>30</trends>
					<status>0</status>
					<data_type>0</data_type>
					<units>А</units>
					<multiplier>0</multiplier>
					<delta>0</delta>
					<formula>1</formula>
					<lastlogsize>0</lastlogsize>
					<logtimefmt></logtimefmt>
					<delay_flex></delay_flex>
					<authtype>0</authtype>
					<username></username>
					<password></password>
					<publickey></publickey>
					<privatekey></privatekey>
					<params></params>
					<trapper_hosts></trapper_hosts>
					<snmp_community>public</snmp_community>
					<snmp_oid>1.3.6.1.4.1.534.1.3.4.1.3.2</snmp_oid>
					<snmp_port>161</snmp_port>
					<snmpv3_securityname></snmpv3_securityname>
					<snmpv3_securitylevel>0</snmpv3_securitylevel>
					<snmpv3_authpassphrase></snmpv3_authpassphrase>
					<snmpv3_privpassphrase></snmpv3_privpassphrase>
					<applications>
						<application>Вход</application>
					</applications>
				</item>
				<item type="1" key="xupsInputCurrentc" value_type="3">
					<description>Вход. Ток фаза C</description>
					<ipmi_sensor></ipmi_sensor>
					<delay>30</delay>
					<history>14</history>
					<trends>30</trends>
					<status>0</status>
					<data_type>0</data_type>
					<units>А</units>
					<multiplier>0</multiplier>
					<delta>0</delta>
					<formula>1</formula>
					<lastlogsize>0</lastlogsize>
					<logtimefmt></logtimefmt>
					<delay_flex></delay_flex>
					<authtype>0</authtype>
					<username></username>
					<password></password>
					<publickey></publickey>
					<privatekey></privatekey>
					<params></params>
					<trapper_hosts></trapper_hosts>
					<snmp_community>public</snmp_community>
					<snmp_oid>1.3.6.1.4.1.534.1.3.4.1.3.3</snmp_oid>
					<snmp_port>161</snmp_port>
					<snmpv3_securityname></snmpv3_securityname>
					<snmpv3_securitylevel>0</snmpv3_securitylevel>
					<snmpv3_authpassphrase></snmpv3_authpassphrase>
					<snmpv3_privpassphrase></snmpv3_privpassphrase>
					<applications>
						<application>Вход</application>
					</applications>
				</item>
				<item type="1" key="xupsInputFrequency" value_type="3">
					<description>Вход. Частота</description>
					<ipmi_sensor></ipmi_sensor>
					<delay>30</delay>
					<history>14</history>
					<trends>30</trends>
					<status>0</status>
					<data_type>0</data_type>
					<units>Гц</units>
					<multiplier>1</multiplier>
					<delta>0</delta>
					<formula>0.1</formula>
					<lastlogsize>0</lastlogsize>
					<logtimefmt></logtimefmt>
					<delay_flex></delay_flex>
					<authtype>0</authtype>
					<username></username>
					<password></password>
					<publickey></publickey>
					<privatekey></privatekey>
					<params></params>
					<trapper_hosts></trapper_hosts>
					<snmp_community>public</snmp_community>
					<snmp_oid>1.3.6.1.4.1.534.1.3.1.0</snmp_oid>
					<snmp_port>161</snmp_port>
					<snmpv3_securityname></snmpv3_securityname>
					<snmpv3_securitylevel>0</snmpv3_securitylevel>
					<snmpv3_authpassphrase></snmpv3_authpassphrase>
					<snmpv3_privpassphrase></snmpv3_privpassphrase>
					<applications>
						<application>Вход</application>
					</applications>
				</item>
				<item type="1" key="xupsInputLineBads" value_type="3">
					<description>Количество отклонений от нормы частоты или напряжения</description>
					<ipmi_sensor></ipmi_sensor>
					<delay>30</delay>
					<history>14</history>
					<trends>30</trends>
					<status>0</status>
					<data_type>0</data_type>
					<units></units>
					<multiplier>0</multiplier>
					<delta>0</delta>
					<formula>1</formula>
					<lastlogsize>0</lastlogsize>
					<logtimefmt></logtimefmt>
					<delay_flex></delay_flex>
					<authtype>0</authtype>
					<username></username>
					<password></password>
					<publickey></publickey>
					<privatekey></privatekey>
					<params></params>
					<trapper_hosts></trapper_hosts>
					<snmp_community>public</snmp_community>
					<snmp_oid>1.3.6.1.4.1.534.1.3.2.0</snmp_oid>
					<snmp_port>161</snmp_port>
					<snmpv3_securityname></snmpv3_securityname>
					<snmpv3_securitylevel>0</snmpv3_securitylevel>
					<snmpv3_authpassphrase></snmpv3_authpassphrase>
					<snmpv3_privpassphrase></snmpv3_privpassphrase>
					<applications>
						<application>Состояние ИБП</application>
					</applications>
				</item>
				<item type="1" key="xupsInputSource" value_type="3">
					<description>Состояние входов ИБП</description>
					<ipmi_sensor></ipmi_sensor>
					<delay>30</delay>
					<history>14</history>
					<trends>30</trends>
					<status>0</status>
					<data_type>0</data_type>
					<units></units>
					<multiplier>0</multiplier>
					<delta>0</delta>
					<formula>1</formula>
					<lastlogsize>0</lastlogsize>
					<logtimefmt></logtimefmt>
					<delay_flex></delay_flex>
					<authtype>0</authtype>
					<username></username>
					<password></password>
					<publickey></publickey>
					<privatekey></privatekey>
					<params></params>
					<trapper_hosts></trapper_hosts>
					<snmp_community>public</snmp_community>
					<snmp_oid>1.3.6.1.4.1.534.1.3.5.0</snmp_oid>
					<snmp_port>161</snmp_port>
					<snmpv3_securityname></snmpv3_securityname>
					<snmpv3_securitylevel>0</snmpv3_securitylevel>
					<snmpv3_authpassphrase></snmpv3_authpassphrase>
					<snmpv3_privpassphrase></snmpv3_privpassphrase>
					<applications>
						<application>Состояние ИБП</application>
					</applications>
				</item>
				<item type="1" key="xupsInputVoltage" value_type="3">
					<description>Вход. Напряжение A-N</description>
					<ipmi_sensor></ipmi_sensor>
					<delay>30</delay>
					<history>14</history>
					<trends>30</trends>
					<status>0</status>
					<data_type>0</data_type>
					<units>В</units>
					<multiplier>0</multiplier>
					<delta>0</delta>
					<formula>1</formula>
					<lastlogsize>0</lastlogsize>
					<logtimefmt></logtimefmt>
					<delay_flex></delay_flex>
					<authtype>0</authtype>
					<username></username>
					<password></password>
					<publickey></publickey>
					<privatekey></privatekey>
					<params></params>
					<trapper_hosts></trapper_hosts>
					<snmp_community>public</snmp_community>
					<snmp_oid>1.3.6.1.4.1.534.1.3.4.1.2.1</snmp_oid>
					<snmp_port>161</snmp_port>
					<snmpv3_securityname></snmpv3_securityname>
					<snmpv3_securitylevel>0</snmpv3_securitylevel>
					<snmpv3_authpassphrase></snmpv3_authpassphrase>
					<snmpv3_privpassphrase></snmpv3_privpassphrase>
					<applications>
						<application>Вход</application>
					</applications>
				</item>
				<item type="1" key="xupsInputVoltageb" value_type="3">
					<description>Вход. Напряжение B-N</description>
					<ipmi_sensor></ipmi_sensor>
					<delay>30</delay>
					<history>14</history>
					<trends>30</trends>
					<status>0</status>
					<data_type>0</data_type>
					<units>В</units>
					<multiplier>0</multiplier>
					<delta>0</delta>
					<formula>1</formula>
					<lastlogsize>0</lastlogsize>
					<logtimefmt></logtimefmt>
					<delay_flex></delay_flex>
					<authtype>0</authtype>
					<username></username>
					<password></password>
					<publickey></publickey>
					<privatekey></privatekey>
					<params></params>
					<trapper_hosts></trapper_hosts>
					<snmp_community>public</snmp_community>
					<snmp_oid>1.3.6.1.4.1.534.1.3.4.1.2.2</snmp_oid>
					<snmp_port>161</snmp_port>
					<snmpv3_securityname></snmpv3_securityname>
					<snmpv3_securitylevel>0</snmpv3_securitylevel>
					<snmpv3_authpassphrase></snmpv3_authpassphrase>
					<snmpv3_privpassphrase></snmpv3_privpassphrase>
					<applications>
						<application>Вход</application>
					</applications>
				</item>
				<item type="1" key="xupsInputVoltagec" value_type="3">
					<description>Вход. Напряжение C-N</description>
					<ipmi_sensor></ipmi_sensor>
					<delay>30</delay>
					<history>14</history>
					<trends>30</trends>
					<status>0</status>
					<data_type>0</data_type>
					<units>В</units>
					<multiplier>0</multiplier>
					<delta>0</delta>
					<formula>1</formula>
					<lastlogsize>0</lastlogsize>
					<logtimefmt></logtimefmt>
					<delay_flex></delay_flex>
					<authtype>0</authtype>
					<username></username>
					<password></password>
					<publickey></publickey>
					<privatekey></privatekey>
					<params></params>
					<trapper_hosts></trapper_hosts>
					<snmp_community>public</snmp_community>
					<snmp_oid>1.3.6.1.4.1.534.1.3.4.1.2.3</snmp_oid>
					<snmp_port>161</snmp_port>
					<snmpv3_securityname></snmpv3_securityname>
					<snmpv3_securitylevel>0</snmpv3_securitylevel>
					<snmpv3_authpassphrase></snmpv3_authpassphrase>
					<snmpv3_privpassphrase></snmpv3_privpassphrase>
					<applications>
						<application>Вход</application>
					</applications>
				</item>
				<item type="1" key="xupsOutputCurrenta" value_type="3">
					<description>Выход. Ток фаза A</description>
					<ipmi_sensor></ipmi_sensor>
					<delay>30</delay>
					<history>14</history>
					<trends>30</trends>
					<status>0</status>
					<data_type>0</data_type>
					<units>А</units>
					<multiplier>0</multiplier>
					<delta>0</delta>
					<formula>1</formula>
					<lastlogsize>0</lastlogsize>
					<logtimefmt></logtimefmt>
					<delay_flex></delay_flex>
					<authtype>0</authtype>
					<username></username>
					<password></password>
					<publickey></publickey>
					<privatekey></privatekey>
					<params></params>
					<trapper_hosts></trapper_hosts>
					<snmp_community>public</snmp_community>
					<snmp_oid>1.3.6.1.4.1.534.1.4.4.1.3.1</snmp_oid>
					<snmp_port>161</snmp_port>
					<snmpv3_securityname></snmpv3_securityname>
					<snmpv3_securitylevel>0</snmpv3_securitylevel>
					<snmpv3_authpassphrase></snmpv3_authpassphrase>
					<snmpv3_privpassphrase></snmpv3_privpassphrase>
					<applications>
						<application>Выход</application>
					</applications>
				</item>
				<item type="1" key="xupsOutputCurrentb" value_type="3">
					<description>Выход. Ток фаза B</description>
					<ipmi_sensor></ipmi_sensor>
					<delay>30</delay>
					<history>14</history>
					<trends>30</trends>
					<status>0</status>
					<data_type>0</data_type>
					<units>А</units>
					<multiplier>0</multiplier>
					<delta>0</delta>
					<formula>1</formula>
					<lastlogsize>0</lastlogsize>
					<logtimefmt></logtimefmt>
					<delay_flex></delay_flex>
					<authtype>0</authtype>
					<username></username>
					<password></password>
					<publickey></publickey>
					<privatekey></privatekey>
					<params></params>
					<trapper_hosts></trapper_hosts>
					<snmp_community>public</snmp_community>
					<snmp_oid>1.3.6.1.4.1.534.1.4.4.1.3.2</snmp_oid>
					<snmp_port>161</snmp_port>
					<snmpv3_securityname></snmpv3_securityname>
					<snmpv3_securitylevel>0</snmpv3_securitylevel>
					<snmpv3_authpassphrase></snmpv3_authpassphrase>
					<snmpv3_privpassphrase></snmpv3_privpassphrase>
					<applications>
						<application>Выход</application>
					</applications>
				</item>
				<item type="1" key="xupsOutputCurrentc" value_type="3">
					<description>Выход. Ток фаза C</description>
					<ipmi_sensor></ipmi_sensor>
					<delay>30</delay>
					<history>14</history>
					<trends>30</trends>
					<status>0</status>
					<data_type>0</data_type>
					<units>А</units>
					<multiplier>0</multiplier>
					<delta>0</delta>
					<formula>1</formula>
					<lastlogsize>0</lastlogsize>
					<logtimefmt></logtimefmt>
					<delay_flex></delay_flex>
					<authtype>0</authtype>
					<username></username>
					<password></password>
					<publickey></publickey>
					<privatekey></privatekey>
					<params></params>
					<trapper_hosts></trapper_hosts>
					<snmp_community>public</snmp_community>
					<snmp_oid>1.3.6.1.4.1.534.1.4.4.1.3.3</snmp_oid>
					<snmp_port>161</snmp_port>
					<snmpv3_securityname></snmpv3_securityname>
					<snmpv3_securitylevel>0</snmpv3_securitylevel>
					<snmpv3_authpassphrase></snmpv3_authpassphrase>
					<snmpv3_privpassphrase></snmpv3_privpassphrase>
					<applications>
						<application>Выход</application>
					</applications>
				</item>
				<item type="1" key="xupsOutputFrequency" value_type="0">
					<description>Выход. Частота</description>
					<ipmi_sensor></ipmi_sensor>
					<delay>30</delay>
					<history>14</history>
					<trends>30</trends>
					<status>0</status>
					<data_type>0</data_type>
					<units>Гц</units>
					<multiplier>1</multiplier>
					<delta>0</delta>
					<formula>0.1</formula>
					<lastlogsize>0</lastlogsize>
					<logtimefmt></logtimefmt>
					<delay_flex></delay_flex>
					<authtype>0</authtype>
					<username></username>
					<password></password>
					<publickey></publickey>
					<privatekey></privatekey>
					<params></params>
					<trapper_hosts></trapper_hosts>
					<snmp_community>public</snmp_community>
					<snmp_oid>1.3.6.1.4.1.534.1.4.2.0</snmp_oid>
					<snmp_port>161</snmp_port>
					<snmpv3_securityname></snmpv3_securityname>
					<snmpv3_securitylevel>0</snmpv3_securitylevel>
					<snmpv3_authpassphrase></snmpv3_authpassphrase>
					<snmpv3_privpassphrase></snmpv3_privpassphrase>
					<applications>
						<application>Выход</application>
					</applications>
				</item>
				<item type="1" key="xupsOutputSource" value_type="3">
					<description>Состояние ИБП</description>
					<ipmi_sensor></ipmi_sensor>
					<delay>30</delay>
					<history>14</history>
					<trends>30</trends>
					<status>0</status>
					<data_type>0</data_type>
					<units></units>
					<multiplier>0</multiplier>
					<delta>0</delta>
					<formula>1</formula>
					<lastlogsize>0</lastlogsize>
					<logtimefmt></logtimefmt>
					<delay_flex></delay_flex>
					<authtype>0</authtype>
					<username></username>
					<password></password>
					<publickey></publickey>
					<privatekey></privatekey>
					<params></params>
					<trapper_hosts></trapper_hosts>
					<snmp_community>public</snmp_community>
					<snmp_oid>1.3.6.1.4.1.534.1.4.5.0</snmp_oid>
					<snmp_port>161</snmp_port>
					<snmpv3_securityname></snmpv3_securityname>
					<snmpv3_securitylevel>0</snmpv3_securitylevel>
					<snmpv3_authpassphrase></snmpv3_authpassphrase>
					<snmpv3_privpassphrase></snmpv3_privpassphrase>
					<applications>
						<application>Состояние ИБП</application>
					</applications>
				</item>
				<item type="1" key="xupsOutputVoltagea" value_type="3">
					<description>Выход. Напряжение A-N</description>
					<ipmi_sensor></ipmi_sensor>
					<delay>30</delay>
					<history>14</history>
					<trends>30</trends>
					<status>0</status>
					<data_type>0</data_type>
					<units>В</units>
					<multiplier>0</multiplier>
					<delta>0</delta>
					<formula>1</formula>
					<lastlogsize>0</lastlogsize>
					<logtimefmt></logtimefmt>
					<delay_flex></delay_flex>
					<authtype>0</authtype>
					<username></username>
					<password></password>
					<publickey></publickey>
					<privatekey></privatekey>
					<params></params>
					<trapper_hosts></trapper_hosts>
					<snmp_community>public</snmp_community>
					<snmp_oid>1.3.6.1.4.1.534.1.4.4.1.2.1</snmp_oid>
					<snmp_port>161</snmp_port>
					<snmpv3_securityname></snmpv3_securityname>
					<snmpv3_securitylevel>0</snmpv3_securitylevel>
					<snmpv3_authpassphrase></snmpv3_authpassphrase>
					<snmpv3_privpassphrase></snmpv3_privpassphrase>
					<applications>
						<application>Выход</application>
					</applications>
				</item>
				<item type="1" key="xupsOutputVoltageb" value_type="3">
					<description>Выход. Напряжение B-N</description>
					<ipmi_sensor></ipmi_sensor>
					<delay>30</delay>
					<history>14</history>
					<trends>30</trends>
					<status>0</status>
					<data_type>0</data_type>
					<units>В</units>
					<multiplier>0</multiplier>
					<delta>0</delta>
					<formula>1</formula>
					<lastlogsize>0</lastlogsize>
					<logtimefmt></logtimefmt>
					<delay_flex></delay_flex>
					<authtype>0</authtype>
					<username></username>
					<password></password>
					<publickey></publickey>
					<privatekey></privatekey>
					<params></params>
					<trapper_hosts></trapper_hosts>
					<snmp_community>public</snmp_community>
					<snmp_oid>1.3.6.1.4.1.534.1.4.4.1.2.2</snmp_oid>
					<snmp_port>161</snmp_port>
					<snmpv3_securityname></snmpv3_securityname>
					<snmpv3_securitylevel>0</snmpv3_securitylevel>
					<snmpv3_authpassphrase></snmpv3_authpassphrase>
					<snmpv3_privpassphrase></snmpv3_privpassphrase>
					<applications>
						<application>Выход</application>
					</applications>
				</item>
				<item type="1" key="xupsOutputVoltagec" value_type="3">
					<description>Выход. Напряжение C-N</description>
					<ipmi_sensor></ipmi_sensor>
					<delay>30</delay>
					<history>14</history>
					<trends>30</trends>
					<status>0</status>
					<data_type>0</data_type>
					<units>В</units>
					<multiplier>0</multiplier>
					<delta>0</delta>
					<formula>1</formula>
					<lastlogsize>0</lastlogsize>
					<logtimefmt></logtimefmt>
					<delay_flex></delay_flex>
					<authtype>0</authtype>
					<username></username>
					<password></password>
					<publickey></publickey>
					<privatekey></privatekey>
					<params></params>
					<trapper_hosts></trapper_hosts>
					<snmp_community>public</snmp_community>
					<snmp_oid>1.3.6.1.4.1.534.1.4.4.1.2.3</snmp_oid>
					<snmp_port>161</snmp_port>
					<snmpv3_securityname></snmpv3_securityname>
					<snmpv3_securitylevel>0</snmpv3_securitylevel>
					<snmpv3_authpassphrase></snmpv3_authpassphrase>
					<snmpv3_privpassphrase></snmpv3_privpassphrase>
					<applications>
						<application>Выход</application>
					</applications>
				</item>
				<item type="1" key="xupsOutputWattsa" value_type="3">
					<description>Выходная мощность фаза A</description>
					<ipmi_sensor></ipmi_sensor>
					<delay>30</delay>
					<history>14</history>
					<trends>30</trends>
					<status>0</status>
					<data_type>0</data_type>
					<units>Вт</units>
					<multiplier>0</multiplier>
					<delta>0</delta>
					<formula>1</formula>
					<lastlogsize>0</lastlogsize>
					<logtimefmt></logtimefmt>
					<delay_flex></delay_flex>
					<authtype>0</authtype>
					<username></username>
					<password></password>
					<publickey></publickey>
					<privatekey></privatekey>
					<params></params>
					<trapper_hosts></trapper_hosts>
					<snmp_community>public</snmp_community>
					<snmp_oid>1.3.6.1.4.1.534.1.4.4.1.4.1</snmp_oid>
					<snmp_port>161</snmp_port>
					<snmpv3_securityname></snmpv3_securityname>
					<snmpv3_securitylevel>0</snmpv3_securitylevel>
					<snmpv3_authpassphrase></snmpv3_authpassphrase>
					<snmpv3_privpassphrase></snmpv3_privpassphrase>
					<applications>
						<application>Выход</application>
					</applications>
				</item>
				<item type="1" key="xupsOutputWattsb" value_type="3">
					<description>Выходная мощность фаза B</description>
					<ipmi_sensor></ipmi_sensor>
					<delay>30</delay>
					<history>14</history>
					<trends>30</trends>
					<status>0</status>
					<data_type>0</data_type>
					<units>Вт</units>
					<multiplier>0</multiplier>
					<delta>0</delta>
					<formula>1</formula>
					<lastlogsize>0</lastlogsize>
					<logtimefmt></logtimefmt>
					<delay_flex></delay_flex>
					<authtype>0</authtype>
					<username></username>
					<password></password>
					<publickey></publickey>
					<privatekey></privatekey>
					<params></params>
					<trapper_hosts></trapper_hosts>
					<snmp_community>public</snmp_community>
					<snmp_oid>1.3.6.1.4.1.534.1.4.4.1.4.2</snmp_oid>
					<snmp_port>161</snmp_port>
					<snmpv3_securityname></snmpv3_securityname>
					<snmpv3_securitylevel>0</snmpv3_securitylevel>
					<snmpv3_authpassphrase></snmpv3_authpassphrase>
					<snmpv3_privpassphrase></snmpv3_privpassphrase>
					<applications>
						<application>Выход</application>
					</applications>
				</item>
				<item type="1" key="xupsOutputWattsc" value_type="3">
					<description>Выходная мощность фаза C</description>
					<ipmi_sensor></ipmi_sensor>
					<delay>30</delay>
					<history>14</history>
					<trends>30</trends>
					<status>0</status>
					<data_type>0</data_type>
					<units>Вт</units>
					<multiplier>0</multiplier>
					<delta>0</delta>
					<formula>1</formula>
					<lastlogsize>0</lastlogsize>
					<logtimefmt></logtimefmt>
					<delay_flex></delay_flex>
					<authtype>0</authtype>
					<username></username>
					<password></password>
					<publickey></publickey>
					<privatekey></privatekey>
					<params></params>
					<trapper_hosts></trapper_hosts>
					<snmp_community>public</snmp_community>
					<snmp_oid>1.3.6.1.4.1.534.1.4.4.1.4.3</snmp_oid>
					<snmp_port>161</snmp_port>
					<snmpv3_securityname></snmpv3_securityname>
					<snmpv3_securitylevel>0</snmpv3_securitylevel>
					<snmpv3_authpassphrase></snmpv3_authpassphrase>
					<snmpv3_privpassphrase></snmpv3_privpassphrase>
					<applications>
						<application>Выход</application>
					</applications>
				</item>
				<item type="1" key="xupsTestBatteryStatus" value_type="3">
					<description>Статус теста батарей</description>
					<ipmi_sensor></ipmi_sensor>
					<delay>30</delay>
					<history>14</history>
					<trends>30</trends>
					<status>0</status>
					<data_type>0</data_type>
					<units></units>
					<multiplier>0</multiplier>
					<delta>0</delta>
					<formula>1</formula>
					<lastlogsize>0</lastlogsize>
					<logtimefmt></logtimefmt>
					<delay_flex></delay_flex>
					<authtype>0</authtype>
					<username></username>
					<password></password>
					<publickey></publickey>
					<privatekey></privatekey>
					<params></params>
					<trapper_hosts></trapper_hosts>
					<snmp_community>public</snmp_community>
					<snmp_oid>1.3.6.1.4.1.534.1.8.2.0</snmp_oid>
					<snmp_port>161</snmp_port>
					<snmpv3_securityname></snmpv3_securityname>
					<snmpv3_securitylevel>0</snmpv3_securitylevel>
					<snmpv3_authpassphrase></snmpv3_authpassphrase>
					<snmpv3_privpassphrase></snmpv3_privpassphrase>
					<applications>
						<application>Состояние ИБП</application>
					</applications>
				</item>
			</items>
			<templates/>
			<graphs>
				<graph name="Влажность в пом. ИБП" width="900" height="200">
					<ymin_type>1</ymin_type>
					<ymax_type>1</ymax_type>
					<ymin_item_key></ymin_item_key>
					<ymax_item_key></ymax_item_key>
					<show_work_period>1</show_work_period>
					<show_triggers>1</show_triggers>
					<graphtype>0</graphtype>
					<yaxismin>0.0000</yaxismin>
					<yaxismax>100.0000</yaxismax>
					<show_legend>0</show_legend>
					<show_3d>0</show_3d>
					<percent_left>0.0000</percent_left>
					<percent_right>0.0000</percent_right>
					<graph_elements>
						<graph_element item="Template_Powerware9390:xupsEnvRemoteHumidity">
							<drawtype>0</drawtype>
							<sortorder>0</sortorder>
							<color>009900</color>
							<yaxisside>0</yaxisside>
							<calc_fnc>2</calc_fnc>
							<type>0</type>
							<periods_cnt>5</periods_cnt>
						</graph_element>
					</graph_elements>
				</graph>
				<graph name="Температура в 108 (ИБП)" width="900" height="200">
					<ymin_type>1</ymin_type>
					<ymax_type>1</ymax_type>
					<ymin_item_key></ymin_item_key>
					<ymax_item_key></ymax_item_key>
					<show_work_period>1</show_work_period>
					<show_triggers>1</show_triggers>
					<graphtype>0</graphtype>
					<yaxismin>10.0000</yaxismin>
					<yaxismax>30.0000</yaxismax>
					<show_legend>0</show_legend>
					<show_3d>0</show_3d>
					<percent_left>0.0000</percent_left>
					<percent_right>0.0000</percent_right>
					<graph_elements>
						<graph_element item="Template_Powerware9390:xupsEnvRemoteTemp">
							<drawtype>0</drawtype>
							<sortorder>0</sortorder>
							<color>009900</color>
							<yaxisside>0</yaxisside>
							<calc_fnc>2</calc_fnc>
							<type>0</type>
							<periods_cnt>5</periods_cnt>
						</graph_element>
					</graph_elements>
				</graph>
				<graph name="Ток на входе" width="900" height="200">
					<ymin_type>0</ymin_type>
					<ymax_type>0</ymax_type>
					<ymin_item_key></ymin_item_key>
					<ymax_item_key></ymax_item_key>
					<show_work_period>1</show_work_period>
					<show_triggers>1</show_triggers>
					<graphtype>0</graphtype>
					<yaxismin>0.0000</yaxismin>
					<yaxismax>100.0000</yaxismax>
					<show_legend>0</show_legend>
					<show_3d>0</show_3d>
					<percent_left>0.0000</percent_left>
					<percent_right>0.0000</percent_right>
					<graph_elements>
						<graph_element item="Template_Powerware9390:xupsInputCurrenta">
							<drawtype>0</drawtype>
							<sortorder>0</sortorder>
							<color>009900</color>
							<yaxisside>0</yaxisside>
							<calc_fnc>2</calc_fnc>
							<type>0</type>
							<periods_cnt>5</periods_cnt>
						</graph_element>
						<graph_element item="Template_Powerware9390:xupsInputCurrentb">
							<drawtype>0</drawtype>
							<sortorder>1</sortorder>
							<color>FF3333</color>
							<yaxisside>0</yaxisside>
							<calc_fnc>2</calc_fnc>
							<type>0</type>
							<periods_cnt>5</periods_cnt>
						</graph_element>
						<graph_element item="Template_Powerware9390:xupsInputCurrentc">
							<drawtype>0</drawtype>
							<sortorder>2</sortorder>
							<color>3333FF</color>
							<yaxisside>0</yaxisside>
							<calc_fnc>2</calc_fnc>
							<type>0</type>
							<periods_cnt>5</periods_cnt>
						</graph_element>
					</graph_elements>
				</graph>
				<graph name="Напряжение на входе" width="900" height="200">
					<ymin_type>0</ymin_type>
					<ymax_type>0</ymax_type>
					<ymin_item_key></ymin_item_key>
					<ymax_item_key></ymax_item_key>
					<show_work_period>1</show_work_period>
					<show_triggers>0</show_triggers>
					<graphtype>0</graphtype>
					<yaxismin>0.0000</yaxismin>
					<yaxismax>100.0000</yaxismax>
					<show_legend>0</show_legend>
					<show_3d>0</show_3d>
					<percent_left>0.0000</percent_left>
					<percent_right>0.0000</percent_right>
					<graph_elements>
						<graph_element item="Template_Powerware9390:xupsInputVoltage">
							<drawtype>0</drawtype>
							<sortorder>0</sortorder>
							<color>009900</color>
							<yaxisside>0</yaxisside>
							<calc_fnc>2</calc_fnc>
							<type>0</type>
							<periods_cnt>5</periods_cnt>
						</graph_element>
						<graph_element item="Template_Powerware9390:xupsInputVoltagec">
							<drawtype>0</drawtype>
							<sortorder>1</sortorder>
							<color>EE0000</color>
							<yaxisside>0</yaxisside>
							<calc_fnc>2</calc_fnc>
							<type>0</type>
							<periods_cnt>5</periods_cnt>
						</graph_element>
						<graph_element item="Template_Powerware9390:xupsInputVoltageb">
							<drawtype>0</drawtype>
							<sortorder>2</sortorder>
							<color>0000EE</color>
							<yaxisside>0</yaxisside>
							<calc_fnc>2</calc_fnc>
							<type>0</type>
							<periods_cnt>5</periods_cnt>
						</graph_element>
					</graph_elements>
				</graph>
				<graph name="Выходная мощность" width="900" height="200">
					<ymin_type>0</ymin_type>
					<ymax_type>0</ymax_type>
					<ymin_item_key></ymin_item_key>
					<ymax_item_key></ymax_item_key>
					<show_work_period>0</show_work_period>
					<show_triggers>0</show_triggers>
					<graphtype>0</graphtype>
					<yaxismin>0.0000</yaxismin>
					<yaxismax>100.0000</yaxismax>
					<show_legend>0</show_legend>
					<show_3d>0</show_3d>
					<percent_left>0.0000</percent_left>
					<percent_right>0.0000</percent_right>
					<graph_elements>
						<graph_element item="Template_Powerware9390:xupsOutputWattsa">
							<drawtype>0</drawtype>
							<sortorder>0</sortorder>
							<color>009900</color>
							<yaxisside>0</yaxisside>
							<calc_fnc>2</calc_fnc>
							<type>0</type>
							<periods_cnt>5</periods_cnt>
						</graph_element>
						<graph_element item="Template_Powerware9390:xupsOutputWattsc">
							<drawtype>0</drawtype>
							<sortorder>1</sortorder>
							<color>3333FF</color>
							<yaxisside>0</yaxisside>
							<calc_fnc>2</calc_fnc>
							<type>0</type>
							<periods_cnt>5</periods_cnt>
						</graph_element>
						<graph_element item="Template_Powerware9390:xupsOutputWattsb">
							<drawtype>0</drawtype>
							<sortorder>2</sortorder>
							<color>FF3333</color>
							<yaxisside>0</yaxisside>
							<calc_fnc>2</calc_fnc>
							<type>0</type>
							<periods_cnt>5</periods_cnt>
						</graph_element>
					</graph_elements>
				</graph>
			</graphs>
			<macros/>
		</host>
	</hosts>
	<dependencies/>
</zabbix_export>
