<?xml version="1.0" encoding="UTF-8"?>
<zabbix_export>
    <version>3.4</version>
    <date>2020-01-20T10:06:02Z</date>
    <groups>
        <group>
            <name>OpenVPN-All-services</name>
        </group>
        <group>
            <name>Templates</name>
        </group>
    </groups>
    <templates>
        <template>
            <template>Dynamic Add OpenVPN - Services</template>
            <name>Dynamic Add OpenVPN - Services</name>
            <description>Auto OpenVPN discovery - All servers - to which a server with multiple OpenVPN services installed on it has been added</description>
            <groups>
                <group>
                    <name>OpenVPN-All-services</name>
                </group>
            </groups>
            <applications>
                <application>
                    <name>OpenVPN-received</name>
                </application>
                <application>
                    <name>OpenVPN-sent</name>
                </application>
                <application>
                    <name>OpenVPN-status</name>
                </application>
            </applications>
            <items/>
            <discovery_rules>
                <discovery_rule>
                    <name>Openvpn vpn_user (discovery)</name>
                    <type>0</type>
                    <snmp_community/>
                    <snmp_oid/>
                    <key>discovery.allopenvpn.users[{HOST.HOST}]</key>
                    <delay>1h</delay>
                    <status>0</status>
                    <allowed_hosts/>
                    <snmpv3_contextname/>
                    <snmpv3_securityname/>
                    <snmpv3_securitylevel>0</snmpv3_securitylevel>
                    <snmpv3_authprotocol>0</snmpv3_authprotocol>
                    <snmpv3_authpassphrase/>
                    <snmpv3_privprotocol>0</snmpv3_privprotocol>
                    <snmpv3_privpassphrase/>
                    <params/>
                    <ipmi_sensor/>
                    <authtype>0</authtype>
                    <username/>
                    <password/>
                    <publickey/>
                    <privatekey/>
                    <port/>
                    <filter>
                        <evaltype>0</evaltype>
                        <formula/>
                        <conditions/>
                    </filter>
                    <lifetime>30d</lifetime>
                    <description/>
                    <item_prototypes>
                        <item_prototype>
                            <name>Openvpn-all byte_received {#VPNUSER}</name>
                            <type>0</type>
                            <snmp_community/>
                            <snmp_oid/>
                            <key>user_byte_received.allopenvpn[{HOST.HOST},{#VPNUSER}]</key>
                            <delay>1m</delay>
                            <history>90d</history>
                            <trends>365d</trends>
                            <status>0</status>
                            <value_type>3</value_type>
                            <allowed_hosts/>
                            <units>b\s</units>
                            <snmpv3_contextname/>
                            <snmpv3_securityname/>
                            <snmpv3_securitylevel>0</snmpv3_securitylevel>
                            <snmpv3_authprotocol>0</snmpv3_authprotocol>
                            <snmpv3_authpassphrase/>
                            <snmpv3_privprotocol>0</snmpv3_privprotocol>
                            <snmpv3_privpassphrase/>
                            <params/>
                            <ipmi_sensor/>
                            <authtype>0</authtype>
                            <username/>
                            <password/>
                            <publickey/>
                            <privatekey/>
                            <port/>
                            <description/>
                            <inventory_link>0</inventory_link>
                            <applications>
                                <application>
                                    <name>OpenVPN-received</name>
                                </application>
                            </applications>
                            <valuemap/>
                            <logtimefmt/>
                            <preprocessing>
                                <step>
                                    <type>10</type>
                                    <params/>
                                </step>
                            </preprocessing>
                            <jmx_endpoint/>
                            <application_prototypes/>
                            <master_item_prototype/>
                        </item_prototype>
                        <item_prototype>
                            <name>Openvpn-all byte_sent {#VPNUSER}</name>
                            <type>0</type>
                            <snmp_community/>
                            <snmp_oid/>
                            <key>user_byte_sent.allopenvpn[{HOST.HOST},{#VPNUSER}]</key>
                            <delay>1m</delay>
                            <history>90d</history>
                            <trends>365d</trends>
                            <status>0</status>
                            <value_type>3</value_type>
                            <allowed_hosts/>
                            <units>b\s</units>
                            <snmpv3_contextname/>
                            <snmpv3_securityname/>
                            <snmpv3_securitylevel>0</snmpv3_securitylevel>
                            <snmpv3_authprotocol>0</snmpv3_authprotocol>
                            <snmpv3_authpassphrase/>
                            <snmpv3_privprotocol>0</snmpv3_privprotocol>
                            <snmpv3_privpassphrase/>
                            <params/>
                            <ipmi_sensor/>
                            <authtype>0</authtype>
                            <username/>
                            <password/>
                            <publickey/>
                            <privatekey/>
                            <port/>
                            <description/>
                            <inventory_link>0</inventory_link>
                            <applications>
                                <application>
                                    <name>OpenVPN-sent</name>
                                </application>
                            </applications>
                            <valuemap/>
                            <logtimefmt/>
                            <preprocessing>
                                <step>
                                    <type>10</type>
                                    <params/>
                                </step>
                            </preprocessing>
                            <jmx_endpoint/>
                            <application_prototypes/>
                            <master_item_prototype/>
                        </item_prototype>
                        <item_prototype>
                            <name>openvpn user_status openvpn {#VPNUSER}</name>
                            <type>0</type>
                            <snmp_community/>
                            <snmp_oid/>
                            <key>user_status.allopenvpn[{HOST.HOST},{#VPNUSER}]</key>
                            <delay>30s</delay>
                            <history>90d</history>
                            <trends>365d</trends>
                            <status>0</status>
                            <value_type>3</value_type>
                            <allowed_hosts/>
                            <units/>
                            <snmpv3_contextname/>
                            <snmpv3_securityname/>
                            <snmpv3_securitylevel>0</snmpv3_securitylevel>
                            <snmpv3_authprotocol>0</snmpv3_authprotocol>
                            <snmpv3_authpassphrase/>
                            <snmpv3_privprotocol>0</snmpv3_privprotocol>
                            <snmpv3_privpassphrase/>
                            <params/>
                            <ipmi_sensor/>
                            <authtype>0</authtype>
                            <username/>
                            <password/>
                            <publickey/>
                            <privatekey/>
                            <port/>
                            <description/>
                            <inventory_link>0</inventory_link>
                            <applications>
                                <application>
                                    <name>OpenVPN-status</name>
                                </application>
                            </applications>
                            <valuemap/>
                            <logtimefmt/>
                            <preprocessing/>
                            <jmx_endpoint/>
                            <application_prototypes/>
                            <master_item_prototype/>
                        </item_prototype>
                    </item_prototypes>
                    <trigger_prototypes/>
                    <graph_prototypes>
                        <graph_prototype>
                            <name>openvpn all byte_sent/received {#VPNUSER}</name>
                            <width>900</width>
                            <height>200</height>
                            <yaxismin>0.0000</yaxismin>
                            <yaxismax>100.0000</yaxismax>
                            <show_work_period>1</show_work_period>
                            <show_triggers>1</show_triggers>
                            <type>0</type>
                            <show_legend>1</show_legend>
                            <show_3d>0</show_3d>
                            <percent_left>0.0000</percent_left>
                            <percent_right>0.0000</percent_right>
                            <ymin_type_1>0</ymin_type_1>
                            <ymax_type_1>0</ymax_type_1>
                            <ymin_item_1>0</ymin_item_1>
                            <ymax_item_1>0</ymax_item_1>
                            <graph_items>
                                <graph_item>
                                    <sortorder>0</sortorder>
                                    <drawtype>5</drawtype>
                                    <color>1A7C11</color>
                                    <yaxisside>0</yaxisside>
                                    <calc_fnc>2</calc_fnc>
                                    <type>0</type>
                                    <item>
                                        <host>Dynamic Add OpenVPN - Services</host>
                                        <key>user_byte_received.allopenvpn[{HOST.HOST},{#VPNUSER}]</key>
                                    </item>
                                </graph_item>
                                <graph_item>
                                    <sortorder>1</sortorder>
                                    <drawtype>5</drawtype>
                                    <color>F63100</color>
                                    <yaxisside>0</yaxisside>
                                    <calc_fnc>2</calc_fnc>
                                    <type>0</type>
                                    <item>
                                        <host>Dynamic Add OpenVPN - Services</host>
                                        <key>user_byte_sent.allopenvpn[{HOST.HOST},{#VPNUSER}]</key>
                                    </item>
                                </graph_item>
                            </graph_items>
                        </graph_prototype>
                        <graph_prototype>
                            <name>OpenVPN all Status {#VPNUSER}</name>
                            <width>900</width>
                            <height>200</height>
                            <yaxismin>0.0000</yaxismin>
                            <yaxismax>100.0000</yaxismax>
                            <show_work_period>1</show_work_period>
                            <show_triggers>1</show_triggers>
                            <type>0</type>
                            <show_legend>1</show_legend>
                            <show_3d>0</show_3d>
                            <percent_left>0.0000</percent_left>
                            <percent_right>0.0000</percent_right>
                            <ymin_type_1>0</ymin_type_1>
                            <ymax_type_1>0</ymax_type_1>
                            <ymin_item_1>0</ymin_item_1>
                            <ymax_item_1>0</ymax_item_1>
                            <graph_items>
                                <graph_item>
                                    <sortorder>0</sortorder>
                                    <drawtype>0</drawtype>
                                    <color>1A7C11</color>
                                    <yaxisside>0</yaxisside>
                                    <calc_fnc>2</calc_fnc>
                                    <type>0</type>
                                    <item>
                                        <host>Dynamic Add OpenVPN - Services</host>
                                        <key>user_status.allopenvpn[{HOST.HOST},{#VPNUSER}]</key>
                                    </item>
                                </graph_item>
                            </graph_items>
                        </graph_prototype>
                    </graph_prototypes>
                    <host_prototypes/>
                    <jmx_endpoint/>
                </discovery_rule>
            </discovery_rules>
            <httptests/>
            <macros/>
            <templates/>
            <screens/>
        </template>
        <template>
            <template>OpenVPN Server - All Servers</template>
            <name>OpenVPN Server - All Servers</name>
            <description/>
            <groups>
                <group>
                    <name>Templates</name>
                </group>
            </groups>
            <applications/>
            <items/>
            <discovery_rules>
                <discovery_rule>
                    <name>openvpn list server to dunamiс host</name>
                    <type>0</type>
                    <snmp_community/>
                    <snmp_oid/>
                    <key>discovery.allopenvpn</key>
                    <delay>1h</delay>
                    <status>0</status>
                    <allowed_hosts/>
                    <snmpv3_contextname/>
                    <snmpv3_securityname/>
                    <snmpv3_securitylevel>0</snmpv3_securitylevel>
                    <snmpv3_authprotocol>0</snmpv3_authprotocol>
                    <snmpv3_authpassphrase/>
                    <snmpv3_privprotocol>0</snmpv3_privprotocol>
                    <snmpv3_privpassphrase/>
                    <params/>
                    <ipmi_sensor/>
                    <authtype>0</authtype>
                    <username/>
                    <password/>
                    <publickey/>
                    <privatekey/>
                    <port/>
                    <filter>
                        <evaltype>0</evaltype>
                        <formula/>
                        <conditions/>
                    </filter>
                    <lifetime>1d</lifetime>
                    <description/>
                    <item_prototypes/>
                    <trigger_prototypes/>
                    <graph_prototypes/>
                    <host_prototypes>
                        <host_prototype>
                            <host>{#VPNSERNAME}</host>
                            <name>{#VPNSERNAME}</name>
                            <status>0</status>
                            <group_links>
                                <group_link>
                                    <group>
                                        <name>OpenVPN-All-services</name>
                                    </group>
                                </group_link>
                            </group_links>
                            <group_prototypes/>
                            <templates>
                                <template>
                                    <name>Dynamic Add OpenVPN - Services</name>
                                </template>
                            </templates>
                        </host_prototype>
                    </host_prototypes>
                    <jmx_endpoint/>
                </discovery_rule>
            </discovery_rules>
            <httptests/>
            <macros/>
            <templates/>
            <screens/>
        </template>
    </templates>
</zabbix_export>
