<?xml version="1.0" encoding="UTF-8"?>
<zabbix_export>
    <version>4.4</version>
    <date>2019-11-26T15:25:48Z</date>
    <groups>
        <group>
            <name>Templates</name>
        </group>
    </groups>
    <templates>
        <template>
            <template>Template Backup Exec Server</template>
            <name>Template Backup Exec Server</name>
            <description>Veritas/Simantec Backup Exec Server template for Zabbix 4.4&#13;
All checks executes with T-SQL, so you must configure Zabbix to use FreeTDS for MS SQL Server.&#13;
Backup Jobs ODBC LLD rules:&#13;
- Backup Exec Windows Service&#13;
- Backup Exec Jobs Discovery&#13;
&#13;
Macroses {$BE.USER} and {$BE.PASSWORD} must be set on template or host level before usage. These are username and password to connect to BEDB database.&#13;
&#13;
LLD returns {#JOB.TYPE} macros, containig 'FULL' or 'INCR' string to determine backup job type.&#13;
On database level it's:&#13;
16777216, 20971520 - INCR&#13;
16973824 - FULL&#13;
&#13;
The template contains Disabled item, retrieves events with id 34113 from eventlog about failed jobs. It's disabled because of I don't know how to implement OK event generation.</description>
            <groups>
                <group>
                    <name>Templates</name>
                </group>
            </groups>
            <applications>
                <application>
                    <name>Backup Exec Log</name>
                </application>
                <application>
                    <name>Backup Exec Services</name>
                </application>
                <application>
                    <name>Zabbix raw data</name>
                </application>
            </applications>
            <items>
                <item>
                    <name>Raw be jobs data</name>
                    <type>ODBC</type>
                    <key>db.odbc.get[all.josb.satus,{HOST.NAME}]</key>
                    <delay>5m</delay>
                    <history>1d</history>
                    <trends>0</trends>
                    <value_type>TEXT</value_type>
                    <params>SELECT&#13;
	j.JobID AS 'id',&#13;
	j.JobName AS 'name',&#13;
	IIF (j.JobRunFlags IN (16777216, 20971520), 'incr', 'full') as 'type',&#13;
	js2.FinalJobStatus AS 'status',&#13;
	ISNULL(js2.TotalDataSizeBytes, 0) AS 'bytes'&#13;
FROM  (&#13;
	SELECT JobID, MAX(EndTime) AS EndTime&#13;
	FROM BEDB.dbo.vwJobHistorySummary GROUP BY JobID&#13;
) AS js&#13;
JOIN BEDB.dbo.vwJobHistorySummary AS js2 ON js.JobID = js2.JobID AND js.EndTime = js2.EndTime&#13;
JOIN (&#13;
	SELECT JobID, JobName, JobRunFlags FROM BEDB.dbo.vwJobs WHERE LastNewJob = '0' AND CurrentStatus NOT IN ('5', '20')&#13;
) AS j&#13;
ON (js.JobID = j.JobID)</params>
                    <username>{$BE.USER}</username>
                    <password>{$BE.PASSWORD}</password>
                    <description>All backup jobs data in JSON</description>
                    <applications>
                        <application>
                            <name>Zabbix raw data</name>
                        </application>
                    </applications>
                </item>
                <item>
                    <name>Backup Exec Application Log</name>
                    <type>ZABBIX_ACTIVE</type>
                    <key>eventlog[Application,,&quot;Information|Error|Critical&quot;,&quot;Backup Exec&quot;,&quot;58064|34113&quot;]</key>
                    <delay>1s</delay>
                    <history>{$HISTORY}</history>
                    <trends>0</trends>
                    <value_type>LOG</value_type>
                    <description>Retrieve events from &quot;Backup Exec&quot; source of Application Log.</description>
                    <applications>
                        <application>
                            <name>Backup Exec Log</name>
                        </application>
                    </applications>
                    <triggers>
                        <trigger>
                            <expression>{logeventid(58064)}=1</expression>
                            <recovery_mode>RECOVERY_EXPRESSION</recovery_mode>
                            <recovery_expression>{nodata(3h)}=1</recovery_expression>
                            <name>{{ITEM.VALUE}.regsub(&quot;[.\s\S]*\(Job: \&quot;(.*)\&quot;\) (Please insert (?:overwritable )?media(?: \'.*\')?)[.\S\s]*&quot;, &quot;Backup job '\1' reports: '\2'&quot;)}</name>
                            <priority>WARNING</priority>
                            <description>{ITEM.VALUE}</description>
                            <manual_close>YES</manual_close>
                            <tags>
                                <tag>
                                    <tag>be</tag>
                                    <value>media insert</value>
                                </tag>
                            </tags>
                        </trigger>
                        <trigger>
                            <expression>{logeventid(34113)}=1</expression>
                            <name>{{ITEM.VALUE}.regsub(&quot;[.\s\S]*\(Job: \&quot;(.*)\&quot;\).*-- The job failed with the following error: (.*)[.\S\s]*&quot;, &quot;Backup job '\1' failed&quot;)}</name>
                            <status>DISABLED</status>
                            <priority>AVERAGE</priority>
                            <description>{{ITEM.VALUE}.regsub(&quot;[.\s\S]*\(Job: \&quot;(.*)\&quot;\).*-- The job failed with the following error: (.*)[.\S\s]*&quot;, &quot;Job '\1' failed with error '\2'&quot;)}</description>
                            <manual_close>YES</manual_close>
                            <tags>
                                <tag>
                                    <tag>be</tag>
                                    <value>job failed</value>
                                </tag>
                            </tags>
                        </trigger>
                    </triggers>
                </item>
            </items>
            <discovery_rules>
                <discovery_rule>
                    <name>Backup Exec Jobs Discovery</name>
                    <type>DEPENDENT</type>
                    <key>be.jobs.discovery</key>
                    <delay>0</delay>
                    <lifetime>7d</lifetime>
                    <item_prototypes>
                        <item_prototype>
                            <name>{#JOB.NAME} bytes received</name>
                            <type>DEPENDENT</type>
                            <key>be.job.bytes[&quot;{#JOB.ID}&quot;]</key>
                            <delay>0</delay>
                            <history>{$HISTORY}</history>
                            <trends>0</trends>
                            <units>B</units>
                            <description>Total received bytes of {#JOB.NAME}&#13;
&#13;
ID: {#JOB.ID}&#13;
Type: {#JOB.TYPE}</description>
                            <application_prototypes>
                                <application_prototype>
                                    <name>BE Job: {#JOB.NAME}</name>
                                </application_prototype>
                            </application_prototypes>
                            <valuemap>
                                <name>Backup Exec Job Status</name>
                            </valuemap>
                            <preprocessing>
                                <step>
                                    <type>JSONPATH</type>
                                    <params>$.[?(@.id == '{#JOB.ID}')].bytes.first()</params>
                                </step>
                            </preprocessing>
                            <master_item>
                                <key>db.odbc.get[all.josb.satus,{HOST.NAME}]</key>
                            </master_item>
                        </item_prototype>
                        <item_prototype>
                            <name>{#JOB.NAME} status</name>
                            <type>DEPENDENT</type>
                            <key>be.job.status[&quot;{#JOB.ID}&quot;]</key>
                            <delay>0</delay>
                            <history>{$HISTORY}</history>
                            <trends>0</trends>
                            <description>Final job status of job {#JOB.NAME}&#13;
&#13;
ID: {#JOB.ID}&#13;
Type: {#JOB.TYPE}</description>
                            <application_prototypes>
                                <application_prototype>
                                    <name>BE Job: {#JOB.NAME}</name>
                                </application_prototype>
                            </application_prototypes>
                            <valuemap>
                                <name>Backup Exec Job Status</name>
                            </valuemap>
                            <preprocessing>
                                <step>
                                    <type>JSONPATH</type>
                                    <params>$.[?(@.id == '{#JOB.ID}')].status.first()</params>
                                </step>
                            </preprocessing>
                            <master_item>
                                <key>db.odbc.get[all.josb.satus,{HOST.NAME}]</key>
                            </master_item>
                            <trigger_prototypes>
                                <trigger_prototype>
                                    <expression>{last()}&lt;&gt;0 and {last()}&lt;&gt;19 and {last()}&lt;&gt;16</expression>
                                    <name>Backup job {#JOB.NAME} completed with errors</name>
                                    <opdata>Status: {ITEM.LASTVALUE}</opdata>
                                    <priority>WARNING</priority>
                                    <description>Backup Job {#JOB.NAME} finished with status: {ITEM.VALUE}</description>
                                    <tags>
                                        <tag>
                                            <tag>job</tag>
                                            <value>{#JOB.NAME}</value>
                                        </tag>
                                        <tag>
                                            <tag>job type</tag>
                                            <value>{#JOB.TYPE}</value>
                                        </tag>
                                    </tags>
                                </trigger_prototype>
                            </trigger_prototypes>
                        </item_prototype>
                    </item_prototypes>
                    <master_item>
                        <key>db.odbc.get[all.josb.satus,{HOST.NAME}]</key>
                    </master_item>
                    <lld_macro_paths>
                        <lld_macro_path>
                            <lld_macro>{#JOB.ID}</lld_macro>
                            <path>$.id</path>
                        </lld_macro_path>
                        <lld_macro_path>
                            <lld_macro>{#JOB.NAME}</lld_macro>
                            <path>$.name</path>
                        </lld_macro_path>
                        <lld_macro_path>
                            <lld_macro>{#JOB.TYPE}</lld_macro>
                            <path>$.type</path>
                        </lld_macro_path>
                    </lld_macro_paths>
                    <preprocessing>
                        <step>
                            <type>DISCARD_UNCHANGED_HEARTBEAT</type>
                            <params>1h</params>
                        </step>
                    </preprocessing>
                </discovery_rule>
                <discovery_rule>
                    <name>Backup Exec Services</name>
                    <type>ZABBIX_ACTIVE</type>
                    <key>service.discovery</key>
                    <delay>1h</delay>
                    <filter>
                        <conditions>
                            <condition>
                                <macro>{#SERVICE.NAME}</macro>
                                <value>^BackupExec|bedbg</value>
                                <formulaid>A</formulaid>
                            </condition>
                            <condition>
                                <macro>{#SERVICE.STARTUP}</macro>
                                <value>0</value>
                                <formulaid>B</formulaid>
                            </condition>
                        </conditions>
                    </filter>
                    <lifetime>7d</lifetime>
                    <description>Discovery Backup Exec Services.</description>
                    <item_prototypes>
                        <item_prototype>
                            <name>Service {#SERVICE.NAME} status</name>
                            <type>ZABBIX_ACTIVE</type>
                            <key>service.info[{#SERVICE.NAME}]</key>
                            <history>{$HISTORY}</history>
                            <trends>0</trends>
                            <description>Состояние службы {#SERVICE.NAME}&#13;
&#13;
Отображаемое имя: {#SERVICE.DISPLAYNAME}&#13;
Описание: {#SERVICE.DESCRIPTION}</description>
                            <applications>
                                <application>
                                    <name>Backup Exec Services</name>
                                </application>
                            </applications>
                            <valuemap>
                                <name>Windows service state</name>
                            </valuemap>
                            <request_method>POST</request_method>
                            <trigger_prototypes>
                                <trigger_prototype>
                                    <expression>{min(#3)}&lt;&gt;0</expression>
                                    <name>Service {#SERVICE.NAME} not in running state</name>
                                    <opdata>Service state: {ITEM.LASTVALUE}</opdata>
                                    <priority>WARNING</priority>
                                    <description>Windows service {#SERVICE.NAME} ({#SERVICE.DISPLAYNAME}) not in running state.</description>
                                    <tags>
                                        <tag>
                                            <tag>win svc</tag>
                                            <value>{ITEM.VALUE}</value>
                                        </tag>
                                    </tags>
                                </trigger_prototype>
                            </trigger_prototypes>
                        </item_prototype>
                    </item_prototypes>
                    <request_method>POST</request_method>
                </discovery_rule>
            </discovery_rules>
            <tags>
                <tag>
                    <tag>app</tag>
                    <value>be</value>
                </tag>
                <tag>
                    <tag>service</tag>
                    <value>backup</value>
                </tag>
            </tags>
            <macros>
                <macro>
                    <macro>{$BE.PASSWORD}</macro>
                    <value>PASSWORD</value>
                    <description>Backup Exec user password</description>
                </macro>
                <macro>
                    <macro>{$BE.USER}</macro>
                    <value>USERNAME</value>
                    <description>Backup Exec user name</description>
                </macro>
                <macro>
                    <macro>{$HISTORY}</macro>
                    <value>14d</value>
                    <description>History storage period</description>
                </macro>
                <macro>
                    <macro>{$TRENDS}</macro>
                    <value>180d</value>
                    <description>Trends storage period</description>
                </macro>
            </macros>
        </template>
    </templates>
    <value_maps>
        <value_map>
            <name>Backup Exec Job Status</name>
            <mappings>
                <mapping>
                    <value>1</value>
                    <newvalue>Terminated because canceled</newvalue>
                </mapping>
                <mapping>
                    <value>2</value>
                    <newvalue>Completed waiting for final disposition</newvalue>
                </mapping>
                <mapping>
                    <value>3</value>
                    <newvalue>Completed with exceptions</newvalue>
                </mapping>
                <mapping>
                    <value>4</value>
                    <newvalue>Dispatched</newvalue>
                </mapping>
                <mapping>
                    <value>5</value>
                    <newvalue>On hold</newvalue>
                </mapping>
                <mapping>
                    <value>6</value>
                    <newvalue>Completed with an error</newvalue>
                </mapping>
                <mapping>
                    <value>7</value>
                    <newvalue>Schedule invalid</newvalue>
                </mapping>
                <mapping>
                    <value>8</value>
                    <newvalue>Invalid Time Window</newvalue>
                </mapping>
                <mapping>
                    <value>9</value>
                    <newvalue>Missed</newvalue>
                </mapping>
                <mapping>
                    <value>10</value>
                    <newvalue>Missed</newvalue>
                </mapping>
                <mapping>
                    <value>11</value>
                    <newvalue>Paused</newvalue>
                </mapping>
                <mapping>
                    <value>12</value>
                    <newvalue>Pending</newvalue>
                </mapping>
                <mapping>
                    <value>13</value>
                    <newvalue>Recovered</newvalue>
                </mapping>
                <mapping>
                    <value>14</value>
                    <newvalue>Resource Disabled</newvalue>
                </mapping>
                <mapping>
                    <value>15</value>
                    <newvalue>Resumed</newvalue>
                </mapping>
                <mapping>
                    <value>16</value>
                    <newvalue>Running</newvalue>
                </mapping>
                <mapping>
                    <value>17</value>
                    <newvalue>Ready</newvalue>
                </mapping>
                <mapping>
                    <value>18</value>
                    <newvalue>Scheduled</newvalue>
                </mapping>
                <mapping>
                    <value>19</value>
                    <newvalue>Completed successfully</newvalue>
                </mapping>
                <mapping>
                    <value>20</value>
                    <newvalue>Superceded</newvalue>
                </mapping>
                <mapping>
                    <value>21</value>
                    <newvalue>Abort (Time)</newvalue>
                </mapping>
                <mapping>
                    <value>22</value>
                    <newvalue>To Be Scheduled</newvalue>
                </mapping>
                <mapping>
                    <value>23</value>
                    <newvalue>Linked to another job</newvalue>
                </mapping>
                <mapping>
                    <value>24</value>
                    <newvalue>UNKNOWN</newvalue>
                </mapping>
                <mapping>
                    <value>25</value>
                    <newvalue>Blocked by Template Rule</newvalue>
                </mapping>
            </mappings>
        </value_map>
        <value_map>
            <name>Windows service state</name>
            <mappings>
                <mapping>
                    <value>0</value>
                    <newvalue>Running</newvalue>
                </mapping>
                <mapping>
                    <value>1</value>
                    <newvalue>Paused</newvalue>
                </mapping>
                <mapping>
                    <value>2</value>
                    <newvalue>Start pending</newvalue>
                </mapping>
                <mapping>
                    <value>3</value>
                    <newvalue>Pause pending</newvalue>
                </mapping>
                <mapping>
                    <value>4</value>
                    <newvalue>Continue pending</newvalue>
                </mapping>
                <mapping>
                    <value>5</value>
                    <newvalue>Stop pending</newvalue>
                </mapping>
                <mapping>
                    <value>6</value>
                    <newvalue>Stopped</newvalue>
                </mapping>
                <mapping>
                    <value>7</value>
                    <newvalue>Unknown</newvalue>
                </mapping>
                <mapping>
                    <value>255</value>
                    <newvalue>No such service</newvalue>
                </mapping>
            </mappings>
        </value_map>
    </value_maps>
</zabbix_export>
