<?xml version="1.0" encoding="UTF-8"?>
<zabbix_export>
    <version>4.4</version>
    <date>2020-01-21T08:48:58Z</date>
    <value_maps>
        <value_map>
            <name>Fujitsu RX FAN Status</name>
            <mappings>
                <mapping>
                    <value>1</value>
                    <newvalue>unknown</newvalue>
                </mapping>
                <mapping>
                    <value>2</value>
                    <newvalue>disabled</newvalue>
                </mapping>
                <mapping>
                    <value>3</value>
                    <newvalue>ok</newvalue>
                </mapping>
                <mapping>
                    <value>4</value>
                    <newvalue>failed</newvalue>
                </mapping>
                <mapping>
                    <value>5</value>
                    <newvalue>prefailure-predicted</newvalue>
                </mapping>
                <mapping>
                    <value>6</value>
                    <newvalue>redundant-fan-failed</newvalue>
                </mapping>
                <mapping>
                    <value>7</value>
                    <newvalue>not-manageable</newvalue>
                </mapping>
                <mapping>
                    <value>8</value>
                    <newvalue>not-present</newvalue>
                </mapping>
            </mappings>
        </value_map>
        <value_map>
            <name>Fujitsu RX PSU Status</name>
            <mappings>
                <mapping>
                    <value>1</value>
                    <newvalue>unknown</newvalue>
                </mapping>
                <mapping>
                    <value>2</value>
                    <newvalue>not-present</newvalue>
                </mapping>
                <mapping>
                    <value>3</value>
                    <newvalue>ok</newvalue>
                </mapping>
                <mapping>
                    <value>4</value>
                    <newvalue>failed</newvalue>
                </mapping>
                <mapping>
                    <value>5</value>
                    <newvalue>ac-fail</newvalue>
                </mapping>
                <mapping>
                    <value>6</value>
                    <newvalue>dc-fail</newvalue>
                </mapping>
                <mapping>
                    <value>7</value>
                    <newvalue>critical-temperature</newvalue>
                </mapping>
                <mapping>
                    <value>8</value>
                    <newvalue>not-manageable</newvalue>
                </mapping>
                <mapping>
                    <value>9</value>
                    <newvalue>fan-failure-predicted</newvalue>
                </mapping>
                <mapping>
                    <value>10</value>
                    <newvalue>fan-failure</newvalue>
                </mapping>
                <mapping>
                    <value>11</value>
                    <newvalue>power-safe-mode</newvalue>
                </mapping>
                <mapping>
                    <value>12</value>
                    <newvalue>non-redundant-dc-fail</newvalue>
                </mapping>
                <mapping>
                    <value>13</value>
                    <newvalue>non-redundant-ac-fail</newvalue>
                </mapping>
            </mappings>
        </value_map>
        <value_map>
            <name>Fujitsu RX Voltage Status</name>
            <mappings>
                <mapping>
                    <value>1</value>
                    <newvalue>unknown</newvalue>
                </mapping>
                <mapping>
                    <value>2</value>
                    <newvalue>not-available</newvalue>
                </mapping>
                <mapping>
                    <value>3</value>
                    <newvalue>ok</newvalue>
                </mapping>
                <mapping>
                    <value>4</value>
                    <newvalue>too-low</newvalue>
                </mapping>
                <mapping>
                    <value>5</value>
                    <newvalue>too-high</newvalue>
                </mapping>
                <mapping>
                    <value>6</value>
                    <newvalue>out-of-range</newvalue>
                </mapping>
                <mapping>
                    <value>7</value>
                    <newvalue>warning</newvalue>
                </mapping>
            </mappings>
        </value_map>
        <value_map>
            <name>RX2540</name>
            <mappings>
                <mapping>
                    <value>1</value>
                    <newvalue>Ok</newvalue>
                </mapping>
                <mapping>
                    <value>6</value>
                    <newvalue>notPresent</newvalue>
                </mapping>
            </mappings>
        </value_map>
    </value_maps>
</zabbix_export>
