<?xml version="1.0" encoding="UTF-8"?>
<zabbix_export>
    <version>3.4</version>
    <date>2018-04-07T07:30:40Z</date>
    <groups>
        <group>
            <name>Templates/Operating Systems</name>
        </group>
    </groups>
    <templates>
        <template>
            <template>Template OS Linux - Plus</template>
            <name>Template OS Linux - Plus</name>
            <description>Ver 1.0 New.&#13;
Ver 1.1 Add folder usage graph prototype in host screen.&#13;
Ver 1.2 Remove graph prototype from Host screen added in Ver 1.1</description>
            <groups>
                <group>
                    <name>Templates/Operating Systems</name>
                </group>
            </groups>
            <applications>
                <application>
                    <name>CPU - Dependent items</name>
                </application>
                <application>
                    <name>Memory - Dependent items</name>
                </application>
            </applications>
            <items>
                <item>
                    <name>CPU - idle</name>
                    <type>18</type>
                    <snmp_community/>
                    <snmp_oid/>
                    <key>linux.cpu.idle</key>
                    <delay>0</delay>
                    <history>7d</history>
                    <trends>90d</trends>
                    <status>0</status>
                    <value_type>3</value_type>
                    <allowed_hosts/>
                    <units>%</units>
                    <snmpv3_contextname/>
                    <snmpv3_securityname/>
                    <snmpv3_securitylevel>0</snmpv3_securitylevel>
                    <snmpv3_authprotocol>0</snmpv3_authprotocol>
                    <snmpv3_authpassphrase/>
                    <snmpv3_privprotocol>0</snmpv3_privprotocol>
                    <snmpv3_privpassphrase/>
                    <params/>
                    <ipmi_sensor/>
                    <authtype>0</authtype>
                    <username/>
                    <password/>
                    <publickey/>
                    <privatekey/>
                    <port/>
                    <description/>
                    <inventory_link>0</inventory_link>
                    <applications>
                        <application>
                            <name>CPU - Dependent items</name>
                        </application>
                    </applications>
                    <valuemap/>
                    <logtimefmt/>
                    <preprocessing>
                        <step>
                            <type>12</type>
                            <params>$.CPU_IDLE</params>
                        </step>
                    </preprocessing>
                    <jmx_endpoint/>
                    <master_item>
                        <key>linux.cpu.master</key>
                    </master_item>
                </item>
                <item>
                    <name>CPU - iowait</name>
                    <type>18</type>
                    <snmp_community/>
                    <snmp_oid/>
                    <key>linux.cpu.iowait</key>
                    <delay>0</delay>
                    <history>7d</history>
                    <trends>90d</trends>
                    <status>0</status>
                    <value_type>3</value_type>
                    <allowed_hosts/>
                    <units>%</units>
                    <snmpv3_contextname/>
                    <snmpv3_securityname/>
                    <snmpv3_securitylevel>0</snmpv3_securitylevel>
                    <snmpv3_authprotocol>0</snmpv3_authprotocol>
                    <snmpv3_authpassphrase/>
                    <snmpv3_privprotocol>0</snmpv3_privprotocol>
                    <snmpv3_privpassphrase/>
                    <params/>
                    <ipmi_sensor/>
                    <authtype>0</authtype>
                    <username/>
                    <password/>
                    <publickey/>
                    <privatekey/>
                    <port/>
                    <description/>
                    <inventory_link>0</inventory_link>
                    <applications>
                        <application>
                            <name>CPU - Dependent items</name>
                        </application>
                    </applications>
                    <valuemap/>
                    <logtimefmt/>
                    <preprocessing>
                        <step>
                            <type>12</type>
                            <params>$.CPU_IOWAIT</params>
                        </step>
                    </preprocessing>
                    <jmx_endpoint/>
                    <master_item>
                        <key>linux.cpu.master</key>
                    </master_item>
                </item>
                <item>
                    <name>CPU master item</name>
                    <type>0</type>
                    <snmp_community/>
                    <snmp_oid/>
                    <key>linux.cpu.master</key>
                    <delay>60s</delay>
                    <history>1d</history>
                    <trends>0</trends>
                    <status>0</status>
                    <value_type>4</value_type>
                    <allowed_hosts/>
                    <units/>
                    <snmpv3_contextname/>
                    <snmpv3_securityname/>
                    <snmpv3_securitylevel>0</snmpv3_securitylevel>
                    <snmpv3_authprotocol>0</snmpv3_authprotocol>
                    <snmpv3_authpassphrase/>
                    <snmpv3_privprotocol>0</snmpv3_privprotocol>
                    <snmpv3_privpassphrase/>
                    <params/>
                    <ipmi_sensor/>
                    <authtype>0</authtype>
                    <username/>
                    <password/>
                    <publickey/>
                    <privatekey/>
                    <port/>
                    <description/>
                    <inventory_link>0</inventory_link>
                    <applications>
                        <application>
                            <name>CPU - Dependent items</name>
                        </application>
                    </applications>
                    <valuemap/>
                    <logtimefmt/>
                    <preprocessing/>
                    <jmx_endpoint/>
                    <master_item/>
                </item>
                <item>
                    <name>CPU - steal</name>
                    <type>18</type>
                    <snmp_community/>
                    <snmp_oid/>
                    <key>linux.cpu.steal</key>
                    <delay>0</delay>
                    <history>7d</history>
                    <trends>90d</trends>
                    <status>0</status>
                    <value_type>3</value_type>
                    <allowed_hosts/>
                    <units>%</units>
                    <snmpv3_contextname/>
                    <snmpv3_securityname/>
                    <snmpv3_securitylevel>0</snmpv3_securitylevel>
                    <snmpv3_authprotocol>0</snmpv3_authprotocol>
                    <snmpv3_authpassphrase/>
                    <snmpv3_privprotocol>0</snmpv3_privprotocol>
                    <snmpv3_privpassphrase/>
                    <params/>
                    <ipmi_sensor/>
                    <authtype>0</authtype>
                    <username/>
                    <password/>
                    <publickey/>
                    <privatekey/>
                    <port/>
                    <description/>
                    <inventory_link>0</inventory_link>
                    <applications>
                        <application>
                            <name>CPU - Dependent items</name>
                        </application>
                    </applications>
                    <valuemap/>
                    <logtimefmt/>
                    <preprocessing>
                        <step>
                            <type>12</type>
                            <params>$.CPU_STEAL</params>
                        </step>
                    </preprocessing>
                    <jmx_endpoint/>
                    <master_item>
                        <key>linux.cpu.master</key>
                    </master_item>
                </item>
                <item>
                    <name>CPU - system</name>
                    <type>18</type>
                    <snmp_community/>
                    <snmp_oid/>
                    <key>linux.cpu.system</key>
                    <delay>0</delay>
                    <history>7d</history>
                    <trends>90d</trends>
                    <status>0</status>
                    <value_type>3</value_type>
                    <allowed_hosts/>
                    <units>%</units>
                    <snmpv3_contextname/>
                    <snmpv3_securityname/>
                    <snmpv3_securitylevel>0</snmpv3_securitylevel>
                    <snmpv3_authprotocol>0</snmpv3_authprotocol>
                    <snmpv3_authpassphrase/>
                    <snmpv3_privprotocol>0</snmpv3_privprotocol>
                    <snmpv3_privpassphrase/>
                    <params/>
                    <ipmi_sensor/>
                    <authtype>0</authtype>
                    <username/>
                    <password/>
                    <publickey/>
                    <privatekey/>
                    <port/>
                    <description/>
                    <inventory_link>0</inventory_link>
                    <applications>
                        <application>
                            <name>CPU - Dependent items</name>
                        </application>
                    </applications>
                    <valuemap/>
                    <logtimefmt/>
                    <preprocessing>
                        <step>
                            <type>12</type>
                            <params>$.CPU_SYSTEM</params>
                        </step>
                    </preprocessing>
                    <jmx_endpoint/>
                    <master_item>
                        <key>linux.cpu.master</key>
                    </master_item>
                </item>
                <item>
                    <name>CPU - user</name>
                    <type>18</type>
                    <snmp_community/>
                    <snmp_oid/>
                    <key>linux.cpu.user</key>
                    <delay>0</delay>
                    <history>7d</history>
                    <trends>90d</trends>
                    <status>0</status>
                    <value_type>3</value_type>
                    <allowed_hosts/>
                    <units>%</units>
                    <snmpv3_contextname/>
                    <snmpv3_securityname/>
                    <snmpv3_securitylevel>0</snmpv3_securitylevel>
                    <snmpv3_authprotocol>0</snmpv3_authprotocol>
                    <snmpv3_authpassphrase/>
                    <snmpv3_privprotocol>0</snmpv3_privprotocol>
                    <snmpv3_privpassphrase/>
                    <params/>
                    <ipmi_sensor/>
                    <authtype>0</authtype>
                    <username/>
                    <password/>
                    <publickey/>
                    <privatekey/>
                    <port/>
                    <description/>
                    <inventory_link>0</inventory_link>
                    <applications>
                        <application>
                            <name>CPU - Dependent items</name>
                        </application>
                    </applications>
                    <valuemap/>
                    <logtimefmt/>
                    <preprocessing>
                        <step>
                            <type>12</type>
                            <params>$.CPU_USER</params>
                        </step>
                    </preprocessing>
                    <jmx_endpoint/>
                    <master_item>
                        <key>linux.cpu.master</key>
                    </master_item>
                </item>
                <item>
                    <name>Memory - buffers</name>
                    <type>18</type>
                    <snmp_community/>
                    <snmp_oid/>
                    <key>linux.memory.buffers</key>
                    <delay>0</delay>
                    <history>7d</history>
                    <trends>90d</trends>
                    <status>0</status>
                    <value_type>3</value_type>
                    <allowed_hosts/>
                    <units>B</units>
                    <snmpv3_contextname/>
                    <snmpv3_securityname/>
                    <snmpv3_securitylevel>0</snmpv3_securitylevel>
                    <snmpv3_authprotocol>0</snmpv3_authprotocol>
                    <snmpv3_authpassphrase/>
                    <snmpv3_privprotocol>0</snmpv3_privprotocol>
                    <snmpv3_privpassphrase/>
                    <params/>
                    <ipmi_sensor/>
                    <authtype>0</authtype>
                    <username/>
                    <password/>
                    <publickey/>
                    <privatekey/>
                    <port/>
                    <description/>
                    <inventory_link>0</inventory_link>
                    <applications>
                        <application>
                            <name>Memory - Dependent items</name>
                        </application>
                    </applications>
                    <valuemap/>
                    <logtimefmt/>
                    <preprocessing>
                        <step>
                            <type>12</type>
                            <params>$.MEM_BUFFERS</params>
                        </step>
                        <step>
                            <type>1</type>
                            <params>1024</params>
                        </step>
                    </preprocessing>
                    <jmx_endpoint/>
                    <master_item>
                        <key>linux.memory.master</key>
                    </master_item>
                </item>
                <item>
                    <name>Memory - cached</name>
                    <type>18</type>
                    <snmp_community/>
                    <snmp_oid/>
                    <key>linux.memory.cached</key>
                    <delay>0</delay>
                    <history>7d</history>
                    <trends>90d</trends>
                    <status>0</status>
                    <value_type>3</value_type>
                    <allowed_hosts/>
                    <units>B</units>
                    <snmpv3_contextname/>
                    <snmpv3_securityname/>
                    <snmpv3_securitylevel>0</snmpv3_securitylevel>
                    <snmpv3_authprotocol>0</snmpv3_authprotocol>
                    <snmpv3_authpassphrase/>
                    <snmpv3_privprotocol>0</snmpv3_privprotocol>
                    <snmpv3_privpassphrase/>
                    <params/>
                    <ipmi_sensor/>
                    <authtype>0</authtype>
                    <username/>
                    <password/>
                    <publickey/>
                    <privatekey/>
                    <port/>
                    <description/>
                    <inventory_link>0</inventory_link>
                    <applications>
                        <application>
                            <name>Memory - Dependent items</name>
                        </application>
                    </applications>
                    <valuemap/>
                    <logtimefmt/>
                    <preprocessing>
                        <step>
                            <type>12</type>
                            <params>$.MEM_CACHED</params>
                        </step>
                        <step>
                            <type>1</type>
                            <params>1024</params>
                        </step>
                    </preprocessing>
                    <jmx_endpoint/>
                    <master_item>
                        <key>linux.memory.master</key>
                    </master_item>
                </item>
                <item>
                    <name>Memory - free</name>
                    <type>18</type>
                    <snmp_community/>
                    <snmp_oid/>
                    <key>linux.memory.free</key>
                    <delay>0</delay>
                    <history>7d</history>
                    <trends>90d</trends>
                    <status>0</status>
                    <value_type>3</value_type>
                    <allowed_hosts/>
                    <units>B</units>
                    <snmpv3_contextname/>
                    <snmpv3_securityname/>
                    <snmpv3_securitylevel>0</snmpv3_securitylevel>
                    <snmpv3_authprotocol>0</snmpv3_authprotocol>
                    <snmpv3_authpassphrase/>
                    <snmpv3_privprotocol>0</snmpv3_privprotocol>
                    <snmpv3_privpassphrase/>
                    <params/>
                    <ipmi_sensor/>
                    <authtype>0</authtype>
                    <username/>
                    <password/>
                    <publickey/>
                    <privatekey/>
                    <port/>
                    <description/>
                    <inventory_link>0</inventory_link>
                    <applications>
                        <application>
                            <name>Memory - Dependent items</name>
                        </application>
                    </applications>
                    <valuemap/>
                    <logtimefmt/>
                    <preprocessing>
                        <step>
                            <type>12</type>
                            <params>$.MEM_FREE</params>
                        </step>
                        <step>
                            <type>1</type>
                            <params>1024</params>
                        </step>
                    </preprocessing>
                    <jmx_endpoint/>
                    <master_item>
                        <key>linux.memory.master</key>
                    </master_item>
                </item>
                <item>
                    <name>Memory master item</name>
                    <type>0</type>
                    <snmp_community/>
                    <snmp_oid/>
                    <key>linux.memory.master</key>
                    <delay>60s</delay>
                    <history>1d</history>
                    <trends>0</trends>
                    <status>0</status>
                    <value_type>4</value_type>
                    <allowed_hosts/>
                    <units/>
                    <snmpv3_contextname/>
                    <snmpv3_securityname/>
                    <snmpv3_securitylevel>0</snmpv3_securitylevel>
                    <snmpv3_authprotocol>0</snmpv3_authprotocol>
                    <snmpv3_authpassphrase/>
                    <snmpv3_privprotocol>0</snmpv3_privprotocol>
                    <snmpv3_privpassphrase/>
                    <params/>
                    <ipmi_sensor/>
                    <authtype>0</authtype>
                    <username/>
                    <password/>
                    <publickey/>
                    <privatekey/>
                    <port/>
                    <description/>
                    <inventory_link>0</inventory_link>
                    <applications>
                        <application>
                            <name>Memory - Dependent items</name>
                        </application>
                    </applications>
                    <valuemap/>
                    <logtimefmt/>
                    <preprocessing/>
                    <jmx_endpoint/>
                    <master_item/>
                </item>
                <item>
                    <name>Memory - total</name>
                    <type>18</type>
                    <snmp_community/>
                    <snmp_oid/>
                    <key>linux.memory.total</key>
                    <delay>0</delay>
                    <history>7d</history>
                    <trends>90d</trends>
                    <status>0</status>
                    <value_type>3</value_type>
                    <allowed_hosts/>
                    <units>B</units>
                    <snmpv3_contextname/>
                    <snmpv3_securityname/>
                    <snmpv3_securitylevel>0</snmpv3_securitylevel>
                    <snmpv3_authprotocol>0</snmpv3_authprotocol>
                    <snmpv3_authpassphrase/>
                    <snmpv3_privprotocol>0</snmpv3_privprotocol>
                    <snmpv3_privpassphrase/>
                    <params/>
                    <ipmi_sensor/>
                    <authtype>0</authtype>
                    <username/>
                    <password/>
                    <publickey/>
                    <privatekey/>
                    <port/>
                    <description/>
                    <inventory_link>0</inventory_link>
                    <applications>
                        <application>
                            <name>Memory - Dependent items</name>
                        </application>
                    </applications>
                    <valuemap/>
                    <logtimefmt/>
                    <preprocessing>
                        <step>
                            <type>12</type>
                            <params>$.MEM_TOTAL</params>
                        </step>
                        <step>
                            <type>1</type>
                            <params>1024</params>
                        </step>
                    </preprocessing>
                    <jmx_endpoint/>
                    <master_item>
                        <key>linux.memory.master</key>
                    </master_item>
                </item>
                <item>
                    <name>Memory - usage rate (%)</name>
                    <type>15</type>
                    <snmp_community/>
                    <snmp_oid/>
                    <key>linux.memory.usagerate</key>
                    <delay>60s</delay>
                    <history>7d</history>
                    <trends>90d</trends>
                    <status>0</status>
                    <value_type>0</value_type>
                    <allowed_hosts/>
                    <units>%</units>
                    <snmpv3_contextname/>
                    <snmpv3_securityname/>
                    <snmpv3_securitylevel>0</snmpv3_securitylevel>
                    <snmpv3_authprotocol>0</snmpv3_authprotocol>
                    <snmpv3_authpassphrase/>
                    <snmpv3_privprotocol>0</snmpv3_privprotocol>
                    <snmpv3_privpassphrase/>
                    <params>1-last(&quot;linux.memory.free&quot;)/last(&quot;linux.memory.total&quot;)</params>
                    <ipmi_sensor/>
                    <authtype>0</authtype>
                    <username/>
                    <password/>
                    <publickey/>
                    <privatekey/>
                    <port/>
                    <description/>
                    <inventory_link>0</inventory_link>
                    <applications>
                        <application>
                            <name>Memory - Dependent items</name>
                        </application>
                    </applications>
                    <valuemap/>
                    <logtimefmt/>
                    <preprocessing>
                        <step>
                            <type>1</type>
                            <params>100</params>
                        </step>
                    </preprocessing>
                    <jmx_endpoint/>
                    <master_item/>
                </item>
                <item>
                    <name>Memory - used</name>
                    <type>18</type>
                    <snmp_community/>
                    <snmp_oid/>
                    <key>linux.memory.used</key>
                    <delay>0</delay>
                    <history>7d</history>
                    <trends>90d</trends>
                    <status>0</status>
                    <value_type>3</value_type>
                    <allowed_hosts/>
                    <units>B</units>
                    <snmpv3_contextname/>
                    <snmpv3_securityname/>
                    <snmpv3_securitylevel>0</snmpv3_securitylevel>
                    <snmpv3_authprotocol>0</snmpv3_authprotocol>
                    <snmpv3_authpassphrase/>
                    <snmpv3_privprotocol>0</snmpv3_privprotocol>
                    <snmpv3_privpassphrase/>
                    <params/>
                    <ipmi_sensor/>
                    <authtype>0</authtype>
                    <username/>
                    <password/>
                    <publickey/>
                    <privatekey/>
                    <port/>
                    <description/>
                    <inventory_link>0</inventory_link>
                    <applications>
                        <application>
                            <name>Memory - Dependent items</name>
                        </application>
                    </applications>
                    <valuemap/>
                    <logtimefmt/>
                    <preprocessing>
                        <step>
                            <type>12</type>
                            <params>$.MEM_USED</params>
                        </step>
                        <step>
                            <type>1</type>
                            <params>1024</params>
                        </step>
                    </preprocessing>
                    <jmx_endpoint/>
                    <master_item>
                        <key>linux.memory.master</key>
                    </master_item>
                </item>
                <item>
                    <name>Swap - free</name>
                    <type>18</type>
                    <snmp_community/>
                    <snmp_oid/>
                    <key>linux.swap.free</key>
                    <delay>0</delay>
                    <history>7d</history>
                    <trends>90d</trends>
                    <status>0</status>
                    <value_type>3</value_type>
                    <allowed_hosts/>
                    <units>B</units>
                    <snmpv3_contextname/>
                    <snmpv3_securityname/>
                    <snmpv3_securitylevel>0</snmpv3_securitylevel>
                    <snmpv3_authprotocol>0</snmpv3_authprotocol>
                    <snmpv3_authpassphrase/>
                    <snmpv3_privprotocol>0</snmpv3_privprotocol>
                    <snmpv3_privpassphrase/>
                    <params/>
                    <ipmi_sensor/>
                    <authtype>0</authtype>
                    <username/>
                    <password/>
                    <publickey/>
                    <privatekey/>
                    <port/>
                    <description/>
                    <inventory_link>0</inventory_link>
                    <applications>
                        <application>
                            <name>Memory - Dependent items</name>
                        </application>
                    </applications>
                    <valuemap/>
                    <logtimefmt/>
                    <preprocessing>
                        <step>
                            <type>12</type>
                            <params>$.SWAP_FREE</params>
                        </step>
                        <step>
                            <type>1</type>
                            <params>1024</params>
                        </step>
                    </preprocessing>
                    <jmx_endpoint/>
                    <master_item>
                        <key>linux.swap.master</key>
                    </master_item>
                </item>
                <item>
                    <name>Swap master item</name>
                    <type>0</type>
                    <snmp_community/>
                    <snmp_oid/>
                    <key>linux.swap.master</key>
                    <delay>60s</delay>
                    <history>1d</history>
                    <trends>0</trends>
                    <status>0</status>
                    <value_type>4</value_type>
                    <allowed_hosts/>
                    <units/>
                    <snmpv3_contextname/>
                    <snmpv3_securityname/>
                    <snmpv3_securitylevel>0</snmpv3_securitylevel>
                    <snmpv3_authprotocol>0</snmpv3_authprotocol>
                    <snmpv3_authpassphrase/>
                    <snmpv3_privprotocol>0</snmpv3_privprotocol>
                    <snmpv3_privpassphrase/>
                    <params/>
                    <ipmi_sensor/>
                    <authtype>0</authtype>
                    <username/>
                    <password/>
                    <publickey/>
                    <privatekey/>
                    <port/>
                    <description/>
                    <inventory_link>0</inventory_link>
                    <applications>
                        <application>
                            <name>Memory - Dependent items</name>
                        </application>
                    </applications>
                    <valuemap/>
                    <logtimefmt/>
                    <preprocessing/>
                    <jmx_endpoint/>
                    <master_item/>
                </item>
                <item>
                    <name>Swap - used</name>
                    <type>18</type>
                    <snmp_community/>
                    <snmp_oid/>
                    <key>linux.swap.used</key>
                    <delay>0</delay>
                    <history>7d</history>
                    <trends>90d</trends>
                    <status>0</status>
                    <value_type>3</value_type>
                    <allowed_hosts/>
                    <units>B</units>
                    <snmpv3_contextname/>
                    <snmpv3_securityname/>
                    <snmpv3_securitylevel>0</snmpv3_securitylevel>
                    <snmpv3_authprotocol>0</snmpv3_authprotocol>
                    <snmpv3_authpassphrase/>
                    <snmpv3_privprotocol>0</snmpv3_privprotocol>
                    <snmpv3_privpassphrase/>
                    <params/>
                    <ipmi_sensor/>
                    <authtype>0</authtype>
                    <username/>
                    <password/>
                    <publickey/>
                    <privatekey/>
                    <port/>
                    <description/>
                    <inventory_link>0</inventory_link>
                    <applications>
                        <application>
                            <name>Memory - Dependent items</name>
                        </application>
                    </applications>
                    <valuemap/>
                    <logtimefmt/>
                    <preprocessing>
                        <step>
                            <type>12</type>
                            <params>$.SWAP_USED</params>
                        </step>
                        <step>
                            <type>1</type>
                            <params>1024</params>
                        </step>
                    </preprocessing>
                    <jmx_endpoint/>
                    <master_item>
                        <key>linux.swap.master</key>
                    </master_item>
                </item>
                <item>
                    <name>Userd swap space</name>
                    <type>0</type>
                    <snmp_community/>
                    <snmp_oid/>
                    <key>system.swap.size[,used]</key>
                    <delay>60s</delay>
                    <history>90d</history>
                    <trends>365d</trends>
                    <status>0</status>
                    <value_type>3</value_type>
                    <allowed_hosts/>
                    <units>B</units>
                    <snmpv3_contextname/>
                    <snmpv3_securityname/>
                    <snmpv3_securitylevel>0</snmpv3_securitylevel>
                    <snmpv3_authprotocol>0</snmpv3_authprotocol>
                    <snmpv3_authpassphrase/>
                    <snmpv3_privprotocol>0</snmpv3_privprotocol>
                    <snmpv3_privpassphrase/>
                    <params/>
                    <ipmi_sensor/>
                    <authtype>0</authtype>
                    <username/>
                    <password/>
                    <publickey/>
                    <privatekey/>
                    <port/>
                    <description/>
                    <inventory_link>0</inventory_link>
                    <applications>
                        <application>
                            <name>Memory</name>
                        </application>
                    </applications>
                    <valuemap/>
                    <logtimefmt/>
                    <preprocessing/>
                    <jmx_endpoint/>
                    <master_item/>
                </item>
            </items>
            <discovery_rules/>
            <httptests/>
            <macros/>
            <templates>
                <template>
                    <name>Template OS Linux</name>
                </template>
            </templates>
            <screens>
                <screen>
                    <name>System performance - plus</name>
                    <hsize>4</hsize>
                    <vsize>6</vsize>
                    <screen_items>
                        <screen_item>
                            <resourcetype>0</resourcetype>
                            <width>300</width>
                            <height>100</height>
                            <x>0</x>
                            <y>0</y>
                            <colspan>1</colspan>
                            <rowspan>1</rowspan>
                            <elements>0</elements>
                            <valign>1</valign>
                            <halign>0</halign>
                            <style>0</style>
                            <url/>
                            <dynamic>0</dynamic>
                            <sort_triggers>0</sort_triggers>
                            <resource>
                                <name>CPU load</name>
                                <host>Template OS Linux - Plus</host>
                            </resource>
                            <max_columns>3</max_columns>
                            <application/>
                        </screen_item>
                        <screen_item>
                            <resourcetype>0</resourcetype>
                            <width>300</width>
                            <height>100</height>
                            <x>1</x>
                            <y>0</y>
                            <colspan>1</colspan>
                            <rowspan>1</rowspan>
                            <elements>0</elements>
                            <valign>1</valign>
                            <halign>0</halign>
                            <style>0</style>
                            <url/>
                            <dynamic>0</dynamic>
                            <sort_triggers>0</sort_triggers>
                            <resource>
                                <name>CPU utilization - Dependent</name>
                                <host>Template OS Linux - Plus</host>
                            </resource>
                            <max_columns>3</max_columns>
                            <application/>
                        </screen_item>
                        <screen_item>
                            <resourcetype>0</resourcetype>
                            <width>300</width>
                            <height>100</height>
                            <x>2</x>
                            <y>0</y>
                            <colspan>1</colspan>
                            <rowspan>1</rowspan>
                            <elements>0</elements>
                            <valign>1</valign>
                            <halign>0</halign>
                            <style>0</style>
                            <url/>
                            <dynamic>0</dynamic>
                            <sort_triggers>0</sort_triggers>
                            <resource>
                                <name>Memory usage - Dependent</name>
                                <host>Template OS Linux - Plus</host>
                            </resource>
                            <max_columns>3</max_columns>
                            <application/>
                        </screen_item>
                        <screen_item>
                            <resourcetype>0</resourcetype>
                            <width>300</width>
                            <height>100</height>
                            <x>3</x>
                            <y>0</y>
                            <colspan>1</colspan>
                            <rowspan>1</rowspan>
                            <elements>0</elements>
                            <valign>1</valign>
                            <halign>0</halign>
                            <style>0</style>
                            <url/>
                            <dynamic>0</dynamic>
                            <sort_triggers>0</sort_triggers>
                            <resource>
                                <name>Swap usage - Dependent</name>
                                <host>Template OS Linux - Plus</host>
                            </resource>
                            <max_columns>3</max_columns>
                            <application/>
                        </screen_item>
                        <screen_item>
                            <resourcetype>0</resourcetype>
                            <width>300</width>
                            <height>100</height>
                            <x>0</x>
                            <y>1</y>
                            <colspan>1</colspan>
                            <rowspan>1</rowspan>
                            <elements>0</elements>
                            <valign>1</valign>
                            <halign>0</halign>
                            <style>0</style>
                            <url/>
                            <dynamic>0</dynamic>
                            <sort_triggers>0</sort_triggers>
                            <resource>
                                <name>Number of processes</name>
                                <host>Template OS Linux - Plus</host>
                            </resource>
                            <max_columns>3</max_columns>
                            <application/>
                        </screen_item>
                        <screen_item>
                            <resourcetype>1</resourcetype>
                            <width>300</width>
                            <height>100</height>
                            <x>1</x>
                            <y>1</y>
                            <colspan>1</colspan>
                            <rowspan>1</rowspan>
                            <elements>0</elements>
                            <valign>1</valign>
                            <halign>0</halign>
                            <style>0</style>
                            <url/>
                            <dynamic>0</dynamic>
                            <sort_triggers>0</sort_triggers>
                            <resource>
                                <key>system.cpu.switches</key>
                                <host>Template OS Linux - Plus</host>
                            </resource>
                            <max_columns>3</max_columns>
                            <application/>
                        </screen_item>
                        <screen_item>
                            <resourcetype>1</resourcetype>
                            <width>300</width>
                            <height>100</height>
                            <x>2</x>
                            <y>1</y>
                            <colspan>1</colspan>
                            <rowspan>1</rowspan>
                            <elements>0</elements>
                            <valign>1</valign>
                            <halign>0</halign>
                            <style>0</style>
                            <url/>
                            <dynamic>0</dynamic>
                            <sort_triggers>0</sort_triggers>
                            <resource>
                                <key>system.cpu.intr</key>
                                <host>Template OS Linux - Plus</host>
                            </resource>
                            <max_columns>3</max_columns>
                            <application/>
                        </screen_item>
                        <screen_item>
                            <resourcetype>1</resourcetype>
                            <width>300</width>
                            <height>100</height>
                            <x>3</x>
                            <y>1</y>
                            <colspan>1</colspan>
                            <rowspan>1</rowspan>
                            <elements>0</elements>
                            <valign>1</valign>
                            <halign>0</halign>
                            <style>0</style>
                            <url/>
                            <dynamic>0</dynamic>
                            <sort_triggers>0</sort_triggers>
                            <resource>
                                <key>system.uptime</key>
                                <host>Template OS Linux - Plus</host>
                            </resource>
                            <max_columns>3</max_columns>
                            <application/>
                        </screen_item>
                        <screen_item>
                            <resourcetype>20</resourcetype>
                            <width>300</width>
                            <height>100</height>
                            <x>0</x>
                            <y>2</y>
                            <colspan>2</colspan>
                            <rowspan>1</rowspan>
                            <elements>0</elements>
                            <valign>1</valign>
                            <halign>1</halign>
                            <style>0</style>
                            <url/>
                            <dynamic>0</dynamic>
                            <sort_triggers>0</sort_triggers>
                            <resource>
                                <name>Network traffic on {#IFNAME}</name>
                                <host>Template OS Linux - Plus</host>
                            </resource>
                            <max_columns>2</max_columns>
                            <application/>
                        </screen_item>
                    </screen_items>
                </screen>
            </screens>
        </template>
    </templates>
    <graphs>
        <graph>
            <name>CPU utilization - Dependent</name>
            <width>900</width>
            <height>200</height>
            <yaxismin>0.0000</yaxismin>
            <yaxismax>100.0000</yaxismax>
            <show_work_period>1</show_work_period>
            <show_triggers>0</show_triggers>
            <type>1</type>
            <show_legend>1</show_legend>
            <show_3d>0</show_3d>
            <percent_left>0.0000</percent_left>
            <percent_right>0.0000</percent_right>
            <ymin_type_1>1</ymin_type_1>
            <ymax_type_1>1</ymax_type_1>
            <ymin_item_1>0</ymin_item_1>
            <ymax_item_1>0</ymax_item_1>
            <graph_items>
                <graph_item>
                    <sortorder>0</sortorder>
                    <drawtype>0</drawtype>
                    <color>FF5555</color>
                    <yaxisside>0</yaxisside>
                    <calc_fnc>2</calc_fnc>
                    <type>0</type>
                    <item>
                        <host>Template OS Linux - Plus</host>
                        <key>linux.cpu.steal</key>
                    </item>
                </graph_item>
                <graph_item>
                    <sortorder>1</sortorder>
                    <drawtype>0</drawtype>
                    <color>AAAA00</color>
                    <yaxisside>0</yaxisside>
                    <calc_fnc>2</calc_fnc>
                    <type>0</type>
                    <item>
                        <host>Template OS Linux - Plus</host>
                        <key>linux.cpu.iowait</key>
                    </item>
                </graph_item>
                <graph_item>
                    <sortorder>2</sortorder>
                    <drawtype>0</drawtype>
                    <color>880000</color>
                    <yaxisside>0</yaxisside>
                    <calc_fnc>2</calc_fnc>
                    <type>0</type>
                    <item>
                        <host>Template OS Linux - Plus</host>
                        <key>linux.cpu.system</key>
                    </item>
                </graph_item>
                <graph_item>
                    <sortorder>3</sortorder>
                    <drawtype>0</drawtype>
                    <color>000099</color>
                    <yaxisside>0</yaxisside>
                    <calc_fnc>2</calc_fnc>
                    <type>0</type>
                    <item>
                        <host>Template OS Linux - Plus</host>
                        <key>linux.cpu.user</key>
                    </item>
                </graph_item>
                <graph_item>
                    <sortorder>4</sortorder>
                    <drawtype>0</drawtype>
                    <color>1A7C11</color>
                    <yaxisside>0</yaxisside>
                    <calc_fnc>2</calc_fnc>
                    <type>0</type>
                    <item>
                        <host>Template OS Linux - Plus</host>
                        <key>linux.cpu.idle</key>
                    </item>
                </graph_item>
            </graph_items>
        </graph>
        <graph>
            <name>Memory usage - Dependent</name>
            <width>900</width>
            <height>200</height>
            <yaxismin>0.0000</yaxismin>
            <yaxismax>100.0000</yaxismax>
            <show_work_period>1</show_work_period>
            <show_triggers>1</show_triggers>
            <type>1</type>
            <show_legend>1</show_legend>
            <show_3d>0</show_3d>
            <percent_left>0.0000</percent_left>
            <percent_right>0.0000</percent_right>
            <ymin_type_1>1</ymin_type_1>
            <ymax_type_1>2</ymax_type_1>
            <ymin_item_1>0</ymin_item_1>
            <ymax_item_1>
                <host>Template OS Linux - Plus</host>
                <key>linux.memory.total</key>
            </ymax_item_1>
            <graph_items>
                <graph_item>
                    <sortorder>0</sortorder>
                    <drawtype>1</drawtype>
                    <color>CC0000</color>
                    <yaxisside>0</yaxisside>
                    <calc_fnc>2</calc_fnc>
                    <type>0</type>
                    <item>
                        <host>Template OS Linux - Plus</host>
                        <key>linux.memory.used</key>
                    </item>
                </graph_item>
                <graph_item>
                    <sortorder>1</sortorder>
                    <drawtype>1</drawtype>
                    <color>888800</color>
                    <yaxisside>0</yaxisside>
                    <calc_fnc>2</calc_fnc>
                    <type>0</type>
                    <item>
                        <host>Template OS Linux - Plus</host>
                        <key>linux.memory.cached</key>
                    </item>
                </graph_item>
                <graph_item>
                    <sortorder>2</sortorder>
                    <drawtype>1</drawtype>
                    <color>009999</color>
                    <yaxisside>0</yaxisside>
                    <calc_fnc>2</calc_fnc>
                    <type>0</type>
                    <item>
                        <host>Template OS Linux - Plus</host>
                        <key>linux.memory.buffers</key>
                    </item>
                </graph_item>
                <graph_item>
                    <sortorder>3</sortorder>
                    <drawtype>1</drawtype>
                    <color>00AA00</color>
                    <yaxisside>0</yaxisside>
                    <calc_fnc>2</calc_fnc>
                    <type>0</type>
                    <item>
                        <host>Template OS Linux - Plus</host>
                        <key>linux.memory.free</key>
                    </item>
                </graph_item>
            </graph_items>
        </graph>
        <graph>
            <name>Number of processes</name>
            <width>900</width>
            <height>200</height>
            <yaxismin>0.0000</yaxismin>
            <yaxismax>100.0000</yaxismax>
            <show_work_period>1</show_work_period>
            <show_triggers>1</show_triggers>
            <type>0</type>
            <show_legend>1</show_legend>
            <show_3d>0</show_3d>
            <percent_left>0.0000</percent_left>
            <percent_right>0.0000</percent_right>
            <ymin_type_1>0</ymin_type_1>
            <ymax_type_1>0</ymax_type_1>
            <ymin_item_1>0</ymin_item_1>
            <ymax_item_1>0</ymax_item_1>
            <graph_items>
                <graph_item>
                    <sortorder>0</sortorder>
                    <drawtype>0</drawtype>
                    <color>0000AA</color>
                    <yaxisside>0</yaxisside>
                    <calc_fnc>2</calc_fnc>
                    <type>0</type>
                    <item>
                        <host>Template OS Linux - Plus</host>
                        <key>proc.num[]</key>
                    </item>
                </graph_item>
                <graph_item>
                    <sortorder>1</sortorder>
                    <drawtype>0</drawtype>
                    <color>DD0000</color>
                    <yaxisside>0</yaxisside>
                    <calc_fnc>2</calc_fnc>
                    <type>0</type>
                    <item>
                        <host>Template OS Linux - Plus</host>
                        <key>proc.num[,,run]</key>
                    </item>
                </graph_item>
            </graph_items>
        </graph>
        <graph>
            <name>Swap usage - Dependent</name>
            <width>900</width>
            <height>200</height>
            <yaxismin>0.0000</yaxismin>
            <yaxismax>100.0000</yaxismax>
            <show_work_period>1</show_work_period>
            <show_triggers>1</show_triggers>
            <type>1</type>
            <show_legend>1</show_legend>
            <show_3d>0</show_3d>
            <percent_left>0.0000</percent_left>
            <percent_right>0.0000</percent_right>
            <ymin_type_1>0</ymin_type_1>
            <ymax_type_1>0</ymax_type_1>
            <ymin_item_1>0</ymin_item_1>
            <ymax_item_1>0</ymax_item_1>
            <graph_items>
                <graph_item>
                    <sortorder>0</sortorder>
                    <drawtype>0</drawtype>
                    <color>F63100</color>
                    <yaxisside>0</yaxisside>
                    <calc_fnc>2</calc_fnc>
                    <type>0</type>
                    <item>
                        <host>Template OS Linux - Plus</host>
                        <key>linux.swap.used</key>
                    </item>
                </graph_item>
                <graph_item>
                    <sortorder>1</sortorder>
                    <drawtype>0</drawtype>
                    <color>1A7C11</color>
                    <yaxisside>0</yaxisside>
                    <calc_fnc>2</calc_fnc>
                    <type>0</type>
                    <item>
                        <host>Template OS Linux - Plus</host>
                        <key>linux.swap.free</key>
                    </item>
                </graph_item>
            </graph_items>
        </graph>
    </graphs>
</zabbix_export>
