<?xml version="1.0" encoding="UTF-8"?>
<zabbix_export>
    <version>4.4</version>
    <date>2020-03-08T13:52:09Z</date>
    <groups>
        <group>
            <name>Templates</name>
        </group>
        <group>
            <name>Templates/Modules</name>
        </group>
    </groups>
    <templates>
        <template>
            <template>Template Module NFS</template>
            <name>Template Module NFS</name>
            <description>This template check NFS version and shares</description>
            <groups>
                <group>
                    <name>Templates</name>
                </group>
                <group>
                    <name>Templates/Modules</name>
                </group>
            </groups>
            <applications>
                <application>
                    <name>NFS share</name>
                </application>
            </applications>
            <items>
                <item>
                    <name>Check NFS share</name>
                    <type>EXTERNAL</type>
                    <key>frogg_nfs_check.sh[share,{HOST.CONN},{$NFSSHARES}]</key>
                    <delay>2m</delay>
                    <history>7d</history>
                    <trends>0</trends>
                    <value_type>TEXT</value_type>
                    <triggers>
                        <trigger>
                            <expression>{strlen()}&gt;0</expression>
                            <name>NFS share {ITEM.VALUE} unavailable on {HOST.NAME}</name>
                            <priority>AVERAGE</priority>
                        </trigger>
                    </triggers>
                </item>
                <item>
                    <name>Check NFS version</name>
                    <type>EXTERNAL</type>
                    <key>frogg_nfs_check.sh[version,{HOST.CONN}]</key>
                    <delay>30m</delay>
                    <history>7d</history>
                    <value_type>FLOAT</value_type>
                    <triggers>
                        <trigger>
                            <expression>{last()}=0</expression>
                            <name>NFS service is down on {HOST.NAME}</name>
                            <priority>AVERAGE</priority>
                        </trigger>
                        <trigger>
                            <expression>{last()}&lt;&gt;{$NFSVERSION}</expression>
                            <name>NFS version is {ITEM.VALUE} instead of {$NFSVERSION} on {HOST.NAME}</name>
                            <priority>WARNING</priority>
                        </trigger>
                    </triggers>
                </item>
            </items>
        </template>
    </templates>
</zabbix_export>
