<?xml version="1.0" encoding="UTF-8"?>
<zabbix_export>
    <version>3.0</version>
    <date>2016-05-11T01:47:13Z</date>
    <groups>
        <group>
            <name>Linux servers</name>
        </group>
    </groups>
    <templates>
        <template>
            <template>Template SNMP Keepalived Check Virtual Server Groups</template>
            <name>Template SNMP Keepalived Check Virtual Server Groups</name>
            <description/>
            <groups>
                <group>
                    <name>Linux servers</name>
                </group>
            </groups>
            <applications>
                <application>
                    <name>Keepalived Check Virtual Server Group</name>
                </application>
                <application>
                    <name>Keepalived Check Virtual Server Group Members</name>
                </application>
            </applications>
            <items>
                <item>
                    <name>virtualServerGroupMemberAddr1 1.1</name>
                    <type>4</type>
                    <snmp_community>{$SNMP_COMMUNITY}</snmp_community>
                    <multiplier>0</multiplier>
                    <snmp_oid>KEEPALIVED-MIB::virtualServerGroupMemberAddr1.1.1</snmp_oid>
                    <key>virtualServerGroupMemberAddr1.1.1</key>
                    <delay>3600</delay>
                    <history>90</history>
                    <trends>0</trends>
                    <status>1</status>
                    <value_type>4</value_type>
                    <allowed_hosts/>
                    <units/>
                    <delta>0</delta>
                    <snmpv3_contextname/>
                    <snmpv3_securityname/>
                    <snmpv3_securitylevel>0</snmpv3_securitylevel>
                    <snmpv3_authprotocol>0</snmpv3_authprotocol>
                    <snmpv3_authpassphrase/>
                    <snmpv3_privprotocol>0</snmpv3_privprotocol>
                    <snmpv3_privpassphrase/>
                    <formula>1</formula>
                    <delay_flex/>
                    <params/>
                    <ipmi_sensor/>
                    <data_type>0</data_type>
                    <authtype>0</authtype>
                    <username/>
                    <password/>
                    <publickey/>
                    <privatekey/>
                    <port/>
                    <description>If the virtual is defined from a group, this is the name of the group.</description>
                    <inventory_link>0</inventory_link>
                    <applications>
                        <application>
                            <name>Keepalived Check Virtual Server Group Members</name>
                        </application>
                    </applications>
                    <valuemap/>
                    <logtimefmt/>
                </item>
                <item>
                    <name>virtualServerGroupMemberAddr2 1.1</name>
                    <type>4</type>
                    <snmp_community>{$SNMP_COMMUNITY}</snmp_community>
                    <multiplier>0</multiplier>
                    <snmp_oid>KEEPALIVED-MIB::virtualServerGroupMemberAddr2.1.1</snmp_oid>
                    <key>virtualServerGroupMemberAddr2.1.1</key>
                    <delay>3600</delay>
                    <history>90</history>
                    <trends>0</trends>
                    <status>1</status>
                    <value_type>4</value_type>
                    <allowed_hosts/>
                    <units/>
                    <delta>0</delta>
                    <snmpv3_contextname/>
                    <snmpv3_securityname/>
                    <snmpv3_securitylevel>0</snmpv3_securitylevel>
                    <snmpv3_authprotocol>0</snmpv3_authprotocol>
                    <snmpv3_authpassphrase/>
                    <snmpv3_privprotocol>0</snmpv3_privprotocol>
                    <snmpv3_privpassphrase/>
                    <formula>1</formula>
                    <delay_flex/>
                    <params/>
                    <ipmi_sensor/>
                    <data_type>0</data_type>
                    <authtype>0</authtype>
                    <username/>
                    <password/>
                    <publickey/>
                    <privatekey/>
                    <port/>
                    <description>If the virtual is defined from a group, this is the name of the group.</description>
                    <inventory_link>0</inventory_link>
                    <applications>
                        <application>
                            <name>Keepalived Check Virtual Server Group Members</name>
                        </application>
                    </applications>
                    <valuemap/>
                    <logtimefmt/>
                </item>
                <item>
                    <name>virtualServerGroupMemberAddress 1.1</name>
                    <type>4</type>
                    <snmp_community>{$SNMP_COMMUNITY}</snmp_community>
                    <multiplier>0</multiplier>
                    <snmp_oid>KEEPALIVED-MIB::virtualServerGroupMemberAddress.1.1</snmp_oid>
                    <key>virtualServerGroupMemberAddress.1.1</key>
                    <delay>3600</delay>
                    <history>90</history>
                    <trends>0</trends>
                    <status>1</status>
                    <value_type>4</value_type>
                    <allowed_hosts/>
                    <units/>
                    <delta>0</delta>
                    <snmpv3_contextname/>
                    <snmpv3_securityname/>
                    <snmpv3_securitylevel>0</snmpv3_securitylevel>
                    <snmpv3_authprotocol>0</snmpv3_authprotocol>
                    <snmpv3_authpassphrase/>
                    <snmpv3_privprotocol>0</snmpv3_privprotocol>
                    <snmpv3_privpassphrase/>
                    <formula>1</formula>
                    <delay_flex/>
                    <params/>
                    <ipmi_sensor/>
                    <data_type>0</data_type>
                    <authtype>0</authtype>
                    <username/>
                    <password/>
                    <publickey/>
                    <privatekey/>
                    <port/>
                    <description>If the virtual is defined from a group, this is the name of the group.</description>
                    <inventory_link>0</inventory_link>
                    <applications>
                        <application>
                            <name>Keepalived Check Virtual Server Group Members</name>
                        </application>
                    </applications>
                    <valuemap/>
                    <logtimefmt/>
                </item>
                <item>
                    <name>virtualServerGroupMemberAddrType 1.1</name>
                    <type>4</type>
                    <snmp_community>{$SNMP_COMMUNITY}</snmp_community>
                    <multiplier>0</multiplier>
                    <snmp_oid>KEEPALIVED-MIB::virtualServerGroupMemberAddrType.1.1</snmp_oid>
                    <key>virtualServerGroupMemberAddrType.1.1</key>
                    <delay>3600</delay>
                    <history>90</history>
                    <trends>365</trends>
                    <status>1</status>
                    <value_type>3</value_type>
                    <allowed_hosts/>
                    <units/>
                    <delta>0</delta>
                    <snmpv3_contextname/>
                    <snmpv3_securityname/>
                    <snmpv3_securitylevel>0</snmpv3_securitylevel>
                    <snmpv3_authprotocol>0</snmpv3_authprotocol>
                    <snmpv3_authpassphrase/>
                    <snmpv3_privprotocol>0</snmpv3_privprotocol>
                    <snmpv3_privpassphrase/>
                    <formula>1</formula>
                    <delay_flex/>
                    <params/>
                    <ipmi_sensor/>
                    <data_type>0</data_type>
                    <authtype>0</authtype>
                    <username/>
                    <password/>
                    <publickey/>
                    <privatekey/>
                    <port/>
                    <description>If the virtual is defined from a group, this is the name of the group.</description>
                    <inventory_link>0</inventory_link>
                    <applications>
                        <application>
                            <name>Keepalived Check Virtual Server Group Members</name>
                        </application>
                    </applications>
                    <valuemap>
                        <name>SNMP Keepalived ServerAddrType</name>
                    </valuemap>
                    <logtimefmt/>
                </item>
                <item>
                    <name>virtualServerGroupMemberFwMark 1.1</name>
                    <type>4</type>
                    <snmp_community>{$SNMP_COMMUNITY}</snmp_community>
                    <multiplier>0</multiplier>
                    <snmp_oid>KEEPALIVED-MIB::virtualServerGroupMemberFwMark.1.1</snmp_oid>
                    <key>virtualServerGroupMemberFwMark.1.1</key>
                    <delay>3600</delay>
                    <history>90</history>
                    <trends>365</trends>
                    <status>1</status>
                    <value_type>3</value_type>
                    <allowed_hosts/>
                    <units/>
                    <delta>0</delta>
                    <snmpv3_contextname/>
                    <snmpv3_securityname/>
                    <snmpv3_securitylevel>0</snmpv3_securitylevel>
                    <snmpv3_authprotocol>0</snmpv3_authprotocol>
                    <snmpv3_authpassphrase/>
                    <snmpv3_privprotocol>0</snmpv3_privprotocol>
                    <snmpv3_privpassphrase/>
                    <formula>1</formula>
                    <delay_flex/>
                    <params/>
                    <ipmi_sensor/>
                    <data_type>0</data_type>
                    <authtype>0</authtype>
                    <username/>
                    <password/>
                    <publickey/>
                    <privatekey/>
                    <port/>
                    <description>If the virtual is defined from a group, this is the name of the group.</description>
                    <inventory_link>0</inventory_link>
                    <applications>
                        <application>
                            <name>Keepalived Check Virtual Server Group Members</name>
                        </application>
                    </applications>
                    <valuemap>
                        <name>SNMP Keepalived virtualServerGroupMemberType</name>
                    </valuemap>
                    <logtimefmt/>
                </item>
                <item>
                    <name>virtualServerGroupMemberPort 1.1</name>
                    <type>4</type>
                    <snmp_community>{$SNMP_COMMUNITY}</snmp_community>
                    <multiplier>0</multiplier>
                    <snmp_oid>KEEPALIVED-MIB::virtualServerGroupMemberPort.1.1</snmp_oid>
                    <key>virtualServerGroupMemberPort.1.1</key>
                    <delay>3600</delay>
                    <history>90</history>
                    <trends>365</trends>
                    <status>1</status>
                    <value_type>3</value_type>
                    <allowed_hosts/>
                    <units/>
                    <delta>0</delta>
                    <snmpv3_contextname/>
                    <snmpv3_securityname/>
                    <snmpv3_securitylevel>0</snmpv3_securitylevel>
                    <snmpv3_authprotocol>0</snmpv3_authprotocol>
                    <snmpv3_authpassphrase/>
                    <snmpv3_privprotocol>0</snmpv3_privprotocol>
                    <snmpv3_privpassphrase/>
                    <formula>1</formula>
                    <delay_flex/>
                    <params/>
                    <ipmi_sensor/>
                    <data_type>0</data_type>
                    <authtype>0</authtype>
                    <username/>
                    <password/>
                    <publickey/>
                    <privatekey/>
                    <port/>
                    <description>If the virtual is defined from a group, this is the name of the group.</description>
                    <inventory_link>0</inventory_link>
                    <applications>
                        <application>
                            <name>Keepalived Check Virtual Server Group Members</name>
                        </application>
                    </applications>
                    <valuemap>
                        <name>SNMP Keepalived virtualServerGroupMemberType</name>
                    </valuemap>
                    <logtimefmt/>
                </item>
                <item>
                    <name>virtualServerGroupMemberType 1.1</name>
                    <type>4</type>
                    <snmp_community>{$SNMP_COMMUNITY}</snmp_community>
                    <multiplier>0</multiplier>
                    <snmp_oid>KEEPALIVED-MIB::virtualServerGroupMemberType.1.1</snmp_oid>
                    <key>virtualServerGroupMemberType.1.1</key>
                    <delay>3600</delay>
                    <history>90</history>
                    <trends>365</trends>
                    <status>1</status>
                    <value_type>3</value_type>
                    <allowed_hosts/>
                    <units/>
                    <delta>0</delta>
                    <snmpv3_contextname/>
                    <snmpv3_securityname/>
                    <snmpv3_securitylevel>0</snmpv3_securitylevel>
                    <snmpv3_authprotocol>0</snmpv3_authprotocol>
                    <snmpv3_authpassphrase/>
                    <snmpv3_privprotocol>0</snmpv3_privprotocol>
                    <snmpv3_privpassphrase/>
                    <formula>1</formula>
                    <delay_flex/>
                    <params/>
                    <ipmi_sensor/>
                    <data_type>0</data_type>
                    <authtype>0</authtype>
                    <username/>
                    <password/>
                    <publickey/>
                    <privatekey/>
                    <port/>
                    <description>If the virtual is defined from a group, this is the name of the group.</description>
                    <inventory_link>0</inventory_link>
                    <applications>
                        <application>
                            <name>Keepalived Check Virtual Server Group Members</name>
                        </application>
                    </applications>
                    <valuemap>
                        <name>SNMP Keepalived virtualServerGroupMemberType</name>
                    </valuemap>
                    <logtimefmt/>
                </item>
            </items>
            <discovery_rules>
                <discovery_rule>
                    <name>Keepalived Check Virtual Server Group</name>
                    <type>4</type>
                    <snmp_community>{$SNMP_COMMUNITY}</snmp_community>
                    <snmp_oid>discovery[{#SNMPVALUE},KEEPALIVED-MIB::virtualServerGroupName]</snmp_oid>
                    <key>virtualServerGroupName</key>
                    <delay>3600</delay>
                    <status>1</status>
                    <allowed_hosts/>
                    <snmpv3_contextname/>
                    <snmpv3_securityname/>
                    <snmpv3_securitylevel>0</snmpv3_securitylevel>
                    <snmpv3_authprotocol>0</snmpv3_authprotocol>
                    <snmpv3_authpassphrase/>
                    <snmpv3_privprotocol>0</snmpv3_privprotocol>
                    <snmpv3_privpassphrase/>
                    <delay_flex/>
                    <params/>
                    <ipmi_sensor/>
                    <authtype>0</authtype>
                    <username/>
                    <password/>
                    <publickey/>
                    <privatekey/>
                    <port/>
                    <filter>
                        <evaltype>0</evaltype>
                        <formula/>
                        <conditions/>
                    </filter>
                    <lifetime>30</lifetime>
                    <description/>
                    <item_prototypes>
                        <item_prototype>
                            <name>Virtual Server Group Name $1</name>
                            <type>4</type>
                            <snmp_community>{$SNMP_COMMUNITY}</snmp_community>
                            <multiplier>0</multiplier>
                            <snmp_oid>KEEPALIVED-MIB::virtualServerGroupName.{#SNMPINDEX}</snmp_oid>
                            <key>virtualServerGroupName[{#SNMPVALUE}]</key>
                            <delay>3600</delay>
                            <history>90</history>
                            <trends>0</trends>
                            <status>0</status>
                            <value_type>4</value_type>
                            <allowed_hosts/>
                            <units/>
                            <delta>0</delta>
                            <snmpv3_contextname/>
                            <snmpv3_securityname/>
                            <snmpv3_securitylevel>0</snmpv3_securitylevel>
                            <snmpv3_authprotocol>0</snmpv3_authprotocol>
                            <snmpv3_authpassphrase/>
                            <snmpv3_privprotocol>0</snmpv3_privprotocol>
                            <snmpv3_privpassphrase/>
                            <formula>1</formula>
                            <delay_flex/>
                            <params/>
                            <ipmi_sensor/>
                            <data_type>0</data_type>
                            <authtype>0</authtype>
                            <username/>
                            <password/>
                            <publickey/>
                            <privatekey/>
                            <port/>
                            <description>Name of the virtual server group.</description>
                            <inventory_link>0</inventory_link>
                            <applications>
                                <application>
                                    <name>Keepalived Check Virtual Server Group</name>
                                </application>
                            </applications>
                            <valuemap/>
                            <logtimefmt/>
                            <application_prototypes/>
                        </item_prototype>
                    </item_prototypes>
                    <trigger_prototypes/>
                    <graph_prototypes/>
                    <host_prototypes/>
                </discovery_rule>
            </discovery_rules>
            <macros/>
            <templates/>
            <screens/>
        </template>
    </templates>
    <value_maps>
        <value_map>
            <name>SNMP Keepalived ServerAddrType</name>
            <mappings>
                <mapping>
                    <value>0</value>
                    <newvalue>unknown</newvalue>
                </mapping>
                <mapping>
                    <value>1</value>
                    <newvalue>ipv4</newvalue>
                </mapping>
                <mapping>
                    <value>2</value>
                    <newvalue>ipv6</newvalue>
                </mapping>
                <mapping>
                    <value>3</value>
                    <newvalue>ipv4z</newvalue>
                </mapping>
                <mapping>
                    <value>4</value>
                    <newvalue>ipv6z</newvalue>
                </mapping>
                <mapping>
                    <value>16</value>
                    <newvalue>dns</newvalue>
                </mapping>
            </mappings>
        </value_map>
        <value_map>
            <name>SNMP Keepalived virtualServerGroupMemberType</name>
            <mappings>
                <mapping>
                    <value>1</value>
                    <newvalue>fwmark</newvalue>
                </mapping>
                <mapping>
                    <value>2</value>
                    <newvalue>ip</newvalue>
                </mapping>
                <mapping>
                    <value>3</value>
                    <newvalue>iprange</newvalue>
                </mapping>
            </mappings>
        </value_map>
    </value_maps>
</zabbix_export>
