<?xml version="1.0" encoding="UTF-8"?>
<zabbix_export>
    <version>3.2</version>
    <date>2018-04-13T08:35:23Z</date>
    <value_maps>
        <value_map>
            <name>VipNet service state</name>
            <mappings>
                <mapping>
                    <value>1</value>
                    <newvalue>Down</newvalue>
                </mapping>
                <mapping>
                    <value>2</value>
                    <newvalue>Up</newvalue>
                </mapping>
            </mappings>
        </value_map>
    </value_maps>
</zabbix_export>
