<?xml version="1.0" encoding="UTF-8"?>
<zabbix_export>
    <version>5.0</version>
    <date>2021-03-31T14:58:16Z</date>
    <groups>
        <group>
            <name>Templates</name>
        </group>
    </groups>
    <templates>
        <template>
            <template>Template Hw Gagarin Redfish LLD</template>
            <name>Template Hw Gagarin Redfish LLD</name>
            <groups>
                <group>
                    <name>Templates</name>
                </group>
            </groups>
            <applications>
                <application>
                    <name>Redfish Fans Information</name>
                </application>
                <application>
                    <name>Redfish Generic Information</name>
                </application>
                <application>
                    <name>Redfish Memory Information</name>
                </application>
                <application>
                    <name>Redfish Power Information</name>
                </application>
                <application>
                    <name>Redfish Processors Information</name>
                </application>
                <application>
                    <name>Redfish Sensors Information</name>
                </application>
                <application>
                    <name>Redfish Thermal Information</name>
                </application>
            </applications>
            <items>
                <item>
                    <name>Collect Power Info</name>
                    <type>EXTERNAL</type>
                    <key>redfish-collect[{$USER},{$PASSWORD},{$IPMI},/redfish/v1/Chassis/{$CHASSIS}/Power]</key>
                    <delay>5m</delay>
                    <trends>0</trends>
                    <value_type>TEXT</value_type>
                    <applications>
                        <application>
                            <name>Redfish Power Information</name>
                        </application>
                    </applications>
                </item>
                <item>
                    <name>Collect Thermal Info</name>
                    <type>EXTERNAL</type>
                    <key>redfish-collect[{$USER},{$PASSWORD},{$IPMI},/redfish/v1/Chassis/{$CHASSIS}/Thermal]</key>
                    <delay>5m</delay>
                    <trends>0</trends>
                    <value_type>TEXT</value_type>
                    <applications>
                        <application>
                            <name>Redfish Thermal Information</name>
                        </application>
                    </applications>
                </item>
                <item>
                    <name>Collect Generic Systems Info</name>
                    <type>EXTERNAL</type>
                    <key>redfish-collect[{$USER},{$PASSWORD},{$IPMI},/redfish/v1/Systems/{$SYSTEM}]</key>
                    <delay>5m</delay>
                    <trends>0</trends>
                    <value_type>TEXT</value_type>
                    <applications>
                        <application>
                            <name>Redfish Generic Information</name>
                        </application>
                    </applications>
                </item>
                <item>
                    <name>Manufacturer</name>
                    <type>EXTERNAL</type>
                    <key>redfish-reader[{$IPMI}-{$SYSTEM}.json,Manufacturer]</key>
                    <delay>1h</delay>
                    <trends>0</trends>
                    <value_type>TEXT</value_type>
                    <applications>
                        <application>
                            <name>Redfish Generic Information</name>
                        </application>
                    </applications>
                </item>
                <item>
                    <name>Memory Health RollUp Summary</name>
                    <type>EXTERNAL</type>
                    <key>redfish-reader[{$IPMI}-{$SYSTEM}.json,MemorySummary.Status.HealthRollup]</key>
                    <delay>5m</delay>
                    <trends>0</trends>
                    <value_type>TEXT</value_type>
                    <applications>
                        <application>
                            <name>Redfish Generic Information</name>
                        </application>
                    </applications>
                </item>
                <item>
                    <name>Memory Health Summary</name>
                    <type>EXTERNAL</type>
                    <key>redfish-reader[{$IPMI}-{$SYSTEM}.json,MemorySummary.Status.Health]</key>
                    <delay>5m</delay>
                    <trends>0</trends>
                    <value_type>TEXT</value_type>
                    <applications>
                        <application>
                            <name>Redfish Generic Information</name>
                        </application>
                    </applications>
                    <triggers>
                        <trigger>
                            <expression>({iregexp(OK)}=0) and ({iregexp(null)}=0 and {iregexp(no batch file yet)}=0)</expression>
                            <name>{HOST.NAME} Memory Health is {ITEM.LASTVALUE}</name>
                            <priority>HIGH</priority>
                        </trigger>
                    </triggers>
                </item>
                <item>
                    <name>Amount of Physical Memory</name>
                    <type>EXTERNAL</type>
                    <key>redfish-reader[{$IPMI}-{$SYSTEM}.json,MemorySummary.TotalSystemMemoryGiB]</key>
                    <delay>1h</delay>
                    <trends>0</trends>
                    <value_type>TEXT</value_type>
                    <applications>
                        <application>
                            <name>Redfish Generic Information</name>
                        </application>
                    </applications>
                </item>
                <item>
                    <name>Server Model</name>
                    <type>EXTERNAL</type>
                    <key>redfish-reader[{$IPMI}-{$SYSTEM}.json,Model]</key>
                    <delay>1h</delay>
                    <trends>0</trends>
                    <value_type>TEXT</value_type>
                    <applications>
                        <application>
                            <name>Redfish Generic Information</name>
                        </application>
                    </applications>
                </item>
                <item>
                    <name>Part Number</name>
                    <type>EXTERNAL</type>
                    <key>redfish-reader[{$IPMI}-{$SYSTEM}.json,PartNumber]</key>
                    <delay>1h</delay>
                    <trends>0</trends>
                    <value_type>TEXT</value_type>
                    <applications>
                        <application>
                            <name>Redfish Generic Information</name>
                        </application>
                    </applications>
                </item>
                <item>
                    <name>Power State</name>
                    <type>EXTERNAL</type>
                    <key>redfish-reader[{$IPMI}-{$SYSTEM}.json,PowerState]</key>
                    <delay>5m</delay>
                    <trends>0</trends>
                    <value_type>TEXT</value_type>
                    <applications>
                        <application>
                            <name>Redfish Generic Information</name>
                        </application>
                    </applications>
                    <triggers>
                        <trigger>
                            <expression>({iregexp(On)}=0) and ({iregexp(null)}=0 and {iregexp(no batch file yet)}=0 and {str(0)}=0)</expression>
                            <name>{HOST.NAME} Indicating is powered off</name>
                            <priority>HIGH</priority>
                        </trigger>
                    </triggers>
                </item>
                <item>
                    <name>Amount of Processors</name>
                    <type>EXTERNAL</type>
                    <key>redfish-reader[{$IPMI}-{$SYSTEM}.json,ProcessorSummary.Count]</key>
                    <delay>1h</delay>
                    <trends>0</trends>
                    <value_type>TEXT</value_type>
                    <applications>
                        <application>
                            <name>Redfish Generic Information</name>
                        </application>
                    </applications>
                </item>
                <item>
                    <name>Processor Model</name>
                    <type>EXTERNAL</type>
                    <key>redfish-reader[{$IPMI}-{$SYSTEM}.json,ProcessorSummary.Model]</key>
                    <delay>1h</delay>
                    <trends>0</trends>
                    <value_type>TEXT</value_type>
                    <applications>
                        <application>
                            <name>Redfish Generic Information</name>
                        </application>
                    </applications>
                </item>
                <item>
                    <name>Processor Health Summary</name>
                    <type>EXTERNAL</type>
                    <key>redfish-reader[{$IPMI}-{$SYSTEM}.json,ProcessorSummary.Status.Health]</key>
                    <delay>5m</delay>
                    <trends>0</trends>
                    <value_type>TEXT</value_type>
                    <applications>
                        <application>
                            <name>Redfish Generic Information</name>
                        </application>
                    </applications>
                    <triggers>
                        <trigger>
                            <expression>({iregexp(OK)}=0) and ({iregexp(null)}=0 and {iregexp(no batch file yet)}=0)</expression>
                            <name>{HOST.NAME} Processor Summary Health is {ITEM.LASTVALUE}</name>
                            <priority>HIGH</priority>
                        </trigger>
                    </triggers>
                </item>
                <item>
                    <name>Serial Number</name>
                    <type>EXTERNAL</type>
                    <key>redfish-reader[{$IPMI}-{$SYSTEM}.json,SerialNumber]</key>
                    <delay>1h</delay>
                    <trends>0</trends>
                    <value_type>TEXT</value_type>
                    <applications>
                        <application>
                            <name>Redfish Generic Information</name>
                        </application>
                    </applications>
                </item>
                <item>
                    <name>Overall Hardware Health Summary</name>
                    <type>EXTERNAL</type>
                    <key>redfish-reader[{$IPMI}-{$SYSTEM}.json,Status.Health]</key>
                    <delay>5m</delay>
                    <trends>0</trends>
                    <value_type>TEXT</value_type>
                    <applications>
                        <application>
                            <name>Redfish Generic Information</name>
                        </application>
                    </applications>
                    <triggers>
                        <trigger>
                            <expression>({iregexp(OK)}=0) and ({iregexp(null)}=0 and {iregexp(no batch file yet)}=0)</expression>
                            <name>{HOST.NAME} Overall Server Status is {ITEM.LASTVALUE}</name>
                            <priority>HIGH</priority>
                        </trigger>
                    </triggers>
                </item>
            </items>
            <discovery_rules>
                <discovery_rule>
                    <name>Fans</name>
                    <type>EXTERNAL</type>
                    <key>g-redfish-lld[{$TYPE},{$USER},{$PASSWORD},{$IPMI},Fans]</key>
                    <delay>5m</delay>
                    <item_prototypes>
                        <item_prototype>
                            <name>Fans {#NAME} $4 {$IPMI}</name>
                            <type>EXTERNAL</type>
                            <key>g-redfish-reader[{$IPMI}-Thermal.json,Fans,{#NAME},LowerThresholdCritical,{#THERMAL}]</key>
                            <units>RPM</units>
                            <applications>
                                <application>
                                    <name>Redfish Fans Information</name>
                                </application>
                            </applications>
                        </item_prototype>
                        <item_prototype>
                            <name>Fans {#NAME} $4 {$IPMI}</name>
                            <type>EXTERNAL</type>
                            <key>g-redfish-reader[{$IPMI}-Thermal.json,Fans,{#NAME},Reading,{#THERMAL}]</key>
                            <units>RPM</units>
                            <applications>
                                <application>
                                    <name>Redfish Fans Information</name>
                                </application>
                            </applications>
                        </item_prototype>
                        <item_prototype>
                            <name>Fans {#NAME} $4 {$IPMI}</name>
                            <type>EXTERNAL</type>
                            <key>g-redfish-reader[{$IPMI}-Thermal.json,Fans,{#NAME},Status.Health,{#THERMAL}]</key>
                            <trends>0</trends>
                            <value_type>TEXT</value_type>
                            <applications>
                                <application>
                                    <name>Redfish Fans Information</name>
                                </application>
                            </applications>
                            <trigger_prototypes>
                                <trigger_prototype>
                                    <expression>{iregexp(OK)}=0 and {iregexp(no batch file yet)}=0 and {iregexp(null)}=0</expression>
                                    <name>Fan {#NAME} is not Healthy</name>
                                    <priority>DISASTER</priority>
                                </trigger_prototype>
                            </trigger_prototypes>
                        </item_prototype>
                        <item_prototype>
                            <name>Fans {#NAME} $4 {$IPMI}</name>
                            <type>EXTERNAL</type>
                            <key>g-redfish-reader[{$IPMI}-Thermal.json,Fans,{#NAME},UpperThresholdCritical,{#THERMAL}]</key>
                            <units>RPM</units>
                            <applications>
                                <application>
                                    <name>Redfish Fans Information</name>
                                </application>
                            </applications>
                        </item_prototype>
                    </item_prototypes>
                    <graph_prototypes>
                        <graph_prototype>
                            <name>Fans {#NAME} {#FANS}</name>
                            <graph_items>
                                <graph_item>
                                    <sortorder>1</sortorder>
                                    <color>1A7C11</color>
                                    <item>
                                        <host>Template Hw Gagarin Redfish LLD</host>
                                        <key>g-redfish-reader[{$IPMI}-Thermal.json,Fans,{#NAME},LowerThresholdCritical,{#THERMAL}]</key>
                                    </item>
                                </graph_item>
                                <graph_item>
                                    <sortorder>2</sortorder>
                                    <color>F63100</color>
                                    <item>
                                        <host>Template Hw Gagarin Redfish LLD</host>
                                        <key>g-redfish-reader[{$IPMI}-Thermal.json,Fans,{#NAME},Reading,{#THERMAL}]</key>
                                    </item>
                                </graph_item>
                                <graph_item>
                                    <sortorder>3</sortorder>
                                    <color>2774A4</color>
                                    <item>
                                        <host>Template Hw Gagarin Redfish LLD</host>
                                        <key>g-redfish-reader[{$IPMI}-Thermal.json,Fans,{#NAME},UpperThresholdCritical,{#THERMAL}]</key>
                                    </item>
                                </graph_item>
                            </graph_items>
                        </graph_prototype>
                    </graph_prototypes>
                </discovery_rule>
                <discovery_rule>
                    <name>Memory</name>
                    <type>EXTERNAL</type>
                    <key>g-redfish-lld[{$TYPE},{$USER},{$PASSWORD},{$IPMI},Memory]</key>
                    <delay>5m</delay>
                    <item_prototypes>
                        <item_prototype>
                            <name>Collect Memory Data {#FILENAME}</name>
                            <type>EXTERNAL</type>
                            <key>redfish-collect[{$USER},{$PASSWORD},{$IPMI},{#MEMORY}]</key>
                            <delay>5m</delay>
                            <trends>0</trends>
                            <value_type>TEXT</value_type>
                            <applications>
                                <application>
                                    <name>Redfish Memory Information</name>
                                </application>
                            </applications>
                        </item_prototype>
                        <item_prototype>
                            <name>Memory {#FILENAME} $2</name>
                            <type>EXTERNAL</type>
                            <key>redfish-reader[{#FILENAME},Capacity,{#MEMORY}]</key>
                            <delay>5m</delay>
                            <applications>
                                <application>
                                    <name>Redfish Memory Information</name>
                                </application>
                            </applications>
                        </item_prototype>
                        <item_prototype>
                            <name>Memory {#FILENAME} $2</name>
                            <type>EXTERNAL</type>
                            <key>redfish-reader[{#FILENAME},Manufacturer,{#MEMORY}]</key>
                            <delay>5m</delay>
                            <trends>0</trends>
                            <value_type>TEXT</value_type>
                            <applications>
                                <application>
                                    <name>Redfish Memory Information</name>
                                </application>
                            </applications>
                        </item_prototype>
                        <item_prototype>
                            <name>Memory {#FILENAME} $2</name>
                            <type>EXTERNAL</type>
                            <key>redfish-reader[{#FILENAME},MemoryDeviceType,{#MEMORY}]</key>
                            <delay>5m</delay>
                            <trends>0</trends>
                            <value_type>TEXT</value_type>
                            <applications>
                                <application>
                                    <name>Redfish Memory Information</name>
                                </application>
                            </applications>
                        </item_prototype>
                        <item_prototype>
                            <name>Memory {#FILENAME} $2</name>
                            <type>EXTERNAL</type>
                            <key>redfish-reader[{#FILENAME},Name,{#MEMORY}]</key>
                            <delay>5m</delay>
                            <trends>0</trends>
                            <value_type>TEXT</value_type>
                            <applications>
                                <application>
                                    <name>Redfish Memory Information</name>
                                </application>
                            </applications>
                        </item_prototype>
                        <item_prototype>
                            <name>Memory {#FILENAME} $2</name>
                            <type>EXTERNAL</type>
                            <key>redfish-reader[{#FILENAME},OperatingSpeedMhz,{#MEMORY}]</key>
                            <delay>5m</delay>
                            <units>MHz</units>
                            <applications>
                                <application>
                                    <name>Redfish Memory Information</name>
                                </application>
                            </applications>
                        </item_prototype>
                        <item_prototype>
                            <name>Memory {#FILENAME} $2</name>
                            <type>EXTERNAL</type>
                            <key>redfish-reader[{#FILENAME},PartNumber,{#MEMORY}]</key>
                            <delay>5m</delay>
                            <trends>0</trends>
                            <value_type>TEXT</value_type>
                            <applications>
                                <application>
                                    <name>Redfish Memory Information</name>
                                </application>
                            </applications>
                        </item_prototype>
                        <item_prototype>
                            <name>Memory {#FILENAME} $2</name>
                            <type>EXTERNAL</type>
                            <key>redfish-reader[{#FILENAME},Status.Health,{#MEMORY}]</key>
                            <delay>5m</delay>
                            <trends>0</trends>
                            <value_type>TEXT</value_type>
                            <applications>
                                <application>
                                    <name>Redfish Memory Information</name>
                                </application>
                            </applications>
                            <trigger_prototypes>
                                <trigger_prototype>
                                    <expression>{iregexp(no batch file yet)}=0 and {iregexp(OK)}=0 and {iregexp(null)}=0</expression>
                                    <name>Memory {#FILENAME} is not Healthy</name>
                                    <priority>DISASTER</priority>
                                </trigger_prototype>
                            </trigger_prototypes>
                        </item_prototype>
                        <item_prototype>
                            <name>Memory {#FILENAME} $2</name>
                            <type>EXTERNAL</type>
                            <key>redfish-reader[{#FILENAME},Status.State,{#MEMORY}]</key>
                            <delay>5m</delay>
                            <trends>0</trends>
                            <value_type>TEXT</value_type>
                            <applications>
                                <application>
                                    <name>Redfish Memory Information</name>
                                </application>
                            </applications>
                        </item_prototype>
                    </item_prototypes>
                </discovery_rule>
                <discovery_rule>
                    <name>Power</name>
                    <type>EXTERNAL</type>
                    <key>g-redfish-lld[{$TYPE},{$USER},{$PASSWORD},{$IPMI},Power]</key>
                    <delay>5m</delay>
                    <item_prototypes>
                        <item_prototype>
                            <name>Power {#NAME} $4 {$IPMI}</name>
                            <type>EXTERNAL</type>
                            <key>g-redfish-reader[{$IPMI}-Power.json,Voltages,{#NAME},LowerThresholdCritical,{#POWER}]</key>
                            <value_type>FLOAT</value_type>
                            <units>Volts</units>
                            <applications>
                                <application>
                                    <name>Redfish Power Information</name>
                                </application>
                            </applications>
                        </item_prototype>
                        <item_prototype>
                            <name>Power {#NAME} $4 {$IPMI}</name>
                            <type>EXTERNAL</type>
                            <key>g-redfish-reader[{$IPMI}-Power.json,Voltages,{#NAME},LowerThresholdNonCritical,{#POWER}]</key>
                            <value_type>FLOAT</value_type>
                            <units>Volts</units>
                            <applications>
                                <application>
                                    <name>Redfish Power Information</name>
                                </application>
                            </applications>
                        </item_prototype>
                        <item_prototype>
                            <name>Power {#NAME} $4 {$IPMI}</name>
                            <type>EXTERNAL</type>
                            <key>g-redfish-reader[{$IPMI}-Power.json,Voltages,{#NAME},ReadingVolts,{#POWER}]</key>
                            <value_type>FLOAT</value_type>
                            <units>Volts</units>
                            <applications>
                                <application>
                                    <name>Redfish Power Information</name>
                                </application>
                            </applications>
                        </item_prototype>
                        <item_prototype>
                            <name>Power {#NAME} $4 {$IPMI}</name>
                            <type>EXTERNAL</type>
                            <key>g-redfish-reader[{$IPMI}-Power.json,Voltages,{#NAME},Status.Health,{#POWER}]</key>
                            <trends>0</trends>
                            <value_type>TEXT</value_type>
                            <applications>
                                <application>
                                    <name>Redfish Power Information</name>
                                </application>
                            </applications>
                            <trigger_prototypes>
                                <trigger_prototype>
                                    <expression>{iregexp(OK)}=0 and {iregexp(null)}=0 and {iregexp(no batch file yet)}=0</expression>
                                    <name>Power {#NAME} is not Healthy</name>
                                    <priority>DISASTER</priority>
                                </trigger_prototype>
                            </trigger_prototypes>
                        </item_prototype>
                        <item_prototype>
                            <name>Power {#NAME} $4 {$IPMI}</name>
                            <type>EXTERNAL</type>
                            <key>g-redfish-reader[{$IPMI}-Power.json,Voltages,{#NAME},UpperThresholdCritical,{#POWER}]</key>
                            <value_type>FLOAT</value_type>
                            <units>Volts</units>
                            <applications>
                                <application>
                                    <name>Redfish Power Information</name>
                                </application>
                            </applications>
                        </item_prototype>
                    </item_prototypes>
                    <trigger_prototypes>
                        <trigger_prototype>
                            <expression>{Template Hw Gagarin Redfish LLD:g-redfish-reader[{$IPMI}-Power.json,Voltages,{#NAME},ReadingVolts,{#POWER}].last()}&gt;={Template Hw Gagarin Redfish LLD:g-redfish-reader[{$IPMI}-Power.json,Voltages,{#NAME},UpperThresholdCritical,{#POWER}].last()}</expression>
                            <name>Voltage {#NAME} is extremely high at {ITEM.LASTVALUE}</name>
                            <priority>HIGH</priority>
                        </trigger_prototype>
                        <trigger_prototype>
                            <expression>{Template Hw Gagarin Redfish LLD:g-redfish-reader[{$IPMI}-Power.json,Voltages,{#NAME},ReadingVolts,{#POWER}].last()}&lt;={Template Hw Gagarin Redfish LLD:g-redfish-reader[{$IPMI}-Power.json,Voltages,{#NAME},LowerThresholdCritical,{#POWER}].last()}</expression>
                            <name>Voltage {#NAME} is extremely low at {ITEM.LASTVALUE}</name>
                            <priority>HIGH</priority>
                        </trigger_prototype>
                        <trigger_prototype>
                            <expression>{Template Hw Gagarin Redfish LLD:g-redfish-reader[{$IPMI}-Power.json,Voltages,{#NAME},ReadingVolts,{#POWER}].last()}&lt;={Template Hw Gagarin Redfish LLD:g-redfish-reader[{$IPMI}-Power.json,Voltages,{#NAME},LowerThresholdNonCritical,{#POWER}].last()}</expression>
                            <name>Voltage {#NAME} is pretty low at {ITEM.LASTVALUE}</name>
                            <priority>WARNING</priority>
                        </trigger_prototype>
                    </trigger_prototypes>
                    <graph_prototypes>
                        <graph_prototype>
                            <name>Power {#NAME} {#POWER}</name>
                            <graph_items>
                                <graph_item>
                                    <sortorder>1</sortorder>
                                    <color>1A7C11</color>
                                    <item>
                                        <host>Template Hw Gagarin Redfish LLD</host>
                                        <key>g-redfish-reader[{$IPMI}-Power.json,Voltages,{#NAME},LowerThresholdCritical,{#POWER}]</key>
                                    </item>
                                </graph_item>
                                <graph_item>
                                    <sortorder>2</sortorder>
                                    <color>F63100</color>
                                    <item>
                                        <host>Template Hw Gagarin Redfish LLD</host>
                                        <key>g-redfish-reader[{$IPMI}-Power.json,Voltages,{#NAME},ReadingVolts,{#POWER}]</key>
                                    </item>
                                </graph_item>
                                <graph_item>
                                    <sortorder>3</sortorder>
                                    <color>2774A4</color>
                                    <item>
                                        <host>Template Hw Gagarin Redfish LLD</host>
                                        <key>g-redfish-reader[{$IPMI}-Power.json,Voltages,{#NAME},UpperThresholdCritical,{#POWER}]</key>
                                    </item>
                                </graph_item>
                            </graph_items>
                        </graph_prototype>
                    </graph_prototypes>
                </discovery_rule>
                <discovery_rule>
                    <name>Processors</name>
                    <type>EXTERNAL</type>
                    <key>g-redfish-lld[{$TYPE},{$USER},{$PASSWORD},{$IPMI},Processors]</key>
                    <delay>5m</delay>
                    <item_prototypes>
                        <item_prototype>
                            <name>Collect Processors Data {#FILENAME}</name>
                            <type>EXTERNAL</type>
                            <key>redfish-collect[{$USER},{$PASSWORD},{$IPMI},{#PROCESSORS}]</key>
                            <delay>15m</delay>
                            <trends>0</trends>
                            <value_type>TEXT</value_type>
                            <applications>
                                <application>
                                    <name>Redfish Processors Information</name>
                                </application>
                            </applications>
                        </item_prototype>
                        <item_prototype>
                            <name>Processor {#FILENAME} $2</name>
                            <type>EXTERNAL</type>
                            <key>redfish-reader[{#FILENAME},InstructionSet,{#PROCESSORS}]</key>
                            <delay>5m</delay>
                            <trends>0</trends>
                            <value_type>TEXT</value_type>
                            <applications>
                                <application>
                                    <name>Redfish Processors Information</name>
                                </application>
                            </applications>
                        </item_prototype>
                        <item_prototype>
                            <name>Processor {#FILENAME} $2</name>
                            <type>EXTERNAL</type>
                            <key>redfish-reader[{#FILENAME},Manufacturer,{#PROCESSORS}]</key>
                            <delay>5m</delay>
                            <trends>0</trends>
                            <value_type>TEXT</value_type>
                            <applications>
                                <application>
                                    <name>Redfish Processors Information</name>
                                </application>
                            </applications>
                        </item_prototype>
                        <item_prototype>
                            <name>Processor {#FILENAME} $2</name>
                            <type>EXTERNAL</type>
                            <key>redfish-reader[{#FILENAME},MaxSpeedMHz,{#PROCESSORS}]</key>
                            <delay>5m</delay>
                            <units>MHz</units>
                            <applications>
                                <application>
                                    <name>Redfish Processors Information</name>
                                </application>
                            </applications>
                        </item_prototype>
                        <item_prototype>
                            <name>Processor {#FILENAME} $2</name>
                            <type>EXTERNAL</type>
                            <key>redfish-reader[{#FILENAME},Model,{#PROCESSORS}]</key>
                            <delay>1h</delay>
                            <trends>0</trends>
                            <value_type>TEXT</value_type>
                            <applications>
                                <application>
                                    <name>Redfish Processors Information</name>
                                </application>
                            </applications>
                        </item_prototype>
                        <item_prototype>
                            <name>Processor {#FILENAME} $2</name>
                            <type>EXTERNAL</type>
                            <key>redfish-reader[{#FILENAME},Name,{#PROCESSORS}]</key>
                            <delay>5m</delay>
                            <trends>0</trends>
                            <value_type>TEXT</value_type>
                            <applications>
                                <application>
                                    <name>Redfish Processors Information</name>
                                </application>
                            </applications>
                        </item_prototype>
                        <item_prototype>
                            <name>Processor {#FILENAME} $2</name>
                            <type>EXTERNAL</type>
                            <key>redfish-reader[{#FILENAME},Status.Health,{#PROCESSORS}]</key>
                            <delay>15m</delay>
                            <trends>0</trends>
                            <value_type>TEXT</value_type>
                            <applications>
                                <application>
                                    <name>Redfish Processors Information</name>
                                </application>
                            </applications>
                            <trigger_prototypes>
                                <trigger_prototype>
                                    <expression>{iregexp(OK)}=0 and {iregexp(null)}=0 and {iregexp(no batch file yet)}=0</expression>
                                    <name>Processor {#FILENAME} is not Healthy</name>
                                    <priority>DISASTER</priority>
                                </trigger_prototype>
                            </trigger_prototypes>
                        </item_prototype>
                        <item_prototype>
                            <name>Processor {#FILENAME} $2</name>
                            <type>EXTERNAL</type>
                            <key>redfish-reader[{#FILENAME},Status.State,{#PROCESSORS}]</key>
                            <delay>5m</delay>
                            <trends>0</trends>
                            <value_type>TEXT</value_type>
                            <applications>
                                <application>
                                    <name>Redfish Processors Information</name>
                                </application>
                            </applications>
                        </item_prototype>
                        <item_prototype>
                            <name>Processor {#FILENAME} $2</name>
                            <type>EXTERNAL</type>
                            <key>redfish-reader[{#FILENAME},TotalCores,{#PROCESSORS}]</key>
                            <delay>5m</delay>
                            <applications>
                                <application>
                                    <name>Redfish Processors Information</name>
                                </application>
                            </applications>
                        </item_prototype>
                        <item_prototype>
                            <name>Processor {#FILENAME} $2</name>
                            <type>EXTERNAL</type>
                            <key>redfish-reader[{#FILENAME},TotalThreads,{#PROCESSORS}]</key>
                            <delay>5m</delay>
                            <applications>
                                <application>
                                    <name>Redfish Processors Information</name>
                                </application>
                            </applications>
                        </item_prototype>
                    </item_prototypes>
                    <graph_prototypes>
                        <graph_prototype>
                            <name>CPU {#FILENAME} Cores/Threads</name>
                            <graph_items>
                                <graph_item>
                                    <sortorder>1</sortorder>
                                    <color>1A7C11</color>
                                    <item>
                                        <host>Template Hw Gagarin Redfish LLD</host>
                                        <key>redfish-reader[{#FILENAME},TotalCores,{#PROCESSORS}]</key>
                                    </item>
                                </graph_item>
                                <graph_item>
                                    <sortorder>2</sortorder>
                                    <color>F63100</color>
                                    <item>
                                        <host>Template Hw Gagarin Redfish LLD</host>
                                        <key>redfish-reader[{#FILENAME},TotalThreads,{#PROCESSORS}]</key>
                                    </item>
                                </graph_item>
                            </graph_items>
                        </graph_prototype>
                    </graph_prototypes>
                </discovery_rule>
                <discovery_rule>
                    <name>Sensors</name>
                    <type>EXTERNAL</type>
                    <key>g-redfish-lld[{$TYPE},{$USER},{$PASSWORD},{$IPMI},Sensors]</key>
                    <delay>5m</delay>
                    <item_prototypes>
                        <item_prototype>
                            <name>Collect Sensors Data {#FILENAME}</name>
                            <type>EXTERNAL</type>
                            <key>redfish-collect[{$USER},{$PASSWORD},{$IPMI},{#SENSORS}]</key>
                            <delay>5m</delay>
                            <trends>0</trends>
                            <value_type>TEXT</value_type>
                            <applications>
                                <application>
                                    <name>Redfish Sensors Information</name>
                                </application>
                            </applications>
                        </item_prototype>
                        <item_prototype>
                            <name>Sensors {#FILENAME} $2</name>
                            <type>EXTERNAL</type>
                            <key>redfish-reader[{#FILENAME},Name,{#SENSORS}]</key>
                            <delay>5m</delay>
                            <trends>0</trends>
                            <value_type>TEXT</value_type>
                            <applications>
                                <application>
                                    <name>Redfish Sensors Information</name>
                                </application>
                            </applications>
                        </item_prototype>
                        <item_prototype>
                            <name>Sensors {#FILENAME} $2</name>
                            <type>EXTERNAL</type>
                            <key>redfish-reader[{#FILENAME},Reading,{#SENSORS}]</key>
                            <delay>5m</delay>
                            <value_type>FLOAT</value_type>
                            <applications>
                                <application>
                                    <name>Redfish Sensors Information</name>
                                </application>
                            </applications>
                        </item_prototype>
                        <item_prototype>
                            <name>Sensors {#FILENAME} $2</name>
                            <type>EXTERNAL</type>
                            <key>redfish-reader[{#FILENAME},ReadingUnits,{#SENSORS}]</key>
                            <delay>5m</delay>
                            <trends>0</trends>
                            <value_type>TEXT</value_type>
                            <applications>
                                <application>
                                    <name>Redfish Sensors Information</name>
                                </application>
                            </applications>
                        </item_prototype>
                        <item_prototype>
                            <name>Sensors {#FILENAME} $2</name>
                            <type>EXTERNAL</type>
                            <key>redfish-reader[{#FILENAME},Status.Health,{#SENSORS}]</key>
                            <delay>5m</delay>
                            <trends>0</trends>
                            <value_type>TEXT</value_type>
                            <applications>
                                <application>
                                    <name>Redfish Sensors Information</name>
                                </application>
                            </applications>
                            <trigger_prototypes>
                                <trigger_prototype>
                                    <expression>{iregexp(no batch file yet)}=0 and {iregexp(null)}=0 and {iregexp(OK)}=0</expression>
                                    <name>Sensor {#FILENAME} is not Healthy</name>
                                    <priority>DISASTER</priority>
                                </trigger_prototype>
                            </trigger_prototypes>
                        </item_prototype>
                        <item_prototype>
                            <name>Sensors {#FILENAME} $2</name>
                            <type>EXTERNAL</type>
                            <key>redfish-reader[{#FILENAME},Thresholds.UpperCritical.Reading,{#SENSORS}]</key>
                            <delay>5m</delay>
                            <value_type>FLOAT</value_type>
                            <applications>
                                <application>
                                    <name>Redfish Sensors Information</name>
                                </application>
                            </applications>
                        </item_prototype>
                    </item_prototypes>
                    <graph_prototypes>
                        <graph_prototype>
                            <name>Sensor {#FILENAME} {#SENSORS}</name>
                            <graph_items>
                                <graph_item>
                                    <sortorder>1</sortorder>
                                    <color>1A7C11</color>
                                    <item>
                                        <host>Template Hw Gagarin Redfish LLD</host>
                                        <key>redfish-reader[{#FILENAME},Reading,{#SENSORS}]</key>
                                    </item>
                                </graph_item>
                            </graph_items>
                        </graph_prototype>
                    </graph_prototypes>
                </discovery_rule>
                <discovery_rule>
                    <name>Temperatures</name>
                    <type>EXTERNAL</type>
                    <key>g-redfish-lld[{$TYPE},{$USER},{$PASSWORD},{$IPMI},Temperatures]</key>
                    <delay>5m</delay>
                    <item_prototypes>
                        <item_prototype>
                            <name>Temperatures {#NAME} $4 {$IPMI}</name>
                            <type>EXTERNAL</type>
                            <key>g-redfish-reader[{$IPMI}-Thermal.json,Temperatures,{#NAME},ReadingCelsius,{#THERMAL}]</key>
                            <units>C</units>
                            <applications>
                                <application>
                                    <name>Redfish Thermal Information</name>
                                </application>
                            </applications>
                        </item_prototype>
                        <item_prototype>
                            <name>Temperatures {#NAME} $4 {$IPMI}</name>
                            <type>EXTERNAL</type>
                            <key>g-redfish-reader[{$IPMI}-Thermal.json,Temperatures,{#NAME},Status.Health,{#THERMAL}]</key>
                            <trends>0</trends>
                            <value_type>TEXT</value_type>
                            <applications>
                                <application>
                                    <name>Redfish Thermal Information</name>
                                </application>
                            </applications>
                            <trigger_prototypes>
                                <trigger_prototype>
                                    <expression>{iregexp(OK)}=0 and {iregexp(no batch file yet)}=0 and {iregexp(null)}=0</expression>
                                    <name>Temperature {#NAME} is not Healthy</name>
                                    <priority>DISASTER</priority>
                                </trigger_prototype>
                            </trigger_prototypes>
                        </item_prototype>
                        <item_prototype>
                            <name>Temperatures {#NAME} $4 {$IPMI}</name>
                            <type>EXTERNAL</type>
                            <key>g-redfish-reader[{$IPMI}-Thermal.json,Temperatures,{#NAME},UpperThresholdCritical,{#THERMAL}]</key>
                            <units>C</units>
                            <applications>
                                <application>
                                    <name>Redfish Thermal Information</name>
                                </application>
                            </applications>
                        </item_prototype>
                        <item_prototype>
                            <name>Temperatures {#NAME} $4 {$IPMI}</name>
                            <type>EXTERNAL</type>
                            <key>g-redfish-reader[{$IPMI}-Thermal.json,Temperatures,{#NAME},UpperThresholdNonCritical,{#THERMAL}]</key>
                            <units>C</units>
                            <applications>
                                <application>
                                    <name>Redfish Thermal Information</name>
                                </application>
                            </applications>
                        </item_prototype>
                    </item_prototypes>
                    <trigger_prototypes>
                        <trigger_prototype>
                            <expression>{Template Hw Gagarin Redfish LLD:g-redfish-reader[{$IPMI}-Thermal.json,Temperatures,{#NAME},ReadingCelsius,{#THERMAL}].last()}&gt;={Template Hw Gagarin Redfish LLD:g-redfish-reader[{$IPMI}-Thermal.json,Temperatures,{#NAME},UpperThresholdCritical,{#THERMAL}].last()}</expression>
                            <name>Temperature {#NAME} is extremely high at {ITEM.LASTVALUE}</name>
                            <priority>HIGH</priority>
                        </trigger_prototype>
                        <trigger_prototype>
                            <expression>{Template Hw Gagarin Redfish LLD:g-redfish-reader[{$IPMI}-Thermal.json,Temperatures,{#NAME},ReadingCelsius,{#THERMAL}].last()}&gt;={Template Hw Gagarin Redfish LLD:g-redfish-reader[{$IPMI}-Thermal.json,Temperatures,{#NAME},UpperThresholdNonCritical,{#THERMAL}].last()}</expression>
                            <name>Temperature {#NAME} is pretty high at {ITEM.LASTVALUE}</name>
                            <priority>AVERAGE</priority>
                        </trigger_prototype>
                    </trigger_prototypes>
                    <graph_prototypes>
                        <graph_prototype>
                            <name>Temperatures {#NAME} {#TEMPERATURES}</name>
                            <graph_items>
                                <graph_item>
                                    <sortorder>1</sortorder>
                                    <color>1A7C11</color>
                                    <item>
                                        <host>Template Hw Gagarin Redfish LLD</host>
                                        <key>g-redfish-reader[{$IPMI}-Thermal.json,Temperatures,{#NAME},ReadingCelsius,{#THERMAL}]</key>
                                    </item>
                                </graph_item>
                                <graph_item>
                                    <sortorder>2</sortorder>
                                    <color>F63100</color>
                                    <item>
                                        <host>Template Hw Gagarin Redfish LLD</host>
                                        <key>g-redfish-reader[{$IPMI}-Thermal.json,Temperatures,{#NAME},UpperThresholdCritical,{#THERMAL}]</key>
                                    </item>
                                </graph_item>
                            </graph_items>
                        </graph_prototype>
                    </graph_prototypes>
                </discovery_rule>
            </discovery_rules>
            <macros>
                <macro>
                    <macro>{$CHASSIS}</macro>
                    <value>TiogaPass_Baseboard</value>
                </macro>
                <macro>
                    <macro>{$PASSWORD}</macro>
                    <value>somepass</value>
                </macro>
                <macro>
                    <macro>{$SYSTEM}</macro>
                    <value>system</value>
                </macro>
                <macro>
                    <macro>{$TYPE}</macro>
                    <value>GAGARIN</value>
                </macro>
                <macro>
                    <macro>{$USER}</macro>
                    <value>root</value>
                </macro>
            </macros>
        </template>
    </templates>
</zabbix_export>

