<?xml version="1.0" encoding="UTF-8"?>
<zabbix_export>
    <version>3.2</version>
    <date>2016-12-06T23:35:35Z</date>
    <value_maps>
        <value_map>
            <name>DellMonitoringCapable</name>
            <mappings>
                <mapping>
                    <value>1</value>
                    <newvalue>absent</newvalue>
                </mapping>
                <mapping>
                    <value>2</value>
                    <newvalue>none</newvalue>
                </mapping>
                <mapping>
                    <value>3</value>
                    <newvalue>basic</newvalue>
                </mapping>
                <mapping>
                    <value>4</value>
                    <newvalue>off</newvalue>
                </mapping>
            </mappings>
        </value_map>
        <value_map>
            <name>Dell Open Manage System Status</name>
            <mappings>
                <mapping>
                    <value>1</value>
                    <newvalue>Other</newvalue>
                </mapping>
                <mapping>
                    <value>2</value>
                    <newvalue>Unknown</newvalue>
                </mapping>
                <mapping>
                    <value>3</value>
                    <newvalue>OK</newvalue>
                </mapping>
                <mapping>
                    <value>4</value>
                    <newvalue>NonCritical</newvalue>
                </mapping>
                <mapping>
                    <value>5</value>
                    <newvalue>Critical</newvalue>
                </mapping>
                <mapping>
                    <value>6</value>
                    <newvalue>NonRecoverable</newvalue>
                </mapping>
            </mappings>
        </value_map>
        <value_map>
            <name>DellPSUMonitoringCapable</name>
            <mappings>
                <mapping>
                    <value>1</value>
                    <newvalue>absent</newvalue>
                </mapping>
                <mapping>
                    <value>2</value>
                    <newvalue>none</newvalue>
                </mapping>
                <mapping>
                    <value>3</value>
                    <newvalue>basic</newvalue>
                </mapping>
                <mapping>
                    <value>4</value>
                    <newvalue>off</newvalue>
                </mapping>
            </mappings>
        </value_map>
    </value_maps>
</zabbix_export>
