<?xml version="1.0" encoding="UTF-8"?>
<zabbix_export>
    <version>3.2</version>
    <date>2017-07-13T11:07:19Z</date>
    <groups>
        <group>
            <name>MountPoints</name>
        </group>
    </groups>
    <templates>
        <template>
            <template>Mountpoints</template>
            <name>Mountpoints</name>
            <description/>
            <groups>
                <group>
                    <name>MountPoints</name>
                </group>
            </groups>
            <applications/>
            <items>
                <item>
                    <name>mount storage down</name>
                    <type>7</type>
                    <snmp_community/>
                    <multiplier>0</multiplier>
                    <snmp_oid/>
                    <key>system.run[&quot;/home/zabbix/mount_down.sh&quot;]</key>
                    <delay>300</delay>
                    <history>7</history>
                    <trends>0</trends>
                    <status>0</status>
                    <value_type>1</value_type>
                    <allowed_hosts/>
                    <units/>
                    <delta>0</delta>
                    <snmpv3_contextname/>
                    <snmpv3_securityname/>
                    <snmpv3_securitylevel>0</snmpv3_securitylevel>
                    <snmpv3_authprotocol>0</snmpv3_authprotocol>
                    <snmpv3_authpassphrase/>
                    <snmpv3_privprotocol>0</snmpv3_privprotocol>
                    <snmpv3_privpassphrase/>
                    <formula>1</formula>
                    <delay_flex/>
                    <params/>
                    <ipmi_sensor/>
                    <data_type>0</data_type>
                    <authtype>0</authtype>
                    <username/>
                    <password/>
                    <publickey/>
                    <privatekey/>
                    <port/>
                    <description/>
                    <inventory_link>0</inventory_link>
                    <applications/>
                    <valuemap/>
                    <logtimefmt/>
                </item>
            </items>
            <discovery_rules/>
            <httptests/>
            <macros/>
            <templates/>
            <screens/>
        </template>
    </templates>
    <triggers>
        <trigger>
            <expression>{Mountpoints:system.run[&quot;/home/zabbix/mount_down.sh&quot;].str(OK)}&lt;&gt;1</expression>
            <recovery_mode>0</recovery_mode>
            <recovery_expression/>
            <name>{ITEM.LASTVALUE}</name>
            <correlation_mode>0</correlation_mode>
            <correlation_tag/>
            <url/>
            <status>0</status>
            <priority>5</priority>
            <description/>
            <type>0</type>
            <manual_close>0</manual_close>
            <dependencies/>
            <tags/>
        </trigger>
    </triggers>
</zabbix_export>
