<?xml version="1.0" encoding="UTF-8"?>
<zabbix_export>
    <version>4.2</version>
    <date>2019-08-05T11:57:30Z</date>
    <groups>
        <group>
            <name>Железо HDD-CPU-RAM</name>
        </group>
    </groups>
    <templates>
        <template>
            <template>Hardware-Linux</template>
            <name>Аппаратное обеспечение Linux</name>
            <description>Работа через внешнюю проверку , скрипт на заббикс сервере lm-sensors.sh &#13;
C помощью утилиты lm-sensors по команде sensors&#13;
для версий скрипта V1.0 V2.0 V2.5&#13;
Рекомендуемо использовать версию 2.0 только для температуры.&#13;
*в 2.5 слишком большая data из за повторных выполнений команды.&#13;
&#13;
При работе скрипта вся нагрузка выполнения ложится на ресурсы железа Заббикс Сервера!</description>
            <groups>
                <group>
                    <name>Железо HDD-CPU-RAM</name>
                </group>
            </groups>
            <applications>
                <application>
                    <name>Sensors</name>
                </application>
                <application>
                    <name>Кулеры</name>
                </application>
                <application>
                    <name>Напряжение V</name>
                </application>
                <application>
                    <name>Температура</name>
                </application>
            </applications>
            <items>
                <item>
                    <name>Sensors {HOST.NAME}</name>
                    <type>10</type>
                    <snmp_community/>
                    <snmp_oid/>
                    <key>lm-sensors.sh[{HOST.CONN},info]</key>
                    <delay>12h</delay>
                    <history>90d</history>
                    <trends>0</trends>
                    <status>0</status>
                    <value_type>4</value_type>
                    <allowed_hosts/>
                    <units/>
                    <snmpv3_contextname/>
                    <snmpv3_securityname/>
                    <snmpv3_securitylevel>0</snmpv3_securitylevel>
                    <snmpv3_authprotocol>0</snmpv3_authprotocol>
                    <snmpv3_authpassphrase/>
                    <snmpv3_privprotocol>0</snmpv3_privprotocol>
                    <snmpv3_privpassphrase/>
                    <params/>
                    <ipmi_sensor/>
                    <authtype>0</authtype>
                    <username/>
                    <password/>
                    <publickey/>
                    <privatekey/>
                    <port/>
                    <description>обычный Листинг команды sensors</description>
                    <inventory_link>0</inventory_link>
                    <applications>
                        <application>
                            <name>Sensors</name>
                        </application>
                    </applications>
                    <valuemap/>
                    <logtimefmt/>
                    <preprocessing/>
                    <jmx_endpoint/>
                    <timeout>3s</timeout>
                    <url/>
                    <query_fields/>
                    <posts/>
                    <status_codes>200</status_codes>
                    <follow_redirects>1</follow_redirects>
                    <post_type>0</post_type>
                    <http_proxy/>
                    <headers/>
                    <retrieve_mode>0</retrieve_mode>
                    <request_method>0</request_method>
                    <output_format>0</output_format>
                    <allow_traps>0</allow_traps>
                    <ssl_cert_file/>
                    <ssl_key_file/>
                    <ssl_key_password/>
                    <verify_peer>0</verify_peer>
                    <verify_host>0</verify_host>
                    <master_item/>
                </item>
                <item>
                    <name>MaxTemp {HOST.NAME}</name>
                    <type>10</type>
                    <snmp_community/>
                    <snmp_oid/>
                    <key>lm-sensors.sh[{HOST.CONN},maxtemp]</key>
                    <delay>1m</delay>
                    <history>90d</history>
                    <trends>90d</trends>
                    <status>0</status>
                    <value_type>3</value_type>
                    <allowed_hosts/>
                    <units/>
                    <snmpv3_contextname/>
                    <snmpv3_securityname/>
                    <snmpv3_securitylevel>0</snmpv3_securitylevel>
                    <snmpv3_authprotocol>0</snmpv3_authprotocol>
                    <snmpv3_authpassphrase/>
                    <snmpv3_privprotocol>0</snmpv3_privprotocol>
                    <snmpv3_privpassphrase/>
                    <params/>
                    <ipmi_sensor/>
                    <authtype>0</authtype>
                    <username/>
                    <password/>
                    <publickey/>
                    <privatekey/>
                    <port/>
                    <description>Максимальная температура из всех доступных</description>
                    <inventory_link>0</inventory_link>
                    <applications>
                        <application>
                            <name>Температура</name>
                        </application>
                    </applications>
                    <valuemap/>
                    <logtimefmt/>
                    <preprocessing/>
                    <jmx_endpoint/>
                    <timeout>3s</timeout>
                    <url/>
                    <query_fields/>
                    <posts/>
                    <status_codes>200</status_codes>
                    <follow_redirects>1</follow_redirects>
                    <post_type>0</post_type>
                    <http_proxy/>
                    <headers/>
                    <retrieve_mode>0</retrieve_mode>
                    <request_method>0</request_method>
                    <output_format>0</output_format>
                    <allow_traps>0</allow_traps>
                    <ssl_cert_file/>
                    <ssl_key_file/>
                    <ssl_key_password/>
                    <verify_peer>0</verify_peer>
                    <verify_host>0</verify_host>
                    <master_item/>
                </item>
            </items>
            <discovery_rules>
                <discovery_rule>
                    <name>Обнаружение датчиков</name>
                    <type>10</type>
                    <snmp_community/>
                    <snmp_oid/>
                    <key>lm-sensors.sh[{HOST.CONN},discovery]</key>
                    <delay>3600s</delay>
                    <status>0</status>
                    <allowed_hosts/>
                    <snmpv3_contextname/>
                    <snmpv3_securityname/>
                    <snmpv3_securitylevel>0</snmpv3_securitylevel>
                    <snmpv3_authprotocol>0</snmpv3_authprotocol>
                    <snmpv3_authpassphrase/>
                    <snmpv3_privprotocol>0</snmpv3_privprotocol>
                    <snmpv3_privpassphrase/>
                    <params/>
                    <ipmi_sensor/>
                    <authtype>0</authtype>
                    <username/>
                    <password/>
                    <publickey/>
                    <privatekey/>
                    <port/>
                    <filter>
                        <evaltype>0</evaltype>
                        <formula/>
                        <conditions/>
                    </filter>
                    <lifetime>1d</lifetime>
                    <description>Обнаружение подключенных датчиков</description>
                    <item_prototypes>
                        <item_prototype>
                            <name>Обороты кулера {#NAMEFAN}</name>
                            <type>10</type>
                            <snmp_community/>
                            <snmp_oid/>
                            <key>lm-sensors.sh[{HOST.CONN},fan,{#NAMEFAN}]</key>
                            <delay>60s</delay>
                            <history>90d</history>
                            <trends>90d</trends>
                            <status>1</status>
                            <value_type>3</value_type>
                            <allowed_hosts/>
                            <units>RPM</units>
                            <snmpv3_contextname/>
                            <snmpv3_securityname/>
                            <snmpv3_securitylevel>0</snmpv3_securitylevel>
                            <snmpv3_authprotocol>0</snmpv3_authprotocol>
                            <snmpv3_authpassphrase/>
                            <snmpv3_privprotocol>0</snmpv3_privprotocol>
                            <snmpv3_privpassphrase/>
                            <params/>
                            <ipmi_sensor/>
                            <authtype>0</authtype>
                            <username/>
                            <password/>
                            <publickey/>
                            <privatekey/>
                            <port/>
                            <description>Обороты Кулеров</description>
                            <inventory_link>0</inventory_link>
                            <applications>
                                <application>
                                    <name>Кулеры</name>
                                </application>
                            </applications>
                            <valuemap/>
                            <logtimefmt/>
                            <preprocessing/>
                            <jmx_endpoint/>
                            <timeout>3s</timeout>
                            <url/>
                            <query_fields/>
                            <posts/>
                            <status_codes>200</status_codes>
                            <follow_redirects>1</follow_redirects>
                            <post_type>0</post_type>
                            <http_proxy/>
                            <headers/>
                            <retrieve_mode>0</retrieve_mode>
                            <request_method>0</request_method>
                            <output_format>0</output_format>
                            <allow_traps>0</allow_traps>
                            <ssl_cert_file/>
                            <ssl_key_file/>
                            <ssl_key_password/>
                            <verify_peer>0</verify_peer>
                            <verify_host>0</verify_host>
                            <application_prototypes/>
                            <master_item/>
                        </item_prototype>
                        <item_prototype>
                            <name>Температура {#NAMETEMP}</name>
                            <type>10</type>
                            <snmp_community/>
                            <snmp_oid/>
                            <key>lm-sensors.sh[{HOST.CONN},temperature,{#NAMETEMP}]</key>
                            <delay>60s</delay>
                            <history>90d</history>
                            <trends>90d</trends>
                            <status>0</status>
                            <value_type>3</value_type>
                            <allowed_hosts/>
                            <units>°C</units>
                            <snmpv3_contextname/>
                            <snmpv3_securityname/>
                            <snmpv3_securitylevel>0</snmpv3_securitylevel>
                            <snmpv3_authprotocol>0</snmpv3_authprotocol>
                            <snmpv3_authpassphrase/>
                            <snmpv3_privprotocol>0</snmpv3_privprotocol>
                            <snmpv3_privpassphrase/>
                            <params/>
                            <ipmi_sensor/>
                            <authtype>0</authtype>
                            <username/>
                            <password/>
                            <publickey/>
                            <privatekey/>
                            <port/>
                            <description>Температура</description>
                            <inventory_link>0</inventory_link>
                            <applications>
                                <application>
                                    <name>Температура</name>
                                </application>
                            </applications>
                            <valuemap/>
                            <logtimefmt/>
                            <preprocessing/>
                            <jmx_endpoint/>
                            <timeout>3s</timeout>
                            <url/>
                            <query_fields/>
                            <posts/>
                            <status_codes>200</status_codes>
                            <follow_redirects>1</follow_redirects>
                            <post_type>0</post_type>
                            <http_proxy/>
                            <headers/>
                            <retrieve_mode>0</retrieve_mode>
                            <request_method>0</request_method>
                            <output_format>0</output_format>
                            <allow_traps>0</allow_traps>
                            <ssl_cert_file/>
                            <ssl_key_file/>
                            <ssl_key_password/>
                            <verify_peer>0</verify_peer>
                            <verify_host>0</verify_host>
                            <application_prototypes/>
                            <master_item/>
                        </item_prototype>
                        <item_prototype>
                            <name>Напряжение {#NAMEVOLT}</name>
                            <type>10</type>
                            <snmp_community/>
                            <snmp_oid/>
                            <key>lm-sensors.sh[{HOST.CONN},volt,{#NAMEVOLT}]</key>
                            <delay>60s</delay>
                            <history>90d</history>
                            <trends>90d</trends>
                            <status>1</status>
                            <value_type>3</value_type>
                            <allowed_hosts/>
                            <units>V</units>
                            <snmpv3_contextname/>
                            <snmpv3_securityname/>
                            <snmpv3_securitylevel>0</snmpv3_securitylevel>
                            <snmpv3_authprotocol>0</snmpv3_authprotocol>
                            <snmpv3_authpassphrase/>
                            <snmpv3_privprotocol>0</snmpv3_privprotocol>
                            <snmpv3_privpassphrase/>
                            <params/>
                            <ipmi_sensor/>
                            <authtype>0</authtype>
                            <username/>
                            <password/>
                            <publickey/>
                            <privatekey/>
                            <port/>
                            <description>Напряжение</description>
                            <inventory_link>0</inventory_link>
                            <applications>
                                <application>
                                    <name>Напряжение V</name>
                                </application>
                            </applications>
                            <valuemap/>
                            <logtimefmt/>
                            <preprocessing/>
                            <jmx_endpoint/>
                            <timeout>3s</timeout>
                            <url/>
                            <query_fields/>
                            <posts/>
                            <status_codes>200</status_codes>
                            <follow_redirects>1</follow_redirects>
                            <post_type>0</post_type>
                            <http_proxy/>
                            <headers/>
                            <retrieve_mode>0</retrieve_mode>
                            <request_method>0</request_method>
                            <output_format>0</output_format>
                            <allow_traps>0</allow_traps>
                            <ssl_cert_file/>
                            <ssl_key_file/>
                            <ssl_key_password/>
                            <verify_peer>0</verify_peer>
                            <verify_host>0</verify_host>
                            <application_prototypes/>
                            <master_item/>
                        </item_prototype>
                    </item_prototypes>
                    <trigger_prototypes>
                        <trigger_prototype>
                            <expression>{Hardware-Linux:lm-sensors.sh[{HOST.CONN},temperature,{#NAMETEMP}].avg(#3)}&gt;70</expression>
                            <recovery_mode>0</recovery_mode>
                            <recovery_expression/>
                            <name>ExtremHighTemp {#NAMETEMP} {HOST.NAME}=({ITEM.VALUE})</name>
                            <correlation_mode>0</correlation_mode>
                            <correlation_tag/>
                            <url/>
                            <status>0</status>
                            <priority>5</priority>
                            <description>Слишком высокая температура&#13;
Последнее значение: {ITEM.VALUE} {ITEM.LASTVALUE} ({TIME})</description>
                            <type>0</type>
                            <manual_close>0</manual_close>
                            <dependencies/>
                            <tags/>
                        </trigger_prototype>
                        <trigger_prototype>
                            <expression>{Hardware-Linux:lm-sensors.sh[{HOST.CONN},temperature,{#NAMETEMP}].avg(#3)}&gt;60</expression>
                            <recovery_mode>0</recovery_mode>
                            <recovery_expression/>
                            <name>HighTemp {#NAMETEMP} {HOST.NAME}=({ITEM.VALUE})</name>
                            <correlation_mode>0</correlation_mode>
                            <correlation_tag/>
                            <url/>
                            <status>0</status>
                            <priority>4</priority>
                            <description>Высокая температура&#13;
Последнее значение: {ITEM.VALUE} {ITEM.LASTVALUE} ({TIME})</description>
                            <type>0</type>
                            <manual_close>0</manual_close>
                            <dependencies/>
                            <tags/>
                        </trigger_prototype>
                    </trigger_prototypes>
                    <graph_prototypes/>
                    <host_prototypes/>
                    <jmx_endpoint/>
                    <timeout>3s</timeout>
                    <url/>
                    <query_fields/>
                    <posts/>
                    <status_codes>200</status_codes>
                    <follow_redirects>1</follow_redirects>
                    <post_type>0</post_type>
                    <http_proxy/>
                    <headers/>
                    <retrieve_mode>0</retrieve_mode>
                    <request_method>0</request_method>
                    <allow_traps>0</allow_traps>
                    <ssl_cert_file/>
                    <ssl_key_file/>
                    <ssl_key_password/>
                    <verify_peer>0</verify_peer>
                    <verify_host>0</verify_host>
                    <lld_macro_paths/>
                    <preprocessing/>
                    <master_item/>
                </discovery_rule>
            </discovery_rules>
            <httptests/>
            <macros/>
            <templates/>
            <screens/>
            <tags/>
        </template>
    </templates>
    <triggers>
        <trigger>
            <expression>{Hardware-Linux:lm-sensors.sh[{HOST.CONN},maxtemp].avg(#3)}&gt;70</expression>
            <recovery_mode>0</recovery_mode>
            <recovery_expression/>
            <name>ExtremHighTemp {HOST.NAME}=({ITEM.VALUE})</name>
            <correlation_mode>0</correlation_mode>
            <correlation_tag/>
            <url/>
            <status>0</status>
            <priority>4</priority>
            <description>Максимальная температура из всех доступных в LM-SENSORS&#13;
Слишком высокая температура&#13;
Последнее значение: {ITEM.VALUE} {ITEM.LASTVALUE} ({TIME})</description>
            <type>0</type>
            <manual_close>0</manual_close>
            <dependencies/>
            <tags/>
        </trigger>
    </triggers>
</zabbix_export>
