<?xml version="1.0" encoding="UTF-8"?>
<zabbix_export>
   <version>3.4</version>
   <date>2015-12-30T14:41:30Z</date>
   <groups>
      <group>
         <name>Templates/Modules</name>
      </group>
   </groups>
   <templates>
      <template>
         <template>Template Module HOST-RESOURCES-MIB SNMPv1</template>
         <name>Template Module HOST-RESOURCES-MIB SNMPv1</name>
         <description>HOST-RESOURCES-MIB: CPU, Memory and Storage version: 0.15
MIBs used:
HOST-RESOURCES-MIB</description>
         <groups>
            <group>
               <name>Templates/Modules</name>
            </group>
         </groups>
         <applications>
            <application>
               <name>Internal Items</name>
            </application>
            <application>
               <name>Memory</name>
            </application>
            <application>
               <name>Storage</name>
            </application>
            <application>
               <name>CPU</name>
            </application>
         </applications>
         <items/>
         <discovery_rules>
            <discovery_rule>
               <name>CPU Discovery</name>
               <type>1</type>
               <snmp_community>{$SNMP_COMMUNITY}</snmp_community>
               <snmp_oid>discovery[{#SNMPVALUE},1.3.6.1.2.1.25.3.3.1.1]</snmp_oid>
               <key>hrProcessorLoad.discovery</key>
               <delay>1h</delay>
               <status>0</status>
               <allowed_hosts/>
               <snmpv3_contextname/>
               <snmpv3_securityname/>
               <snmpv3_securitylevel>0</snmpv3_securitylevel>
               <snmpv3_authprotocol>0</snmpv3_authprotocol>
               <snmpv3_authpassphrase/>
               <snmpv3_privprotocol>0</snmpv3_privprotocol>
               <snmpv3_privpassphrase/>
               <params/>
               <ipmi_sensor/>
               <authtype>0</authtype>
               <username/>
               <password/>
               <publickey/>
               <privatekey/>
               <port/>
               <filter>
                  <evaltype>0</evaltype>
                  <formula/>
                  <conditions/>
               </filter>
               <lifetime>30d</lifetime>
               <description>HOST-RESOURCES-MIB::hrProcessorTable discovery</description>
               <item_prototypes>
                  <item_prototype>
                     <name>#{#SNMPINDEX}: CPU utilization</name>
                     <type>1</type>
                     <snmp_community>{$SNMP_COMMUNITY}</snmp_community>
                     <snmp_oid>1.3.6.1.2.1.25.3.3.1.2.{#SNMPINDEX}</snmp_oid>
                     <key>system.cpu.util[hrProcessorLoad.{#SNMPINDEX}]</key>
                     <delay>3m</delay>
                     <history>30d</history>
                     <trends>365d</trends>
                     <status>0</status>
                     <value_type>0</value_type>
                     <allowed_hosts/>
                     <units>%</units>
                     <snmpv3_contextname/>
                     <snmpv3_securityname/>
                     <snmpv3_securitylevel>0</snmpv3_securitylevel>
                     <snmpv3_authprotocol>0</snmpv3_authprotocol>
                     <snmpv3_authpassphrase/>
                     <snmpv3_privprotocol>0</snmpv3_privprotocol>
                     <snmpv3_privpassphrase/>
                     <params/>
                     <ipmi_sensor/>
                     <authtype>0</authtype>
                     <username/>
                     <password/>
                     <publickey/>
                     <privatekey/>
                     <port/>
                     <description>MIB: HOST-RESOURCES-MIB
The average, over the last minute, of the percentage of time that this processor was not idle.
Implementations may approximate this one minute smoothing period if necessary.</description>
                     <inventory_link>0</inventory_link>
                     <applications>
                        <application>
                           <name>CPU</name>
                        </application>
                     </applications>
                     <valuemap/>
                     <logtimefmt/>
                     <preprocessing/>
                     <jmx_endpoint/>
                     <application_prototypes/>
                     <master_item_prototype/>
                  </item_prototype>
               </item_prototypes>
               <trigger_prototypes>
                  <trigger_prototype>
                     <expression>{Template Module HOST-RESOURCES-MIB SNMPv1:system.cpu.util[hrProcessorLoad.{#SNMPINDEX}].avg(5m)}&gt;{$CPU_UTIL_MAX}</expression>
                     <recovery_mode>0</recovery_mode>
                     <recovery_expression/>
                     <name>#{#SNMPINDEX}: High CPU utilization</name>
                     <correlation_mode>0</correlation_mode>
                     <correlation_tag/>
                     <url/>
                     <status>0</status>
                     <priority>3</priority>
                     <description>Last value: {ITEM.LASTVALUE1}.</description>
                     <type>0</type>
                     <manual_close>0</manual_close>
                     <dependencies/>
                     <tags/>
                  </trigger_prototype>
               </trigger_prototypes>
               <graph_prototypes>
                  <graph_prototype>
                     <name>#{#SNMPINDEX}: CPU utilization</name>
                     <width>900</width>
                     <height>200</height>
                     <yaxismin>0</yaxismin>
                     <yaxismax>100</yaxismax>
                     <show_work_period>1</show_work_period>
                     <show_triggers>1</show_triggers>
                     <type>0</type>
                     <show_legend>1</show_legend>
                     <show_3d>0</show_3d>
                     <percent_left>0.0000</percent_left>
                     <percent_right>0.0000</percent_right>
                     <ymin_type_1>1</ymin_type_1>
                     <ymax_type_1>1</ymax_type_1>
                     <ymin_item_1>0</ymin_item_1>
                     <ymax_item_1>0</ymax_item_1>
                     <graph_items>
                        <graph_item>
                           <sortorder>0</sortorder>
                           <drawtype>5</drawtype>
                           <color>1A7C11</color>
                           <yaxisside>0</yaxisside>
                           <calc_fnc>2</calc_fnc>
                           <type>0</type>
                           <item>
                              <host>Template Module HOST-RESOURCES-MIB SNMPv1</host>
                              <key>system.cpu.util[hrProcessorLoad.{#SNMPINDEX}]</key>
                           </item>
                        </graph_item>
                     </graph_items>
                  </graph_prototype>
               </graph_prototypes>
               <host_prototypes/>
               <jmx_endpoint/>
            </discovery_rule>
            <discovery_rule>
               <name>Memory Discovery</name>
               <type>1</type>
               <snmp_community>{$SNMP_COMMUNITY}</snmp_community>
               <snmp_oid>discovery[{#SNMPVALUE},1.3.6.1.2.1.25.2.3.1.3,{#ALLOC_UNITS},1.3.6.1.2.1.25.2.3.1.4,{#STORAGE_TYPE},1.3.6.1.2.1.25.2.3.1.2]</snmp_oid>
               <key>memory.discovery</key>
               <delay>1h</delay>
               <status>0</status>
               <allowed_hosts/>
               <snmpv3_contextname/>
               <snmpv3_securityname/>
               <snmpv3_securitylevel>0</snmpv3_securitylevel>
               <snmpv3_authprotocol>0</snmpv3_authprotocol>
               <snmpv3_authpassphrase/>
               <snmpv3_privprotocol>0</snmpv3_privprotocol>
               <snmpv3_privpassphrase/>
               <params/>
               <ipmi_sensor/>
               <authtype>0</authtype>
               <username/>
               <password/>
               <publickey/>
               <privatekey/>
               <port/>
               <filter>
                  <evaltype>2</evaltype>
                  <formula/>
                  <conditions>
                     <condition>
                        <macro>{#STORAGE_TYPE}</macro>
                        <value>.+2$</value>
                        <operator>8</operator>
                        <formulaid>B</formulaid>
                     </condition>
                     <condition>
                        <macro>{#STORAGE_TYPE}</macro>
                        <value>.+hrStorageRam</value>
                        <operator>8</operator>
                        <formulaid>A</formulaid>
                     </condition>
                  </conditions>
               </filter>
               <lifetime>30d</lifetime>
               <description>HOST-RESOURCES-MIB::hrStorage discovery with memory filter</description>
               <item_prototypes>
                  <item_prototype>
                     <name>#{#SNMPINDEX}: Memory units</name>
                     <type>1</type>
                     <snmp_community>{$SNMP_COMMUNITY}</snmp_community>
                     <snmp_oid>1.3.6.1.2.1.25.2.3.1.4.{#SNMPINDEX}</snmp_oid>
                     <key>vm.memory.units[hrStorageAllocationUnits.{#SNMPINDEX}]</key>
                     <delay>3m</delay>
                     <history>1w</history>
                     <trends>0d</trends>
                     <status>0</status>
                     <value_type>3</value_type>
                     <allowed_hosts/>
                     <units/>
                     <snmpv3_contextname/>
                     <snmpv3_securityname/>
                     <snmpv3_securitylevel>0</snmpv3_securitylevel>
                     <snmpv3_authprotocol>0</snmpv3_authprotocol>
                     <snmpv3_authpassphrase/>
                     <snmpv3_privprotocol>0</snmpv3_privprotocol>
                     <snmpv3_privpassphrase/>
                     <params/>
                     <ipmi_sensor/>
                     <authtype>0</authtype>
                     <username/>
                     <password/>
                     <publickey/>
                     <privatekey/>
                     <port/>
                     <description>MIB: HOST-RESOURCES-MIB
The size, in bytes, of the data objects allocated from this pool.
If this entry is monitoring sectors, blocks, buffers, or packets, for example,
this number will commonly be greater than one. Otherwise this number will typically be one.</description>
                     <inventory_link>0</inventory_link>
                     <applications>
                        <application>
                           <name>Internal Items</name>
                        </application>
                     </applications>
                     <valuemap/>
                     <logtimefmt/>
                     <preprocessing/>
                     <jmx_endpoint/>
                     <application_prototypes/>
                     <master_item_prototype/>
                  </item_prototype>
                  <item_prototype>
                     <name>#{#SNMPINDEX}: Used memory in units</name>
                     <type>1</type>
                     <snmp_community>{$SNMP_COMMUNITY}</snmp_community>
                     <snmp_oid>1.3.6.1.2.1.25.2.3.1.6.{#SNMPINDEX}</snmp_oid>
                     <key>vm.memory.units.used[hrStorageUsed.{#SNMPINDEX}]</key>
                     <delay>3m</delay>
                     <history>1w</history>
                     <trends>0d</trends>
                     <status>0</status>
                     <value_type>3</value_type>
                     <allowed_hosts/>
                     <units>units</units>
                     <snmpv3_contextname/>
                     <snmpv3_securityname/>
                     <snmpv3_securitylevel>0</snmpv3_securitylevel>
                     <snmpv3_authprotocol>0</snmpv3_authprotocol>
                     <snmpv3_authpassphrase/>
                     <snmpv3_privprotocol>0</snmpv3_privprotocol>
                     <snmpv3_privpassphrase/>
                     <params/>
                     <ipmi_sensor/>
                     <authtype>0</authtype>
                     <username/>
                     <password/>
                     <publickey/>
                     <privatekey/>
                     <port/>
                     <description>MIB: HOST-RESOURCES-MIB
The amount of the storage represented by this entry that is allocated, in units of hrStorageAllocationUnits.</description>
                     <inventory_link>0</inventory_link>
                     <applications>
                        <application>
                           <name>Internal Items</name>
                        </application>
                     </applications>
                     <valuemap/>
                     <logtimefmt/>
                     <preprocessing/>
                     <jmx_endpoint/>
                     <application_prototypes/>
                     <master_item_prototype/>
                  </item_prototype>
                  <item_prototype>
                     <name>#{#SNMPINDEX}: Total memory in units</name>
                     <type>1</type>
                     <snmp_community>{$SNMP_COMMUNITY}</snmp_community>
                     <snmp_oid>1.3.6.1.2.1.25.2.3.1.5.{#SNMPINDEX}</snmp_oid>
                     <key>vm.memory.units.total[hrStorageSize.{#SNMPINDEX}]</key>
                     <delay>3m</delay>
                     <history>1w</history>
                     <trends>0d</trends>
                     <status>0</status>
                     <value_type>3</value_type>
                     <allowed_hosts/>
                     <units>units</units>
                     <snmpv3_contextname/>
                     <snmpv3_securityname/>
                     <snmpv3_securitylevel>0</snmpv3_securitylevel>
                     <snmpv3_authprotocol>0</snmpv3_authprotocol>
                     <snmpv3_authpassphrase/>
                     <snmpv3_privprotocol>0</snmpv3_privprotocol>
                     <snmpv3_privpassphrase/>
                     <params/>
                     <ipmi_sensor/>
                     <authtype>0</authtype>
                     <username/>
                     <password/>
                     <publickey/>
                     <privatekey/>
                     <port/>
                     <description>MIB: HOST-RESOURCES-MIB
The size of the storage represented by this entry, in units of hrStorageAllocationUnits.
This object is writable to allow remote configuration of the size of the storage area in those cases where such an operation makes sense and is possible on the underlying system.
For example, the amount of main memory allocated to a buffer pool might be modified or the amount of disk space allocated to virtual memory might be modified.</description>
                     <inventory_link>0</inventory_link>
                     <applications>
                        <application>
                           <name>Internal Items</name>
                        </application>
                     </applications>
                     <valuemap/>
                     <logtimefmt/>
                     <preprocessing/>
                     <jmx_endpoint/>
                     <application_prototypes/>
                     <master_item_prototype/>
                  </item_prototype>
                  <item_prototype>
                     <name>#{#SNMPINDEX}: Used memory</name>
                     <type>15</type>
                     <snmp_community/>
                     <snmp_oid/>
                     <key>vm.memory.used[memoryUsed.{#SNMPINDEX}]</key>
                     <delay>3m</delay>
                     <history>30d</history>
                     <trends>365d</trends>
                     <status>0</status>
                     <value_type>3</value_type>
                     <allowed_hosts/>
                     <units>B</units>
                     <snmpv3_contextname/>
                     <snmpv3_securityname/>
                     <snmpv3_securitylevel>0</snmpv3_securitylevel>
                     <snmpv3_authprotocol>0</snmpv3_authprotocol>
                     <snmpv3_authpassphrase/>
                     <snmpv3_privprotocol>0</snmpv3_privprotocol>
                     <snmpv3_privpassphrase/>
                     <params>(last(vm.memory.units.used[hrStorageUsed.{#SNMPINDEX}])*last(vm.memory.units[hrStorageAllocationUnits.{#SNMPINDEX}]))</params>
                     <ipmi_sensor/>
                     <authtype>0</authtype>
                     <username/>
                     <password/>
                     <publickey/>
                     <privatekey/>
                     <port/>
                     <description>Used memory in Bytes</description>
                     <inventory_link>0</inventory_link>
                     <applications>
                        <application>
                           <name>Memory</name>
                        </application>
                     </applications>
                     <valuemap/>
                     <logtimefmt/>
                     <preprocessing/>
                     <jmx_endpoint/>
                     <application_prototypes/>
                     <master_item_prototype/>
                  </item_prototype>
                  <item_prototype>
                     <name>#{#SNMPINDEX}: Total memory</name>
                     <type>15</type>
                     <snmp_community/>
                     <snmp_oid/>
                     <key>vm.memory.total[memoryTotal.{#SNMPINDEX}]</key>
                     <delay>3m</delay>
                     <history>30d</history>
                     <trends>365d</trends>
                     <status>0</status>
                     <value_type>3</value_type>
                     <allowed_hosts/>
                     <units>B</units>
                     <snmpv3_contextname/>
                     <snmpv3_securityname/>
                     <snmpv3_securitylevel>0</snmpv3_securitylevel>
                     <snmpv3_authprotocol>0</snmpv3_authprotocol>
                     <snmpv3_authpassphrase/>
                     <snmpv3_privprotocol>0</snmpv3_privprotocol>
                     <snmpv3_privpassphrase/>
                     <params>(last(vm.memory.units.total[hrStorageSize.{#SNMPINDEX}])*last(vm.memory.units[hrStorageAllocationUnits.{#SNMPINDEX}]))</params>
                     <ipmi_sensor/>
                     <authtype>0</authtype>
                     <username/>
                     <password/>
                     <publickey/>
                     <privatekey/>
                     <port/>
                     <description>Total memory in Bytes</description>
                     <inventory_link>0</inventory_link>
                     <applications>
                        <application>
                           <name>Memory</name>
                        </application>
                     </applications>
                     <valuemap/>
                     <logtimefmt/>
                     <preprocessing/>
                     <jmx_endpoint/>
                     <application_prototypes/>
                     <master_item_prototype/>
                  </item_prototype>
                  <item_prototype>
                     <name>#{#SNMPINDEX}: Memory utilization</name>
                     <type>15</type>
                     <snmp_community/>
                     <snmp_oid/>
                     <key>vm.memory.pused[memoryUsedPercentage.{#SNMPINDEX}]</key>
                     <delay>3m</delay>
                     <history>30d</history>
                     <trends>365d</trends>
                     <status>0</status>
                     <value_type>0</value_type>
                     <allowed_hosts/>
                     <units>%</units>
                     <snmpv3_contextname/>
                     <snmpv3_securityname/>
                     <snmpv3_securitylevel>0</snmpv3_securitylevel>
                     <snmpv3_authprotocol>0</snmpv3_authprotocol>
                     <snmpv3_authpassphrase/>
                     <snmpv3_privprotocol>0</snmpv3_privprotocol>
                     <snmpv3_privpassphrase/>
                     <params>(last(vm.memory.units.used[hrStorageUsed.{#SNMPINDEX}])/last(vm.memory.units.total[hrStorageSize.{#SNMPINDEX}]))*100</params>
                     <ipmi_sensor/>
                     <authtype>0</authtype>
                     <username/>
                     <password/>
                     <publickey/>
                     <privatekey/>
                     <port/>
                     <description>Memory utilization in %</description>
                     <inventory_link>0</inventory_link>
                     <applications>
                        <application>
                           <name>Memory</name>
                        </application>
                     </applications>
                     <valuemap/>
                     <logtimefmt/>
                     <preprocessing/>
                     <jmx_endpoint/>
                     <application_prototypes/>
                     <master_item_prototype/>
                  </item_prototype>
               </item_prototypes>
               <trigger_prototypes>
                  <trigger_prototype>
                     <expression>{Template Module HOST-RESOURCES-MIB SNMPv1:vm.memory.pused[memoryUsedPercentage.{#SNMPINDEX}].avg(5m)}&gt;{$MEMORY_UTIL_MAX}</expression>
                     <recovery_mode>0</recovery_mode>
                     <recovery_expression/>
                     <name>#{#SNMPINDEX}: High memory utilization</name>
                     <correlation_mode>0</correlation_mode>
                     <correlation_tag/>
                     <url/>
                     <status>0</status>
                     <priority>3</priority>
                     <description>Last value: {ITEM.LASTVALUE1}.</description>
                     <type>0</type>
                     <manual_close>0</manual_close>
                     <dependencies/>
                     <tags/>
                  </trigger_prototype>
               </trigger_prototypes>
               <graph_prototypes>
                  <graph_prototype>
                     <name>#{#SNMPINDEX}: Memory utilization</name>
                     <width>900</width>
                     <height>200</height>
                     <yaxismin>0</yaxismin>
                     <yaxismax>100</yaxismax>
                     <show_work_period>1</show_work_period>
                     <show_triggers>1</show_triggers>
                     <type>0</type>
                     <show_legend>1</show_legend>
                     <show_3d>0</show_3d>
                     <percent_left>0.0000</percent_left>
                     <percent_right>0.0000</percent_right>
                     <ymin_type_1>1</ymin_type_1>
                     <ymax_type_1>1</ymax_type_1>
                     <ymin_item_1>0</ymin_item_1>
                     <ymax_item_1>0</ymax_item_1>
                     <graph_items>
                        <graph_item>
                           <sortorder>0</sortorder>
                           <drawtype>5</drawtype>
                           <color>1A7C11</color>
                           <yaxisside>0</yaxisside>
                           <calc_fnc>2</calc_fnc>
                           <type>0</type>
                           <item>
                              <host>Template Module HOST-RESOURCES-MIB SNMPv1</host>
                              <key>vm.memory.pused[memoryUsedPercentage.{#SNMPINDEX}]</key>
                           </item>
                        </graph_item>
                     </graph_items>
                  </graph_prototype>
               </graph_prototypes>
               <host_prototypes/>
               <jmx_endpoint/>
            </discovery_rule>
            <discovery_rule>
               <name>Storage Discovery</name>
               <type>1</type>
               <snmp_community>{$SNMP_COMMUNITY}</snmp_community>
               <snmp_oid>discovery[{#SNMPVALUE},1.3.6.1.2.1.25.2.3.1.3,{#ALLOC_UNITS},1.3.6.1.2.1.25.2.3.1.4,{#STORAGE_TYPE},1.3.6.1.2.1.25.2.3.1.2]</snmp_oid>
               <key>storage.discovery</key>
               <delay>1h</delay>
               <status>0</status>
               <allowed_hosts/>
               <snmpv3_contextname/>
               <snmpv3_securityname/>
               <snmpv3_securitylevel>0</snmpv3_securitylevel>
               <snmpv3_authprotocol>0</snmpv3_authprotocol>
               <snmpv3_authpassphrase/>
               <snmpv3_privprotocol>0</snmpv3_privprotocol>
               <snmpv3_privpassphrase/>
               <params/>
               <ipmi_sensor/>
               <authtype>0</authtype>
               <username/>
               <password/>
               <publickey/>
               <privatekey/>
               <port/>
               <filter>
                  <evaltype>2</evaltype>
                  <formula/>
                  <conditions>
                     <condition>
                        <macro>{#STORAGE_TYPE}</macro>
                        <value>.+(4|9)$</value>
                        <!-- OID: 1.3.6.1.2.1.25.2.1.4 or flash: 1.3.6.1.2.1.25.2.1.9-->
                        <operator>8</operator>
                        <formulaid>B</formulaid>
                     </condition>
                     <condition>
                        <macro>{#STORAGE_TYPE}</macro>
                        <value>.+(hrStorageFixedDisk|hrStorageFlashMemory)</value>
                        <operator>8</operator>
                        <formulaid>A</formulaid>
                     </condition>
                  </conditions>
               </filter>
               <lifetime>30d</lifetime>
               <description>HOST-RESOURCES-MIB::hrStorage discovery with storage filter</description>
               <item_prototypes>
                  <item_prototype>
                     <name>{#SNMPVALUE}: Storage units</name>
                     <type>1</type>
                     <snmp_community>{$SNMP_COMMUNITY}</snmp_community>
                     <snmp_oid>1.3.6.1.2.1.25.2.3.1.4.{#SNMPINDEX}</snmp_oid>
                     <key>vfs.fs.units[hrStorageAllocationUnits.{#SNMPINDEX}]</key>
                     <delay>5m</delay>
                     <history>1w</history>
                     <trends>0d</trends>
                     <status>0</status>
                     <value_type>3</value_type>
                     <allowed_hosts/>
                     <units/>
                     <snmpv3_contextname/>
                     <snmpv3_securityname/>
                     <snmpv3_securitylevel>0</snmpv3_securitylevel>
                     <snmpv3_authprotocol>0</snmpv3_authprotocol>
                     <snmpv3_authpassphrase/>
                     <snmpv3_privprotocol>0</snmpv3_privprotocol>
                     <snmpv3_privpassphrase/>
                     <params/>
                     <ipmi_sensor/>
                     <authtype>0</authtype>
                     <username/>
                     <password/>
                     <publickey/>
                     <privatekey/>
                     <port/>
                     <description>MIB: HOST-RESOURCES-MIB
The size, in bytes, of the data objects allocated from this pool.
If this entry is monitoring sectors, blocks, buffers, or packets, for example,
this number will commonly be greater than one.  Otherwise this number will typically be one.</description>
                     <inventory_link>0</inventory_link>
                     <applications>
                        <application>
                           <name>Internal Items</name>
                        </application>
                     </applications>
                     <valuemap/>
                     <logtimefmt/>
                     <preprocessing/>
                     <jmx_endpoint/>
                     <application_prototypes/>
                     <master_item_prototype/>
                  </item_prototype>
                  <item_prototype>
                     <name>{#SNMPVALUE}: Used storage in units</name>
                     <type>1</type>
                     <snmp_community>{$SNMP_COMMUNITY}</snmp_community>
                     <snmp_oid>1.3.6.1.2.1.25.2.3.1.6.{#SNMPINDEX}</snmp_oid>
                     <key>vfs.fs.units.used[hrStorageUsed.{#SNMPINDEX}]</key>
                     <delay>5m</delay>
                     <history>1w</history>
                     <trends>0d</trends>
                     <status>0</status>
                     <value_type>3</value_type>
                     <allowed_hosts/>
                     <units>units</units>
                     <snmpv3_contextname/>
                     <snmpv3_securityname/>
                     <snmpv3_securitylevel>0</snmpv3_securitylevel>
                     <snmpv3_authprotocol>0</snmpv3_authprotocol>
                     <snmpv3_authpassphrase/>
                     <snmpv3_privprotocol>0</snmpv3_privprotocol>
                     <snmpv3_privpassphrase/>
                     <params/>
                     <ipmi_sensor/>
                     <authtype>0</authtype>
                     <username/>
                     <password/>
                     <publickey/>
                     <privatekey/>
                     <port/>
                     <description>MIB: HOST-RESOURCES-MIB
The amount of the storage represented by this entry that is allocated, in units of hrStorageAllocationUnits.</description>
                     <inventory_link>0</inventory_link>
                     <applications>
                        <application>
                           <name>Internal Items</name>
                        </application>
                     </applications>
                     <valuemap/>
                     <logtimefmt/>
                     <preprocessing/>
                     <jmx_endpoint/>
                     <application_prototypes/>
                     <master_item_prototype/>
                  </item_prototype>
                  <item_prototype>
                     <name>{#SNMPVALUE}: Total space in units</name>
                     <type>1</type>
                     <snmp_community>{$SNMP_COMMUNITY}</snmp_community>
                     <snmp_oid>1.3.6.1.2.1.25.2.3.1.5.{#SNMPINDEX}</snmp_oid>
                     <key>vfs.fs.units.total[hrStorageSize.{#SNMPINDEX}]</key>
                     <delay>5m</delay>
                     <history>1w</history>
                     <trends>0d</trends>
                     <status>0</status>
                     <value_type>3</value_type>
                     <allowed_hosts/>
                     <units>units</units>
                     <snmpv3_contextname/>
                     <snmpv3_securityname/>
                     <snmpv3_securitylevel>0</snmpv3_securitylevel>
                     <snmpv3_authprotocol>0</snmpv3_authprotocol>
                     <snmpv3_authpassphrase/>
                     <snmpv3_privprotocol>0</snmpv3_privprotocol>
                     <snmpv3_privpassphrase/>
                     <params/>
                     <ipmi_sensor/>
                     <authtype>0</authtype>
                     <username/>
                     <password/>
                     <publickey/>
                     <privatekey/>
                     <port/>
                     <description>MIB: HOST-RESOURCES-MIB
The size of the storage represented by this entry, in units of hrStorageAllocationUnits.
This object is writable to allow remote configuration of the size of the storage area in those cases where such an operation makes sense and is possible on the underlying system.
For example, the amount of main storage allocated to a buffer pool might be modified or the amount of disk space allocated to virtual storage might be modified.</description>
                     <inventory_link>0</inventory_link>
                     <applications>
                        <application>
                           <name>Internal Items</name>
                        </application>
                     </applications>
                     <valuemap/>
                     <logtimefmt/>
                     <preprocessing/>
                     <jmx_endpoint/>
                     <application_prototypes/>
                     <master_item_prototype/>
                  </item_prototype>
                  <item_prototype>
                     <name>{#SNMPVALUE}: Used space</name>
                     <type>15</type>
                     <snmp_community/>
                     <snmp_oid/>
                     <key>vfs.fs.used[storageUsed.{#SNMPINDEX}]</key>
                     <delay>5m</delay>
                     <history>30d</history>
                     <trends>365d</trends>
                     <status>0</status>
                     <value_type>3</value_type>
                     <allowed_hosts/>
                     <units>B</units>
                     <snmpv3_contextname/>
                     <snmpv3_securityname/>
                     <snmpv3_securitylevel>0</snmpv3_securitylevel>
                     <snmpv3_authprotocol>0</snmpv3_authprotocol>
                     <snmpv3_authpassphrase/>
                     <snmpv3_privprotocol>0</snmpv3_privprotocol>
                     <snmpv3_privpassphrase/>
                     <params>(last(vfs.fs.units.used[hrStorageUsed.{#SNMPINDEX}])*last(vfs.fs.units[hrStorageAllocationUnits.{#SNMPINDEX}]))</params>
                     <ipmi_sensor/>
                     <authtype>0</authtype>
                     <username/>
                     <password/>
                     <publickey/>
                     <privatekey/>
                     <port/>
                     <description>Used storage in Bytes</description>
                     <inventory_link>0</inventory_link>
                     <applications>
                        <application>
                           <name>Storage</name>
                        </application>
                     </applications>
                     <valuemap/>
                     <logtimefmt/>
                     <preprocessing/>
                     <jmx_endpoint/>
                     <application_prototypes/>
                     <master_item_prototype/>
                  </item_prototype>
                  <item_prototype>
                     <name>{#SNMPVALUE}: Total space</name>
                     <type>15</type>
                     <snmp_community/>
                     <snmp_oid/>
                     <key>vfs.fs.total[storageTotal.{#SNMPINDEX}]</key>
                     <delay>5m</delay>
                     <history>30d</history>
                     <trends>365d</trends>
                     <status>0</status>
                     <value_type>3</value_type>
                     <allowed_hosts/>
                     <units>B</units>
                     <snmpv3_contextname/>
                     <snmpv3_securityname/>
                     <snmpv3_securitylevel>0</snmpv3_securitylevel>
                     <snmpv3_authprotocol>0</snmpv3_authprotocol>
                     <snmpv3_authpassphrase/>
                     <snmpv3_privprotocol>0</snmpv3_privprotocol>
                     <snmpv3_privpassphrase/>
                     <params>(last(vfs.fs.units.total[hrStorageSize.{#SNMPINDEX}])*last(vfs.fs.units[hrStorageAllocationUnits.{#SNMPINDEX}]))</params>
                     <ipmi_sensor/>
                     <authtype>0</authtype>
                     <username/>
                     <password/>
                     <publickey/>
                     <privatekey/>
                     <port/>
                     <description>Total space in Bytes</description>
                     <inventory_link>0</inventory_link>
                     <applications>
                        <application>
                           <name>Storage</name>
                        </application>
                     </applications>
                     <valuemap/>
                     <logtimefmt/>
                     <preprocessing/>
                     <jmx_endpoint/>
                     <application_prototypes/>
                     <master_item_prototype/>
                  </item_prototype>
                  <item_prototype>
                     <name>{#SNMPVALUE}: Storage utilization</name>
                     <type>15</type>
                     <snmp_community/>
                     <snmp_oid/>
                     <key>vfs.fs.pused[storageUsedPercentage.{#SNMPINDEX}]</key>
                     <delay>5m</delay>
                     <history>30d</history>
                     <trends>365d</trends>
                     <status>0</status>
                     <value_type>0</value_type>
                     <allowed_hosts/>
                     <units>%</units>
                     <snmpv3_contextname/>
                     <snmpv3_securityname/>
                     <snmpv3_securitylevel>0</snmpv3_securitylevel>
                     <snmpv3_authprotocol>0</snmpv3_authprotocol>
                     <snmpv3_authpassphrase/>
                     <snmpv3_privprotocol>0</snmpv3_privprotocol>
                     <snmpv3_privpassphrase/>
                     <params>(last(vfs.fs.units.used[hrStorageUsed.{#SNMPINDEX}])/last(vfs.fs.units.total[hrStorageSize.{#SNMPINDEX}]))*100</params>
                     <ipmi_sensor/>
                     <authtype>0</authtype>
                     <username/>
                     <password/>
                     <publickey/>
                     <privatekey/>
                     <port/>
                     <description>Storage utilization in % for {#SNMPVALUE}</description>
                     <inventory_link>0</inventory_link>
                     <applications>
                        <application>
                           <name>Storage</name>
                        </application>
                     </applications>
                     <valuemap/>
                     <logtimefmt/>
                     <preprocessing/>
                     <jmx_endpoint/>
                     <application_prototypes/>
                     <master_item_prototype/>
                  </item_prototype>
               </item_prototypes>
               <trigger_prototypes>
                  <trigger_prototype>
                     <expression>{Template Module HOST-RESOURCES-MIB SNMPv1:vfs.fs.pused[storageUsedPercentage.{#SNMPINDEX}].avg(5m)}&gt;{$STORAGE_UTIL_CRIT}</expression>
                     <recovery_mode>0</recovery_mode>
                     <recovery_expression/>
                     <name>{#SNMPVALUE}: Disk space is critically low</name>
                     <correlation_mode>0</correlation_mode>
                     <correlation_tag/>
                     <url/>
                     <status>0</status>
                     <priority>3</priority>
                     <description>Last value: {ITEM.LASTVALUE1}.</description>
                     <type>0</type>
                     <manual_close>0</manual_close>
                     <dependencies/>
                     <tags/>
                  </trigger_prototype>
                  <trigger_prototype>
                     <expression>{Template Module HOST-RESOURCES-MIB SNMPv1:vfs.fs.pused[storageUsedPercentage.{#SNMPINDEX}].avg(5m)}&gt;{$STORAGE_UTIL_WARN}</expression>
                     <recovery_mode>0</recovery_mode>
                     <recovery_expression/>
                     <name>{#SNMPVALUE}: Disk space is low</name>
                     <correlation_mode>0</correlation_mode>
                     <correlation_tag/>
                     <url/>
                     <status>0</status>
                     <priority>2</priority>
                     <description>Last value: {ITEM.LASTVALUE1}.</description>
                     <type>0</type>
                     <manual_close>0</manual_close>
                     <dependencies>
                        <dependency>
                           <name>{#SNMPVALUE}: Disk space is critically low</name>
                           <expression>{Template Module HOST-RESOURCES-MIB SNMPv1:vfs.fs.pused[storageUsedPercentage.{#SNMPINDEX}].avg(5m)}&gt;{$STORAGE_UTIL_CRIT}</expression>
                           <recovery_expression/>
                        </dependency>
                     </dependencies>
                     <tags/>
                  </trigger_prototype>
               </trigger_prototypes>
               <graph_prototypes/>
               <host_prototypes/>
               <jmx_endpoint/>
            </discovery_rule>
         </discovery_rules>
         <httptests/>
         <macros>
            <macro>
               <macro>{$CPU_UTIL_MAX}</macro>
               <value>90</value>
            </macro>
            <macro>
               <macro>{$MEMORY_UTIL_MAX}</macro>
               <value>90</value>
            </macro>
            <macro>
               <macro>{$TEMP_CRIT}</macro>
               <value>60</value>
            </macro>
            <macro>
               <macro>{$TEMP_WARN}</macro>
               <value>50</value>
            </macro>
            <macro>
               <macro>{$TEMP_CRIT_LOW}</macro>
               <value>5</value>
            </macro>
            <macro>
               <macro>{$STORAGE_UTIL_CRIT}</macro>
               <value>90</value>
            </macro>
            <macro>
               <macro>{$STORAGE_UTIL_WARN}</macro>
               <value>80</value>
            </macro>
         </macros>
         <templates/>
         <screens/>
      </template>
   </templates>
   <graphs/>
   <triggers/>
   <value_maps/>
</zabbix_export>
