<?xml version="1.0" encoding="UTF-8"?>
<zabbix_export>
   <version>3.4</version>
   <date>2015-12-30T14:41:30Z</date>
   <groups>
      <group>
         <name>Templates/Modules</name>
      </group>
   </groups>
   <templates>
      <template>
         <template>Template Module EtherLike-MIB SNMPv2</template>
         <name>Template Module EtherLike-MIB SNMPv2</name>
         <description>Template EtherLike-MIB (duplex control only) version: 0.15
MIBs used:
EtherLike-MIB</description>
         <groups>
            <group>
               <name>Templates/Modules</name>
            </group>
         </groups>
         <applications>
            <application>
               <name>Network Interfaces</name>
            </application>
         </applications>
         <items/>
         <discovery_rules>
            <discovery_rule>
               <name>EtherLike-MIB Discovery</name>
               <type>4</type>
               <snmp_community>{$SNMP_COMMUNITY}</snmp_community>
               <snmp_oid>discovery[{#SNMPVALUE},1.3.6.1.2.1.10.7.2.1.19,{#IFOPERSTATUS},1.3.6.1.2.1.2.2.1.8,{#IFALIAS},1.3.6.1.2.1.31.1.1.1.18,{#IFNAME},1.3.6.1.2.1.31.1.1.1.1,{#IFDESCR},1.3.6.1.2.1.2.2.1.2]</snmp_oid>
               <key>net.if.duplex.discovery</key>
               <delay>1h</delay>
               <status>0</status>
               <allowed_hosts/>
               <snmpv3_contextname/>
               <snmpv3_securityname/>
               <snmpv3_securitylevel>0</snmpv3_securitylevel>
               <snmpv3_authprotocol>0</snmpv3_authprotocol>
               <snmpv3_authpassphrase/>
               <snmpv3_privprotocol>0</snmpv3_privprotocol>
               <snmpv3_privpassphrase/>
               <params/>
               <ipmi_sensor/>
               <authtype>0</authtype>
               <username/>
               <password/>
               <publickey/>
               <privatekey/>
               <port/>
               <filter>
                  <evaltype>1</evaltype>
                  <formula/>
                  <conditions>
                     <condition>
                        <macro>{#IFOPERSTATUS}</macro>
                        <value>1</value>
                        <operator>8</operator>
                        <formulaid>B</formulaid>
                     </condition>
                     <condition>
                        <macro>{#SNMPVALUE}</macro>
                        <value>(2|3)</value>
                        <operator>8</operator>
                        <formulaid>B</formulaid>
                     </condition>
                  </conditions>
               </filter>
               <lifetime>30d</lifetime>
               <description>Discovering interfaces from IF-MIB and EtherLike-MIB. Interfaces with up(1) Operational Status are discovered.</description>
               <item_prototypes>
                  <item_prototype>
                     <name>Interface {#IFNAME}({#IFALIAS}): Duplex status</name>
                     <type>4</type>
                     <snmp_community>{$SNMP_COMMUNITY}</snmp_community>
                     <snmp_oid>1.3.6.1.2.1.10.7.2.1.19.{#SNMPINDEX}</snmp_oid>
                     <key>net.if.duplex[dot3StatsDuplexStatus.{#SNMPINDEX}]</key>
                     <delay>5m</delay>
                     <history>1w</history>
                     <trends>0d</trends>
                     <status>0</status>
                     <value_type>3</value_type>
                     <allowed_hosts/>
                     <units/>
                     <snmpv3_contextname/>
                     <snmpv3_securityname/>
                     <snmpv3_securitylevel>0</snmpv3_securitylevel>
                     <snmpv3_authprotocol>0</snmpv3_authprotocol>
                     <snmpv3_authpassphrase/>
                     <snmpv3_privprotocol>0</snmpv3_privprotocol>
                     <snmpv3_privpassphrase/>
                     <params/>
                     <ipmi_sensor/>
                     <authtype>0</authtype>
                     <username/>
                     <password/>
                     <publickey/>
                     <privatekey/>
                     <port/>
                     <description>MIB: EtherLike-MIB
The current mode of operation of the MAC
entity.  'unknown' indicates that the current
duplex mode could not be determined.

Management control of the duplex mode is
accomplished through the MAU MIB.  When
an interface does not support autonegotiation,
or when autonegotiation is not enabled, the
duplex mode is controlled using
ifMauDefaultType.  When autonegotiation is
supported and enabled, duplex mode is controlled
using ifMauAutoNegAdvertisedBits.  In either
case, the currently operating duplex mode is
reflected both in this object and in ifMauType.

Note that this object provides redundant
information with ifMauType.  Normally, redundant
objects are discouraged.  However, in this
instance, it allows a management application to
determine the duplex status of an interface
without having to know every possible value of
ifMauType.  This was felt to be sufficiently
valuable to justify the redundancy.
Reference: [IEEE 802.3 Std.], 30.3.1.1.32,aDuplexStatus.</description>
                     <inventory_link>0</inventory_link>
                     <applications>
                        <application>
                           <name>Network Interfaces</name>
                        </application>
                     </applications>
                     <valuemap>
                        <name>EtherLike-MIB::dot3StatsDuplexStatus</name>
                     </valuemap>
                     <logtimefmt/>
                     <preprocessing/>
                     <jmx_endpoint/>
                     <application_prototypes/>
                     <master_item_prototype/>
                  </item_prototype>
               </item_prototypes>
               <trigger_prototypes>
                  <trigger_prototype>
                     <expression>{Template Module EtherLike-MIB SNMPv2:net.if.duplex[dot3StatsDuplexStatus.{#SNMPINDEX}].last()}=2</expression>
                     <recovery_mode>0</recovery_mode>
                     <recovery_expression/>
                     <name>Interface {#IFNAME}({#IFALIAS}): In half-duplex mode</name>
                     <correlation_mode>0</correlation_mode>
                     <correlation_tag/>
                     <url/>
                     <status>0</status>
                     <priority>2</priority>
                     <description>Last value: {ITEM.LASTVALUE1}.
Please check autonegotiation settings and cabling</description>
                     <type>0</type>
                     <manual_close>1</manual_close>
                     <dependencies/>
                     <tags/>
                  </trigger_prototype>
               </trigger_prototypes>
               <graph_prototypes/>
               <host_prototypes/>
               <jmx_endpoint/>
            </discovery_rule>
         </discovery_rules>
         <httptests/>
         <macros/>
         <templates/>
         <screens/>
      </template>
   </templates>
   <graphs/>
   <triggers/>
   <value_maps>
      <value_map>
         <name>EtherLike-MIB::dot3StatsDuplexStatus</name>
         <mappings>
            <mapping>
               <value>1</value>
               <newvalue>unknown</newvalue>
            </mapping>
            <mapping>
               <value>2</value>
               <newvalue>halfDuplex</newvalue>
            </mapping>
            <mapping>
               <value>3</value>
               <newvalue>fullDuplex</newvalue>
            </mapping>
         </mappings>
      </value_map>
   </value_maps>
</zabbix_export>
