<?xml version="1.0" encoding="UTF-8"?>
<zabbix_export version="1.0" date="05.09.13" time="16.12">
	<hosts>
		<host name="Template_WebSphere_MQ">
			<proxy_hostid>0</proxy_hostid>
			<useip>1</useip>
			<dns></dns>
			<ip>127.0.0.1</ip>
			<port>10050</port>
			<status>3</status>
			<useipmi>0</useipmi>
			<ipmi_ip>127.0.0.1</ipmi_ip>
			<ipmi_port>623</ipmi_port>
			<ipmi_authtype>0</ipmi_authtype>
			<ipmi_privilege>2</ipmi_privilege>
			<ipmi_username></ipmi_username>
			<ipmi_password></ipmi_password>
			<groups>
				<group>Templates</group>
			</groups>
			<triggers>
				<trigger>
					<description>Queue manager RU_CDU_CNT_YAR is DOWN</description>
					<type>0</type>
					<expression>{Template_WebSphere_MQ:ru_cdu_cnt_status.last(0)}#0</expression>
					<url></url>
					<status>0</status>
					<priority>2</priority>
					<comments></comments>
				</trigger>
			</triggers>
			<items>
				<item type="0" key="ru_cdu_cnt_status" value_type="3">
					<description>ru_cdu_cnt_status</description>
					<ipmi_sensor></ipmi_sensor>
					<delay>30</delay>
					<history>14</history>
					<trends>30</trends>
					<status>0</status>
					<data_type>0</data_type>
					<units></units>
					<multiplier>0</multiplier>
					<delta>0</delta>
					<formula>1</formula>
					<lastlogsize>0</lastlogsize>
					<logtimefmt></logtimefmt>
					<delay_flex></delay_flex>
					<authtype>0</authtype>
					<username></username>
					<password></password>
					<publickey></publickey>
					<privatekey></privatekey>
					<params></params>
					<trapper_hosts></trapper_hosts>
					<snmp_community>public</snmp_community>
					<snmp_oid>interfaces.ifTable.ifEntry.ifInOctets.1</snmp_oid>
					<snmp_port>161</snmp_port>
					<snmpv3_securityname></snmpv3_securityname>
					<snmpv3_securitylevel>0</snmpv3_securitylevel>
					<snmpv3_authpassphrase></snmpv3_authpassphrase>
					<snmpv3_privpassphrase></snmpv3_privpassphrase>
					<applications/>
				</item>
			</items>
			<templates/>
			<graphs/>
			<macros/>
		</host>
	</hosts>
	<dependencies/>
</zabbix_export>
