<?xml version="1.0" encoding="UTF-8"?>
<zabbix_export>
    <version>2.0</version>
    <date>2014-01-29T16:30:47Z</date>
    <groups>
        <group>
            <name>My Templates</name>
        </group>
    </groups>
    <templates>
        <template>
            <template>Template IBM - IMM2 SNMP</template>
            <name>Template IBM - IMM2 SNMP</name>
            <groups>
                <group>
                    <name>My Templates</name>
                </group>
            </groups>
            <applications>
                <application>
                    <name>IMM2</name>
                </application>
                <application>
                    <name>Temperature</name>
                </application>
                <application>
                    <name>Voltage</name>
                </application>
            </applications>
            <items>
                <item>
                    <name>Number of Fan</name>
                    <type>1</type>
                    <snmp_community>{$SNMP_COMMUNITY}</snmp_community>
                    <multiplier>0</multiplier>
                    <snmp_oid>1.3.6.1.4.1.2.3.51.3.1.3.1.0</snmp_oid>
                    <key>fanNumber</key>
                    <delay>3600</delay>
                    <history>7</history>
                    <trends>365</trends>
                    <status>0</status>
                    <value_type>3</value_type>
                    <allowed_hosts/>
                    <units/>
                    <delta>0</delta>
                    <snmpv3_securityname/>
                    <snmpv3_securitylevel>0</snmpv3_securitylevel>
                    <snmpv3_authpassphrase/>
                    <snmpv3_privpassphrase/>
                    <formula>1</formula>
                    <delay_flex/>
                    <params/>
                    <ipmi_sensor/>
                    <data_type>0</data_type>
                    <authtype>0</authtype>
                    <username/>
                    <password/>
                    <publickey/>
                    <privatekey/>
                    <port/>
                    <description/>
                    <inventory_link>0</inventory_link>
                    <applications>
                        <application>
                            <name>Temperature</name>
                        </application>
                    </applications>
                    <valuemap/>
                </item>
                <item>
                    <name>Number of temperature sensor</name>
                    <type>1</type>
                    <snmp_community>{$SNMP_COMMUNITY}</snmp_community>
                    <multiplier>0</multiplier>
                    <snmp_oid>1.3.6.1.4.1.2.3.51.3.1.1.1.0</snmp_oid>
                    <key>tempSensorNumber</key>
                    <delay>3600</delay>
                    <history>7</history>
                    <trends>365</trends>
                    <status>0</status>
                    <value_type>3</value_type>
                    <allowed_hosts/>
                    <units/>
                    <delta>0</delta>
                    <snmpv3_securityname/>
                    <snmpv3_securitylevel>0</snmpv3_securitylevel>
                    <snmpv3_authpassphrase/>
                    <snmpv3_privpassphrase/>
                    <formula>1</formula>
                    <delay_flex/>
                    <params/>
                    <ipmi_sensor/>
                    <data_type>0</data_type>
                    <authtype>0</authtype>
                    <username/>
                    <password/>
                    <publickey/>
                    <privatekey/>
                    <port/>
                    <description/>
                    <inventory_link>0</inventory_link>
                    <applications>
                        <application>
                            <name>Temperature</name>
                        </application>
                    </applications>
                    <valuemap/>
                </item>
                <item>
                    <name>Number of Voltage sensor</name>
                    <type>1</type>
                    <snmp_community>{$SNMP_COMMUNITY}</snmp_community>
                    <multiplier>0</multiplier>
                    <snmp_oid>1.3.6.1.4.1.2.3.51.3.1.2.1.0</snmp_oid>
                    <key>voltNumber</key>
                    <delay>3600</delay>
                    <history>7</history>
                    <trends>365</trends>
                    <status>0</status>
                    <value_type>3</value_type>
                    <allowed_hosts/>
                    <units/>
                    <delta>0</delta>
                    <snmpv3_securityname/>
                    <snmpv3_securitylevel>0</snmpv3_securitylevel>
                    <snmpv3_authpassphrase/>
                    <snmpv3_privpassphrase/>
                    <formula>1</formula>
                    <delay_flex/>
                    <params/>
                    <ipmi_sensor/>
                    <data_type>0</data_type>
                    <authtype>0</authtype>
                    <username/>
                    <password/>
                    <publickey/>
                    <privatekey/>
                    <port/>
                    <description/>
                    <inventory_link>0</inventory_link>
                    <applications>
                        <application>
                            <name>Voltage</name>
                        </application>
                    </applications>
                    <valuemap/>
                </item>
                <item>
                    <name>System health state</name>
                    <type>1</type>
                    <snmp_community>{$SNMP_COMMUNITY}</snmp_community>
                    <multiplier>0</multiplier>
                    <snmp_oid>1.3.6.1.4.1.2.3.51.3.1.4.1.0</snmp_oid>
                    <key>systemHealthStat</key>
                    <delay>300</delay>
                    <history>14</history>
                    <trends>365</trends>
                    <status>0</status>
                    <value_type>3</value_type>
                    <allowed_hosts/>
                    <units/>
                    <delta>0</delta>
                    <snmpv3_securityname/>
                    <snmpv3_securitylevel>0</snmpv3_securitylevel>
                    <snmpv3_authpassphrase/>
                    <snmpv3_privpassphrase/>
                    <formula>1</formula>
                    <delay_flex/>
                    <params/>
                    <ipmi_sensor/>
                    <data_type>0</data_type>
                    <authtype>0</authtype>
                    <username/>
                    <password/>
                    <publickey/>
                    <privatekey/>
                    <port/>
                    <description/>
                    <inventory_link>0</inventory_link>
                    <applications>
                        <application>
                            <name>IMM2</name>
                        </application>
                    </applications>
                    <valuemap>
                        <name>IMM2-systemhealt</name>
                    </valuemap>
                </item>
            </items>
            <discovery_rules>
                <discovery_rule>
                    <name>Fan sensor</name>
                    <type>1</type>
                    <snmp_community>{$SNMP_COMMUNITY}</snmp_community>
                    <snmp_oid>1.3.6.1.4.1.2.3.51.3.1.3.2.1.2</snmp_oid>
                    <key>fanDesc</key>
                    <delay>60</delay>
                    <status>0</status>
                    <allowed_hosts/>
                    <snmpv3_securityname/>
                    <snmpv3_securitylevel>0</snmpv3_securitylevel>
                    <snmpv3_authpassphrase/>
                    <snmpv3_privpassphrase/>
                    <delay_flex/>
                    <params/>
                    <ipmi_sensor/>
                    <authtype>0</authtype>
                    <username/>
                    <password/>
                    <publickey/>
                    <privatekey/>
                    <port/>
                    <filter>:</filter>
                    <lifetime>30</lifetime>
                    <description/>
                    <item_prototypes>
                        <item_prototype>
                            <name>Fan speed on {#SNMPVALUE}</name>
                            <type>10</type>
                            <snmp_community/>
                            <multiplier>0</multiplier>
                            <snmp_oid/>
                            <key>getFanSpeed.rb[&quot;public&quot;,{#SNMPINDEX}]</key>
                            <delay>60</delay>
                            <history>7</history>
                            <trends>365</trends>
                            <status>0</status>
                            <value_type>3</value_type>
                            <allowed_hosts/>
                            <units/>
                            <delta>0</delta>
                            <snmpv3_securityname/>
                            <snmpv3_securitylevel>0</snmpv3_securitylevel>
                            <snmpv3_authpassphrase/>
                            <snmpv3_privpassphrase/>
                            <formula>1</formula>
                            <delay_flex/>
                            <params/>
                            <ipmi_sensor/>
                            <data_type>0</data_type>
                            <authtype>0</authtype>
                            <username/>
                            <password/>
                            <publickey/>
                            <privatekey/>
                            <port/>
                            <description/>
                            <inventory_link>0</inventory_link>
                            <applications>
                                <application>
                                    <name>Temperature</name>
                                </application>
                            </applications>
                            <valuemap/>
                        </item_prototype>
                    </item_prototypes>
                    <trigger_prototypes/>
                    <graph_prototypes/>
                </discovery_rule>
                <discovery_rule>
                    <name>Temperature sensors</name>
                    <type>1</type>
                    <snmp_community>{$SNMP_COMMUNITY}</snmp_community>
                    <snmp_oid>1.3.6.1.4.1.2.3.51.3.1.1.2.1.2</snmp_oid>
                    <key>sensorDesc</key>
                    <delay>3600</delay>
                    <status>0</status>
                    <allowed_hosts/>
                    <snmpv3_securityname/>
                    <snmpv3_securitylevel>0</snmpv3_securitylevel>
                    <snmpv3_authpassphrase/>
                    <snmpv3_privpassphrase/>
                    <delay_flex/>
                    <params/>
                    <ipmi_sensor/>
                    <authtype>0</authtype>
                    <username/>
                    <password/>
                    <publickey/>
                    <privatekey/>
                    <port/>
                    <filter>:</filter>
                    <lifetime>30</lifetime>
                    <description/>
                    <item_prototypes>
                        <item_prototype>
                            <name>Critical Limit Temperature on {#SNMPVALUE}</name>
                            <type>1</type>
                            <snmp_community>{$SNMP_COMMUNITY}</snmp_community>
                            <multiplier>0</multiplier>
                            <snmp_oid>1.3.6.1.4.1.2.3.51.3.1.1.2.1.6.{#SNMPINDEX}</snmp_oid>
                            <key>tempCritLimitHigh[{#SNMPVALUE}]</key>
                            <delay>3600</delay>
                            <history>7</history>
                            <trends>365</trends>
                            <status>0</status>
                            <value_type>3</value_type>
                            <allowed_hosts/>
                            <units/>
                            <delta>0</delta>
                            <snmpv3_securityname/>
                            <snmpv3_securitylevel>0</snmpv3_securitylevel>
                            <snmpv3_authpassphrase/>
                            <snmpv3_privpassphrase/>
                            <formula>1</formula>
                            <delay_flex/>
                            <params/>
                            <ipmi_sensor/>
                            <data_type>0</data_type>
                            <authtype>0</authtype>
                            <username/>
                            <password/>
                            <publickey/>
                            <privatekey/>
                            <port/>
                            <description/>
                            <inventory_link>0</inventory_link>
                            <applications>
                                <application>
                                    <name>Temperature</name>
                                </application>
                            </applications>
                            <valuemap/>
                        </item_prototype>
                        <item_prototype>
                            <name>Nominal temperature on {#SNMPVALUE}</name>
                            <type>1</type>
                            <snmp_community>{$SNMP_COMMUNITY}</snmp_community>
                            <multiplier>0</multiplier>
                            <snmp_oid>1.3.6.1.4.1.2.3.51.3.1.1.2.1.4.{#SNMPINDEX}</snmp_oid>
                            <key>tempNominalReading[{#SNMPVALUE}]</key>
                            <delay>3600</delay>
                            <history>7</history>
                            <trends>365</trends>
                            <status>0</status>
                            <value_type>3</value_type>
                            <allowed_hosts/>
                            <units/>
                            <delta>0</delta>
                            <snmpv3_securityname/>
                            <snmpv3_securitylevel>0</snmpv3_securitylevel>
                            <snmpv3_authpassphrase/>
                            <snmpv3_privpassphrase/>
                            <formula>1</formula>
                            <delay_flex>50/1-7,00:00-24:00</delay_flex>
                            <params/>
                            <ipmi_sensor/>
                            <data_type>0</data_type>
                            <authtype>0</authtype>
                            <username/>
                            <password/>
                            <publickey/>
                            <privatekey/>
                            <port/>
                            <description/>
                            <inventory_link>0</inventory_link>
                            <applications>
                                <application>
                                    <name>Temperature</name>
                                </application>
                            </applications>
                            <valuemap/>
                        </item_prototype>
                        <item_prototype>
                            <name>Non-Critical Limit Temperature on {#SNMPVALUE}</name>
                            <type>1</type>
                            <snmp_community>{$SNMP_COMMUNITY}</snmp_community>
                            <multiplier>0</multiplier>
                            <snmp_oid>1.3.6.1.4.1.2.3.51.3.1.1.2.1.7.{#SNMPINDEX}</snmp_oid>
                            <key>tempNonCritLimitHigh[{#SNMPVALUE}]</key>
                            <delay>3600</delay>
                            <history>7</history>
                            <trends>365</trends>
                            <status>0</status>
                            <value_type>3</value_type>
                            <allowed_hosts/>
                            <units/>
                            <delta>0</delta>
                            <snmpv3_securityname/>
                            <snmpv3_securitylevel>0</snmpv3_securitylevel>
                            <snmpv3_authpassphrase/>
                            <snmpv3_privpassphrase/>
                            <formula>1</formula>
                            <delay_flex/>
                            <params/>
                            <ipmi_sensor/>
                            <data_type>0</data_type>
                            <authtype>0</authtype>
                            <username/>
                            <password/>
                            <publickey/>
                            <privatekey/>
                            <port/>
                            <description/>
                            <inventory_link>0</inventory_link>
                            <applications>
                                <application>
                                    <name>Temperature</name>
                                </application>
                            </applications>
                            <valuemap/>
                        </item_prototype>
                        <item_prototype>
                            <name>Non-recovery temperature on {#SNMPVALUE}</name>
                            <type>1</type>
                            <snmp_community>{$SNMP_COMMUNITY}</snmp_community>
                            <multiplier>0</multiplier>
                            <snmp_oid>1.3.6.1.4.1.2.3.51.3.1.1.2.1.5.{#SNMPINDEX}</snmp_oid>
                            <key>tempNonRecovLimitHigh[{#SNMPVALUE}]</key>
                            <delay>3600</delay>
                            <history>7</history>
                            <trends>365</trends>
                            <status>0</status>
                            <value_type>3</value_type>
                            <allowed_hosts/>
                            <units/>
                            <delta>0</delta>
                            <snmpv3_securityname/>
                            <snmpv3_securitylevel>0</snmpv3_securitylevel>
                            <snmpv3_authpassphrase/>
                            <snmpv3_privpassphrase/>
                            <formula>1</formula>
                            <delay_flex/>
                            <params/>
                            <ipmi_sensor/>
                            <data_type>0</data_type>
                            <authtype>0</authtype>
                            <username/>
                            <password/>
                            <publickey/>
                            <privatekey/>
                            <port/>
                            <description/>
                            <inventory_link>0</inventory_link>
                            <applications>
                                <application>
                                    <name>Temperature</name>
                                </application>
                            </applications>
                            <valuemap/>
                        </item_prototype>
                        <item_prototype>
                            <name>Temperature on {#SNMPVALUE}</name>
                            <type>1</type>
                            <snmp_community>{$SNMP_COMMUNITY}</snmp_community>
                            <multiplier>0</multiplier>
                            <snmp_oid>1.3.6.1.4.1.2.3.51.3.1.1.2.1.3.{#SNMPINDEX}</snmp_oid>
                            <key>tempReading[{#SNMPVALUE}]</key>
                            <delay>120</delay>
                            <history>90</history>
                            <trends>730</trends>
                            <status>0</status>
                            <value_type>3</value_type>
                            <allowed_hosts/>
                            <units/>
                            <delta>0</delta>
                            <snmpv3_securityname/>
                            <snmpv3_securitylevel>0</snmpv3_securitylevel>
                            <snmpv3_authpassphrase/>
                            <snmpv3_privpassphrase/>
                            <formula>1</formula>
                            <delay_flex/>
                            <params/>
                            <ipmi_sensor/>
                            <data_type>0</data_type>
                            <authtype>0</authtype>
                            <username/>
                            <password/>
                            <publickey/>
                            <privatekey/>
                            <port/>
                            <description/>
                            <inventory_link>0</inventory_link>
                            <applications>
                                <application>
                                    <name>Temperature</name>
                                </application>
                            </applications>
                            <valuemap/>
                        </item_prototype>
                    </item_prototypes>
                    <trigger_prototypes>
                        <trigger_prototype>
                            <expression>{Template IBM - IMM2 SNMP:tempReading[{#SNMPVALUE}].last(#1)}&gt;{Template IBM - IMM2 SNMP:tempNonRecovLimitHigh[{#SNMPVALUE}].last(#1)}</expression>
                            <name>Temperature {HOST.NAME} on {#SNMPVALUE} is Critical</name>
                            <url/>
                            <status>0</status>
                            <priority>5</priority>
                            <description>Температура на {HOST.NAME} на сенсоре {#SNMPVALUE} больше чем значение, после которого ничего нельзя будет восстановить!!!</description>
                            <type>0</type>
                        </trigger_prototype>
                        <trigger_prototype>
                            <expression>{Template IBM - IMM2 SNMP:tempReading[{#SNMPVALUE}].last(#1)}&gt;{Template IBM - IMM2 SNMP:tempCritLimitHigh[{#SNMPVALUE}].last(#1)}</expression>
                            <name>Temperature {HOST.NAME} on {#SNMPVALUE} is Critical</name>
                            <url/>
                            <status>0</status>
                            <priority>4</priority>
                            <description>Температура на {HOST.NAME} на сенсоре {#SNMPVALUE} больше чем Критичное значение!</description>
                            <type>0</type>
                        </trigger_prototype>
                        <trigger_prototype>
                            <expression>{Template IBM - IMM2 SNMP:tempReading[{#SNMPVALUE}].last(#1)}&gt;{Template IBM - IMM2 SNMP:tempNonCritLimitHigh[{#SNMPVALUE}].last(#1)}</expression>
                            <name>Temperature {HOST.NAME} on {#SNMPVALUE} is Non-Critical</name>
                            <url/>
                            <status>0</status>
                            <priority>2</priority>
                            <description>Температура на {HOST.NAME} на сенсоре {#SNMPVALUE} больше чем некритичное значение!</description>
                            <type>0</type>
                        </trigger_prototype>
                    </trigger_prototypes>
                    <graph_prototypes/>
                </discovery_rule>
                <discovery_rule>
                    <name>Voltage sensors</name>
                    <type>1</type>
                    <snmp_community>{$SNMP_COMMUNITY}</snmp_community>
                    <snmp_oid>1.3.6.1.4.1.2.3.51.3.1.2.2.1.2</snmp_oid>
                    <key>voltageDesc</key>
                    <delay>3600</delay>
                    <status>0</status>
                    <allowed_hosts/>
                    <snmpv3_securityname/>
                    <snmpv3_securitylevel>0</snmpv3_securitylevel>
                    <snmpv3_authpassphrase/>
                    <snmpv3_privpassphrase/>
                    <delay_flex/>
                    <params/>
                    <ipmi_sensor/>
                    <authtype>0</authtype>
                    <username/>
                    <password/>
                    <publickey/>
                    <privatekey/>
                    <port/>
                    <filter>:</filter>
                    <lifetime>30</lifetime>
                    <description/>
                    <item_prototypes>
                        <item_prototype>
                            <name>Nominal Voltage on {#SNMPVALUE}</name>
                            <type>1</type>
                            <snmp_community>{$SNMP_COMMUNITY}</snmp_community>
                            <multiplier>0</multiplier>
                            <snmp_oid>1.3.6.1.4.1.2.3.51.3.1.2.2.1.4.{#SNMPINDEX}</snmp_oid>
                            <key>voltNominalReading[{#SNMPVALUE}]</key>
                            <delay>3600</delay>
                            <history>7</history>
                            <trends>365</trends>
                            <status>0</status>
                            <value_type>3</value_type>
                            <allowed_hosts/>
                            <units/>
                            <delta>0</delta>
                            <snmpv3_securityname/>
                            <snmpv3_securitylevel>0</snmpv3_securitylevel>
                            <snmpv3_authpassphrase/>
                            <snmpv3_privpassphrase/>
                            <formula>1</formula>
                            <delay_flex/>
                            <params/>
                            <ipmi_sensor/>
                            <data_type>0</data_type>
                            <authtype>0</authtype>
                            <username/>
                            <password/>
                            <publickey/>
                            <privatekey/>
                            <port/>
                            <description/>
                            <inventory_link>0</inventory_link>
                            <applications>
                                <application>
                                    <name>Voltage</name>
                                </application>
                            </applications>
                            <valuemap/>
                        </item_prototype>
                        <item_prototype>
                            <name>Voltage on {#SNMPVALUE}</name>
                            <type>1</type>
                            <snmp_community>{$SNMP_COMMUNITY}</snmp_community>
                            <multiplier>0</multiplier>
                            <snmp_oid>1.3.6.1.4.1.2.3.51.3.1.2.2.1.3.{#SNMPINDEX}</snmp_oid>
                            <key>voltReading[{#SNMPVALUE}]</key>
                            <delay>120</delay>
                            <history>7</history>
                            <trends>365</trends>
                            <status>0</status>
                            <value_type>3</value_type>
                            <allowed_hosts/>
                            <units/>
                            <delta>0</delta>
                            <snmpv3_securityname/>
                            <snmpv3_securitylevel>0</snmpv3_securitylevel>
                            <snmpv3_authpassphrase/>
                            <snmpv3_privpassphrase/>
                            <formula>1</formula>
                            <delay_flex/>
                            <params/>
                            <ipmi_sensor/>
                            <data_type>0</data_type>
                            <authtype>0</authtype>
                            <username/>
                            <password/>
                            <publickey/>
                            <privatekey/>
                            <port/>
                            <description/>
                            <inventory_link>0</inventory_link>
                            <applications>
                                <application>
                                    <name>Voltage</name>
                                </application>
                            </applications>
                            <valuemap/>
                        </item_prototype>
                    </item_prototypes>
                    <trigger_prototypes/>
                    <graph_prototypes/>
                </discovery_rule>
            </discovery_rules>
            <macros/>
            <templates/>
            <screens/>
        </template>
    </templates>
    <triggers>
        <trigger>
            <expression>{Template IBM - IMM2 SNMP:systemHealthStat.last(#0)}=2</expression>
            <name>System state {HOST.NAME} is Critical</name>
            <url/>
            <status>0</status>
            <priority>4</priority>
            <description>Системное состояние на хосте Критичное, посмотреть что там!</description>
            <type>0</type>
            <dependencies/>
        </trigger>
        <trigger>
            <expression>{Template IBM - IMM2 SNMP:systemHealthStat.last(#0)}=2</expression>
            <name>System state {HOST.NAME} is nonCritical</name>
            <url/>
            <status>0</status>
            <priority>3</priority>
            <description>Системное состояние на хосте НеКритичное (но плохое), посмотреть что там!</description>
            <type>0</type>
            <dependencies/>
        </trigger>
        <trigger>
            <expression>{Template IBM - IMM2 SNMP:systemHealthStat.last(#0)}=0</expression>
            <name>System state {HOST.NAME} is nonRecoverable</name>
            <url/>
            <status>0</status>
            <priority>5</priority>
            <description>Системное состояние на хосте NonRecoverable, все очень плохо...</description>
            <type>0</type>
            <dependencies/>
        </trigger>
    </triggers>
</zabbix_export>
