<?xml version="1.0" encoding="UTF-8"?>
<zabbix_export>
    <version>3.4</version>
    <date>2018-07-04T11:54:14Z</date>
    <groups>
        <group>
            <name>Templates</name>
        </group>
    </groups>
    <templates>
        <template>
            <template>HP Smart Array Monitoring</template>
            <name>HP Smart Array Monitoring</name>
            <description>Discover and monitor HP Smart Array Controllers on Windows with PowerShell.</description>
            <groups>
                <group>
                    <name>Templates</name>
                </group>
            </groups>
            <applications>
                <application>
                    <name>HP Smart Array Controllers</name>
                </application>
                <application>
                    <name>HP Smart Array Logical Drives</name>
                </application>
                <application>
                    <name>HP Smart Array Physical Drives</name>
                </application>
            </applications>
            <items/>
            <discovery_rules>
                <discovery_rule>
                    <name>HP Smart Array Controller Discovery</name>
                    <type>7</type>
                    <snmp_community/>
                    <snmp_oid/>
                    <key>hp.smartarray[lld,ctrl]</key>
                    <delay>1h</delay>
                    <status>0</status>
                    <allowed_hosts/>
                    <snmpv3_contextname/>
                    <snmpv3_securityname/>
                    <snmpv3_securitylevel>0</snmpv3_securitylevel>
                    <snmpv3_authprotocol>0</snmpv3_authprotocol>
                    <snmpv3_authpassphrase/>
                    <snmpv3_privprotocol>0</snmpv3_privprotocol>
                    <snmpv3_privpassphrase/>
                    <params/>
                    <ipmi_sensor/>
                    <authtype>0</authtype>
                    <username/>
                    <password/>
                    <publickey/>
                    <privatekey/>
                    <port/>
                    <filter>
                        <evaltype>0</evaltype>
                        <formula/>
                        <conditions/>
                    </filter>
                    <lifetime>1d</lifetime>
                    <description>Discovery all HP Smart Array Controllers on the server.</description>
                    <item_prototypes>
                        <item_prototype>
                            <name>Smart Array Controller Battery status</name>
                            <type>7</type>
                            <snmp_community/>
                            <snmp_oid/>
                            <key>hp.smartarray[health,ctrl,{#CTRL.SLOT},batt]</key>
                            <delay>{$UPDATE}</delay>
                            <history>{$HISTORY}</history>
                            <trends>0</trends>
                            <status>0</status>
                            <value_type>1</value_type>
                            <allowed_hosts/>
                            <units/>
                            <snmpv3_contextname/>
                            <snmpv3_securityname/>
                            <snmpv3_securitylevel>0</snmpv3_securitylevel>
                            <snmpv3_authprotocol>0</snmpv3_authprotocol>
                            <snmpv3_authpassphrase/>
                            <snmpv3_privprotocol>0</snmpv3_privprotocol>
                            <snmpv3_privpassphrase/>
                            <params/>
                            <ipmi_sensor/>
                            <authtype>0</authtype>
                            <username/>
                            <password/>
                            <publickey/>
                            <privatekey/>
                            <port/>
                            <description>{#CTRL.MODEL} with s/n {#CTRL.SN}  in slot {#CTRL.SLOT} battery status.</description>
                            <inventory_link>0</inventory_link>
                            <applications>
                                <application>
                                    <name>HP Smart Array Controllers</name>
                                </application>
                            </applications>
                            <valuemap/>
                            <logtimefmt/>
                            <preprocessing/>
                            <jmx_endpoint/>
                            <application_prototypes/>
                            <master_item_prototype/>
                        </item_prototype>
                        <item_prototype>
                            <name>Smart Array Controller Cache status</name>
                            <type>7</type>
                            <snmp_community/>
                            <snmp_oid/>
                            <key>hp.smartarray[health,ctrl,{#CTRL.SLOT},cache]</key>
                            <delay>{$UPDATE}</delay>
                            <history>{$HISTORY}</history>
                            <trends>0</trends>
                            <status>0</status>
                            <value_type>1</value_type>
                            <allowed_hosts/>
                            <units/>
                            <snmpv3_contextname/>
                            <snmpv3_securityname/>
                            <snmpv3_securitylevel>0</snmpv3_securitylevel>
                            <snmpv3_authprotocol>0</snmpv3_authprotocol>
                            <snmpv3_authpassphrase/>
                            <snmpv3_privprotocol>0</snmpv3_privprotocol>
                            <snmpv3_privpassphrase/>
                            <params/>
                            <ipmi_sensor/>
                            <authtype>0</authtype>
                            <username/>
                            <password/>
                            <publickey/>
                            <privatekey/>
                            <port/>
                            <description>{#CTRL.MODEL} with s/n {#CTRL.SN}  in slot {#CTRL.SLOT} cache status.</description>
                            <inventory_link>0</inventory_link>
                            <applications>
                                <application>
                                    <name>HP Smart Array Controllers</name>
                                </application>
                            </applications>
                            <valuemap/>
                            <logtimefmt/>
                            <preprocessing/>
                            <jmx_endpoint/>
                            <application_prototypes/>
                            <master_item_prototype/>
                        </item_prototype>
                        <item_prototype>
                            <name>Smart Array Controller Main status</name>
                            <type>7</type>
                            <snmp_community/>
                            <snmp_oid/>
                            <key>hp.smartarray[health,ctrl,{#CTRL.SLOT},main]</key>
                            <delay>{$UPDATE}</delay>
                            <history>{$HISTORY}</history>
                            <trends>0</trends>
                            <status>0</status>
                            <value_type>1</value_type>
                            <allowed_hosts/>
                            <units/>
                            <snmpv3_contextname/>
                            <snmpv3_securityname/>
                            <snmpv3_securitylevel>0</snmpv3_securitylevel>
                            <snmpv3_authprotocol>0</snmpv3_authprotocol>
                            <snmpv3_authpassphrase/>
                            <snmpv3_privprotocol>0</snmpv3_privprotocol>
                            <snmpv3_privpassphrase/>
                            <params/>
                            <ipmi_sensor/>
                            <authtype>0</authtype>
                            <username/>
                            <password/>
                            <publickey/>
                            <privatekey/>
                            <port/>
                            <description>{#CTRL.MODEL} with s/n {#CTRL.SN}  in slot {#CTRL.SLOT} main status.</description>
                            <inventory_link>0</inventory_link>
                            <applications>
                                <application>
                                    <name>HP Smart Array Controllers</name>
                                </application>
                            </applications>
                            <valuemap/>
                            <logtimefmt/>
                            <preprocessing/>
                            <jmx_endpoint/>
                            <application_prototypes/>
                            <master_item_prototype/>
                        </item_prototype>
                    </item_prototypes>
                    <trigger_prototypes>
                        <trigger_prototype>
                            <expression>{HP Smart Array Monitoring:hp.smartarray[health,ctrl,{#CTRL.SLOT},batt].count(#5,OK,ne)}&gt;3</expression>
                            <recovery_mode>0</recovery_mode>
                            <recovery_expression/>
                            <name>Smart Array Controller Battery status</name>
                            <correlation_mode>0</correlation_mode>
                            <correlation_tag/>
                            <url/>
                            <status>0</status>
                            <priority>1</priority>
                            <description>Battery status on controller {#CTRL.MODEL} on state {ITEM.LASTVALUE}.</description>
                            <type>0</type>
                            <manual_close>0</manual_close>
                            <dependencies/>
                            <tags>
                                <tag>
                                    <tag>hp smart array</tag>
                                    <value>battery</value>
                                </tag>
                            </tags>
                        </trigger_prototype>
                        <trigger_prototype>
                            <expression>{HP Smart Array Monitoring:hp.smartarray[health,ctrl,{#CTRL.SLOT},cache].count(#5,OK,ne)}&gt;3</expression>
                            <recovery_mode>0</recovery_mode>
                            <recovery_expression/>
                            <name>Smart Array Controller Cache status</name>
                            <correlation_mode>0</correlation_mode>
                            <correlation_tag/>
                            <url/>
                            <status>0</status>
                            <priority>1</priority>
                            <description>Cache status on controller {#CTRL.MODEL} on state {ITEM.LASTVALUE}.</description>
                            <type>0</type>
                            <manual_close>0</manual_close>
                            <dependencies/>
                            <tags>
                                <tag>
                                    <tag>hp smart array</tag>
                                    <value>cache</value>
                                </tag>
                            </tags>
                        </trigger_prototype>
                        <trigger_prototype>
                            <expression>{HP Smart Array Monitoring:hp.smartarray[health,ctrl,{#CTRL.SLOT},main].count(#5,OK,ne)}&gt;3</expression>
                            <recovery_mode>0</recovery_mode>
                            <recovery_expression/>
                            <name>Smart Array Controller Main status</name>
                            <correlation_mode>0</correlation_mode>
                            <correlation_tag/>
                            <url/>
                            <status>0</status>
                            <priority>1</priority>
                            <description>Main status of controller {#CTRL.MODEL} on state {ITEM.LASTVALUE}.</description>
                            <type>0</type>
                            <manual_close>0</manual_close>
                            <dependencies/>
                            <tags>
                                <tag>
                                    <tag>hp smart array</tag>
                                    <value>main</value>
                                </tag>
                            </tags>
                        </trigger_prototype>
                    </trigger_prototypes>
                    <graph_prototypes/>
                    <host_prototypes/>
                    <jmx_endpoint/>
                </discovery_rule>
                <discovery_rule>
                    <name>HP Smart Array Logical Drives Discovery</name>
                    <type>7</type>
                    <snmp_community/>
                    <snmp_oid/>
                    <key>hp.smartarray[lld,ld]</key>
                    <delay>1h</delay>
                    <status>0</status>
                    <allowed_hosts/>
                    <snmpv3_contextname/>
                    <snmpv3_securityname/>
                    <snmpv3_securitylevel>0</snmpv3_securitylevel>
                    <snmpv3_authprotocol>0</snmpv3_authprotocol>
                    <snmpv3_authpassphrase/>
                    <snmpv3_privprotocol>0</snmpv3_privprotocol>
                    <snmpv3_privpassphrase/>
                    <params/>
                    <ipmi_sensor/>
                    <authtype>0</authtype>
                    <username/>
                    <password/>
                    <publickey/>
                    <privatekey/>
                    <port/>
                    <filter>
                        <evaltype>0</evaltype>
                        <formula/>
                        <conditions/>
                    </filter>
                    <lifetime>1d</lifetime>
                    <description>Discover of all logical drives on Smart Array Controller.</description>
                    <item_prototypes>
                        <item_prototype>
                            <name>Logical Drive {#LD.NUM} Status</name>
                            <type>7</type>
                            <snmp_community/>
                            <snmp_oid/>
                            <key>hp.smartarray[health,ld,{#CTRL.SLOT},{#LD.NUM}]</key>
                            <delay>{$UPDATE}</delay>
                            <history>{$HISTORY}</history>
                            <trends>0</trends>
                            <status>0</status>
                            <value_type>1</value_type>
                            <allowed_hosts/>
                            <units/>
                            <snmpv3_contextname/>
                            <snmpv3_securityname/>
                            <snmpv3_securitylevel>0</snmpv3_securitylevel>
                            <snmpv3_authprotocol>0</snmpv3_authprotocol>
                            <snmpv3_authpassphrase/>
                            <snmpv3_privprotocol>0</snmpv3_privprotocol>
                            <snmpv3_privpassphrase/>
                            <params/>
                            <ipmi_sensor/>
                            <authtype>0</authtype>
                            <username/>
                            <password/>
                            <publickey/>
                            <privatekey/>
                            <port/>
                            <description>Status of Logical Drive {#LD.NUM} with capacity of {#LD.CAPACITY}.</description>
                            <inventory_link>0</inventory_link>
                            <applications>
                                <application>
                                    <name>HP Smart Array Logical Drives</name>
                                </application>
                            </applications>
                            <valuemap/>
                            <logtimefmt/>
                            <preprocessing/>
                            <jmx_endpoint/>
                            <application_prototypes/>
                            <master_item_prototype/>
                        </item_prototype>
                    </item_prototypes>
                    <trigger_prototypes>
                        <trigger_prototype>
                            <expression>{HP Smart Array Monitoring:hp.smartarray[health,ld,{#CTRL.SLOT},{#LD.NUM}].count(#5,OK,ne)}&gt;3</expression>
                            <recovery_mode>0</recovery_mode>
                            <recovery_expression/>
                            <name>Smart Array Controller Logical Drive {#LD.NUM} status</name>
                            <correlation_mode>0</correlation_mode>
                            <correlation_tag/>
                            <url/>
                            <status>0</status>
                            <priority>2</priority>
                            <description>Logical Drive {#LD.NUM} with capacity {#LD.CAPACITY} status is {ITEM.LASTVALUE}.</description>
                            <type>0</type>
                            <manual_close>0</manual_close>
                            <dependencies/>
                            <tags>
                                <tag>
                                    <tag>hp smart array</tag>
                                    <value>logical drive</value>
                                </tag>
                            </tags>
                        </trigger_prototype>
                    </trigger_prototypes>
                    <graph_prototypes/>
                    <host_prototypes/>
                    <jmx_endpoint/>
                </discovery_rule>
                <discovery_rule>
                    <name>HP Smart Array Physical Drives Discovery</name>
                    <type>7</type>
                    <snmp_community/>
                    <snmp_oid/>
                    <key>hp.smartarray[lld,pd]</key>
                    <delay>1h</delay>
                    <status>0</status>
                    <allowed_hosts/>
                    <snmpv3_contextname/>
                    <snmpv3_securityname/>
                    <snmpv3_securitylevel>0</snmpv3_securitylevel>
                    <snmpv3_authprotocol>0</snmpv3_authprotocol>
                    <snmpv3_authpassphrase/>
                    <snmpv3_privprotocol>0</snmpv3_privprotocol>
                    <snmpv3_privpassphrase/>
                    <params/>
                    <ipmi_sensor/>
                    <authtype>0</authtype>
                    <username/>
                    <password/>
                    <publickey/>
                    <privatekey/>
                    <port/>
                    <filter>
                        <evaltype>0</evaltype>
                        <formula/>
                        <conditions/>
                    </filter>
                    <lifetime>1d</lifetime>
                    <description>Discovery all physical drives on HP Smart Array Controller.</description>
                    <item_prototypes>
                        <item_prototype>
                            <name>Physical Drive {#PD.NUM} Status</name>
                            <type>7</type>
                            <snmp_community/>
                            <snmp_oid/>
                            <key>hp.smartarray[health,pd,{#CTRL.SLOT},&quot;{#PD.NUM}&quot;]</key>
                            <delay>{$UPDATE}</delay>
                            <history>{$HISTORY}</history>
                            <trends>0</trends>
                            <status>0</status>
                            <value_type>1</value_type>
                            <allowed_hosts/>
                            <units/>
                            <snmpv3_contextname/>
                            <snmpv3_securityname/>
                            <snmpv3_securitylevel>0</snmpv3_securitylevel>
                            <snmpv3_authprotocol>0</snmpv3_authprotocol>
                            <snmpv3_authpassphrase/>
                            <snmpv3_privprotocol>0</snmpv3_privprotocol>
                            <snmpv3_privpassphrase/>
                            <params/>
                            <ipmi_sensor/>
                            <authtype>0</authtype>
                            <username/>
                            <password/>
                            <publickey/>
                            <privatekey/>
                            <port/>
                            <description>Status of Physical Drive {#PD.NUM} on controller in slot {#CTRL.SLOT}.</description>
                            <inventory_link>0</inventory_link>
                            <applications>
                                <application>
                                    <name>HP Smart Array Physical Drives</name>
                                </application>
                            </applications>
                            <valuemap/>
                            <logtimefmt/>
                            <preprocessing/>
                            <jmx_endpoint/>
                            <application_prototypes/>
                            <master_item_prototype/>
                        </item_prototype>
                    </item_prototypes>
                    <trigger_prototypes>
                        <trigger_prototype>
                            <expression>{HP Smart Array Monitoring:hp.smartarray[health,pd,{#CTRL.SLOT},&quot;{#PD.NUM}&quot;].count(#5,OK,ne)}&gt;3</expression>
                            <recovery_mode>0</recovery_mode>
                            <recovery_expression/>
                            <name>Smart Array Controller Physical Drive {#PD.NUM} status</name>
                            <correlation_mode>0</correlation_mode>
                            <correlation_tag/>
                            <url/>
                            <status>0</status>
                            <priority>2</priority>
                            <description>Physical Drive {#PD.NUM} status is {ITEM.LASTVALUE}.</description>
                            <type>0</type>
                            <manual_close>0</manual_close>
                            <dependencies/>
                            <tags>
                                <tag>
                                    <tag>hp smart array</tag>
                                    <value>physical drive</value>
                                </tag>
                            </tags>
                        </trigger_prototype>
                    </trigger_prototypes>
                    <graph_prototypes/>
                    <host_prototypes/>
                    <jmx_endpoint/>
                </discovery_rule>
            </discovery_rules>
            <httptests/>
            <macros>
                <macro>
                    <macro>{$HISTORY}</macro>
                    <value>14d</value>
                </macro>
                <macro>
                    <macro>{$UPDATE}</macro>
                    <value>3m</value>
                </macro>
            </macros>
            <templates/>
            <screens/>
        </template>
    </templates>
</zabbix_export>
