<?xml version="1.0" encoding="UTF-8"?>
<zabbix_export>
    <version>4.4</version>
    <date>2020-04-14T06:45:08Z</date>
    <groups>
        <group>
            <name>Templates Users</name>
        </group>
    </groups>
    <templates>
        <template>
            <template>Template Adaptec RAID Controller</template>
            <name>Template Adaptec RAID Controller</name>
            <groups>
                <group>
                    <name>Templates Users</name>
                </group>
            </groups>
            <discovery_rules>
                <discovery_rule>
                    <name>Adaptec controllers discovery</name>
                    <key>adaptec.raid[lld,ad]</key>
                    <delay>1d</delay>
                    <item_prototypes>
                        <item_prototype>
                            <name>Adaptec controller No.{#CTRL.ID}:{#CTRL.SN} state</name>
                            <type>ZABBIX_ACTIVE</type>
                            <key>adaptec.raid[health,ad,{#CTRL.ID},main]</key>
                            <delay>1h</delay>
                            <history>365d</history>
                            <trends>0</trends>
                            <value_type>TEXT</value_type>
                            <application_prototypes>
                                <application_prototype>
                                    <name>Adaptec Controllers</name>
                                </application_prototype>
                            </application_prototypes>
                            <trigger_prototypes>
                                <trigger_prototype>
                                    <expression>{regexp(Optimal)}=0</expression>
                                    <recovery_mode>RECOVERY_EXPRESSION</recovery_mode>
                                    <recovery_expression>{regexp(Optimal)}=1</recovery_expression>
                                    <name>Adaptec Controller No.{#CTRL.ID}:{#CTRL.SN} Status</name>
                                    <priority>HIGH</priority>
                                    <manual_close>YES</manual_close>
                                </trigger_prototype>
                            </trigger_prototypes>
                        </item_prototype>
                        <item_prototype>
                            <name>Adaptec controller No.{#CTRL.ID}:{#CTRL.SN} temperature</name>
                            <type>ZABBIX_ACTIVE</type>
                            <key>adaptec.raid[health,ad,{#CTRL.ID},temperature]</key>
                            <delay>5m</delay>
                            <application_prototypes>
                                <application_prototype>
                                    <name>Adaptec Controllers</name>
                                </application_prototype>
                            </application_prototypes>
                            <trigger_prototypes>
                                <trigger_prototype>
                                    <expression>{last()}&gt;{$TEMP_WARN}</expression>
                                    <recovery_mode>RECOVERY_EXPRESSION</recovery_mode>
                                    <recovery_expression>{last()}&lt;{$TEMP_WARN}-5</recovery_expression>
                                    <name>Adaptec Controller No.{#CTRL.ID}:{#CTRL.SN} Temperature</name>
                                    <priority>WARNING</priority>
                                    <manual_close>YES</manual_close>
                                </trigger_prototype>
                            </trigger_prototypes>
                        </item_prototype>
                    </item_prototypes>
                    <trigger_prototypes>
                        <trigger_prototype>
                            <expression>{Template Adaptec RAID Controller:adaptec.raid[health,ad,{#CTRL.ID},main].nodata({$NODATA_TIME})}=1 or {Template Adaptec RAID Controller:adaptec.raid[health,ad,{#CTRL.ID},temperature].nodata({$NODATA_TIME})}=1</expression>
                            <recovery_mode>RECOVERY_EXPRESSION</recovery_mode>
                            <recovery_expression>{Template Adaptec RAID Controller:adaptec.raid[health,ad,{#CTRL.ID},main].nodata({$NODATA_TIME})}=0 or {Template Adaptec RAID Controller:adaptec.raid[health,ad,{#CTRL.ID},temperature].nodata({$NODATA_TIME})}=0</recovery_expression>
                            <name>Adaptec Controller No.{#CTRL.ID}:{#CTRL.SN} No Data</name>
                            <priority>WARNING</priority>
                            <manual_close>YES</manual_close>
                        </trigger_prototype>
                    </trigger_prototypes>
                    <graph_prototypes>
                        <graph_prototype>
                            <name>Adaptec RAID No. {#CTRL.ID} Temperature</name>
                            <graph_items>
                                <graph_item>
                                    <color>199C0D</color>
                                    <item>
                                        <host>Template Adaptec RAID Controller</host>
                                        <key>adaptec.raid[health,ad,{#CTRL.ID},temperature]</key>
                                    </item>
                                </graph_item>
                            </graph_items>
                        </graph_prototype>
                    </graph_prototypes>
                </discovery_rule>
                <discovery_rule>
                    <name>Adaptec battery discovery</name>
                    <key>adaptec.raid[lld,bt]</key>
                    <delay>1d</delay>
                    <item_prototypes>
                        <item_prototype>
                            <name>Adaptec battery No.{#CTRL.ID} state</name>
                            <type>ZABBIX_ACTIVE</type>
                            <key>adaptec.raid[health,ad,{#CTRL.ID},battery]</key>
                            <delay>12h</delay>
                            <history>365d</history>
                            <trends>0</trends>
                            <value_type>TEXT</value_type>
                            <trigger_prototypes>
                                <trigger_prototype>
                                    <expression>{nodata({$NODATA_TIME})}=1</expression>
                                    <recovery_mode>RECOVERY_EXPRESSION</recovery_mode>
                                    <recovery_expression>{nodata({$NODATA_TIME})}=0</recovery_expression>
                                    <name>Adaptec Battery No.{#CTRL.ID} No Data</name>
                                    <priority>WARNING</priority>
                                    <manual_close>YES</manual_close>
                                </trigger_prototype>
                                <trigger_prototype>
                                    <expression>{regexp(Optimal)}=0</expression>
                                    <recovery_mode>RECOVERY_EXPRESSION</recovery_mode>
                                    <recovery_expression>{regexp(Optimal)}=1</recovery_expression>
                                    <name>Adaptec Battery No.{#CTRL.ID} Status</name>
                                    <priority>HIGH</priority>
                                    <manual_close>YES</manual_close>
                                </trigger_prototype>
                            </trigger_prototypes>
                        </item_prototype>
                    </item_prototypes>
                </discovery_rule>
                <discovery_rule>
                    <name>Adaptec logical Drives discovery</name>
                    <key>adaptec.raid[lld,ld]</key>
                    <delay>5h;1h/1-7,08:00-21:00</delay>
                    <item_prototypes>
                        <item_prototype>
                            <name>Adaptec logical drive {#CTRL.ID}:{#LD.NAME} state</name>
                            <type>ZABBIX_ACTIVE</type>
                            <key>adaptec.raid[health,ld,{#CTRL.ID},{#LD.ID}]</key>
                            <delay>6h</delay>
                            <history>365d</history>
                            <trends>0</trends>
                            <value_type>TEXT</value_type>
                            <application_prototypes>
                                <application_prototype>
                                    <name>Adaptec Logical Drives</name>
                                </application_prototype>
                            </application_prototypes>
                            <trigger_prototypes>
                                <trigger_prototype>
                                    <expression>{nodata({$NODATA_TIME})}=1</expression>
                                    <recovery_mode>RECOVERY_EXPRESSION</recovery_mode>
                                    <recovery_expression>{nodata({$NODATA_TIME})}=0</recovery_expression>
                                    <name>Adaptec Logical Drive {#LD.NAME} No Data</name>
                                    <priority>WARNING</priority>
                                    <manual_close>YES</manual_close>
                                </trigger_prototype>
                                <trigger_prototype>
                                    <expression>{regexp(Optimal)}=0</expression>
                                    <recovery_mode>RECOVERY_EXPRESSION</recovery_mode>
                                    <recovery_expression>{regexp(Optimal)}=1</recovery_expression>
                                    <name>Adaptec Logical Drive {#LD.NAME} status</name>
                                    <priority>HIGH</priority>
                                    <manual_close>YES</manual_close>
                                </trigger_prototype>
                            </trigger_prototypes>
                        </item_prototype>
                    </item_prototypes>
                </discovery_rule>
                <discovery_rule>
                    <name>Adaptec physical drives discovery</name>
                    <key>adaptec.raid[lld,pd]</key>
                    <delay>5h;1h/1-7,08:00-21:00</delay>
                    <item_prototypes>
                        <item_prototype>
                            <name>Adaptec physical drive {#CTRL.ID}:{#PD.ID}:{#PD.SN} state</name>
                            <type>ZABBIX_ACTIVE</type>
                            <key>adaptec.raid[health,pd,{#CTRL.ID},{#PD.ID}]</key>
                            <delay>6h</delay>
                            <history>365d</history>
                            <trends>0</trends>
                            <value_type>TEXT</value_type>
                            <application_prototypes>
                                <application_prototype>
                                    <name>Adaptec Physical Drives</name>
                                </application_prototype>
                            </application_prototypes>
                            <trigger_prototypes>
                                <trigger_prototype>
                                    <expression>{nodata({$NODATA_TIME})}=1</expression>
                                    <recovery_mode>RECOVERY_EXPRESSION</recovery_mode>
                                    <recovery_expression>{nodata({$NODATA_TIME})}=0</recovery_expression>
                                    <name>Adaptec physical drive {#CTRL.ID}:{#PD.ID}:{#PD.SN} no data</name>
                                    <priority>WARNING</priority>
                                    <manual_close>YES</manual_close>
                                </trigger_prototype>
                                <trigger_prototype>
                                    <expression>{regexp(Online|GlobalHot-Spare)}=0</expression>
                                    <recovery_mode>RECOVERY_EXPRESSION</recovery_mode>
                                    <recovery_expression>{regexp(Online|GlobalHot-Spare)}=1</recovery_expression>
                                    <name>Adaptec physical drive {#CTRL.ID}:{#PD.ID}:{#PD.SN} status</name>
                                    <priority>HIGH</priority>
                                    <manual_close>YES</manual_close>
                                </trigger_prototype>
                            </trigger_prototypes>
                        </item_prototype>
                    </item_prototypes>
                </discovery_rule>
            </discovery_rules>
            <macros>
                <macro>
                    <macro>{$NODATA_TIME}</macro>
                    <value>84600</value>
                </macro>
                <macro>
                    <macro>{$TEMP_WARN}</macro>
                    <value>85</value>
                </macro>
            </macros>
        </template>
    </templates>
</zabbix_export>
