<?xml version="1.0" encoding="UTF-8"?>
<zabbix_export version="1.0" date="17.12.12" time="12.13">
	<hosts>
		<host name="Template_mlink">
			<proxy_hostid>0</proxy_hostid>
			<useip>1</useip>
			<dns></dns>
			<ip>127.0.0.1</ip>
			<port>10050</port>
			<status>3</status>
			<useipmi>0</useipmi>
			<ipmi_ip>127.0.0.1</ipmi_ip>
			<ipmi_port>623</ipmi_port>
			<ipmi_authtype>0</ipmi_authtype>
			<ipmi_privilege>2</ipmi_privilege>
			<ipmi_username></ipmi_username>
			<ipmi_password></ipmi_password>
			<groups>
				<group>Templates</group>
			</groups>
			<triggers>
				<trigger>
					<description>{HOSTNAME} is unreachable</description>
					<type>0</type>
					<expression>{Template_mlink:icmpping.last(0)}#1</expression>
					<url></url>
					<status>0</status>
					<priority>4</priority>
					<comments></comments>
				</trigger>
				<trigger>
					<description>SFP-1 DOWN on {HOSTNAME}</description>
					<type>0</type>
					<expression>{Template_mlink:ifOperStatus.67112960.last(0)}#1</expression>
					<url></url>
					<status>0</status>
					<priority>4</priority>
					<comments>Обрыв оптического волокна!&#13;
(Проверить оптический порт/патчкорд согласно схеме MLink)</comments>
				</trigger>
				<trigger>
					<description>SFP-2 DOWN on {HOSTNAME}</description>
					<type>0</type>
					<expression>{Template_mlink:ifOperStatus.67117056.last(0)}#1</expression>
					<url></url>
					<status>0</status>
					<priority>4</priority>
					<comments>Обрыв оптического волокна!&#13;
(Проверить оптический порт/патчкорд согласно схеме MLink)</comments>
				</trigger>
				<trigger>
					<description>Critical Alarm on {HOSTNAME}</description>
					<type>0</type>
					<expression>{Template_mlink:pbNumberOfCriticalAlarms.last(0)}#0</expression>
					<url></url>
					<status>0</status>
					<priority>4</priority>
					<comments></comments>
				</trigger>
				<trigger>
					<description>Major Alarms on {HOSTNAME}</description>
					<type>0</type>
					<expression>{Template_mlink:pbNumberOfMajorAlarms.last(0)}#0</expression>
					<url></url>
					<status>0</status>
					<priority>4</priority>
					<comments></comments>
				</trigger>
				<trigger>
					<description>Minor Alarm on {HOSTNAME}</description>
					<type>0</type>
					<expression>{Template_mlink:pbNumberOfMinorAlarms.last(0)}#0</expression>
					<url></url>
					<status>0</status>
					<priority>3</priority>
					<comments></comments>
				</trigger>
				<trigger>
					<description>Warning Alarms on {HOSTNAME}</description>
					<type>0</type>
					<expression>{Template_mlink:pbNumberOfWarningAlarms.last(0)}#0</expression>
					<url></url>
					<status>0</status>
					<priority>2</priority>
					<comments></comments>
				</trigger>
			</triggers>
			<items>
				<item type="3" key="icmpping" value_type="3">
					<description>ICMP Ping</description>
					<ipmi_sensor></ipmi_sensor>
					<delay>30</delay>
					<history>14</history>
					<trends>30</trends>
					<status>0</status>
					<data_type>0</data_type>
					<units></units>
					<multiplier>0</multiplier>
					<delta>0</delta>
					<formula>1</formula>
					<lastlogsize>0</lastlogsize>
					<logtimefmt></logtimefmt>
					<delay_flex></delay_flex>
					<authtype>0</authtype>
					<username></username>
					<password></password>
					<publickey></publickey>
					<privatekey></privatekey>
					<params></params>
					<trapper_hosts></trapper_hosts>
					<snmp_community>public</snmp_community>
					<snmp_oid>interfaces.ifTable.ifEntry.ifInOctets.1</snmp_oid>
					<snmp_port>161</snmp_port>
					<snmpv3_securityname></snmpv3_securityname>
					<snmpv3_securitylevel>0</snmpv3_securitylevel>
					<snmpv3_authpassphrase></snmpv3_authpassphrase>
					<snmpv3_privpassphrase></snmpv3_privpassphrase>
					<applications/>
				</item>
				<item type="4" key="ifOperStatus.67112960" value_type="3">
					<description>SFP-1 status</description>
					<ipmi_sensor></ipmi_sensor>
					<delay>30</delay>
					<history>14</history>
					<trends>30</trends>
					<status>0</status>
					<data_type>0</data_type>
					<units></units>
					<multiplier>0</multiplier>
					<delta>0</delta>
					<formula>1</formula>
					<lastlogsize>0</lastlogsize>
					<logtimefmt></logtimefmt>
					<delay_flex></delay_flex>
					<authtype>0</authtype>
					<username></username>
					<password></password>
					<publickey></publickey>
					<privatekey></privatekey>
					<params></params>
					<trapper_hosts></trapper_hosts>
					<snmp_community>public</snmp_community>
					<snmp_oid>.1.3.6.1.2.1.2.2.1.8.67112960</snmp_oid>
					<snmp_port>161</snmp_port>
					<snmpv3_securityname></snmpv3_securityname>
					<snmpv3_securitylevel>0</snmpv3_securitylevel>
					<snmpv3_authpassphrase></snmpv3_authpassphrase>
					<snmpv3_privpassphrase></snmpv3_privpassphrase>
					<applications/>
				</item>
				<item type="4" key="ifOperStatus.67117056" value_type="3">
					<description>SFP-2 status</description>
					<ipmi_sensor></ipmi_sensor>
					<delay>30</delay>
					<history>14</history>
					<trends>30</trends>
					<status>0</status>
					<data_type>0</data_type>
					<units></units>
					<multiplier>0</multiplier>
					<delta>0</delta>
					<formula>1</formula>
					<lastlogsize>0</lastlogsize>
					<logtimefmt></logtimefmt>
					<delay_flex></delay_flex>
					<authtype>0</authtype>
					<username></username>
					<password></password>
					<publickey></publickey>
					<privatekey></privatekey>
					<params></params>
					<trapper_hosts></trapper_hosts>
					<snmp_community>public</snmp_community>
					<snmp_oid>.1.3.6.1.2.1.2.2.1.8.67117056</snmp_oid>
					<snmp_port>161</snmp_port>
					<snmpv3_securityname></snmpv3_securityname>
					<snmpv3_securitylevel>0</snmpv3_securitylevel>
					<snmpv3_authpassphrase></snmpv3_authpassphrase>
					<snmpv3_privpassphrase></snmpv3_privpassphrase>
					<applications/>
				</item>
				<item type="4" key="pbNumberOfCriticalAlarms" value_type="3">
					<description>Number of Critical Alarms</description>
					<ipmi_sensor></ipmi_sensor>
					<delay>30</delay>
					<history>14</history>
					<trends>30</trends>
					<status>0</status>
					<data_type>0</data_type>
					<units></units>
					<multiplier>0</multiplier>
					<delta>0</delta>
					<formula>1</formula>
					<lastlogsize>0</lastlogsize>
					<logtimefmt></logtimefmt>
					<delay_flex></delay_flex>
					<authtype>0</authtype>
					<username></username>
					<password></password>
					<publickey></publickey>
					<privatekey></privatekey>
					<params></params>
					<trapper_hosts></trapper_hosts>
					<snmp_community>public</snmp_community>
					<snmp_oid>1.3.6.1.4.1.12505.1.3.1.1.2.2.3</snmp_oid>
					<snmp_port>161</snmp_port>
					<snmpv3_securityname></snmpv3_securityname>
					<snmpv3_securitylevel>0</snmpv3_securitylevel>
					<snmpv3_authpassphrase></snmpv3_authpassphrase>
					<snmpv3_privpassphrase></snmpv3_privpassphrase>
					<applications/>
				</item>
				<item type="4" key="pbNumberOfMajorAlarms" value_type="3">
					<description>Number of Major Alarms</description>
					<ipmi_sensor></ipmi_sensor>
					<delay>30</delay>
					<history>14</history>
					<trends>30</trends>
					<status>0</status>
					<data_type>0</data_type>
					<units></units>
					<multiplier>0</multiplier>
					<delta>0</delta>
					<formula>1</formula>
					<lastlogsize>0</lastlogsize>
					<logtimefmt></logtimefmt>
					<delay_flex></delay_flex>
					<authtype>0</authtype>
					<username></username>
					<password></password>
					<publickey></publickey>
					<privatekey></privatekey>
					<params></params>
					<trapper_hosts></trapper_hosts>
					<snmp_community>public</snmp_community>
					<snmp_oid>1.3.6.1.4.1.12505.1.3.1.1.2.2.4</snmp_oid>
					<snmp_port>161</snmp_port>
					<snmpv3_securityname></snmpv3_securityname>
					<snmpv3_securitylevel>0</snmpv3_securitylevel>
					<snmpv3_authpassphrase></snmpv3_authpassphrase>
					<snmpv3_privpassphrase></snmpv3_privpassphrase>
					<applications/>
				</item>
				<item type="4" key="pbNumberOfMinorAlarms" value_type="3">
					<description>Number of Minor Alarms</description>
					<ipmi_sensor></ipmi_sensor>
					<delay>30</delay>
					<history>14</history>
					<trends>30</trends>
					<status>0</status>
					<data_type>0</data_type>
					<units></units>
					<multiplier>0</multiplier>
					<delta>0</delta>
					<formula>1</formula>
					<lastlogsize>0</lastlogsize>
					<logtimefmt></logtimefmt>
					<delay_flex></delay_flex>
					<authtype>0</authtype>
					<username></username>
					<password></password>
					<publickey></publickey>
					<privatekey></privatekey>
					<params></params>
					<trapper_hosts></trapper_hosts>
					<snmp_community>public</snmp_community>
					<snmp_oid>1.3.6.1.4.1.12505.1.3.1.1.2.2.5</snmp_oid>
					<snmp_port>161</snmp_port>
					<snmpv3_securityname></snmpv3_securityname>
					<snmpv3_securitylevel>0</snmpv3_securitylevel>
					<snmpv3_authpassphrase></snmpv3_authpassphrase>
					<snmpv3_privpassphrase></snmpv3_privpassphrase>
					<applications/>
				</item>
				<item type="4" key="pbNumberOfWarningAlarms" value_type="3">
					<description>Number of Warnings Alarms</description>
					<ipmi_sensor></ipmi_sensor>
					<delay>30</delay>
					<history>14</history>
					<trends>30</trends>
					<status>0</status>
					<data_type>0</data_type>
					<units></units>
					<multiplier>0</multiplier>
					<delta>0</delta>
					<formula>1</formula>
					<lastlogsize>0</lastlogsize>
					<logtimefmt></logtimefmt>
					<delay_flex></delay_flex>
					<authtype>0</authtype>
					<username></username>
					<password></password>
					<publickey></publickey>
					<privatekey></privatekey>
					<params></params>
					<trapper_hosts></trapper_hosts>
					<snmp_community>public</snmp_community>
					<snmp_oid>1.3.6.1.4.1.12505.1.3.1.1.2.2.6</snmp_oid>
					<snmp_port>161</snmp_port>
					<snmpv3_securityname></snmpv3_securityname>
					<snmpv3_securitylevel>0</snmpv3_securitylevel>
					<snmpv3_authpassphrase></snmpv3_authpassphrase>
					<snmpv3_privpassphrase></snmpv3_privpassphrase>
					<applications/>
				</item>
			</items>
			<templates/>
			<graphs/>
			<macros/>
		</host>
	</hosts>
	<dependencies/>
</zabbix_export>
