<?xml version="1.0" encoding="UTF-8"?>
<zabbix_export>
    <version>4.2</version>
    <date>2019-11-11T13:03:40Z</date>
    <groups>
        <group>
            <name>Templates Hardware</name>
        </group>
    </groups>
    <templates>
        <template>
            <template>IPMI HP iLo Drives discovery</template>
            <name>IPMI HP iLo Drives discovery</name>
            <description>please define macroses&#13;
{$ILO_IP}&#13;
{$ILO_USER}&#13;
{$ILO_PASSWORD}</description>
            <groups>
                <group>
                    <name>Templates Hardware</name>
                </group>
            </groups>
            <applications>
                <application>
                    <name>Drives</name>
                </application>
            </applications>
            <items/>
            <discovery_rules>
                <discovery_rule>
                    <name>Discovery iLO Drives</name>
                    <type>10</type>
                    <snmp_community/>
                    <snmp_oid/>
                    <key>hpipmidiskdiscovery.py[{$ILO_IP},{$ILO_USER},{$ILO_PASSWORD}]</key>
                    <delay>43200</delay>
                    <status>0</status>
                    <allowed_hosts/>
                    <snmpv3_contextname/>
                    <snmpv3_securityname/>
                    <snmpv3_securitylevel>0</snmpv3_securitylevel>
                    <snmpv3_authprotocol>0</snmpv3_authprotocol>
                    <snmpv3_authpassphrase/>
                    <snmpv3_privprotocol>0</snmpv3_privprotocol>
                    <snmpv3_privpassphrase/>
                    <params/>
                    <ipmi_sensor/>
                    <authtype>0</authtype>
                    <username/>
                    <password/>
                    <publickey/>
                    <privatekey/>
                    <port/>
                    <filter>
                        <evaltype>0</evaltype>
                        <formula/>
                        <conditions/>
                    </filter>
                    <lifetime>30d</lifetime>
                    <description/>
                    <item_prototypes>
                        <item_prototype>
                            <name>Drive {#DISKNAME} Status</name>
                            <type>12</type>
                            <snmp_community/>
                            <snmp_oid/>
                            <key>ilo.drive.status[{#DISKNAME}]</key>
                            <delay>3600</delay>
                            <history>7d</history>
                            <trends>365d</trends>
                            <status>0</status>
                            <value_type>3</value_type>
                            <allowed_hosts/>
                            <units/>
                            <snmpv3_contextname/>
                            <snmpv3_securityname/>
                            <snmpv3_securitylevel>0</snmpv3_securitylevel>
                            <snmpv3_authprotocol>0</snmpv3_authprotocol>
                            <snmpv3_authpassphrase/>
                            <snmpv3_privprotocol>0</snmpv3_privprotocol>
                            <snmpv3_privpassphrase/>
                            <params/>
                            <ipmi_sensor>{#DISKNAME}</ipmi_sensor>
                            <authtype>0</authtype>
                            <username/>
                            <password/>
                            <publickey/>
                            <privatekey/>
                            <port/>
                            <description/>
                            <inventory_link>0</inventory_link>
                            <applications>
                                <application>
                                    <name>Drives</name>
                                </application>
                            </applications>
                            <valuemap/>
                            <logtimefmt/>
                            <preprocessing/>
                            <jmx_endpoint/>
                            <timeout>3s</timeout>
                            <url/>
                            <query_fields/>
                            <posts/>
                            <status_codes>200</status_codes>
                            <follow_redirects>1</follow_redirects>
                            <post_type>0</post_type>
                            <http_proxy/>
                            <headers/>
                            <retrieve_mode>0</retrieve_mode>
                            <request_method>0</request_method>
                            <output_format>0</output_format>
                            <allow_traps>0</allow_traps>
                            <ssl_cert_file/>
                            <ssl_key_file/>
                            <ssl_key_password/>
                            <verify_peer>0</verify_peer>
                            <verify_host>0</verify_host>
                            <application_prototypes/>
                            <master_item/>
                        </item_prototype>
                    </item_prototypes>
                    <trigger_prototypes>
                        <trigger_prototype>
                            <expression>{IPMI HP iLo Drives discovery:ilo.drive.status[{#DISKNAME}].last()}=0 or {IPMI HP iLo Drives discovery:ilo.drive.status[{#DISKNAME}].last()}=97</expression>
                            <recovery_mode>0</recovery_mode>
                            <recovery_expression/>
                            <name>Error on drive {#DISKNAME}</name>
                            <correlation_mode>0</correlation_mode>
                            <correlation_tag/>
                            <url>https://{$ILO_IP}</url>
                            <status>0</status>
                            <priority>4</priority>
                            <description>please check Disk status on iLo web-interface</description>
                            <type>0</type>
                            <manual_close>0</manual_close>
                            <dependencies/>
                            <tags/>
                        </trigger_prototype>
                        <trigger_prototype>
                            <expression>{IPMI HP iLo Drives discovery:ilo.drive.status[{#DISKNAME}].avg(#3)}&gt;1</expression>
                            <recovery_mode>0</recovery_mode>
                            <recovery_expression/>
                            <name>Predictive failure on drive {#KEY}</name>
                            <correlation_mode>0</correlation_mode>
                            <correlation_tag/>
                            <url>https://{$ILO_IP}</url>
                            <status>0</status>
                            <priority>3</priority>
                            <description>please check Disk status on iLo web-interface</description>
                            <type>0</type>
                            <manual_close>0</manual_close>
                            <dependencies>
                                <dependency>
                                    <name>Error on drive {#DISKNAME}</name>
                                    <expression>{IPMI HP iLo Drives discovery:ilo.drive.status[{#DISKNAME}].last()}=0 or {IPMI HP iLo Drives discovery:ilo.drive.status[{#DISKNAME}].last()}=97</expression>
                                    <recovery_expression/>
                                </dependency>
                            </dependencies>
                            <tags/>
                        </trigger_prototype>
                    </trigger_prototypes>
                    <graph_prototypes/>
                    <host_prototypes/>
                    <jmx_endpoint/>
                    <timeout>3s</timeout>
                    <url/>
                    <query_fields/>
                    <posts/>
                    <status_codes>200</status_codes>
                    <follow_redirects>1</follow_redirects>
                    <post_type>0</post_type>
                    <http_proxy/>
                    <headers/>
                    <retrieve_mode>0</retrieve_mode>
                    <request_method>0</request_method>
                    <allow_traps>0</allow_traps>
                    <ssl_cert_file/>
                    <ssl_key_file/>
                    <ssl_key_password/>
                    <verify_peer>0</verify_peer>
                    <verify_host>0</verify_host>
                    <lld_macro_paths/>
                    <preprocessing/>
                    <master_item/>
                </discovery_rule>
            </discovery_rules>
            <httptests/>
            <macros>
                <macro>
                    <macro>{$ILO_IP}</macro>
                    <value>192.168.0.1</value>
                </macro>
                <macro>
                    <macro>{$ILO_PASSWORD}</macro>
                    <value>password</value>
                </macro>
                <macro>
                    <macro>{$ILO_USER}</macro>
                    <value>user</value>
                </macro>
            </macros>
            <templates/>
            <screens/>
            <tags/>
        </template>
    </templates>
</zabbix_export>
