<?xml version="1.0" encoding="UTF-8"?>
<zabbix_export>
    <version>3.0</version>
    <date>2016-04-05T13:56:18Z</date>
    <groups>
        <group>
            <name>PM2</name>
        </group>
    </groups>
    <templates>
        <template>
            <template>Template App PM2</template>
            <name>Template App PM2</name>
            <description/>
            <groups>
                <group>
                    <name>PM2</name>
                </group>
            </groups>
            <applications>
                <application>
                    <name>PM2 Daemon</name>
                </application>
                <application>
                    <name>PM2 Processes</name>
                </application>
            </applications>
            <items>
                <item>
                    <name>PM2 Daemon CPU Usage</name>
                    <type>2</type>
                    <snmp_community/>
                    <multiplier>0</multiplier>
                    <snmp_oid/>
                    <key>pm2.cpu</key>
                    <delay>0</delay>
                    <history>90</history>
                    <trends>365</trends>
                    <status>0</status>
                    <value_type>0</value_type>
                    <allowed_hosts/>
                    <units/>
                    <delta>0</delta>
                    <snmpv3_contextname/>
                    <snmpv3_securityname/>
                    <snmpv3_securitylevel>0</snmpv3_securitylevel>
                    <snmpv3_authprotocol>0</snmpv3_authprotocol>
                    <snmpv3_authpassphrase/>
                    <snmpv3_privprotocol>0</snmpv3_privprotocol>
                    <snmpv3_privpassphrase/>
                    <formula>1</formula>
                    <delay_flex/>
                    <params/>
                    <ipmi_sensor/>
                    <data_type>0</data_type>
                    <authtype>0</authtype>
                    <username/>
                    <password/>
                    <publickey/>
                    <privatekey/>
                    <port/>
                    <description/>
                    <inventory_link>0</inventory_link>
                    <applications>
                        <application>
                            <name>PM2 Daemon</name>
                        </application>
                    </applications>
                    <valuemap/>
                    <logtimefmt/>
                </item>
                <item>
                    <name>PM2 Daemon Memory Usage</name>
                    <type>2</type>
                    <snmp_community/>
                    <multiplier>0</multiplier>
                    <snmp_oid/>
                    <key>pm2.memory</key>
                    <delay>0</delay>
                    <history>90</history>
                    <trends>365</trends>
                    <status>0</status>
                    <value_type>3</value_type>
                    <allowed_hosts/>
                    <units>bytes</units>
                    <delta>0</delta>
                    <snmpv3_contextname/>
                    <snmpv3_securityname/>
                    <snmpv3_securitylevel>0</snmpv3_securitylevel>
                    <snmpv3_authprotocol>0</snmpv3_authprotocol>
                    <snmpv3_authpassphrase/>
                    <snmpv3_privprotocol>0</snmpv3_privprotocol>
                    <snmpv3_privpassphrase/>
                    <formula>1</formula>
                    <delay_flex/>
                    <params/>
                    <ipmi_sensor/>
                    <data_type>0</data_type>
                    <authtype>0</authtype>
                    <username/>
                    <password/>
                    <publickey/>
                    <privatekey/>
                    <port/>
                    <description/>
                    <inventory_link>0</inventory_link>
                    <applications>
                        <application>
                            <name>PM2 Daemon</name>
                        </application>
                    </applications>
                    <valuemap/>
                    <logtimefmt/>
                </item>
                <item>
                    <name>PM2 Daemon PID</name>
                    <type>2</type>
                    <snmp_community/>
                    <multiplier>1</multiplier>
                    <snmp_oid/>
                    <key>pm2.pid</key>
                    <delay>0</delay>
                    <history>90</history>
                    <trends>365</trends>
                    <status>0</status>
                    <value_type>3</value_type>
                    <allowed_hosts/>
                    <units/>
                    <delta>0</delta>
                    <snmpv3_contextname/>
                    <snmpv3_securityname/>
                    <snmpv3_securitylevel>0</snmpv3_securitylevel>
                    <snmpv3_authprotocol>0</snmpv3_authprotocol>
                    <snmpv3_authpassphrase/>
                    <snmpv3_privprotocol>0</snmpv3_privprotocol>
                    <snmpv3_privpassphrase/>
                    <formula>1</formula>
                    <delay_flex/>
                    <params/>
                    <ipmi_sensor/>
                    <data_type>0</data_type>
                    <authtype>0</authtype>
                    <username/>
                    <password/>
                    <publickey/>
                    <privatekey/>
                    <port/>
                    <description/>
                    <inventory_link>0</inventory_link>
                    <applications>
                        <application>
                            <name>PM2 Daemon</name>
                        </application>
                    </applications>
                    <valuemap/>
                    <logtimefmt/>
                </item>
                <item>
                    <name>PM2 Daemon Status</name>
                    <type>2</type>
                    <snmp_community/>
                    <multiplier>0</multiplier>
                    <snmp_oid/>
                    <key>pm2.status</key>
                    <delay>0</delay>
                    <history>90</history>
                    <trends>0</trends>
                    <status>0</status>
                    <value_type>4</value_type>
                    <allowed_hosts/>
                    <units/>
                    <delta>0</delta>
                    <snmpv3_contextname/>
                    <snmpv3_securityname/>
                    <snmpv3_securitylevel>0</snmpv3_securitylevel>
                    <snmpv3_authprotocol>0</snmpv3_authprotocol>
                    <snmpv3_authpassphrase/>
                    <snmpv3_privprotocol>0</snmpv3_privprotocol>
                    <snmpv3_privpassphrase/>
                    <formula>1</formula>
                    <delay_flex/>
                    <params/>
                    <ipmi_sensor/>
                    <data_type>0</data_type>
                    <authtype>0</authtype>
                    <username/>
                    <password/>
                    <publickey/>
                    <privatekey/>
                    <port/>
                    <description/>
                    <inventory_link>0</inventory_link>
                    <applications>
                        <application>
                            <name>PM2 Daemon</name>
                        </application>
                    </applications>
                    <valuemap/>
                    <logtimefmt/>
                </item>
            </items>
            <discovery_rules>
                <discovery_rule>
                    <name>PM2 Processes</name>
                    <type>7</type>
                    <snmp_community/>
                    <snmp_oid/>
                    <key>pm2.processes</key>
                    <delay>60</delay>
                    <status>0</status>
                    <allowed_hosts/>
                    <snmpv3_contextname/>
                    <snmpv3_securityname/>
                    <snmpv3_securitylevel>0</snmpv3_securitylevel>
                    <snmpv3_authprotocol>0</snmpv3_authprotocol>
                    <snmpv3_authpassphrase/>
                    <snmpv3_privprotocol>0</snmpv3_privprotocol>
                    <snmpv3_privpassphrase/>
                    <delay_flex/>
                    <params/>
                    <ipmi_sensor/>
                    <authtype>0</authtype>
                    <username/>
                    <password/>
                    <publickey/>
                    <privatekey/>
                    <port/>
                    <filter>
                        <evaltype>0</evaltype>
                        <formula/>
                        <conditions/>
                    </filter>
                    <lifetime>14</lifetime>
                    <description/>
                    <item_prototypes>
                        <item_prototype>
                            <name>$1 CPU Usage</name>
                            <type>2</type>
                            <snmp_community/>
                            <multiplier>0</multiplier>
                            <snmp_oid/>
                            <key>pm2.processes[{#PROCESS_ID},cpu]</key>
                            <delay>0</delay>
                            <history>90</history>
                            <trends>365</trends>
                            <status>0</status>
                            <value_type>0</value_type>
                            <allowed_hosts/>
                            <units/>
                            <delta>0</delta>
                            <snmpv3_contextname/>
                            <snmpv3_securityname/>
                            <snmpv3_securitylevel>0</snmpv3_securitylevel>
                            <snmpv3_authprotocol>0</snmpv3_authprotocol>
                            <snmpv3_authpassphrase/>
                            <snmpv3_privprotocol>0</snmpv3_privprotocol>
                            <snmpv3_privpassphrase/>
                            <formula>1</formula>
                            <delay_flex/>
                            <params/>
                            <ipmi_sensor/>
                            <data_type>0</data_type>
                            <authtype>0</authtype>
                            <username/>
                            <password/>
                            <publickey/>
                            <privatekey/>
                            <port/>
                            <description/>
                            <inventory_link>0</inventory_link>
                            <applications>
                                <application>
                                    <name>PM2 Processes</name>
                                </application>
                            </applications>
                            <valuemap/>
                            <logtimefmt/>
                            <application_prototypes/>
                        </item_prototype>
                        <item_prototype>
                            <name>$1 Memory Usage</name>
                            <type>2</type>
                            <snmp_community/>
                            <multiplier>0</multiplier>
                            <snmp_oid/>
                            <key>pm2.processes[{#PROCESS_ID},memory]</key>
                            <delay>0</delay>
                            <history>90</history>
                            <trends>365</trends>
                            <status>0</status>
                            <value_type>0</value_type>
                            <allowed_hosts/>
                            <units/>
                            <delta>0</delta>
                            <snmpv3_contextname/>
                            <snmpv3_securityname/>
                            <snmpv3_securitylevel>0</snmpv3_securitylevel>
                            <snmpv3_authprotocol>0</snmpv3_authprotocol>
                            <snmpv3_authpassphrase/>
                            <snmpv3_privprotocol>0</snmpv3_privprotocol>
                            <snmpv3_privpassphrase/>
                            <formula>1</formula>
                            <delay_flex/>
                            <params/>
                            <ipmi_sensor/>
                            <data_type>0</data_type>
                            <authtype>0</authtype>
                            <username/>
                            <password/>
                            <publickey/>
                            <privatekey/>
                            <port/>
                            <description/>
                            <inventory_link>0</inventory_link>
                            <applications>
                                <application>
                                    <name>PM2 Processes</name>
                                </application>
                            </applications>
                            <valuemap/>
                            <logtimefmt/>
                            <application_prototypes/>
                        </item_prototype>
                        <item_prototype>
                            <name>$1 Restarts</name>
                            <type>2</type>
                            <snmp_community/>
                            <multiplier>0</multiplier>
                            <snmp_oid/>
                            <key>pm2.processes[{#PROCESS_ID},restarts]</key>
                            <delay>0</delay>
                            <history>90</history>
                            <trends>365</trends>
                            <status>0</status>
                            <value_type>3</value_type>
                            <allowed_hosts/>
                            <units/>
                            <delta>0</delta>
                            <snmpv3_contextname/>
                            <snmpv3_securityname/>
                            <snmpv3_securitylevel>0</snmpv3_securitylevel>
                            <snmpv3_authprotocol>0</snmpv3_authprotocol>
                            <snmpv3_authpassphrase/>
                            <snmpv3_privprotocol>0</snmpv3_privprotocol>
                            <snmpv3_privpassphrase/>
                            <formula>1</formula>
                            <delay_flex/>
                            <params/>
                            <ipmi_sensor/>
                            <data_type>0</data_type>
                            <authtype>0</authtype>
                            <username/>
                            <password/>
                            <publickey/>
                            <privatekey/>
                            <port/>
                            <description/>
                            <inventory_link>0</inventory_link>
                            <applications>
                                <application>
                                    <name>PM2 Processes</name>
                                </application>
                            </applications>
                            <valuemap/>
                            <logtimefmt/>
                            <application_prototypes/>
                        </item_prototype>
                        <item_prototype>
                            <name>$1 Status</name>
                            <type>2</type>
                            <snmp_community/>
                            <multiplier>0</multiplier>
                            <snmp_oid/>
                            <key>pm2.processes[{#PROCESS_ID},status]</key>
                            <delay>0</delay>
                            <history>90</history>
                            <trends>0</trends>
                            <status>0</status>
                            <value_type>4</value_type>
                            <allowed_hosts/>
                            <units/>
                            <delta>0</delta>
                            <snmpv3_contextname/>
                            <snmpv3_securityname/>
                            <snmpv3_securitylevel>0</snmpv3_securitylevel>
                            <snmpv3_authprotocol>0</snmpv3_authprotocol>
                            <snmpv3_authpassphrase/>
                            <snmpv3_privprotocol>0</snmpv3_privprotocol>
                            <snmpv3_privpassphrase/>
                            <formula>1</formula>
                            <delay_flex/>
                            <params/>
                            <ipmi_sensor/>
                            <data_type>0</data_type>
                            <authtype>0</authtype>
                            <username/>
                            <password/>
                            <publickey/>
                            <privatekey/>
                            <port/>
                            <description/>
                            <inventory_link>0</inventory_link>
                            <applications>
                                <application>
                                    <name>PM2 Processes</name>
                                </application>
                            </applications>
                            <valuemap/>
                            <logtimefmt/>
                            <application_prototypes/>
                        </item_prototype>
                    </item_prototypes>
                    <trigger_prototypes>
                        <trigger_prototype>
                            <expression>{Template App PM2:pm2.processes[{#PROCESS_ID},cpu].avg(300)}&gt;80</expression>
                            <name>PM2's {#PROCESS_ID} CPU &gt; 80%</name>
                            <url/>
                            <status>0</status>
                            <priority>4</priority>
                            <description>PM2's {#PROCESS_ID} is using more than 80% of CPU in 5 minutes</description>
                            <type>0</type>
                            <dependencies/>
                        </trigger_prototype>
                        <trigger_prototype>
                            <expression>{Template App PM2:pm2.processes[{#PROCESS_ID},memory].last()}&gt;1400000000</expression>
                            <name>PM2's {#PROCESS_ID} RAM &gt; 1.4GB</name>
                            <url/>
                            <status>0</status>
                            <priority>4</priority>
                            <description>PM2's {#PROCESS_ID} is using more than 1.4GB of RAM</description>
                            <type>0</type>
                            <dependencies/>
                        </trigger_prototype>
                        <trigger_prototype>
                            <expression>{Template App PM2:pm2.processes[{#PROCESS_ID},restarts].change()}&gt;=1</expression>
                            <name>PM2's {#PROCESS_ID} restarted</name>
                            <url/>
                            <status>0</status>
                            <priority>3</priority>
                            <description>PM2's {#PROCESS_ID} restared.</description>
                            <type>0</type>
                            <dependencies/>
                        </trigger_prototype>
                        <trigger_prototype>
                            <expression>{Template App PM2:pm2.processes[{#PROCESS_ID},status].str(stopped)}=1</expression>
                            <name>PM2's {#PROCESS_ID} stopped</name>
                            <url/>
                            <status>0</status>
                            <priority>2</priority>
                            <description>PM2's {#PROCESS_ID} is stopped.</description>
                            <type>0</type>
                            <dependencies/>
                        </trigger_prototype>
                    </trigger_prototypes>
                    <graph_prototypes>
                        <graph_prototype>
                            <name>PM2's {#PROCESS_ID} CPU Usage</name>
                            <width>900</width>
                            <height>200</height>
                            <yaxismin>0.0000</yaxismin>
                            <yaxismax>100.0000</yaxismax>
                            <show_work_period>1</show_work_period>
                            <show_triggers>1</show_triggers>
                            <type>0</type>
                            <show_legend>1</show_legend>
                            <show_3d>0</show_3d>
                            <percent_left>0.0000</percent_left>
                            <percent_right>0.0000</percent_right>
                            <ymin_type_1>0</ymin_type_1>
                            <ymax_type_1>0</ymax_type_1>
                            <ymin_item_1>0</ymin_item_1>
                            <ymax_item_1>0</ymax_item_1>
                            <graph_items>
                                <graph_item>
                                    <sortorder>0</sortorder>
                                    <drawtype>0</drawtype>
                                    <color>F63100</color>
                                    <yaxisside>0</yaxisside>
                                    <calc_fnc>2</calc_fnc>
                                    <type>0</type>
                                    <item>
                                        <host>Template App PM2</host>
                                        <key>pm2.processes[{#PROCESS_ID},cpu]</key>
                                    </item>
                                </graph_item>
                            </graph_items>
                        </graph_prototype>
                        <graph_prototype>
                            <name>PM2's {#PROCESS_ID} Memory Usage</name>
                            <width>900</width>
                            <height>200</height>
                            <yaxismin>0.0000</yaxismin>
                            <yaxismax>100.0000</yaxismax>
                            <show_work_period>1</show_work_period>
                            <show_triggers>1</show_triggers>
                            <type>0</type>
                            <show_legend>1</show_legend>
                            <show_3d>0</show_3d>
                            <percent_left>0.0000</percent_left>
                            <percent_right>0.0000</percent_right>
                            <ymin_type_1>0</ymin_type_1>
                            <ymax_type_1>0</ymax_type_1>
                            <ymin_item_1>0</ymin_item_1>
                            <ymax_item_1>0</ymax_item_1>
                            <graph_items>
                                <graph_item>
                                    <sortorder>0</sortorder>
                                    <drawtype>0</drawtype>
                                    <color>1A7C11</color>
                                    <yaxisside>0</yaxisside>
                                    <calc_fnc>2</calc_fnc>
                                    <type>0</type>
                                    <item>
                                        <host>Template App PM2</host>
                                        <key>pm2.processes[{#PROCESS_ID},memory]</key>
                                    </item>
                                </graph_item>
                            </graph_items>
                        </graph_prototype>
                    </graph_prototypes>
                    <host_prototypes/>
                </discovery_rule>
            </discovery_rules>
            <macros/>
            <templates/>
            <screens/>
        </template>
    </templates>
    <triggers>
        <trigger>
            <expression>{Template App PM2:pm2.pid.diff(0)}&gt;0</expression>
            <name>PM2 Daemon PID changed</name>
            <url/>
            <status>0</status>
            <priority>2</priority>
            <description>PM2 Daemon PID changed</description>
            <type>0</type>
            <dependencies/>
        </trigger>
        <trigger>
            <expression>{Template App PM2:pm2.status.str(stopped)}</expression>
            <name>PM2 Daemon stopped</name>
            <url/>
            <status>0</status>
            <priority>3</priority>
            <description>PM2 Daemon stopped</description>
            <type>0</type>
            <dependencies/>
        </trigger>
    </triggers>
</zabbix_export>
