<?xml version="1.0" encoding="UTF-8"?>
<zabbix_export>
    <version>5.0</version>
    <date>2020-11-03T12:53:53Z</date>
    <groups>
        <group>
            <name>Templates</name>
        </group>
    </groups>
    <templates>
        <template>
            <template>Template Net Framework info</template>
            <name>Template Net Framework info</name>
            <groups>
                <group>
                    <name>Templates</name>
                </group>
            </groups>
            <applications>
                <application>
                    <name>.Net Info</name>
                </application>
            </applications>
            <items>
                <item>
                    <name>Net Framework KB Number</name>
                    <key>netinfo[kbnumber]</key>
                    <delay>1d</delay>
                    <trends>0</trends>
                    <value_type>CHAR</value_type>
                    <applications>
                        <application>
                            <name>.Net Info</name>
                        </application>
                    </applications>
                </item>
                <item>
                    <name>Net Framework Version</name>
                    <key>netinfo[netver]</key>
                    <delay>1d</delay>
                    <trends>0</trends>
                    <value_type>CHAR</value_type>
                    <applications>
                        <application>
                            <name>.Net Info</name>
                        </application>
                    </applications>
                </item>
                <item>
                    <name>Net Framework date of last update</name>
                    <key>netinfo[updatedate]</key>
                    <delay>1d</delay>
                    <trends>0</trends>
                    <value_type>CHAR</value_type>
                    <applications>
                        <application>
                            <name>.Net Info</name>
                        </application>
                    </applications>
                </item>
            </items>
        </template>
    </templates>
</zabbix_export>
