<?xml version="1.0" encoding="UTF-8"?>
<zabbix_export>
    <version>3.0</version>
    <date>2016-02-18T03:35:11Z</date>
    <value_maps>
        <value_map>
            <name>A10 HA状态</name>
            <mappings>
                <mapping>
                    <value>0</value>
                    <newvalue>standby</newvalue>
                </mapping>
                <mapping>
                    <value>1</value>
                    <newvalue>active</newvalue>
                </mapping>
                <mapping>
                    <value>9</value>
                    <newvalue>notConfigured</newvalue>
                </mapping>
            </mappings>
        </value_map>
        <value_map>
            <name>A10 启动模式状态</name>
            <mappings>
                <mapping>
                    <value>0</value>
                    <newvalue>unknow</newvalue>
                </mapping>
                <mapping>
                    <value>1</value>
                    <newvalue>primaryDisk</newvalue>
                </mapping>
                <mapping>
                    <value>2</value>
                    <newvalue>secondarySisk</newvalue>
                </mapping>
                <mapping>
                    <value>3</value>
                    <newvalue>primaryCF</newvalue>
                </mapping>
                <mapping>
                    <value>4</value>
                    <newvalue>secondary</newvalue>
                </mapping>
            </mappings>
        </value_map>
        <value_map>
            <name>A10 日志监控优先级</name>
            <mappings>
                <mapping>
                    <value>-1</value>
                    <newvalue>notDefind</newvalue>
                </mapping>
                <mapping>
                    <value>0</value>
                    <newvalue>emerency</newvalue>
                </mapping>
                <mapping>
                    <value>1</value>
                    <newvalue>alert</newvalue>
                </mapping>
                <mapping>
                    <value>2</value>
                    <newvalue>critical</newvalue>
                </mapping>
                <mapping>
                    <value>3</value>
                    <newvalue>error</newvalue>
                </mapping>
                <mapping>
                    <value>4</value>
                    <newvalue>warning</newvalue>
                </mapping>
                <mapping>
                    <value>5</value>
                    <newvalue>noteice</newvalue>
                </mapping>
                <mapping>
                    <value>6</value>
                    <newvalue>info</newvalue>
                </mapping>
                <mapping>
                    <value>7</value>
                    <newvalue>debug</newvalue>
                </mapping>
            </mappings>
        </value_map>
        <value_map>
            <name>A10 电源状态</name>
            <mappings>
                <mapping>
                    <value>-1</value>
                    <newvalue>unknow</newvalue>
                </mapping>
                <mapping>
                    <value>0</value>
                    <newvalue>off</newvalue>
                </mapping>
                <mapping>
                    <value>1</value>
                    <newvalue>on</newvalue>
                </mapping>
            </mappings>
        </value_map>
        <value_map>
            <name>A10 虚拟服务显示状态</name>
            <mappings>
                <mapping>
                    <value>0</value>
                    <newvalue>Disabled</newvalue>
                </mapping>
                <mapping>
                    <value>1</value>
                    <newvalue>AllUp</newvalue>
                </mapping>
                <mapping>
                    <value>2</value>
                    <newvalue>FunctionalUp</newvalue>
                </mapping>
                <mapping>
                    <value>3</value>
                    <newvalue>PartialUp</newvalue>
                </mapping>
                <mapping>
                    <value>4</value>
                    <newvalue>Stopped</newvalue>
                </mapping>
            </mappings>
        </value_map>
    </value_maps>
</zabbix_export>
