<?xml version="1.0" encoding="UTF-8"?>
<zabbix_export>
    <version>3.2</version>
    <date>2017-04-24T05:53:38Z</date>
    <groups>
        <group>
            <name>Templates</name>
        </group>
    </groups>
    <templates>
        <template>
            <template>Template Windows Storage Spaces</template>
            <name>Template Windows Storage Spaces</name>
            <description/>
            <groups>
                <group>
                    <name>Templates</name>
                </group>
            </groups>
            <applications/>
            <items/>
            <discovery_rules>
                <discovery_rule>
                    <name>Discvery Storage Enclosures</name>
                    <type>7</type>
                    <snmp_community/>
                    <snmp_oid/>
                    <key>storagespaces.discovery[enclosure]</key>
                    <delay>86400</delay>
                    <status>0</status>
                    <allowed_hosts/>
                    <snmpv3_contextname/>
                    <snmpv3_securityname/>
                    <snmpv3_securitylevel>0</snmpv3_securitylevel>
                    <snmpv3_authprotocol>0</snmpv3_authprotocol>
                    <snmpv3_authpassphrase/>
                    <snmpv3_privprotocol>0</snmpv3_privprotocol>
                    <snmpv3_privpassphrase/>
                    <delay_flex/>
                    <params/>
                    <ipmi_sensor/>
                    <authtype>0</authtype>
                    <username/>
                    <password/>
                    <publickey/>
                    <privatekey/>
                    <port/>
                    <filter>
                        <evaltype>0</evaltype>
                        <formula/>
                        <conditions>
                            <condition>
                                <macro>{#PH}</macro>
                                <value>0</value>
                                <operator>8</operator>
                                <formulaid>A</formulaid>
                            </condition>
                        </conditions>
                    </filter>
                    <lifetime>1</lifetime>
                    <description/>
                    <item_prototypes>
                        <item_prototype>
                            <name>Enclosure Firmware {#ENCLOSURE}</name>
                            <type>7</type>
                            <snmp_community/>
                            <multiplier>0</multiplier>
                            <snmp_oid/>
                            <key>storagespaces.data[enclosure,firmware,{#EDN}]</key>
                            <delay>86400</delay>
                            <history>30</history>
                            <trends>0</trends>
                            <status>0</status>
                            <value_type>4</value_type>
                            <allowed_hosts/>
                            <units/>
                            <delta>0</delta>
                            <snmpv3_contextname/>
                            <snmpv3_securityname/>
                            <snmpv3_securitylevel>0</snmpv3_securitylevel>
                            <snmpv3_authprotocol>0</snmpv3_authprotocol>
                            <snmpv3_authpassphrase/>
                            <snmpv3_privprotocol>0</snmpv3_privprotocol>
                            <snmpv3_privpassphrase/>
                            <formula>1</formula>
                            <delay_flex/>
                            <params/>
                            <ipmi_sensor/>
                            <data_type>0</data_type>
                            <authtype>0</authtype>
                            <username/>
                            <password/>
                            <publickey/>
                            <privatekey/>
                            <port/>
                            <description/>
                            <inventory_link>0</inventory_link>
                            <applications/>
                            <valuemap/>
                            <logtimefmt/>
                            <application_prototypes>
                                <application_prototype>
                                    <name>Storage Spaces Enclosures</name>
                                </application_prototype>
                            </application_prototypes>
                        </item_prototype>
                        <item_prototype>
                            <name>Enclosure Health Status {#ENCLOSURE}</name>
                            <type>7</type>
                            <snmp_community/>
                            <multiplier>0</multiplier>
                            <snmp_oid/>
                            <key>storagespaces.data[enclosure,healthstatus,{#EDN}]</key>
                            <delay>7200</delay>
                            <history>30</history>
                            <trends>0</trends>
                            <status>0</status>
                            <value_type>4</value_type>
                            <allowed_hosts/>
                            <units/>
                            <delta>0</delta>
                            <snmpv3_contextname/>
                            <snmpv3_securityname/>
                            <snmpv3_securitylevel>0</snmpv3_securitylevel>
                            <snmpv3_authprotocol>0</snmpv3_authprotocol>
                            <snmpv3_authpassphrase/>
                            <snmpv3_privprotocol>0</snmpv3_privprotocol>
                            <snmpv3_privpassphrase/>
                            <formula>1</formula>
                            <delay_flex/>
                            <params/>
                            <ipmi_sensor/>
                            <data_type>0</data_type>
                            <authtype>0</authtype>
                            <username/>
                            <password/>
                            <publickey/>
                            <privatekey/>
                            <port/>
                            <description/>
                            <inventory_link>0</inventory_link>
                            <applications/>
                            <valuemap/>
                            <logtimefmt/>
                            <application_prototypes>
                                <application_prototype>
                                    <name>Storage Spaces Enclosures</name>
                                </application_prototype>
                            </application_prototypes>
                        </item_prototype>
                        <item_prototype>
                            <name>Enclosure Operational Status {#ENCLOSURE}</name>
                            <type>7</type>
                            <snmp_community/>
                            <multiplier>0</multiplier>
                            <snmp_oid/>
                            <key>storagespaces.data[enclosure,opstatus,{#EDN}]</key>
                            <delay>7200</delay>
                            <history>30</history>
                            <trends>0</trends>
                            <status>0</status>
                            <value_type>4</value_type>
                            <allowed_hosts/>
                            <units/>
                            <delta>0</delta>
                            <snmpv3_contextname/>
                            <snmpv3_securityname/>
                            <snmpv3_securitylevel>0</snmpv3_securitylevel>
                            <snmpv3_authprotocol>0</snmpv3_authprotocol>
                            <snmpv3_authpassphrase/>
                            <snmpv3_privprotocol>0</snmpv3_privprotocol>
                            <snmpv3_privpassphrase/>
                            <formula>1</formula>
                            <delay_flex/>
                            <params/>
                            <ipmi_sensor/>
                            <data_type>0</data_type>
                            <authtype>0</authtype>
                            <username/>
                            <password/>
                            <publickey/>
                            <privatekey/>
                            <port/>
                            <description/>
                            <inventory_link>0</inventory_link>
                            <applications/>
                            <valuemap/>
                            <logtimefmt/>
                            <application_prototypes>
                                <application_prototype>
                                    <name>Storage Spaces Enclosures</name>
                                </application_prototype>
                            </application_prototypes>
                        </item_prototype>
                        <item_prototype>
                            <name>Enclosure number of Slots {#ENCLOSURE}</name>
                            <type>7</type>
                            <snmp_community/>
                            <multiplier>0</multiplier>
                            <snmp_oid/>
                            <key>storagespaces.data[enclosure,slots,{#EDN}]</key>
                            <delay>86400</delay>
                            <history>1</history>
                            <trends>1</trends>
                            <status>0</status>
                            <value_type>3</value_type>
                            <allowed_hosts/>
                            <units/>
                            <delta>0</delta>
                            <snmpv3_contextname/>
                            <snmpv3_securityname/>
                            <snmpv3_securitylevel>0</snmpv3_securitylevel>
                            <snmpv3_authprotocol>0</snmpv3_authprotocol>
                            <snmpv3_authpassphrase/>
                            <snmpv3_privprotocol>0</snmpv3_privprotocol>
                            <snmpv3_privpassphrase/>
                            <formula>1</formula>
                            <delay_flex/>
                            <params/>
                            <ipmi_sensor/>
                            <data_type>0</data_type>
                            <authtype>0</authtype>
                            <username/>
                            <password/>
                            <publickey/>
                            <privatekey/>
                            <port/>
                            <description/>
                            <inventory_link>0</inventory_link>
                            <applications/>
                            <valuemap/>
                            <logtimefmt/>
                            <application_prototypes>
                                <application_prototype>
                                    <name>Storage Spaces Enclosures</name>
                                </application_prototype>
                            </application_prototypes>
                        </item_prototype>
                    </item_prototypes>
                    <trigger_prototypes>
                        <trigger_prototype>
                            <expression>{Template Windows Storage Spaces:storagespaces.data[enclosure,healthstatus,{#EDN}].regexp(Healthy)}=0</expression>
                            <recovery_mode>0</recovery_mode>
                            <recovery_expression/>
                            <name>Health status warning on enclosure {#ENCLOSURE}</name>
                            <correlation_mode>0</correlation_mode>
                            <correlation_tag/>
                            <url/>
                            <status>0</status>
                            <priority>2</priority>
                            <description/>
                            <type>0</type>
                            <manual_close>0</manual_close>
                            <dependencies/>
                            <tags/>
                        </trigger_prototype>
                        <trigger_prototype>
                            <expression>{Template Windows Storage Spaces:storagespaces.data[enclosure,opstatus,{#EDN}].regexp(OK)}=0</expression>
                            <recovery_mode>0</recovery_mode>
                            <recovery_expression/>
                            <name>Operational status warning on enclosure {#ENCLOSURE}</name>
                            <correlation_mode>0</correlation_mode>
                            <correlation_tag/>
                            <url/>
                            <status>0</status>
                            <priority>2</priority>
                            <description/>
                            <type>0</type>
                            <manual_close>0</manual_close>
                            <dependencies/>
                            <tags/>
                        </trigger_prototype>
                    </trigger_prototypes>
                    <graph_prototypes/>
                    <host_prototypes/>
                </discovery_rule>
                <discovery_rule>
                    <name>Discvery Physical Disks</name>
                    <type>7</type>
                    <snmp_community/>
                    <snmp_oid/>
                    <key>storagespaces.discovery[pdisks]</key>
                    <delay>86400</delay>
                    <status>0</status>
                    <allowed_hosts/>
                    <snmpv3_contextname/>
                    <snmpv3_securityname/>
                    <snmpv3_securitylevel>0</snmpv3_securitylevel>
                    <snmpv3_authprotocol>0</snmpv3_authprotocol>
                    <snmpv3_authpassphrase/>
                    <snmpv3_privprotocol>0</snmpv3_privprotocol>
                    <snmpv3_privpassphrase/>
                    <delay_flex/>
                    <params/>
                    <ipmi_sensor/>
                    <authtype>0</authtype>
                    <username/>
                    <password/>
                    <publickey/>
                    <privatekey/>
                    <port/>
                    <filter>
                        <evaltype>0</evaltype>
                        <formula/>
                        <conditions>
                            <condition>
                                <macro>{#PH}</macro>
                                <value>0</value>
                                <operator>8</operator>
                                <formulaid>A</formulaid>
                            </condition>
                        </conditions>
                    </filter>
                    <lifetime>1</lifetime>
                    <description/>
                    <item_prototypes>
                        <item_prototype>
                            <name>Physical disk ({#PDISK}) firmware</name>
                            <type>7</type>
                            <snmp_community/>
                            <multiplier>0</multiplier>
                            <snmp_oid/>
                            <key>storagespaces.data[pdisks,firmware,{#PDN}]</key>
                            <delay>86400</delay>
                            <history>30</history>
                            <trends>0</trends>
                            <status>0</status>
                            <value_type>4</value_type>
                            <allowed_hosts/>
                            <units/>
                            <delta>0</delta>
                            <snmpv3_contextname/>
                            <snmpv3_securityname/>
                            <snmpv3_securitylevel>0</snmpv3_securitylevel>
                            <snmpv3_authprotocol>0</snmpv3_authprotocol>
                            <snmpv3_authpassphrase/>
                            <snmpv3_privprotocol>0</snmpv3_privprotocol>
                            <snmpv3_privpassphrase/>
                            <formula>1</formula>
                            <delay_flex/>
                            <params/>
                            <ipmi_sensor/>
                            <data_type>0</data_type>
                            <authtype>0</authtype>
                            <username/>
                            <password/>
                            <publickey/>
                            <privatekey/>
                            <port/>
                            <description/>
                            <inventory_link>0</inventory_link>
                            <applications/>
                            <valuemap/>
                            <logtimefmt/>
                            <application_prototypes>
                                <application_prototype>
                                    <name>Storage Spaces Physical Disks</name>
                                </application_prototype>
                            </application_prototypes>
                        </item_prototype>
                        <item_prototype>
                            <name>Physical disk ({#PDISK}) healthstatus</name>
                            <type>7</type>
                            <snmp_community/>
                            <multiplier>0</multiplier>
                            <snmp_oid/>
                            <key>storagespaces.data[pdisks,healthstatus,{#PDN}]</key>
                            <delay>86400</delay>
                            <history>30</history>
                            <trends>0</trends>
                            <status>0</status>
                            <value_type>4</value_type>
                            <allowed_hosts/>
                            <units/>
                            <delta>0</delta>
                            <snmpv3_contextname/>
                            <snmpv3_securityname/>
                            <snmpv3_securitylevel>0</snmpv3_securitylevel>
                            <snmpv3_authprotocol>0</snmpv3_authprotocol>
                            <snmpv3_authpassphrase/>
                            <snmpv3_privprotocol>0</snmpv3_privprotocol>
                            <snmpv3_privpassphrase/>
                            <formula>1</formula>
                            <delay_flex/>
                            <params/>
                            <ipmi_sensor/>
                            <data_type>0</data_type>
                            <authtype>0</authtype>
                            <username/>
                            <password/>
                            <publickey/>
                            <privatekey/>
                            <port/>
                            <description/>
                            <inventory_link>0</inventory_link>
                            <applications/>
                            <valuemap/>
                            <logtimefmt/>
                            <application_prototypes>
                                <application_prototype>
                                    <name>Storage Spaces Physical Disks</name>
                                </application_prototype>
                            </application_prototypes>
                        </item_prototype>
                        <item_prototype>
                            <name>Physical disk ({#PDISK}) manufacturer</name>
                            <type>7</type>
                            <snmp_community/>
                            <multiplier>0</multiplier>
                            <snmp_oid/>
                            <key>storagespaces.data[pdisks,manufacturer,{#PDN}]</key>
                            <delay>86400</delay>
                            <history>30</history>
                            <trends>0</trends>
                            <status>0</status>
                            <value_type>4</value_type>
                            <allowed_hosts/>
                            <units/>
                            <delta>0</delta>
                            <snmpv3_contextname/>
                            <snmpv3_securityname/>
                            <snmpv3_securitylevel>0</snmpv3_securitylevel>
                            <snmpv3_authprotocol>0</snmpv3_authprotocol>
                            <snmpv3_authpassphrase/>
                            <snmpv3_privprotocol>0</snmpv3_privprotocol>
                            <snmpv3_privpassphrase/>
                            <formula>1</formula>
                            <delay_flex/>
                            <params/>
                            <ipmi_sensor/>
                            <data_type>0</data_type>
                            <authtype>0</authtype>
                            <username/>
                            <password/>
                            <publickey/>
                            <privatekey/>
                            <port/>
                            <description/>
                            <inventory_link>0</inventory_link>
                            <applications/>
                            <valuemap/>
                            <logtimefmt/>
                            <application_prototypes>
                                <application_prototype>
                                    <name>Storage Spaces Physical Disks</name>
                                </application_prototype>
                            </application_prototypes>
                        </item_prototype>
                        <item_prototype>
                            <name>Physical disk ({#PDISK}) media type</name>
                            <type>7</type>
                            <snmp_community/>
                            <multiplier>0</multiplier>
                            <snmp_oid/>
                            <key>storagespaces.data[pdisks,mediatype,{#PDN}]</key>
                            <delay>86400</delay>
                            <history>30</history>
                            <trends>0</trends>
                            <status>0</status>
                            <value_type>4</value_type>
                            <allowed_hosts/>
                            <units/>
                            <delta>0</delta>
                            <snmpv3_contextname/>
                            <snmpv3_securityname/>
                            <snmpv3_securitylevel>0</snmpv3_securitylevel>
                            <snmpv3_authprotocol>0</snmpv3_authprotocol>
                            <snmpv3_authpassphrase/>
                            <snmpv3_privprotocol>0</snmpv3_privprotocol>
                            <snmpv3_privpassphrase/>
                            <formula>1</formula>
                            <delay_flex/>
                            <params/>
                            <ipmi_sensor/>
                            <data_type>0</data_type>
                            <authtype>0</authtype>
                            <username/>
                            <password/>
                            <publickey/>
                            <privatekey/>
                            <port/>
                            <description/>
                            <inventory_link>0</inventory_link>
                            <applications/>
                            <valuemap/>
                            <logtimefmt/>
                            <application_prototypes>
                                <application_prototype>
                                    <name>Storage Spaces Physical Disks</name>
                                </application_prototype>
                            </application_prototypes>
                        </item_prototype>
                        <item_prototype>
                            <name>Physical disk ({#PDISK}) model</name>
                            <type>7</type>
                            <snmp_community/>
                            <multiplier>0</multiplier>
                            <snmp_oid/>
                            <key>storagespaces.data[pdisks,model,{#PDN}]</key>
                            <delay>86400</delay>
                            <history>30</history>
                            <trends>0</trends>
                            <status>0</status>
                            <value_type>4</value_type>
                            <allowed_hosts/>
                            <units/>
                            <delta>0</delta>
                            <snmpv3_contextname/>
                            <snmpv3_securityname/>
                            <snmpv3_securitylevel>0</snmpv3_securitylevel>
                            <snmpv3_authprotocol>0</snmpv3_authprotocol>
                            <snmpv3_authpassphrase/>
                            <snmpv3_privprotocol>0</snmpv3_privprotocol>
                            <snmpv3_privpassphrase/>
                            <formula>1</formula>
                            <delay_flex/>
                            <params/>
                            <ipmi_sensor/>
                            <data_type>0</data_type>
                            <authtype>0</authtype>
                            <username/>
                            <password/>
                            <publickey/>
                            <privatekey/>
                            <port/>
                            <description/>
                            <inventory_link>0</inventory_link>
                            <applications/>
                            <valuemap/>
                            <logtimefmt/>
                            <application_prototypes>
                                <application_prototype>
                                    <name>Storage Spaces Physical Disks</name>
                                </application_prototype>
                            </application_prototypes>
                        </item_prototype>
                        <item_prototype>
                            <name>Physical disk ({#PDISK}) opstatus</name>
                            <type>7</type>
                            <snmp_community/>
                            <multiplier>0</multiplier>
                            <snmp_oid/>
                            <key>storagespaces.data[pdisks,opstatus,{#PDN}]</key>
                            <delay>86400</delay>
                            <history>30</history>
                            <trends>0</trends>
                            <status>0</status>
                            <value_type>4</value_type>
                            <allowed_hosts/>
                            <units/>
                            <delta>0</delta>
                            <snmpv3_contextname/>
                            <snmpv3_securityname/>
                            <snmpv3_securitylevel>0</snmpv3_securitylevel>
                            <snmpv3_authprotocol>0</snmpv3_authprotocol>
                            <snmpv3_authpassphrase/>
                            <snmpv3_privprotocol>0</snmpv3_privprotocol>
                            <snmpv3_privpassphrase/>
                            <formula>1</formula>
                            <delay_flex/>
                            <params/>
                            <ipmi_sensor/>
                            <data_type>0</data_type>
                            <authtype>0</authtype>
                            <username/>
                            <password/>
                            <publickey/>
                            <privatekey/>
                            <port/>
                            <description/>
                            <inventory_link>0</inventory_link>
                            <applications/>
                            <valuemap/>
                            <logtimefmt/>
                            <application_prototypes>
                                <application_prototype>
                                    <name>Storage Spaces Physical Disks</name>
                                </application_prototype>
                            </application_prototypes>
                        </item_prototype>
                        <item_prototype>
                            <name>Physical disk ({#PDISK}) read errors</name>
                            <type>7</type>
                            <snmp_community/>
                            <multiplier>0</multiplier>
                            <snmp_oid/>
                            <key>storagespaces.data[pdisks,readerrors,{#PDN}]</key>
                            <delay>7200</delay>
                            <history>30</history>
                            <trends>90</trends>
                            <status>0</status>
                            <value_type>3</value_type>
                            <allowed_hosts/>
                            <units/>
                            <delta>0</delta>
                            <snmpv3_contextname/>
                            <snmpv3_securityname/>
                            <snmpv3_securitylevel>0</snmpv3_securitylevel>
                            <snmpv3_authprotocol>0</snmpv3_authprotocol>
                            <snmpv3_authpassphrase/>
                            <snmpv3_privprotocol>0</snmpv3_privprotocol>
                            <snmpv3_privpassphrase/>
                            <formula>1</formula>
                            <delay_flex/>
                            <params/>
                            <ipmi_sensor/>
                            <data_type>0</data_type>
                            <authtype>0</authtype>
                            <username/>
                            <password/>
                            <publickey/>
                            <privatekey/>
                            <port/>
                            <description/>
                            <inventory_link>0</inventory_link>
                            <applications/>
                            <valuemap/>
                            <logtimefmt/>
                            <application_prototypes>
                                <application_prototype>
                                    <name>Storage Spaces Physical Disks</name>
                                </application_prototype>
                            </application_prototypes>
                        </item_prototype>
                        <item_prototype>
                            <name>Physical disk ({#PDISK}) size</name>
                            <type>7</type>
                            <snmp_community/>
                            <multiplier>0</multiplier>
                            <snmp_oid/>
                            <key>storagespaces.data[pdisks,size,{#PDN}]</key>
                            <delay>86400</delay>
                            <history>7</history>
                            <trends>30</trends>
                            <status>0</status>
                            <value_type>3</value_type>
                            <allowed_hosts/>
                            <units>B</units>
                            <delta>0</delta>
                            <snmpv3_contextname/>
                            <snmpv3_securityname/>
                            <snmpv3_securitylevel>0</snmpv3_securitylevel>
                            <snmpv3_authprotocol>0</snmpv3_authprotocol>
                            <snmpv3_authpassphrase/>
                            <snmpv3_privprotocol>0</snmpv3_privprotocol>
                            <snmpv3_privpassphrase/>
                            <formula>1</formula>
                            <delay_flex/>
                            <params/>
                            <ipmi_sensor/>
                            <data_type>0</data_type>
                            <authtype>0</authtype>
                            <username/>
                            <password/>
                            <publickey/>
                            <privatekey/>
                            <port/>
                            <description/>
                            <inventory_link>0</inventory_link>
                            <applications/>
                            <valuemap/>
                            <logtimefmt/>
                            <application_prototypes>
                                <application_prototype>
                                    <name>Storage Spaces Physical Disks</name>
                                </application_prototype>
                            </application_prototypes>
                        </item_prototype>
                        <item_prototype>
                            <name>Physical disk ({#PDISK}) slot number</name>
                            <type>7</type>
                            <snmp_community/>
                            <multiplier>0</multiplier>
                            <snmp_oid/>
                            <key>storagespaces.data[pdisks,slot,{#PDN}]</key>
                            <delay>86400</delay>
                            <history>7</history>
                            <trends>30</trends>
                            <status>0</status>
                            <value_type>3</value_type>
                            <allowed_hosts/>
                            <units/>
                            <delta>0</delta>
                            <snmpv3_contextname/>
                            <snmpv3_securityname/>
                            <snmpv3_securitylevel>0</snmpv3_securitylevel>
                            <snmpv3_authprotocol>0</snmpv3_authprotocol>
                            <snmpv3_authpassphrase/>
                            <snmpv3_privprotocol>0</snmpv3_privprotocol>
                            <snmpv3_privpassphrase/>
                            <formula>1</formula>
                            <delay_flex/>
                            <params/>
                            <ipmi_sensor/>
                            <data_type>0</data_type>
                            <authtype>0</authtype>
                            <username/>
                            <password/>
                            <publickey/>
                            <privatekey/>
                            <port/>
                            <description/>
                            <inventory_link>0</inventory_link>
                            <applications/>
                            <valuemap/>
                            <logtimefmt/>
                            <application_prototypes>
                                <application_prototype>
                                    <name>Storage Spaces Physical Disks</name>
                                </application_prototype>
                            </application_prototypes>
                        </item_prototype>
                        <item_prototype>
                            <name>Physical disk ({#PDISK}) temperature</name>
                            <type>7</type>
                            <snmp_community/>
                            <multiplier>0</multiplier>
                            <snmp_oid/>
                            <key>storagespaces.data[pdisks,temperature,{#PDN}]</key>
                            <delay>7200</delay>
                            <history>7</history>
                            <trends>30</trends>
                            <status>0</status>
                            <value_type>3</value_type>
                            <allowed_hosts/>
                            <units>C</units>
                            <delta>0</delta>
                            <snmpv3_contextname/>
                            <snmpv3_securityname/>
                            <snmpv3_securitylevel>0</snmpv3_securitylevel>
                            <snmpv3_authprotocol>0</snmpv3_authprotocol>
                            <snmpv3_authpassphrase/>
                            <snmpv3_privprotocol>0</snmpv3_privprotocol>
                            <snmpv3_privpassphrase/>
                            <formula>1</formula>
                            <delay_flex/>
                            <params/>
                            <ipmi_sensor/>
                            <data_type>0</data_type>
                            <authtype>0</authtype>
                            <username/>
                            <password/>
                            <publickey/>
                            <privatekey/>
                            <port/>
                            <description/>
                            <inventory_link>0</inventory_link>
                            <applications/>
                            <valuemap/>
                            <logtimefmt/>
                            <application_prototypes>
                                <application_prototype>
                                    <name>Storage Spaces Physical Disks</name>
                                </application_prototype>
                            </application_prototypes>
                        </item_prototype>
                        <item_prototype>
                            <name>Physical disk ({#PDISK}) temperature max</name>
                            <type>7</type>
                            <snmp_community/>
                            <multiplier>0</multiplier>
                            <snmp_oid/>
                            <key>storagespaces.data[pdisks,temperaturemax,{#PDN}]</key>
                            <delay>86400</delay>
                            <history>7</history>
                            <trends>30</trends>
                            <status>0</status>
                            <value_type>3</value_type>
                            <allowed_hosts/>
                            <units>C</units>
                            <delta>0</delta>
                            <snmpv3_contextname/>
                            <snmpv3_securityname/>
                            <snmpv3_securitylevel>0</snmpv3_securitylevel>
                            <snmpv3_authprotocol>0</snmpv3_authprotocol>
                            <snmpv3_authpassphrase/>
                            <snmpv3_privprotocol>0</snmpv3_privprotocol>
                            <snmpv3_privpassphrase/>
                            <formula>1</formula>
                            <delay_flex/>
                            <params/>
                            <ipmi_sensor/>
                            <data_type>0</data_type>
                            <authtype>0</authtype>
                            <username/>
                            <password/>
                            <publickey/>
                            <privatekey/>
                            <port/>
                            <description/>
                            <inventory_link>0</inventory_link>
                            <applications/>
                            <valuemap/>
                            <logtimefmt/>
                            <application_prototypes>
                                <application_prototype>
                                    <name>Storage Spaces Physical Disks</name>
                                </application_prototype>
                            </application_prototypes>
                        </item_prototype>
                        <item_prototype>
                            <name>Physical disk ({#PDISK}) usage</name>
                            <type>7</type>
                            <snmp_community/>
                            <multiplier>0</multiplier>
                            <snmp_oid/>
                            <key>storagespaces.data[pdisks,usage,{#PDN}]</key>
                            <delay>86400</delay>
                            <history>30</history>
                            <trends>0</trends>
                            <status>0</status>
                            <value_type>4</value_type>
                            <allowed_hosts/>
                            <units/>
                            <delta>0</delta>
                            <snmpv3_contextname/>
                            <snmpv3_securityname/>
                            <snmpv3_securitylevel>0</snmpv3_securitylevel>
                            <snmpv3_authprotocol>0</snmpv3_authprotocol>
                            <snmpv3_authpassphrase/>
                            <snmpv3_privprotocol>0</snmpv3_privprotocol>
                            <snmpv3_privpassphrase/>
                            <formula>1</formula>
                            <delay_flex/>
                            <params/>
                            <ipmi_sensor/>
                            <data_type>0</data_type>
                            <authtype>0</authtype>
                            <username/>
                            <password/>
                            <publickey/>
                            <privatekey/>
                            <port/>
                            <description/>
                            <inventory_link>0</inventory_link>
                            <applications/>
                            <valuemap/>
                            <logtimefmt/>
                            <application_prototypes>
                                <application_prototype>
                                    <name>Storage Spaces Physical Disks</name>
                                </application_prototype>
                            </application_prototypes>
                        </item_prototype>
                        <item_prototype>
                            <name>Physical disk ({#PDISK}) write errors</name>
                            <type>7</type>
                            <snmp_community/>
                            <multiplier>0</multiplier>
                            <snmp_oid/>
                            <key>storagespaces.data[pdisks,writeerrors,{#PDN}]</key>
                            <delay>7200</delay>
                            <history>30</history>
                            <trends>90</trends>
                            <status>0</status>
                            <value_type>3</value_type>
                            <allowed_hosts/>
                            <units/>
                            <delta>0</delta>
                            <snmpv3_contextname/>
                            <snmpv3_securityname/>
                            <snmpv3_securitylevel>0</snmpv3_securitylevel>
                            <snmpv3_authprotocol>0</snmpv3_authprotocol>
                            <snmpv3_authpassphrase/>
                            <snmpv3_privprotocol>0</snmpv3_privprotocol>
                            <snmpv3_privpassphrase/>
                            <formula>1</formula>
                            <delay_flex/>
                            <params/>
                            <ipmi_sensor/>
                            <data_type>0</data_type>
                            <authtype>0</authtype>
                            <username/>
                            <password/>
                            <publickey/>
                            <privatekey/>
                            <port/>
                            <description/>
                            <inventory_link>0</inventory_link>
                            <applications/>
                            <valuemap/>
                            <logtimefmt/>
                            <application_prototypes>
                                <application_prototype>
                                    <name>Storage Spaces Physical Disks</name>
                                </application_prototype>
                            </application_prototypes>
                        </item_prototype>
                        <item_prototype>
                            <name>Physical disk ({#PDISK}) write latency</name>
                            <type>7</type>
                            <snmp_community/>
                            <multiplier>0</multiplier>
                            <snmp_oid/>
                            <key>storagespaces.data[pdisks,writelatency,{#PDN}]</key>
                            <delay>7200</delay>
                            <history>7</history>
                            <trends>30</trends>
                            <status>0</status>
                            <value_type>3</value_type>
                            <allowed_hosts/>
                            <units>ms</units>
                            <delta>0</delta>
                            <snmpv3_contextname/>
                            <snmpv3_securityname/>
                            <snmpv3_securitylevel>0</snmpv3_securitylevel>
                            <snmpv3_authprotocol>0</snmpv3_authprotocol>
                            <snmpv3_authpassphrase/>
                            <snmpv3_privprotocol>0</snmpv3_privprotocol>
                            <snmpv3_privpassphrase/>
                            <formula>1</formula>
                            <delay_flex/>
                            <params/>
                            <ipmi_sensor/>
                            <data_type>0</data_type>
                            <authtype>0</authtype>
                            <username/>
                            <password/>
                            <publickey/>
                            <privatekey/>
                            <port/>
                            <description/>
                            <inventory_link>0</inventory_link>
                            <applications/>
                            <valuemap/>
                            <logtimefmt/>
                            <application_prototypes>
                                <application_prototype>
                                    <name>Storage Spaces Physical Disks</name>
                                </application_prototype>
                            </application_prototypes>
                        </item_prototype>
                    </item_prototypes>
                    <trigger_prototypes>
                        <trigger_prototype>
                            <expression>{Template Windows Storage Spaces:storagespaces.data[pdisks,healthstatus,{#PDN}].regexp(Healthy)}=0</expression>
                            <recovery_mode>0</recovery_mode>
                            <recovery_expression/>
                            <name>Health status warning on physical disk {#PDISK}</name>
                            <correlation_mode>0</correlation_mode>
                            <correlation_tag/>
                            <url/>
                            <status>0</status>
                            <priority>2</priority>
                            <description/>
                            <type>0</type>
                            <manual_close>0</manual_close>
                            <dependencies/>
                            <tags/>
                        </trigger_prototype>
                        <trigger_prototype>
                            <expression>{Template Windows Storage Spaces:storagespaces.data[pdisks,opstatus,{#PDN}].regexp(OK)}=0</expression>
                            <recovery_mode>0</recovery_mode>
                            <recovery_expression/>
                            <name>Operational status warning on physical disk {#PDISK}</name>
                            <correlation_mode>0</correlation_mode>
                            <correlation_tag/>
                            <url/>
                            <status>0</status>
                            <priority>2</priority>
                            <description/>
                            <type>0</type>
                            <manual_close>0</manual_close>
                            <dependencies/>
                            <tags/>
                        </trigger_prototype>
                    </trigger_prototypes>
                    <graph_prototypes/>
                    <host_prototypes/>
                </discovery_rule>
                <discovery_rule>
                    <name>Discvery Storage Pool</name>
                    <type>7</type>
                    <snmp_community/>
                    <snmp_oid/>
                    <key>storagespaces.discovery[pool]</key>
                    <delay>86400</delay>
                    <status>0</status>
                    <allowed_hosts/>
                    <snmpv3_contextname/>
                    <snmpv3_securityname/>
                    <snmpv3_securitylevel>0</snmpv3_securitylevel>
                    <snmpv3_authprotocol>0</snmpv3_authprotocol>
                    <snmpv3_authpassphrase/>
                    <snmpv3_privprotocol>0</snmpv3_privprotocol>
                    <snmpv3_privpassphrase/>
                    <delay_flex/>
                    <params/>
                    <ipmi_sensor/>
                    <authtype>0</authtype>
                    <username/>
                    <password/>
                    <publickey/>
                    <privatekey/>
                    <port/>
                    <filter>
                        <evaltype>0</evaltype>
                        <formula/>
                        <conditions>
                            <condition>
                                <macro>{#PH}</macro>
                                <value>0</value>
                                <operator>8</operator>
                                <formulaid>A</formulaid>
                            </condition>
                        </conditions>
                    </filter>
                    <lifetime>3</lifetime>
                    <description/>
                    <item_prototypes>
                        <item_prototype>
                            <name>Pool allocated size {#POOL}</name>
                            <type>7</type>
                            <snmp_community/>
                            <multiplier>0</multiplier>
                            <snmp_oid/>
                            <key>storagespaces.data[pool,allocated,{#PDN}]</key>
                            <delay>86400</delay>
                            <history>7</history>
                            <trends>10</trends>
                            <status>0</status>
                            <value_type>3</value_type>
                            <allowed_hosts/>
                            <units>B</units>
                            <delta>0</delta>
                            <snmpv3_contextname/>
                            <snmpv3_securityname/>
                            <snmpv3_securitylevel>0</snmpv3_securitylevel>
                            <snmpv3_authprotocol>0</snmpv3_authprotocol>
                            <snmpv3_authpassphrase/>
                            <snmpv3_privprotocol>0</snmpv3_privprotocol>
                            <snmpv3_privpassphrase/>
                            <formula>1</formula>
                            <delay_flex/>
                            <params/>
                            <ipmi_sensor/>
                            <data_type>0</data_type>
                            <authtype>0</authtype>
                            <username/>
                            <password/>
                            <publickey/>
                            <privatekey/>
                            <port/>
                            <description/>
                            <inventory_link>0</inventory_link>
                            <applications/>
                            <valuemap/>
                            <logtimefmt/>
                            <application_prototypes>
                                <application_prototype>
                                    <name>Storage Spaces Pools</name>
                                </application_prototype>
                            </application_prototypes>
                        </item_prototype>
                        <item_prototype>
                            <name>Health status {#POOL}</name>
                            <type>7</type>
                            <snmp_community/>
                            <multiplier>0</multiplier>
                            <snmp_oid/>
                            <key>storagespaces.data[pool,healthstatus,{#PDN}]</key>
                            <delay>7200</delay>
                            <history>7</history>
                            <trends>0</trends>
                            <status>0</status>
                            <value_type>4</value_type>
                            <allowed_hosts/>
                            <units/>
                            <delta>0</delta>
                            <snmpv3_contextname/>
                            <snmpv3_securityname/>
                            <snmpv3_securitylevel>0</snmpv3_securitylevel>
                            <snmpv3_authprotocol>0</snmpv3_authprotocol>
                            <snmpv3_authpassphrase/>
                            <snmpv3_privprotocol>0</snmpv3_privprotocol>
                            <snmpv3_privpassphrase/>
                            <formula>1</formula>
                            <delay_flex/>
                            <params/>
                            <ipmi_sensor/>
                            <data_type>0</data_type>
                            <authtype>0</authtype>
                            <username/>
                            <password/>
                            <publickey/>
                            <privatekey/>
                            <port/>
                            <description/>
                            <inventory_link>0</inventory_link>
                            <applications/>
                            <valuemap/>
                            <logtimefmt/>
                            <application_prototypes>
                                <application_prototype>
                                    <name>Storage Spaces Pools</name>
                                </application_prototype>
                            </application_prototypes>
                        </item_prototype>
                        <item_prototype>
                            <name>Operational status {#POOL}</name>
                            <type>7</type>
                            <snmp_community/>
                            <multiplier>0</multiplier>
                            <snmp_oid/>
                            <key>storagespaces.data[pool,opstatus,{#PDN}]</key>
                            <delay>7200</delay>
                            <history>7</history>
                            <trends>0</trends>
                            <status>0</status>
                            <value_type>4</value_type>
                            <allowed_hosts/>
                            <units/>
                            <delta>0</delta>
                            <snmpv3_contextname/>
                            <snmpv3_securityname/>
                            <snmpv3_securitylevel>0</snmpv3_securitylevel>
                            <snmpv3_authprotocol>0</snmpv3_authprotocol>
                            <snmpv3_authpassphrase/>
                            <snmpv3_privprotocol>0</snmpv3_privprotocol>
                            <snmpv3_privpassphrase/>
                            <formula>1</formula>
                            <delay_flex/>
                            <params/>
                            <ipmi_sensor/>
                            <data_type>0</data_type>
                            <authtype>0</authtype>
                            <username/>
                            <password/>
                            <publickey/>
                            <privatekey/>
                            <port/>
                            <description/>
                            <inventory_link>0</inventory_link>
                            <applications/>
                            <valuemap/>
                            <logtimefmt/>
                            <application_prototypes>
                                <application_prototype>
                                    <name>Storage Spaces Pools</name>
                                </application_prototype>
                            </application_prototypes>
                        </item_prototype>
                        <item_prototype>
                            <name>Pool size {#POOL}</name>
                            <type>7</type>
                            <snmp_community/>
                            <multiplier>0</multiplier>
                            <snmp_oid/>
                            <key>storagespaces.data[pool,size,{#PDN}]</key>
                            <delay>86400</delay>
                            <history>7</history>
                            <trends>10</trends>
                            <status>0</status>
                            <value_type>3</value_type>
                            <allowed_hosts/>
                            <units>B</units>
                            <delta>0</delta>
                            <snmpv3_contextname/>
                            <snmpv3_securityname/>
                            <snmpv3_securitylevel>0</snmpv3_securitylevel>
                            <snmpv3_authprotocol>0</snmpv3_authprotocol>
                            <snmpv3_authpassphrase/>
                            <snmpv3_privprotocol>0</snmpv3_privprotocol>
                            <snmpv3_privpassphrase/>
                            <formula>1</formula>
                            <delay_flex/>
                            <params/>
                            <ipmi_sensor/>
                            <data_type>0</data_type>
                            <authtype>0</authtype>
                            <username/>
                            <password/>
                            <publickey/>
                            <privatekey/>
                            <port/>
                            <description/>
                            <inventory_link>0</inventory_link>
                            <applications/>
                            <valuemap/>
                            <logtimefmt/>
                            <application_prototypes>
                                <application_prototype>
                                    <name>Storage Spaces Pools</name>
                                </application_prototype>
                            </application_prototypes>
                        </item_prototype>
                    </item_prototypes>
                    <trigger_prototypes>
                        <trigger_prototype>
                            <expression>{Template Windows Storage Spaces:storagespaces.data[pool,healthstatus,{#PDN}].regexp(Healthy)}=0</expression>
                            <recovery_mode>0</recovery_mode>
                            <recovery_expression/>
                            <name>Health status warning on pool {#POOL}</name>
                            <correlation_mode>0</correlation_mode>
                            <correlation_tag/>
                            <url/>
                            <status>0</status>
                            <priority>2</priority>
                            <description/>
                            <type>0</type>
                            <manual_close>0</manual_close>
                            <dependencies/>
                            <tags/>
                        </trigger_prototype>
                        <trigger_prototype>
                            <expression>{Template Windows Storage Spaces:storagespaces.data[pool,opstatus,{#PDN}].regexp(OK)}=0</expression>
                            <recovery_mode>0</recovery_mode>
                            <recovery_expression/>
                            <name>Operational status warning on pool {#POOL}</name>
                            <correlation_mode>0</correlation_mode>
                            <correlation_tag/>
                            <url/>
                            <status>0</status>
                            <priority>2</priority>
                            <description/>
                            <type>0</type>
                            <manual_close>0</manual_close>
                            <dependencies/>
                            <tags/>
                        </trigger_prototype>
                    </trigger_prototypes>
                    <graph_prototypes/>
                    <host_prototypes/>
                </discovery_rule>
                <discovery_rule>
                    <name>Discvery Virtual Disks</name>
                    <type>7</type>
                    <snmp_community/>
                    <snmp_oid/>
                    <key>storagespaces.discovery[vdisks]</key>
                    <delay>86400</delay>
                    <status>0</status>
                    <allowed_hosts/>
                    <snmpv3_contextname/>
                    <snmpv3_securityname/>
                    <snmpv3_securitylevel>0</snmpv3_securitylevel>
                    <snmpv3_authprotocol>0</snmpv3_authprotocol>
                    <snmpv3_authpassphrase/>
                    <snmpv3_privprotocol>0</snmpv3_privprotocol>
                    <snmpv3_privpassphrase/>
                    <delay_flex/>
                    <params/>
                    <ipmi_sensor/>
                    <authtype>0</authtype>
                    <username/>
                    <password/>
                    <publickey/>
                    <privatekey/>
                    <port/>
                    <filter>
                        <evaltype>0</evaltype>
                        <formula/>
                        <conditions>
                            <condition>
                                <macro>{#PH}</macro>
                                <value>0</value>
                                <operator>8</operator>
                                <formulaid>A</formulaid>
                            </condition>
                        </conditions>
                    </filter>
                    <lifetime>1</lifetime>
                    <description/>
                    <item_prototypes>
                        <item_prototype>
                            <name>Virtual disk {#VDISK} data columns</name>
                            <type>7</type>
                            <snmp_community/>
                            <multiplier>0</multiplier>
                            <snmp_oid/>
                            <key>storagespaces.data[vdisks,columns,{#VDN}]</key>
                            <delay>86400</delay>
                            <history>7</history>
                            <trends>30</trends>
                            <status>0</status>
                            <value_type>3</value_type>
                            <allowed_hosts/>
                            <units/>
                            <delta>0</delta>
                            <snmpv3_contextname/>
                            <snmpv3_securityname/>
                            <snmpv3_securitylevel>0</snmpv3_securitylevel>
                            <snmpv3_authprotocol>0</snmpv3_authprotocol>
                            <snmpv3_authpassphrase/>
                            <snmpv3_privprotocol>0</snmpv3_privprotocol>
                            <snmpv3_privpassphrase/>
                            <formula>1</formula>
                            <delay_flex/>
                            <params/>
                            <ipmi_sensor/>
                            <data_type>0</data_type>
                            <authtype>0</authtype>
                            <username/>
                            <password/>
                            <publickey/>
                            <privatekey/>
                            <port/>
                            <description/>
                            <inventory_link>0</inventory_link>
                            <applications/>
                            <valuemap/>
                            <logtimefmt/>
                            <application_prototypes>
                                <application_prototype>
                                    <name>Storage Spaces Virtual Disks</name>
                                </application_prototype>
                            </application_prototypes>
                        </item_prototype>
                        <item_prototype>
                            <name>Virtual disk {#VDISK} data copyes</name>
                            <type>7</type>
                            <snmp_community/>
                            <multiplier>0</multiplier>
                            <snmp_oid/>
                            <key>storagespaces.data[vdisks,datacopyes,{#VDN}]</key>
                            <delay>86400</delay>
                            <history>7</history>
                            <trends>30</trends>
                            <status>0</status>
                            <value_type>3</value_type>
                            <allowed_hosts/>
                            <units/>
                            <delta>0</delta>
                            <snmpv3_contextname/>
                            <snmpv3_securityname/>
                            <snmpv3_securitylevel>0</snmpv3_securitylevel>
                            <snmpv3_authprotocol>0</snmpv3_authprotocol>
                            <snmpv3_authpassphrase/>
                            <snmpv3_privprotocol>0</snmpv3_privprotocol>
                            <snmpv3_privpassphrase/>
                            <formula>1</formula>
                            <delay_flex/>
                            <params/>
                            <ipmi_sensor/>
                            <data_type>0</data_type>
                            <authtype>0</authtype>
                            <username/>
                            <password/>
                            <publickey/>
                            <privatekey/>
                            <port/>
                            <description/>
                            <inventory_link>0</inventory_link>
                            <applications/>
                            <valuemap/>
                            <logtimefmt/>
                            <application_prototypes>
                                <application_prototype>
                                    <name>Storage Spaces Virtual Disks</name>
                                </application_prototype>
                            </application_prototypes>
                        </item_prototype>
                        <item_prototype>
                            <name>Virtual disk {#VDISK} HDD tier size</name>
                            <type>7</type>
                            <snmp_community/>
                            <multiplier>0</multiplier>
                            <snmp_oid/>
                            <key>storagespaces.data[vdisks,hddtiersize,{#VDN}]</key>
                            <delay>86400</delay>
                            <history>7</history>
                            <trends>30</trends>
                            <status>0</status>
                            <value_type>3</value_type>
                            <allowed_hosts/>
                            <units>B</units>
                            <delta>0</delta>
                            <snmpv3_contextname/>
                            <snmpv3_securityname/>
                            <snmpv3_securitylevel>0</snmpv3_securitylevel>
                            <snmpv3_authprotocol>0</snmpv3_authprotocol>
                            <snmpv3_authpassphrase/>
                            <snmpv3_privprotocol>0</snmpv3_privprotocol>
                            <snmpv3_privpassphrase/>
                            <formula>1</formula>
                            <delay_flex/>
                            <params/>
                            <ipmi_sensor/>
                            <data_type>0</data_type>
                            <authtype>0</authtype>
                            <username/>
                            <password/>
                            <publickey/>
                            <privatekey/>
                            <port/>
                            <description/>
                            <inventory_link>0</inventory_link>
                            <applications/>
                            <valuemap/>
                            <logtimefmt/>
                            <application_prototypes>
                                <application_prototype>
                                    <name>Storage Spaces Virtual Disks</name>
                                </application_prototype>
                            </application_prototypes>
                        </item_prototype>
                        <item_prototype>
                            <name>Virtual disk {#VDISK} health status</name>
                            <type>7</type>
                            <snmp_community/>
                            <multiplier>0</multiplier>
                            <snmp_oid/>
                            <key>storagespaces.data[vdisks,healthstatus,{#VDN}]</key>
                            <delay>7200</delay>
                            <history>30</history>
                            <trends>0</trends>
                            <status>0</status>
                            <value_type>4</value_type>
                            <allowed_hosts/>
                            <units/>
                            <delta>0</delta>
                            <snmpv3_contextname/>
                            <snmpv3_securityname/>
                            <snmpv3_securitylevel>0</snmpv3_securitylevel>
                            <snmpv3_authprotocol>0</snmpv3_authprotocol>
                            <snmpv3_authpassphrase/>
                            <snmpv3_privprotocol>0</snmpv3_privprotocol>
                            <snmpv3_privpassphrase/>
                            <formula>1</formula>
                            <delay_flex/>
                            <params/>
                            <ipmi_sensor/>
                            <data_type>0</data_type>
                            <authtype>0</authtype>
                            <username/>
                            <password/>
                            <publickey/>
                            <privatekey/>
                            <port/>
                            <description/>
                            <inventory_link>0</inventory_link>
                            <applications/>
                            <valuemap/>
                            <logtimefmt/>
                            <application_prototypes>
                                <application_prototype>
                                    <name>Storage Spaces Virtual Disks</name>
                                </application_prototype>
                            </application_prototypes>
                        </item_prototype>
                        <item_prototype>
                            <name>Virtual disk {#VDISK} tiered</name>
                            <type>7</type>
                            <snmp_community/>
                            <multiplier>0</multiplier>
                            <snmp_oid/>
                            <key>storagespaces.data[vdisks,istiered,{#VDN}]</key>
                            <delay>86400</delay>
                            <history>7</history>
                            <trends>30</trends>
                            <status>0</status>
                            <value_type>3</value_type>
                            <allowed_hosts/>
                            <units/>
                            <delta>0</delta>
                            <snmpv3_contextname/>
                            <snmpv3_securityname/>
                            <snmpv3_securitylevel>0</snmpv3_securitylevel>
                            <snmpv3_authprotocol>0</snmpv3_authprotocol>
                            <snmpv3_authpassphrase/>
                            <snmpv3_privprotocol>0</snmpv3_privprotocol>
                            <snmpv3_privpassphrase/>
                            <formula>1</formula>
                            <delay_flex/>
                            <params/>
                            <ipmi_sensor/>
                            <data_type>0</data_type>
                            <authtype>0</authtype>
                            <username/>
                            <password/>
                            <publickey/>
                            <privatekey/>
                            <port/>
                            <description/>
                            <inventory_link>0</inventory_link>
                            <applications/>
                            <valuemap/>
                            <logtimefmt/>
                            <application_prototypes>
                                <application_prototype>
                                    <name>Storage Spaces Virtual Disks</name>
                                </application_prototype>
                            </application_prototypes>
                        </item_prototype>
                        <item_prototype>
                            <name>Virtual disk {#VDISK} operational status</name>
                            <type>7</type>
                            <snmp_community/>
                            <multiplier>0</multiplier>
                            <snmp_oid/>
                            <key>storagespaces.data[vdisks,opstatus,{#VDN}]</key>
                            <delay>7200</delay>
                            <history>30</history>
                            <trends>0</trends>
                            <status>0</status>
                            <value_type>4</value_type>
                            <allowed_hosts/>
                            <units/>
                            <delta>0</delta>
                            <snmpv3_contextname/>
                            <snmpv3_securityname/>
                            <snmpv3_securitylevel>0</snmpv3_securitylevel>
                            <snmpv3_authprotocol>0</snmpv3_authprotocol>
                            <snmpv3_authpassphrase/>
                            <snmpv3_privprotocol>0</snmpv3_privprotocol>
                            <snmpv3_privpassphrase/>
                            <formula>1</formula>
                            <delay_flex/>
                            <params/>
                            <ipmi_sensor/>
                            <data_type>0</data_type>
                            <authtype>0</authtype>
                            <username/>
                            <password/>
                            <publickey/>
                            <privatekey/>
                            <port/>
                            <description/>
                            <inventory_link>0</inventory_link>
                            <applications/>
                            <valuemap/>
                            <logtimefmt/>
                            <application_prototypes>
                                <application_prototype>
                                    <name>Storage Spaces Virtual Disks</name>
                                </application_prototype>
                            </application_prototypes>
                        </item_prototype>
                        <item_prototype>
                            <name>Virtual disk {#VDISK} resiliency type</name>
                            <type>7</type>
                            <snmp_community/>
                            <multiplier>0</multiplier>
                            <snmp_oid/>
                            <key>storagespaces.data[vdisks,resiliency,{#VDN}]</key>
                            <delay>86400</delay>
                            <history>30</history>
                            <trends>0</trends>
                            <status>0</status>
                            <value_type>4</value_type>
                            <allowed_hosts/>
                            <units/>
                            <delta>0</delta>
                            <snmpv3_contextname/>
                            <snmpv3_securityname/>
                            <snmpv3_securitylevel>0</snmpv3_securitylevel>
                            <snmpv3_authprotocol>0</snmpv3_authprotocol>
                            <snmpv3_authpassphrase/>
                            <snmpv3_privprotocol>0</snmpv3_privprotocol>
                            <snmpv3_privpassphrase/>
                            <formula>1</formula>
                            <delay_flex/>
                            <params/>
                            <ipmi_sensor/>
                            <data_type>0</data_type>
                            <authtype>0</authtype>
                            <username/>
                            <password/>
                            <publickey/>
                            <privatekey/>
                            <port/>
                            <description/>
                            <inventory_link>0</inventory_link>
                            <applications/>
                            <valuemap/>
                            <logtimefmt/>
                            <application_prototypes>
                                <application_prototype>
                                    <name>Storage Spaces Virtual Disks</name>
                                </application_prototype>
                            </application_prototypes>
                        </item_prototype>
                        <item_prototype>
                            <name>Virtual disk {#VDISK} size</name>
                            <type>7</type>
                            <snmp_community/>
                            <multiplier>0</multiplier>
                            <snmp_oid/>
                            <key>storagespaces.data[vdisks,size,{#VDN}]</key>
                            <delay>86400</delay>
                            <history>7</history>
                            <trends>30</trends>
                            <status>0</status>
                            <value_type>3</value_type>
                            <allowed_hosts/>
                            <units/>
                            <delta>0</delta>
                            <snmpv3_contextname/>
                            <snmpv3_securityname/>
                            <snmpv3_securitylevel>0</snmpv3_securitylevel>
                            <snmpv3_authprotocol>0</snmpv3_authprotocol>
                            <snmpv3_authpassphrase/>
                            <snmpv3_privprotocol>0</snmpv3_privprotocol>
                            <snmpv3_privpassphrase/>
                            <formula>1</formula>
                            <delay_flex/>
                            <params/>
                            <ipmi_sensor/>
                            <data_type>0</data_type>
                            <authtype>0</authtype>
                            <username/>
                            <password/>
                            <publickey/>
                            <privatekey/>
                            <port/>
                            <description/>
                            <inventory_link>0</inventory_link>
                            <applications/>
                            <valuemap/>
                            <logtimefmt/>
                            <application_prototypes>
                                <application_prototype>
                                    <name>Storage Spaces Virtual Disks</name>
                                </application_prototype>
                            </application_prototypes>
                        </item_prototype>
                        <item_prototype>
                            <name>Virtual disk {#VDISK} SSD tier size</name>
                            <type>7</type>
                            <snmp_community/>
                            <multiplier>0</multiplier>
                            <snmp_oid/>
                            <key>storagespaces.data[vdisks,ssdtiersize,{#VDN}]</key>
                            <delay>86400</delay>
                            <history>7</history>
                            <trends>30</trends>
                            <status>0</status>
                            <value_type>3</value_type>
                            <allowed_hosts/>
                            <units>B</units>
                            <delta>0</delta>
                            <snmpv3_contextname/>
                            <snmpv3_securityname/>
                            <snmpv3_securitylevel>0</snmpv3_securitylevel>
                            <snmpv3_authprotocol>0</snmpv3_authprotocol>
                            <snmpv3_authpassphrase/>
                            <snmpv3_privprotocol>0</snmpv3_privprotocol>
                            <snmpv3_privpassphrase/>
                            <formula>1</formula>
                            <delay_flex/>
                            <params/>
                            <ipmi_sensor/>
                            <data_type>0</data_type>
                            <authtype>0</authtype>
                            <username/>
                            <password/>
                            <publickey/>
                            <privatekey/>
                            <port/>
                            <description/>
                            <inventory_link>0</inventory_link>
                            <applications/>
                            <valuemap/>
                            <logtimefmt/>
                            <application_prototypes>
                                <application_prototype>
                                    <name>Storage Spaces Virtual Disks</name>
                                </application_prototype>
                            </application_prototypes>
                        </item_prototype>
                        <item_prototype>
                            <name>Virtual disk {#VDISK} storage pool</name>
                            <type>7</type>
                            <snmp_community/>
                            <multiplier>0</multiplier>
                            <snmp_oid/>
                            <key>storagespaces.data[vdisks,storagepool,{#VDN}]</key>
                            <delay>86400</delay>
                            <history>30</history>
                            <trends>0</trends>
                            <status>0</status>
                            <value_type>4</value_type>
                            <allowed_hosts/>
                            <units/>
                            <delta>0</delta>
                            <snmpv3_contextname/>
                            <snmpv3_securityname/>
                            <snmpv3_securitylevel>0</snmpv3_securitylevel>
                            <snmpv3_authprotocol>0</snmpv3_authprotocol>
                            <snmpv3_authpassphrase/>
                            <snmpv3_privprotocol>0</snmpv3_privprotocol>
                            <snmpv3_privpassphrase/>
                            <formula>1</formula>
                            <delay_flex/>
                            <params/>
                            <ipmi_sensor/>
                            <data_type>0</data_type>
                            <authtype>0</authtype>
                            <username/>
                            <password/>
                            <publickey/>
                            <privatekey/>
                            <port/>
                            <description/>
                            <inventory_link>0</inventory_link>
                            <applications/>
                            <valuemap/>
                            <logtimefmt/>
                            <application_prototypes>
                                <application_prototype>
                                    <name>Storage Spaces Virtual Disks</name>
                                </application_prototype>
                            </application_prototypes>
                        </item_prototype>
                    </item_prototypes>
                    <trigger_prototypes>
                        <trigger_prototype>
                            <expression>{Template Windows Storage Spaces:storagespaces.data[vdisks,healthstatus,{#VDN}].regexp(Healthy)}=0</expression>
                            <recovery_mode>0</recovery_mode>
                            <recovery_expression/>
                            <name>Health status warning on virtual disk {#VDISK}</name>
                            <correlation_mode>0</correlation_mode>
                            <correlation_tag/>
                            <url/>
                            <status>0</status>
                            <priority>2</priority>
                            <description/>
                            <type>0</type>
                            <manual_close>0</manual_close>
                            <dependencies/>
                            <tags/>
                        </trigger_prototype>
                        <trigger_prototype>
                            <expression>{Template Windows Storage Spaces:storagespaces.data[vdisks,opstatus,{#VDN}].regexp(OK)}=0</expression>
                            <recovery_mode>0</recovery_mode>
                            <recovery_expression/>
                            <name>Operational status warning on virtual disk {#VDISK}</name>
                            <correlation_mode>0</correlation_mode>
                            <correlation_tag/>
                            <url/>
                            <status>0</status>
                            <priority>2</priority>
                            <description/>
                            <type>0</type>
                            <manual_close>0</manual_close>
                            <dependencies/>
                            <tags/>
                        </trigger_prototype>
                    </trigger_prototypes>
                    <graph_prototypes/>
                    <host_prototypes/>
                </discovery_rule>
            </discovery_rules>
            <httptests/>
            <macros/>
            <templates/>
            <screens/>
        </template>
    </templates>
</zabbix_export>
