<?xml version="1.0" encoding="UTF-8"?>
<zabbix_export>
    <version>4.4</version>
    <date>2020-01-09T13:54:50Z</date>
    <groups>
        <group>
            <name>Templates/Network devices</name>
        </group>
    </groups>
    <templates>
        <template>
            <template>Template Module Brocade_Foundry Performance SNMPv3</template>
            <name>Template Module Brocade_Foundry Performance SNMPv3</name>
            <description>Template Module Brocade_Foundry Performance&#13;
&#13;
MIBs used:&#13;
FOUNDRY-SN-AGENT-MIB&#13;
&#13;
Template tooling version used: 0.32</description>
            <groups>
                <group>
                    <name>Templates/Network devices</name>
                </group>
            </groups>
            <applications>
                <application>
                    <name>CPU</name>
                </application>
                <application>
                    <name>Memory</name>
                </application>
            </applications>
            <items>
                <item>
                    <name>CPU utilization</name>
                    <type>SNMPV3</type>
                    <snmp_oid>1.3.6.1.4.1.1991.1.1.2.1.52.0</snmp_oid>
                    <key>system.cpu.util[snAgGblCpuUtil1MinAvg.0]</key>
                    <history>7d</history>
                    <value_type>FLOAT</value_type>
                    <units>%</units>
                    <snmpv3_securityname>{$SNMP_V3_SECURITYNAME}</snmpv3_securityname>
                    <snmpv3_securitylevel>AUTHPRIV</snmpv3_securitylevel>
                    <snmpv3_authprotocol>SHA</snmpv3_authprotocol>
                    <snmpv3_authpassphrase>{$SNMP_V3_AUTHKEY}</snmpv3_authpassphrase>
                    <snmpv3_privprotocol>AES</snmpv3_privprotocol>
                    <snmpv3_privpassphrase>{$SNMP_V3_PRIVPASSWORD}</snmpv3_privpassphrase>
                    <description>MIB: FOUNDRY-SN-AGENT-MIB&#13;
The statistics collection of 1 minute CPU utilization.</description>
                    <applications>
                        <application>
                            <name>CPU</name>
                        </application>
                    </applications>
                    <triggers>
                        <trigger>
                            <expression>{min(5m)}&gt;{$CPU.UTIL.CRIT}</expression>
                            <name>High CPU utilization (over {$CPU.UTIL.CRIT}% for 5m)</name>
                            <opdata>Current utilization: {ITEM.LASTVALUE1}</opdata>
                            <priority>WARNING</priority>
                        </trigger>
                    </triggers>
                </item>
                <item>
                    <name>Memory utilization</name>
                    <type>SNMPV3</type>
                    <snmp_oid>1.3.6.1.4.1.1991.1.1.2.1.53.0</snmp_oid>
                    <key>vm.memory.util[snAgGblDynMemUtil.0]</key>
                    <history>7d</history>
                    <value_type>FLOAT</value_type>
                    <units>%</units>
                    <snmpv3_securityname>{$SNMP_V3_SECURITYNAME}</snmpv3_securityname>
                    <snmpv3_securitylevel>AUTHPRIV</snmpv3_securitylevel>
                    <snmpv3_authprotocol>SHA</snmpv3_authprotocol>
                    <snmpv3_authpassphrase>{$SNMP_V3_AUTHKEY}</snmpv3_authpassphrase>
                    <snmpv3_privprotocol>AES</snmpv3_privprotocol>
                    <snmpv3_privpassphrase>{$SNMP_V3_PRIVPASSWORD}</snmpv3_privpassphrase>
                    <description>MIB: FOUNDRY-SN-AGENT-MIB&#13;
The system dynamic memory utilization, in unit of percentage.&#13;
Deprecated: Refer to snAgSystemDRAMUtil.&#13;
For NI platforms, refer to snAgentBrdMemoryUtil100thPercent</description>
                    <applications>
                        <application>
                            <name>Memory</name>
                        </application>
                    </applications>
                    <triggers>
                        <trigger>
                            <expression>{min(5m)}&gt;{$MEMORY.UTIL.MAX}</expression>
                            <name>High memory utilization ( &gt;{$MEMORY.UTIL.MAX}% for 5m)</name>
                            <priority>AVERAGE</priority>
                        </trigger>
                    </triggers>
                </item>
            </items>
            <macros>
                <macro>
                    <macro>{$CPU.UTIL.CRIT}</macro>
                    <value>90</value>
                </macro>
                <macro>
                    <macro>{$MEMORY.UTIL.MAX}</macro>
                    <value>90</value>
                </macro>
            </macros>
        </template>
    </templates>
    <graphs>
        <graph>
            <name>CPU utilization</name>
            <graph_items>
                <graph_item>
                    <drawtype>GRADIENT_LINE</drawtype>
                    <color>1A7C11</color>
                    <item>
                        <host>Template Module Brocade_Foundry Performance SNMPv3</host>
                        <key>system.cpu.util[snAgGblCpuUtil1MinAvg.0]</key>
                    </item>
                </graph_item>
            </graph_items>
        </graph>
        <graph>
            <name>Memory utilization</name>
            <graph_items>
                <graph_item>
                    <drawtype>GRADIENT_LINE</drawtype>
                    <color>1A7C11</color>
                    <item>
                        <host>Template Module Brocade_Foundry Performance SNMPv3</host>
                        <key>vm.memory.util[snAgGblDynMemUtil.0]</key>
                    </item>
                </graph_item>
            </graph_items>
        </graph>
    </graphs>
</zabbix_export>
