<?xml version="1.0" encoding="UTF-8"?>
<zabbix_export>
    <version>4.4</version>
    <date>2020-01-09T13:55:12Z</date>
    <groups>
        <group>
            <name>Templates/Network devices</name>
        </group>
    </groups>
    <templates>
        <template>
            <template>Template Module Generic SNMPv3</template>
            <name>Template Module Generic SNMPv3</name>
            <description>Template Module Generic version: 0.14&#13;
MIBs used:&#13;
SNMPv2-MIB</description>
            <templates>
                <template>
                    <name>Template Module ICMP Ping</name>
                </template>
            </templates>
            <groups>
                <group>
                    <name>Templates/Network devices</name>
                </group>
            </groups>
            <applications>
                <application>
                    <name>General</name>
                </application>
            </applications>
            <items>
                <item>
                    <name>SNMP traps (fallback)</name>
                    <type>SNMP_TRAP</type>
                    <key>snmptrap.fallback</key>
                    <delay>0</delay>
                    <history>14d</history>
                    <trends>0</trends>
                    <value_type>TEXT</value_type>
                    <description>Item is used to collect all SNMP traps unmatched by other snmptrap items</description>
                    <applications>
                        <application>
                            <name>General</name>
                        </application>
                    </applications>
                </item>
                <item>
                    <name>System contact details</name>
                    <type>SNMPV3</type>
                    <snmp_oid>1.3.6.1.2.1.1.4.0</snmp_oid>
                    <key>system.contact[sysContact.0]</key>
                    <delay>3600</delay>
                    <history>14d</history>
                    <trends>0</trends>
                    <value_type>CHAR</value_type>
                    <snmpv3_securityname>{$SNMP_V3_SECURITYNAME}</snmpv3_securityname>
                    <snmpv3_securitylevel>AUTHPRIV</snmpv3_securitylevel>
                    <snmpv3_authprotocol>SHA</snmpv3_authprotocol>
                    <snmpv3_authpassphrase>{$SNMP_V3_AUTHKEY}</snmpv3_authpassphrase>
                    <snmpv3_privprotocol>AES</snmpv3_privprotocol>
                    <snmpv3_privpassphrase>{$SNMP_V3_PRIVPASSWORD}</snmpv3_privpassphrase>
                    <description>MIB: SNMPv2-MIB&#13;
The textual identification of the contact person for this managed node, together with information on how to contact this person.  If no contact information is known, the value is the zero-length string.</description>
                    <inventory_link>CONTACT</inventory_link>
                    <applications>
                        <application>
                            <name>General</name>
                        </application>
                    </applications>
                </item>
                <item>
                    <name>System description</name>
                    <type>SNMPV3</type>
                    <snmp_oid>1.3.6.1.2.1.1.1.0</snmp_oid>
                    <key>system.descr[sysDescr.0]</key>
                    <delay>3600</delay>
                    <history>14d</history>
                    <trends>0</trends>
                    <value_type>CHAR</value_type>
                    <snmpv3_securityname>{$SNMP_V3_SECURITYNAME}</snmpv3_securityname>
                    <snmpv3_securitylevel>AUTHPRIV</snmpv3_securitylevel>
                    <snmpv3_authprotocol>SHA</snmpv3_authprotocol>
                    <snmpv3_authpassphrase>{$SNMP_V3_AUTHKEY}</snmpv3_authpassphrase>
                    <snmpv3_privprotocol>AES</snmpv3_privprotocol>
                    <snmpv3_privpassphrase>{$SNMP_V3_PRIVPASSWORD}</snmpv3_privpassphrase>
                    <description>MIB: SNMPv2-MIB&#13;
A textual description of the entity.  This value should&#13;
include the full name and version identification of the system's hardware type, software operating-system, and&#13;
networking software.</description>
                    <inventory_link>HARDWARE</inventory_link>
                    <applications>
                        <application>
                            <name>General</name>
                        </application>
                    </applications>
                </item>
                <item>
                    <name>System location</name>
                    <type>SNMPV3</type>
                    <snmp_oid>1.3.6.1.2.1.1.6.0</snmp_oid>
                    <key>system.location[sysLocation.0]</key>
                    <delay>3600</delay>
                    <history>14d</history>
                    <trends>0</trends>
                    <value_type>CHAR</value_type>
                    <snmpv3_securityname>{$SNMP_V3_SECURITYNAME}</snmpv3_securityname>
                    <snmpv3_securitylevel>AUTHPRIV</snmpv3_securitylevel>
                    <snmpv3_authprotocol>SHA</snmpv3_authprotocol>
                    <snmpv3_authpassphrase>{$SNMP_V3_AUTHKEY}</snmpv3_authpassphrase>
                    <snmpv3_privprotocol>AES</snmpv3_privprotocol>
                    <snmpv3_privpassphrase>{$SNMP_V3_PRIVPASSWORD}</snmpv3_privpassphrase>
                    <description>MIB: SNMPv2-MIB&#13;
The physical location of this node (e.g., `telephone closet, 3rd floor').  If the location is unknown, the value is the zero-length string.</description>
                    <inventory_link>LOCATION</inventory_link>
                    <applications>
                        <application>
                            <name>General</name>
                        </application>
                    </applications>
                </item>
                <item>
                    <name>System name</name>
                    <type>SNMPV3</type>
                    <snmp_oid>1.3.6.1.2.1.1.5.0</snmp_oid>
                    <key>system.name</key>
                    <delay>3600</delay>
                    <history>14d</history>
                    <trends>0</trends>
                    <value_type>CHAR</value_type>
                    <snmpv3_securityname>{$SNMP_V3_SECURITYNAME}</snmpv3_securityname>
                    <snmpv3_securitylevel>AUTHPRIV</snmpv3_securitylevel>
                    <snmpv3_authprotocol>SHA</snmpv3_authprotocol>
                    <snmpv3_authpassphrase>{$SNMP_V3_AUTHKEY}</snmpv3_authpassphrase>
                    <snmpv3_privprotocol>AES</snmpv3_privprotocol>
                    <snmpv3_privpassphrase>{$SNMP_V3_PRIVPASSWORD}</snmpv3_privpassphrase>
                    <description>MIB: SNMPv2-MIB&#13;
An administratively-assigned name for this managed node.By convention, this is the node's fully-qualified domain name.  If the name is unknown, the value is the zero-length string.</description>
                    <inventory_link>NAME</inventory_link>
                    <applications>
                        <application>
                            <name>General</name>
                        </application>
                    </applications>
                </item>
                <item>
                    <name>System object ID</name>
                    <type>SNMPV3</type>
                    <snmp_oid>1.3.6.1.2.1.1.2.0</snmp_oid>
                    <key>system.objectid[sysObjectID.0]</key>
                    <delay>3600</delay>
                    <history>14d</history>
                    <trends>0</trends>
                    <value_type>CHAR</value_type>
                    <snmpv3_securityname>{$SNMP_V3_SECURITYNAME}</snmpv3_securityname>
                    <snmpv3_securitylevel>AUTHPRIV</snmpv3_securitylevel>
                    <snmpv3_authprotocol>SHA</snmpv3_authprotocol>
                    <snmpv3_authpassphrase>{$SNMP_V3_AUTHKEY}</snmpv3_authpassphrase>
                    <snmpv3_privprotocol>AES</snmpv3_privprotocol>
                    <snmpv3_privpassphrase>{$SNMP_V3_PRIVPASSWORD}</snmpv3_privpassphrase>
                    <description>MIB: SNMPv2-MIB&#13;
The vendor's authoritative identification of the network management subsystem contained in the entity.  This value is allocated within the SMI enterprises subtree (1.3.6.1.4.1) and provides an easy and unambiguous means for determining`what kind of box' is being managed.  For example, if vendor`Flintstones, Inc.' was assigned the subtree1.3.6.1.4.1.4242, it could assign the identifier 1.3.6.1.4.1.4242.1.1 to its `Fred Router'.</description>
                    <applications>
                        <application>
                            <name>General</name>
                        </application>
                    </applications>
                </item>
                <item>
                    <name>System uptime</name>
                    <type>SNMPV3</type>
                    <snmp_oid>1.3.6.1.2.1.1.3.0</snmp_oid>
                    <key>system.uptime[sysUpTime.0]</key>
                    <delay>120s</delay>
                    <history>14d</history>
                    <trends>0</trends>
                    <units>uptime</units>
                    <snmpv3_securityname>{$SNMP_V3_SECURITYNAME}</snmpv3_securityname>
                    <snmpv3_securitylevel>AUTHPRIV</snmpv3_securitylevel>
                    <snmpv3_authprotocol>SHA</snmpv3_authprotocol>
                    <snmpv3_authpassphrase>{$SNMP_V3_AUTHKEY}</snmpv3_authpassphrase>
                    <snmpv3_privprotocol>AES</snmpv3_privprotocol>
                    <snmpv3_privpassphrase>{$SNMP_V3_PRIVPASSWORD}</snmpv3_privpassphrase>
                    <description>MIB: SNMPv2-MIB&#13;
The time (in hundredths of a second) since the network management portion of the system was last re-initialized.</description>
                    <applications>
                        <application>
                            <name>Status</name>
                        </application>
                    </applications>
                    <preprocessing>
                        <step>
                            <type>MULTIPLIER</type>
                            <params>0.01</params>
                        </step>
                    </preprocessing>
                    <triggers>
                        <trigger>
                            <expression>{last()}&lt;10m</expression>
                            <name>{HOST.NAME} has been restarted</name>
                            <priority>WARNING</priority>
                            <description>Last value: {ITEM.LASTVALUE1}.&#13;
The device uptime is less than 10 minutes</description>
                            <manual_close>YES</manual_close>
                            <dependencies>
                                <dependency>
                                    <name>No SNMP data collection</name>
                                    <expression>{Template Module Generic SNMPv3:zabbix[host,snmp,available].max({$SNMP_TIMEOUT})}=0</expression>
                                </dependency>
                            </dependencies>
                        </trigger>
                    </triggers>
                </item>
                <item>
                    <name>SNMP agent availability</name>
                    <type>INTERNAL</type>
                    <key>zabbix[host,snmp,available]</key>
                    <history>14d</history>
                    <trends>0</trends>
                    <applications>
                        <application>
                            <name>Status</name>
                        </application>
                    </applications>
                    <valuemap>
                        <name>zabbix.host.available</name>
                    </valuemap>
                    <triggers>
                        <trigger>
                            <expression>{max({$SNMP_TIMEOUT})}=0</expression>
                            <name>No SNMP data collection</name>
                            <priority>WARNING</priority>
                            <description>Last value: {ITEM.LASTVALUE1}.&#13;
SNMP is not available for polling. Please check device connectivity and SNMP settings.</description>
                            <dependencies>
                                <dependency>
                                    <name>Unavailable by ICMP ping</name>
                                    <expression>{Template Module Generic SNMPv3:icmpping.max(#3)}=0</expression>
                                </dependency>
                            </dependencies>
                        </trigger>
                    </triggers>
                </item>
            </items>
            <macros>
                <macro>
                    <macro>{$SNMP_TIMEOUT}</macro>
                    <value>3m</value>
                </macro>
            </macros>
        </template>
    </templates>
    <value_maps>
        <value_map>
            <name>zabbix.host.available</name>
            <mappings>
                <mapping>
                    <value>0</value>
                    <newvalue>not available</newvalue>
                </mapping>
                <mapping>
                    <value>1</value>
                    <newvalue>available</newvalue>
                </mapping>
                <mapping>
                    <value>2</value>
                    <newvalue>unknown</newvalue>
                </mapping>
            </mappings>
        </value_map>
    </value_maps>
</zabbix_export>
