<?xml version="1.0" encoding="UTF-8"?>
<zabbix_export>
  <version>4.0</version>
  <date>2019-05-28T22:28:34Z</date>
  <groups>
    <group>
      <name>Templates/Network devices</name>
    </group>
  </groups>
  <templates>
    <template>
      <template>Template Net Arista SNMPv2</template>
      <name>Template Net Arista SNMPv2</name>
      <description>Template Net Arista version: 0.15&#13;\nMIBs used:&#13;\nHOST-RESOURCES-MIB&#13;\nENTITY-SENSORS-MIB&#13;\nENTITY-STATE-MIB&#13;\nENTITY-MIB</description>
      <groups>
        <group>
          <name>Templates/Network devices</name>
        </group>
      </groups>
      <applications>
        <application>
          <name>CPU</name>
        </application>
        <application>
          <name>Fans</name>
        </application>
        <application>
          <name>Internal items</name>
        </application>
        <application>
          <name>Inventory</name>
        </application>
        <application>
          <name>Memory</name>
        </application>
        <application>
          <name>Power supply</name>
        </application>
        <application>
          <name>Storage</name>
        </application>
        <application>
          <name>Temperature</name>
        </application>
      </applications>
      <items/>
      <discovery_rules>
        <discovery_rule>
          <name>Entity Discovery</name>
          <type>4</type>
          <snmp_community>{$SNMP_COMMUNITY}</snmp_community>
          <snmp_oid>discovery[{#ENT_CLASS},1.3.6.1.2.1.47.1.1.1.1.5,{#ENT_NAME},1.3.6.1.2.1.47.1.1.1.1.7]</snmp_oid>
          <key>entity.discovery</key>
          <delay>1h</delay>
          <status>0</status>
          <allowed_hosts/>
          <snmpv3_contextname/>
          <snmpv3_securityname/>
          <snmpv3_securitylevel>0</snmpv3_securitylevel>
          <snmpv3_authprotocol>0</snmpv3_authprotocol>
          <snmpv3_authpassphrase/>
          <snmpv3_privprotocol>0</snmpv3_privprotocol>
          <snmpv3_privpassphrase/>
          <params/>
          <ipmi_sensor/>
          <authtype>0</authtype>
          <username/>
          <password/>
          <publickey/>
          <privatekey/>
          <port/>
          <filter>
            <evaltype>0</evaltype>
            <formula/>
            <conditions>
              <condition>
                <macro>{#ENT_CLASS}</macro>
                <value>3</value>
                <operator>8</operator>
                <formulaid>A</formulaid>
              </condition>
            </conditions>
          </filter>
          <lifetime>30d</lifetime>
          <description/>
          <item_prototypes>
            <item_prototype>
              <name>{#ENT_NAME}: Hardware model name</name>
              <type>4</type>
              <snmp_community>{$SNMP_COMMUNITY}</snmp_community>
              <snmp_oid>1.3.6.1.2.1.47.1.1.1.1.13.{#SNMPINDEX}</snmp_oid>
              <key>system.hw.model[entPhysicalModelName.{#SNMPINDEX}]</key>
              <delay>1h</delay>
              <history>2w</history>
              <trends>0</trends>
              <status>0</status>
              <value_type>1</value_type>
              <allowed_hosts/>
              <units/>
              <snmpv3_contextname/>
              <snmpv3_securityname/>
              <snmpv3_securitylevel>0</snmpv3_securitylevel>
              <snmpv3_authprotocol>0</snmpv3_authprotocol>
              <snmpv3_authpassphrase/>
              <snmpv3_privprotocol>0</snmpv3_privprotocol>
              <snmpv3_privpassphrase/>
              <params/>
              <ipmi_sensor/>
              <authtype>0</authtype>
              <username/>
              <password/>
              <publickey/>
              <privatekey/>
              <port/>
              <description>MIB: ENTITY-MIB</description>
              <inventory_link>0</inventory_link>
              <applications>
                <application>
                  <name>Inventory</name>
                </application>
              </applications>
              <valuemap/>
              <logtimefmt/>
              <preprocessing/>
              <jmx_endpoint/>
              <timeout>3s</timeout>
              <url/>
              <query_fields/>
              <posts/>
              <status_codes>200</status_codes>
              <follow_redirects>1</follow_redirects>
              <post_type>0</post_type>
              <http_proxy/>
              <headers/>
              <retrieve_mode>0</retrieve_mode>
              <request_method>0</request_method>
              <output_format>0</output_format>
              <allow_traps>0</allow_traps>
              <ssl_cert_file/>
              <ssl_key_file/>
              <ssl_key_password/>
              <verify_peer>0</verify_peer>
              <verify_host>0</verify_host>
              <application_prototypes/>
              <master_item/>
            </item_prototype>
            <item_prototype>
              <name>{#ENT_NAME}: Hardware serial number</name>
              <type>4</type>
              <snmp_community>{$SNMP_COMMUNITY}</snmp_community>
              <snmp_oid>1.3.6.1.2.1.47.1.1.1.1.11.{#SNMPINDEX}</snmp_oid>
              <key>system.hw.serialnumber[entPhysicalSerialNum.{#SNMPINDEX}]</key>
              <delay>1h</delay>
              <history>2w</history>
              <trends>0</trends>
              <status>0</status>
              <value_type>1</value_type>
              <allowed_hosts/>
              <units/>
              <snmpv3_contextname/>
              <snmpv3_securityname/>
              <snmpv3_securitylevel>0</snmpv3_securitylevel>
              <snmpv3_authprotocol>0</snmpv3_authprotocol>
              <snmpv3_authpassphrase/>
              <snmpv3_privprotocol>0</snmpv3_privprotocol>
              <snmpv3_privpassphrase/>
              <params/>
              <ipmi_sensor/>
              <authtype>0</authtype>
              <username/>
              <password/>
              <publickey/>
              <privatekey/>
              <port/>
              <description>MIB: ENTITY-MIB</description>
              <inventory_link>0</inventory_link>
              <applications>
                <application>
                  <name>Inventory</name>
                </application>
              </applications>
              <valuemap/>
              <logtimefmt/>
              <preprocessing/>
              <jmx_endpoint/>
              <timeout>3s</timeout>
              <url/>
              <query_fields/>
              <posts/>
              <status_codes>200</status_codes>
              <follow_redirects>1</follow_redirects>
              <post_type>0</post_type>
              <http_proxy/>
              <headers/>
              <retrieve_mode>0</retrieve_mode>
              <request_method>0</request_method>
              <output_format>0</output_format>
              <allow_traps>0</allow_traps>
              <ssl_cert_file/>
              <ssl_key_file/>
              <ssl_key_password/>
              <verify_peer>0</verify_peer>
              <verify_host>0</verify_host>
              <application_prototypes/>
              <master_item/>
            </item_prototype>
          </item_prototypes>
          <trigger_prototypes>
            <trigger_prototype>
              <expression>{Template Net Arista SNMPv2:system.hw.serialnumber[entPhysicalSerialNum.{#SNMPINDEX}].diff()}=1 and {Template Net Arista SNMPv2:system.hw.serialnumber[entPhysicalSerialNum.{#SNMPINDEX}].strlen()}&gt;0</expression>
              <recovery_mode>2</recovery_mode>
              <recovery_expression/>
              <name>{#ENT_NAME}: Device has been replaced (new serial number received)</name>
              <correlation_mode>0</correlation_mode>
              <correlation_tag/>
              <url/>
              <status>0</status>
              <priority>1</priority>
              <description>Last value: {ITEM.LASTVALUE1}.&#13;\nDevice serial number has changed. Ack to close</description>
              <type>0</type>
              <manual_close>1</manual_close>
              <dependencies/>
              <tags/>
            </trigger_prototype>
          </trigger_prototypes>
          <graph_prototypes/>
          <host_prototypes/>
          <jmx_endpoint/>
          <timeout>3s</timeout>
          <url/>
          <query_fields/>
          <posts/>
          <status_codes>200</status_codes>
          <follow_redirects>1</follow_redirects>
          <post_type>0</post_type>
          <http_proxy/>
          <headers/>
          <retrieve_mode>0</retrieve_mode>
          <request_method>0</request_method>
          <allow_traps>0</allow_traps>
          <ssl_cert_file/>
          <ssl_key_file/>
          <ssl_key_password/>
          <verify_peer>0</verify_peer>
          <verify_host>0</verify_host>
        </discovery_rule>
        <discovery_rule>
          <name>Fan Discovery</name>
          <type>4</type>
          <snmp_community>{$SNMP_COMMUNITY}</snmp_community>
          <snmp_oid>discovery[{#SNMPVALUE},1.3.6.1.2.1.99.1.1.1.1,{#SENSOR_INFO},1.3.6.1.2.1.47.1.1.1.1.2]</snmp_oid>
          <key>fan.discovery</key>
          <delay>1h</delay>
          <status>0</status>
          <allowed_hosts/>
          <snmpv3_contextname/>
          <snmpv3_securityname/>
          <snmpv3_securitylevel>0</snmpv3_securitylevel>
          <snmpv3_authprotocol>0</snmpv3_authprotocol>
          <snmpv3_authpassphrase/>
          <snmpv3_privprotocol>0</snmpv3_privprotocol>
          <snmpv3_privpassphrase/>
          <params/>
          <ipmi_sensor/>
          <authtype>0</authtype>
          <username/>
          <password/>
          <publickey/>
          <privatekey/>
          <port/>
          <filter>
            <evaltype>2</evaltype>
            <formula/>
            <conditions>
              <condition>
                <macro>{#SNMPVALUE}</macro>
                <value>10</value>
                <operator>8</operator>
                <formulaid>A</formulaid>
              </condition>
            </conditions>
          </filter>
          <lifetime>30d</lifetime>
          <description>ENTITY-SENSORS-MIB::EntitySensorDataType discovery with rpm filter</description>
          <item_prototypes>
            <item_prototype>
              <name>{#SENSOR_INFO}: Fan speed</name>
              <type>4</type>
              <snmp_community>{$SNMP_COMMUNITY}</snmp_community>
              <snmp_oid>1.3.6.1.2.1.99.1.1.1.4.{#SNMPINDEX}</snmp_oid>
              <key>sensor.fan.speed[entPhySensorValue.{#SNMPINDEX}]</key>
              <delay>5m</delay>
              <history>30d</history>
              <trends>365d</trends>
              <status>0</status>
              <value_type>3</value_type>
              <allowed_hosts/>
              <units>rpm</units>
              <snmpv3_contextname/>
              <snmpv3_securityname/>
              <snmpv3_securitylevel>0</snmpv3_securitylevel>
              <snmpv3_authprotocol>0</snmpv3_authprotocol>
              <snmpv3_authpassphrase/>
              <snmpv3_privprotocol>0</snmpv3_privprotocol>
              <snmpv3_privpassphrase/>
              <params/>
              <ipmi_sensor/>
              <authtype>0</authtype>
              <username/>
              <password/>
              <publickey/>
              <privatekey/>
              <port/>
              <description>MIB: ENTITY-SENSORS-MIB&#13;\nThe most recent measurement obtained by the agent for this sensor.&#13;\nTo correctly interpret the value of this object, the associated entPhySensorType,&#13;\nentPhySensorScale, and entPhySensorPrecision objects must also be examined.</description>
              <inventory_link>0</inventory_link>
              <applications>
                <application>
                  <name>Fans</name>
                </application>
              </applications>
              <valuemap/>
              <logtimefmt/>
              <preprocessing/>
              <jmx_endpoint/>
              <timeout>3s</timeout>
              <url/>
              <query_fields/>
              <posts/>
              <status_codes>200</status_codes>
              <follow_redirects>1</follow_redirects>
              <post_type>0</post_type>
              <http_proxy/>
              <headers/>
              <retrieve_mode>0</retrieve_mode>
              <request_method>0</request_method>
              <output_format>0</output_format>
              <allow_traps>0</allow_traps>
              <ssl_cert_file/>
              <ssl_key_file/>
              <ssl_key_password/>
              <verify_peer>0</verify_peer>
              <verify_host>0</verify_host>
              <application_prototypes/>
              <master_item/>
            </item_prototype>
            <item_prototype>
              <name>{#SENSOR_INFO}: Fan status</name>
              <type>4</type>
              <snmp_community>{$SNMP_COMMUNITY}</snmp_community>
              <snmp_oid>1.3.6.1.2.1.99.1.1.1.5.{#SNMPINDEX}</snmp_oid>
              <key>sensor.fan.status[entPhySensorOperStatus.{#SNMPINDEX}]</key>
              <delay>3m</delay>
              <history>2w</history>
              <trends>0d</trends>
              <status>0</status>
              <value_type>3</value_type>
              <allowed_hosts/>
              <units/>
              <snmpv3_contextname/>
              <snmpv3_securityname/>
              <snmpv3_securitylevel>0</snmpv3_securitylevel>
              <snmpv3_authprotocol>0</snmpv3_authprotocol>
              <snmpv3_authpassphrase/>
              <snmpv3_privprotocol>0</snmpv3_privprotocol>
              <snmpv3_privpassphrase/>
              <params/>
              <ipmi_sensor/>
              <authtype>0</authtype>
              <username/>
              <password/>
              <publickey/>
              <privatekey/>
              <port/>
              <description>MIB: ENTITY-SENSORS-MIB&#13;\nThe operational status of the sensor {#SENSOR_INFO}</description>
              <inventory_link>0</inventory_link>
              <applications>
                <application>
                  <name>Fans</name>
                </application>
              </applications>
              <valuemap>
                <name>ENTITY-SENSORS-MIB::EntitySensorStatus</name>
              </valuemap>
              <logtimefmt/>
              <preprocessing/>
              <jmx_endpoint/>
              <timeout>3s</timeout>
              <url/>
              <query_fields/>
              <posts/>
              <status_codes>200</status_codes>
              <follow_redirects>1</follow_redirects>
              <post_type>0</post_type>
              <http_proxy/>
              <headers/>
              <retrieve_mode>0</retrieve_mode>
              <request_method>0</request_method>
              <output_format>0</output_format>
              <allow_traps>0</allow_traps>
              <ssl_cert_file/>
              <ssl_key_file/>
              <ssl_key_password/>
              <verify_peer>0</verify_peer>
              <verify_host>0</verify_host>
              <application_prototypes/>
              <master_item/>
            </item_prototype>
          </item_prototypes>
          <trigger_prototypes>
            <trigger_prototype>
              <expression>{Template Net Arista SNMPv2:sensor.fan.status[entPhySensorOperStatus.{#SNMPINDEX}].count(#1,{$FAN_CRIT_STATUS},eq)}=1</expression>
              <recovery_mode>0</recovery_mode>
              <recovery_expression/>
              <name>{#SENSOR_INFO}: Fan is in critical state</name>
              <correlation_mode>0</correlation_mode>
              <correlation_tag/>
              <url/>
              <status>0</status>
              <priority>3</priority>
              <description>Last value: {ITEM.LASTVALUE1}.&#13;\nPlease check the fan unit</description>
              <type>0</type>
              <manual_close>0</manual_close>
              <dependencies/>
              <tags/>
            </trigger_prototype>
          </trigger_prototypes>
          <graph_prototypes/>
          <host_prototypes/>
          <jmx_endpoint/>
          <timeout>3s</timeout>
          <url/>
          <query_fields/>
          <posts/>
          <status_codes>200</status_codes>
          <follow_redirects>1</follow_redirects>
          <post_type>0</post_type>
          <http_proxy/>
          <headers/>
          <retrieve_mode>0</retrieve_mode>
          <request_method>0</request_method>
          <allow_traps>0</allow_traps>
          <ssl_cert_file/>
          <ssl_key_file/>
          <ssl_key_password/>
          <verify_peer>0</verify_peer>
          <verify_host>0</verify_host>
        </discovery_rule>
        <discovery_rule>
          <name>CPU Discovery</name>
          <type>4</type>
          <snmp_community>{$SNMP_COMMUNITY}</snmp_community>
          <snmp_oid>discovery[{#SNMPVALUE},1.3.6.1.2.1.25.3.2.1,{#DEVICE_TYPE},1.3.6.1.2.1.25.3.2.1.2,{#DEVICE_DESCR},1.3.6.1.2.1.25.3.2.1.3]</snmp_oid>
          <key>hrProcessorLoad.discovery</key>
          <delay>1h</delay>
          <status>0</status>
          <allowed_hosts/>
          <snmpv3_contextname/>
          <snmpv3_securityname/>
          <snmpv3_securitylevel>0</snmpv3_securitylevel>
          <snmpv3_authprotocol>0</snmpv3_authprotocol>
          <snmpv3_authpassphrase/>
          <snmpv3_privprotocol>0</snmpv3_privprotocol>
          <snmpv3_privpassphrase/>
          <params/>
          <ipmi_sensor/>
          <authtype>0</authtype>
          <username/>
          <password/>
          <publickey/>
          <privatekey/>
          <port/>
          <filter>
            <evaltype>2</evaltype>
            <formula/>
            <conditions>
              <condition>
                <macro>{#DEVICE_TYPE}</macro>
                <value>.+3$</value>
                <operator>8</operator>
                <formulaid>B</formulaid>
              </condition>
              <condition>
                <macro>{#DEVICE_TYPE}</macro>
                <value>.+hrDeviceProcessor</value>
                <operator>8</operator>
                <formulaid>A</formulaid>
              </condition>
            </conditions>
          </filter>
          <lifetime>30d</lifetime>
          <description/>
          <item_prototypes>
            <item_prototype>
              <name>{#DEVICE_DESCR}: CPU utilization</name>
              <type>4</type>
              <snmp_community>{$SNMP_COMMUNITY}</snmp_community>
              <snmp_oid>1.3.6.1.2.1.25.3.3.1.2.{#SNMPINDEX}</snmp_oid>
              <key>system.cpu.util[hrProcessorLoad.{#SNMPINDEX}]</key>
              <delay>3m</delay>
              <history>30d</history>
              <trends>365d</trends>
              <status>0</status>
              <value_type>0</value_type>
              <allowed_hosts/>
              <units>%</units>
              <snmpv3_contextname/>
              <snmpv3_securityname/>
              <snmpv3_securitylevel>0</snmpv3_securitylevel>
              <snmpv3_authprotocol>0</snmpv3_authprotocol>
              <snmpv3_authpassphrase/>
              <snmpv3_privprotocol>0</snmpv3_privprotocol>
              <snmpv3_privpassphrase/>
              <params/>
              <ipmi_sensor/>
              <authtype>0</authtype>
              <username/>
              <password/>
              <publickey/>
              <privatekey/>
              <port/>
              <description>MIB: HOST-RESOURCES-MIB&#13;\nThe average, over the last minute, of the percentage of time that this processor was not idle.&#13;\nImplementations may approximate this one minute smoothing period if necessary.</description>
              <inventory_link>0</inventory_link>
              <applications>
                <application>
                  <name>CPU</name>
                </application>
              </applications>
              <valuemap/>
              <logtimefmt/>
              <preprocessing/>
              <jmx_endpoint/>
              <timeout>3s</timeout>
              <url/>
              <query_fields/>
              <posts/>
              <status_codes>200</status_codes>
              <follow_redirects>1</follow_redirects>
              <post_type>0</post_type>
              <http_proxy/>
              <headers/>
              <retrieve_mode>0</retrieve_mode>
              <request_method>0</request_method>
              <output_format>0</output_format>
              <allow_traps>0</allow_traps>
              <ssl_cert_file/>
              <ssl_key_file/>
              <ssl_key_password/>
              <verify_peer>0</verify_peer>
              <verify_host>0</verify_host>
              <application_prototypes/>
              <master_item/>
            </item_prototype>
          </item_prototypes>
          <trigger_prototypes>
            <trigger_prototype>
              <expression>{Template Net Arista SNMPv2:system.cpu.util[hrProcessorLoad.{#SNMPINDEX}].avg(5m)}&gt;{$CPU_UTIL_MAX}</expression>
              <recovery_mode>0</recovery_mode>
              <recovery_expression/>
              <name>{#DEVICE_DESCR}: High CPU utilization</name>
              <correlation_mode>0</correlation_mode>
              <correlation_tag/>
              <url/>
              <status>0</status>
              <priority>3</priority>
              <description>Last value: {ITEM.LASTVALUE1}.</description>
              <type>0</type>
              <manual_close>0</manual_close>
              <dependencies/>
              <tags/>
            </trigger_prototype>
          </trigger_prototypes>
          <graph_prototypes>
            <graph_prototype>
              <name>{#DEVICE_DESCR}: CPU utilization</name>
              <width>900</width>
              <height>200</height>
              <yaxismin>0.0000</yaxismin>
              <yaxismax>100.0000</yaxismax>
              <show_work_period>1</show_work_period>
              <show_triggers>1</show_triggers>
              <type>0</type>
              <show_legend>1</show_legend>
              <show_3d>0</show_3d>
              <percent_left>0.0000</percent_left>
              <percent_right>0.0000</percent_right>
              <ymin_type_1>1</ymin_type_1>
              <ymax_type_1>1</ymax_type_1>
              <ymin_item_1>0</ymin_item_1>
              <ymax_item_1>0</ymax_item_1>
              <graph_items>
                <graph_item>
                  <sortorder>0</sortorder>
                  <drawtype>5</drawtype>
                  <color>1A7C11</color>
                  <yaxisside>0</yaxisside>
                  <calc_fnc>2</calc_fnc>
                  <type>0</type>
                  <item>
                    <host>Template Net Arista SNMPv2</host>
                    <key>system.cpu.util[hrProcessorLoad.{#SNMPINDEX}]</key>
                  </item>
                </graph_item>
              </graph_items>
            </graph_prototype>
          </graph_prototypes>
          <host_prototypes/>
          <jmx_endpoint/>
          <timeout>3s</timeout>
          <url/>
          <query_fields/>
          <posts/>
          <status_codes>200</status_codes>
          <follow_redirects>1</follow_redirects>
          <post_type>0</post_type>
          <http_proxy/>
          <headers/>
          <retrieve_mode>0</retrieve_mode>
          <request_method>0</request_method>
          <allow_traps>0</allow_traps>
          <ssl_cert_file/>
          <ssl_key_file/>
          <ssl_key_password/>
          <verify_peer>0</verify_peer>
          <verify_host>0</verify_host>
        </discovery_rule>
        <discovery_rule>
          <name>Memory Discovery</name>
          <type>4</type>
          <snmp_community>{$SNMP_COMMUNITY}</snmp_community>
          <snmp_oid>discovery[{#SNMPVALUE},1.3.6.1.2.1.25.2.3.1.3,{#ALLOC_UNITS},1.3.6.1.2.1.25.2.3.1.4,{#STORAGE_TYPE},1.3.6.1.2.1.25.2.3.1.2]</snmp_oid>
          <key>memory.discovery</key>
          <delay>1h</delay>
          <status>0</status>
          <allowed_hosts/>
          <snmpv3_contextname/>
          <snmpv3_securityname/>
          <snmpv3_securitylevel>0</snmpv3_securitylevel>
          <snmpv3_authprotocol>0</snmpv3_authprotocol>
          <snmpv3_authpassphrase/>
          <snmpv3_privprotocol>0</snmpv3_privprotocol>
          <snmpv3_privpassphrase/>
          <params/>
          <ipmi_sensor/>
          <authtype>0</authtype>
          <username/>
          <password/>
          <publickey/>
          <privatekey/>
          <port/>
          <filter>
            <evaltype>3</evaltype>
            <formula>(A or B) and C</formula>
            <conditions>
              <condition>
                <macro>{#STORAGE_TYPE}</macro>
                <value>.+2$</value>
                <operator>8</operator>
                <formulaid>B</formulaid>
              </condition>
              <condition>
                <macro>{#STORAGE_TYPE}</macro>
                <value>.+hrStorageRam</value>
                <operator>8</operator>
                <formulaid>A</formulaid>
              </condition>
              <condition>
                <macro>{#SNMPVALUE}</macro>
                <value>^RAM$</value>
                <operator>8</operator>
                <formulaid>C</formulaid>
              </condition>
            </conditions>
          </filter>
          <lifetime>30d</lifetime>
          <description>HOST-RESOURCES-MIB::hrStorage discovery with memory filter and description 'RAM'. Do not discover RAM(Buffers) or RAM(Cache)</description>
          <item_prototypes>
            <item_prototype>
              <name>#{#SNMPINDEX}: Memory utilization</name>
              <type>15</type>
              <snmp_community/>
              <snmp_oid/>
              <key>vm.memory.pused[memoryUsedPercentage.{#SNMPINDEX}]</key>
              <delay>3m</delay>
              <history>30d</history>
              <trends>365d</trends>
              <status>0</status>
              <value_type>0</value_type>
              <allowed_hosts/>
              <units>%</units>
              <snmpv3_contextname/>
              <snmpv3_securityname/>
              <snmpv3_securitylevel>0</snmpv3_securitylevel>
              <snmpv3_authprotocol>0</snmpv3_authprotocol>
              <snmpv3_authpassphrase/>
              <snmpv3_privprotocol>0</snmpv3_privprotocol>
              <snmpv3_privpassphrase/>
              <params>(last(vm.memory.units.used[hrStorageUsed.{#SNMPINDEX}])/last(vm.memory.units.total[hrStorageSize.{#SNMPINDEX}]))*100</params>
              <ipmi_sensor/>
              <authtype>0</authtype>
              <username/>
              <password/>
              <publickey/>
              <privatekey/>
              <port/>
              <description>Memory utilization in %</description>
              <inventory_link>0</inventory_link>
              <applications>
                <application>
                  <name>Memory</name>
                </application>
              </applications>
              <valuemap/>
              <logtimefmt/>
              <preprocessing/>
              <jmx_endpoint/>
              <timeout>3s</timeout>
              <url/>
              <query_fields/>
              <posts/>
              <status_codes>200</status_codes>
              <follow_redirects>1</follow_redirects>
              <post_type>0</post_type>
              <http_proxy/>
              <headers/>
              <retrieve_mode>0</retrieve_mode>
              <request_method>0</request_method>
              <output_format>0</output_format>
              <allow_traps>0</allow_traps>
              <ssl_cert_file/>
              <ssl_key_file/>
              <ssl_key_password/>
              <verify_peer>0</verify_peer>
              <verify_host>0</verify_host>
              <application_prototypes/>
              <master_item/>
            </item_prototype>
            <item_prototype>
              <name>#{#SNMPINDEX}: Total memory</name>
              <type>15</type>
              <snmp_community/>
              <snmp_oid/>
              <key>vm.memory.total[memoryTotal.{#SNMPINDEX}]</key>
              <delay>3m</delay>
              <history>30d</history>
              <trends>365d</trends>
              <status>0</status>
              <value_type>3</value_type>
              <allowed_hosts/>
              <units>B</units>
              <snmpv3_contextname/>
              <snmpv3_securityname/>
              <snmpv3_securitylevel>0</snmpv3_securitylevel>
              <snmpv3_authprotocol>0</snmpv3_authprotocol>
              <snmpv3_authpassphrase/>
              <snmpv3_privprotocol>0</snmpv3_privprotocol>
              <snmpv3_privpassphrase/>
              <params>(last(vm.memory.units.total[hrStorageSize.{#SNMPINDEX}])*last(vm.memory.units[hrStorageAllocationUnits.{#SNMPINDEX}]))</params>
              <ipmi_sensor/>
              <authtype>0</authtype>
              <username/>
              <password/>
              <publickey/>
              <privatekey/>
              <port/>
              <description>Total memory in Bytes</description>
              <inventory_link>0</inventory_link>
              <applications>
                <application>
                  <name>Memory</name>
                </application>
              </applications>
              <valuemap/>
              <logtimefmt/>
              <preprocessing/>
              <jmx_endpoint/>
              <timeout>3s</timeout>
              <url/>
              <query_fields/>
              <posts/>
              <status_codes>200</status_codes>
              <follow_redirects>1</follow_redirects>
              <post_type>0</post_type>
              <http_proxy/>
              <headers/>
              <retrieve_mode>0</retrieve_mode>
              <request_method>0</request_method>
              <output_format>0</output_format>
              <allow_traps>0</allow_traps>
              <ssl_cert_file/>
              <ssl_key_file/>
              <ssl_key_password/>
              <verify_peer>0</verify_peer>
              <verify_host>0</verify_host>
              <application_prototypes/>
              <master_item/>
            </item_prototype>
            <item_prototype>
              <name>#{#SNMPINDEX}: Total memory in units</name>
              <type>4</type>
              <snmp_community>{$SNMP_COMMUNITY}</snmp_community>
              <snmp_oid>1.3.6.1.2.1.25.2.3.1.5.{#SNMPINDEX}</snmp_oid>
              <key>vm.memory.units.total[hrStorageSize.{#SNMPINDEX}]</key>
              <delay>3m</delay>
              <history>1w</history>
              <trends>0d</trends>
              <status>0</status>
              <value_type>3</value_type>
              <allowed_hosts/>
              <units>units</units>
              <snmpv3_contextname/>
              <snmpv3_securityname/>
              <snmpv3_securitylevel>0</snmpv3_securitylevel>
              <snmpv3_authprotocol>0</snmpv3_authprotocol>
              <snmpv3_authpassphrase/>
              <snmpv3_privprotocol>0</snmpv3_privprotocol>
              <snmpv3_privpassphrase/>
              <params/>
              <ipmi_sensor/>
              <authtype>0</authtype>
              <username/>
              <password/>
              <publickey/>
              <privatekey/>
              <port/>
              <description>MIB: HOST-RESOURCES-MIB&#13;\nThe size of the storage represented by this entry, in units of hrStorageAllocationUnits.&#13;\nThis object is writable to allow remote configuration of the size of the storage area in those cases where such an operation makes sense and is possible on the underlying system.&#13;\nFor example, the amount of main memory allocated to a buffer pool might be modified or the amount of disk space allocated to virtual memory might be modified.</description>
              <inventory_link>0</inventory_link>
              <applications>
                <application>
                  <name>Internal items</name>
                </application>
              </applications>
              <valuemap/>
              <logtimefmt/>
              <preprocessing/>
              <jmx_endpoint/>
              <timeout>3s</timeout>
              <url/>
              <query_fields/>
              <posts/>
              <status_codes>200</status_codes>
              <follow_redirects>1</follow_redirects>
              <post_type>0</post_type>
              <http_proxy/>
              <headers/>
              <retrieve_mode>0</retrieve_mode>
              <request_method>0</request_method>
              <output_format>0</output_format>
              <allow_traps>0</allow_traps>
              <ssl_cert_file/>
              <ssl_key_file/>
              <ssl_key_password/>
              <verify_peer>0</verify_peer>
              <verify_host>0</verify_host>
              <application_prototypes/>
              <master_item/>
            </item_prototype>
            <item_prototype>
              <name>#{#SNMPINDEX}: Used memory in units</name>
              <type>4</type>
              <snmp_community>{$SNMP_COMMUNITY}</snmp_community>
              <snmp_oid>1.3.6.1.2.1.25.2.3.1.6.{#SNMPINDEX}</snmp_oid>
              <key>vm.memory.units.used[hrStorageUsed.{#SNMPINDEX}]</key>
              <delay>3m</delay>
              <history>1w</history>
              <trends>0d</trends>
              <status>0</status>
              <value_type>3</value_type>
              <allowed_hosts/>
              <units>units</units>
              <snmpv3_contextname/>
              <snmpv3_securityname/>
              <snmpv3_securitylevel>0</snmpv3_securitylevel>
              <snmpv3_authprotocol>0</snmpv3_authprotocol>
              <snmpv3_authpassphrase/>
              <snmpv3_privprotocol>0</snmpv3_privprotocol>
              <snmpv3_privpassphrase/>
              <params/>
              <ipmi_sensor/>
              <authtype>0</authtype>
              <username/>
              <password/>
              <publickey/>
              <privatekey/>
              <port/>
              <description>MIB: HOST-RESOURCES-MIB&#13;\nThe amount of the storage represented by this entry that is allocated, in units of hrStorageAllocationUnits.</description>
              <inventory_link>0</inventory_link>
              <applications>
                <application>
                  <name>Internal items</name>
                </application>
              </applications>
              <valuemap/>
              <logtimefmt/>
              <preprocessing/>
              <jmx_endpoint/>
              <timeout>3s</timeout>
              <url/>
              <query_fields/>
              <posts/>
              <status_codes>200</status_codes>
              <follow_redirects>1</follow_redirects>
              <post_type>0</post_type>
              <http_proxy/>
              <headers/>
              <retrieve_mode>0</retrieve_mode>
              <request_method>0</request_method>
              <output_format>0</output_format>
              <allow_traps>0</allow_traps>
              <ssl_cert_file/>
              <ssl_key_file/>
              <ssl_key_password/>
              <verify_peer>0</verify_peer>
              <verify_host>0</verify_host>
              <application_prototypes/>
              <master_item/>
            </item_prototype>
            <item_prototype>
              <name>#{#SNMPINDEX}: Memory units</name>
              <type>4</type>
              <snmp_community>{$SNMP_COMMUNITY}</snmp_community>
              <snmp_oid>1.3.6.1.2.1.25.2.3.1.4.{#SNMPINDEX}</snmp_oid>
              <key>vm.memory.units[hrStorageAllocationUnits.{#SNMPINDEX}]</key>
              <delay>3m</delay>
              <history>1w</history>
              <trends>0d</trends>
              <status>0</status>
              <value_type>3</value_type>
              <allowed_hosts/>
              <units/>
              <snmpv3_contextname/>
              <snmpv3_securityname/>
              <snmpv3_securitylevel>0</snmpv3_securitylevel>
              <snmpv3_authprotocol>0</snmpv3_authprotocol>
              <snmpv3_authpassphrase/>
              <snmpv3_privprotocol>0</snmpv3_privprotocol>
              <snmpv3_privpassphrase/>
              <params/>
              <ipmi_sensor/>
              <authtype>0</authtype>
              <username/>
              <password/>
              <publickey/>
              <privatekey/>
              <port/>
              <description>MIB: HOST-RESOURCES-MIB&#13;\nThe size, in bytes, of the data objects allocated from this pool.&#13;\nIf this entry is monitoring sectors, blocks, buffers, or packets, for example,&#13;\nthis number will commonly be greater than one. Otherwise this number will typically be one.</description>
              <inventory_link>0</inventory_link>
              <applications>
                <application>
                  <name>Internal items</name>
                </application>
              </applications>
              <valuemap/>
              <logtimefmt/>
              <preprocessing/>
              <jmx_endpoint/>
              <timeout>3s</timeout>
              <url/>
              <query_fields/>
              <posts/>
              <status_codes>200</status_codes>
              <follow_redirects>1</follow_redirects>
              <post_type>0</post_type>
              <http_proxy/>
              <headers/>
              <retrieve_mode>0</retrieve_mode>
              <request_method>0</request_method>
              <output_format>0</output_format>
              <allow_traps>0</allow_traps>
              <ssl_cert_file/>
              <ssl_key_file/>
              <ssl_key_password/>
              <verify_peer>0</verify_peer>
              <verify_host>0</verify_host>
              <application_prototypes/>
              <master_item/>
            </item_prototype>
            <item_prototype>
              <name>#{#SNMPINDEX}: Used memory</name>
              <type>15</type>
              <snmp_community/>
              <snmp_oid/>
              <key>vm.memory.used[memoryUsed.{#SNMPINDEX}]</key>
              <delay>3m</delay>
              <history>30d</history>
              <trends>365d</trends>
              <status>0</status>
              <value_type>3</value_type>
              <allowed_hosts/>
              <units>B</units>
              <snmpv3_contextname/>
              <snmpv3_securityname/>
              <snmpv3_securitylevel>0</snmpv3_securitylevel>
              <snmpv3_authprotocol>0</snmpv3_authprotocol>
              <snmpv3_authpassphrase/>
              <snmpv3_privprotocol>0</snmpv3_privprotocol>
              <snmpv3_privpassphrase/>
              <params>(last(vm.memory.units.used[hrStorageUsed.{#SNMPINDEX}])*last(vm.memory.units[hrStorageAllocationUnits.{#SNMPINDEX}]))</params>
              <ipmi_sensor/>
              <authtype>0</authtype>
              <username/>
              <password/>
              <publickey/>
              <privatekey/>
              <port/>
              <description>Used memory in Bytes</description>
              <inventory_link>0</inventory_link>
              <applications>
                <application>
                  <name>Memory</name>
                </application>
              </applications>
              <valuemap/>
              <logtimefmt/>
              <preprocessing/>
              <jmx_endpoint/>
              <timeout>3s</timeout>
              <url/>
              <query_fields/>
              <posts/>
              <status_codes>200</status_codes>
              <follow_redirects>1</follow_redirects>
              <post_type>0</post_type>
              <http_proxy/>
              <headers/>
              <retrieve_mode>0</retrieve_mode>
              <request_method>0</request_method>
              <output_format>0</output_format>
              <allow_traps>0</allow_traps>
              <ssl_cert_file/>
              <ssl_key_file/>
              <ssl_key_password/>
              <verify_peer>0</verify_peer>
              <verify_host>0</verify_host>
              <application_prototypes/>
              <master_item/>
            </item_prototype>
          </item_prototypes>
          <trigger_prototypes>
            <trigger_prototype>
              <expression>{Template Net Arista SNMPv2:vm.memory.pused[memoryUsedPercentage.{#SNMPINDEX}].avg(5m)}&gt;{$MEMORY_UTIL_MAX}</expression>
              <recovery_mode>0</recovery_mode>
              <recovery_expression/>
              <name>#{#SNMPINDEX}: High memory utilization</name>
              <correlation_mode>0</correlation_mode>
              <correlation_tag/>
              <url/>
              <status>0</status>
              <priority>3</priority>
              <description>Last value: {ITEM.LASTVALUE1}.</description>
              <type>0</type>
              <manual_close>0</manual_close>
              <dependencies/>
              <tags/>
            </trigger_prototype>
          </trigger_prototypes>
          <graph_prototypes>
            <graph_prototype>
              <name>#{#SNMPINDEX}: Memory utilization</name>
              <width>900</width>
              <height>200</height>
              <yaxismin>0.0000</yaxismin>
              <yaxismax>100.0000</yaxismax>
              <show_work_period>1</show_work_period>
              <show_triggers>1</show_triggers>
              <type>0</type>
              <show_legend>1</show_legend>
              <show_3d>0</show_3d>
              <percent_left>0.0000</percent_left>
              <percent_right>0.0000</percent_right>
              <ymin_type_1>1</ymin_type_1>
              <ymax_type_1>1</ymax_type_1>
              <ymin_item_1>0</ymin_item_1>
              <ymax_item_1>0</ymax_item_1>
              <graph_items>
                <graph_item>
                  <sortorder>0</sortorder>
                  <drawtype>5</drawtype>
                  <color>1A7C11</color>
                  <yaxisside>0</yaxisside>
                  <calc_fnc>2</calc_fnc>
                  <type>0</type>
                  <item>
                    <host>Template Net Arista SNMPv2</host>
                    <key>vm.memory.pused[memoryUsedPercentage.{#SNMPINDEX}]</key>
                  </item>
                </graph_item>
              </graph_items>
            </graph_prototype>
          </graph_prototypes>
          <host_prototypes/>
          <jmx_endpoint/>
          <timeout>3s</timeout>
          <url/>
          <query_fields/>
          <posts/>
          <status_codes>200</status_codes>
          <follow_redirects>1</follow_redirects>
          <post_type>0</post_type>
          <http_proxy/>
          <headers/>
          <retrieve_mode>0</retrieve_mode>
          <request_method>0</request_method>
          <allow_traps>0</allow_traps>
          <ssl_cert_file/>
          <ssl_key_file/>
          <ssl_key_password/>
          <verify_peer>0</verify_peer>
          <verify_host>0</verify_host>
        </discovery_rule>
        <discovery_rule>
          <name>PSU Discovery</name>
          <type>4</type>
          <snmp_community>{$SNMP_COMMUNITY}</snmp_community>
          <snmp_oid>discovery[{#ENT_CLASS},1.3.6.1.2.1.47.1.1.1.1.5,{#ENT_NAME},1.3.6.1.2.1.47.1.1.1.1.7]</snmp_oid>
          <key>psu.discovery</key>
          <delay>1h</delay>
          <status>0</status>
          <allowed_hosts/>
          <snmpv3_contextname/>
          <snmpv3_securityname/>
          <snmpv3_securitylevel>0</snmpv3_securitylevel>
          <snmpv3_authprotocol>0</snmpv3_authprotocol>
          <snmpv3_authpassphrase/>
          <snmpv3_privprotocol>0</snmpv3_privprotocol>
          <snmpv3_privpassphrase/>
          <params/>
          <ipmi_sensor/>
          <authtype>0</authtype>
          <username/>
          <password/>
          <publickey/>
          <privatekey/>
          <port/>
          <filter>
            <evaltype>0</evaltype>
            <formula/>
            <conditions>
              <condition>
                <macro>{#ENT_CLASS}</macro>
                <value>6</value>
                <operator>8</operator>
                <formulaid>A</formulaid>
              </condition>
            </conditions>
          </filter>
          <lifetime>30d</lifetime>
          <description/>
          <item_prototypes>
            <item_prototype>
              <name>{#ENT_NAME}: Power supply status</name>
              <type>4</type>
              <snmp_community>{$SNMP_COMMUNITY}</snmp_community>
              <snmp_oid>1.3.6.1.2.1.131.1.1.1.3.{#SNMPINDEX}</snmp_oid>
              <key>sensor.psu.status[entStateOper.{#SNMPINDEX}]</key>
              <delay>3m</delay>
              <history>2w</history>
              <trends>0d</trends>
              <status>0</status>
              <value_type>3</value_type>
              <allowed_hosts/>
              <units/>
              <snmpv3_contextname/>
              <snmpv3_securityname/>
              <snmpv3_securitylevel>0</snmpv3_securitylevel>
              <snmpv3_authprotocol>0</snmpv3_authprotocol>
              <snmpv3_authpassphrase/>
              <snmpv3_privprotocol>0</snmpv3_privprotocol>
              <snmpv3_privpassphrase/>
              <params/>
              <ipmi_sensor/>
              <authtype>0</authtype>
              <username/>
              <password/>
              <publickey/>
              <privatekey/>
              <port/>
              <description>MIB: ENTITY-STATE-MIB</description>
              <inventory_link>0</inventory_link>
              <applications>
                <application>
                  <name>Power supply</name>
                </application>
              </applications>
              <valuemap>
                <name>ENTITY-STATE-MIB::EntityOperState</name>
              </valuemap>
              <logtimefmt/>
              <preprocessing/>
              <jmx_endpoint/>
              <timeout>3s</timeout>
              <url/>
              <query_fields/>
              <posts/>
              <status_codes>200</status_codes>
              <follow_redirects>1</follow_redirects>
              <post_type>0</post_type>
              <http_proxy/>
              <headers/>
              <retrieve_mode>0</retrieve_mode>
              <request_method>0</request_method>
              <output_format>0</output_format>
              <allow_traps>0</allow_traps>
              <ssl_cert_file/>
              <ssl_key_file/>
              <ssl_key_password/>
              <verify_peer>0</verify_peer>
              <verify_host>0</verify_host>
              <application_prototypes/>
              <master_item/>
            </item_prototype>
          </item_prototypes>
          <trigger_prototypes>
            <trigger_prototype>
              <expression>{Template Net Arista SNMPv2:sensor.psu.status[entStateOper.{#SNMPINDEX}].count(#1,{$PSU_CRIT_STATUS},eq)}=1</expression>
              <recovery_mode>0</recovery_mode>
              <recovery_expression/>
              <name>{#ENT_NAME}: Power supply is in critical state</name>
              <correlation_mode>0</correlation_mode>
              <correlation_tag/>
              <url/>
              <status>0</status>
              <priority>3</priority>
              <description>Last value: {ITEM.LASTVALUE1}.&#13;\nPlease check the power supply unit for errors</description>
              <type>0</type>
              <manual_close>0</manual_close>
              <dependencies/>
              <tags/>
            </trigger_prototype>
          </trigger_prototypes>
          <graph_prototypes/>
          <host_prototypes/>
          <jmx_endpoint/>
          <timeout>3s</timeout>
          <url/>
          <query_fields/>
          <posts/>
          <status_codes>200</status_codes>
          <follow_redirects>1</follow_redirects>
          <post_type>0</post_type>
          <http_proxy/>
          <headers/>
          <retrieve_mode>0</retrieve_mode>
          <request_method>0</request_method>
          <allow_traps>0</allow_traps>
          <ssl_cert_file/>
          <ssl_key_file/>
          <ssl_key_password/>
          <verify_peer>0</verify_peer>
          <verify_host>0</verify_host>
        </discovery_rule>
        <discovery_rule>
          <name>Storage Discovery</name>
          <type>4</type>
          <snmp_community>{$SNMP_COMMUNITY}</snmp_community>
          <snmp_oid>discovery[{#SNMPVALUE},1.3.6.1.2.1.25.2.3.1.3,{#ALLOC_UNITS},1.3.6.1.2.1.25.2.3.1.4,{#STORAGE_TYPE},1.3.6.1.2.1.25.2.3.1.2]</snmp_oid>
          <key>storage.discovery</key>
          <delay>1h</delay>
          <status>0</status>
          <allowed_hosts/>
          <snmpv3_contextname/>
          <snmpv3_securityname/>
          <snmpv3_securitylevel>0</snmpv3_securitylevel>
          <snmpv3_authprotocol>0</snmpv3_authprotocol>
          <snmpv3_authpassphrase/>
          <snmpv3_privprotocol>0</snmpv3_privprotocol>
          <snmpv3_privpassphrase/>
          <params/>
          <ipmi_sensor/>
          <authtype>0</authtype>
          <username/>
          <password/>
          <publickey/>
          <privatekey/>
          <port/>
          <filter>
            <evaltype>2</evaltype>
            <formula/>
            <conditions>
              <condition>
                <macro>{#STORAGE_TYPE}</macro>
                <value>.+(4|9)$</value>
                <operator>8</operator>
                <formulaid>B</formulaid>
              </condition>
              <condition>
                <macro>{#STORAGE_TYPE}</macro>
                <value>.+(hrStorageFixedDisk|hrStorageFlashMemory)</value>
                <operator>8</operator>
                <formulaid>A</formulaid>
              </condition>
            </conditions>
          </filter>
          <lifetime>30d</lifetime>
          <description>HOST-RESOURCES-MIB::hrStorage discovery with storage filter</description>
          <item_prototypes>
            <item_prototype>
              <name>{#SNMPVALUE}: Storage utilization</name>
              <type>15</type>
              <snmp_community/>
              <snmp_oid/>
              <key>vfs.fs.pused[storageUsedPercentage.{#SNMPINDEX}]</key>
              <delay>5m</delay>
              <history>30d</history>
              <trends>365d</trends>
              <status>0</status>
              <value_type>0</value_type>
              <allowed_hosts/>
              <units>%</units>
              <snmpv3_contextname/>
              <snmpv3_securityname/>
              <snmpv3_securitylevel>0</snmpv3_securitylevel>
              <snmpv3_authprotocol>0</snmpv3_authprotocol>
              <snmpv3_authpassphrase/>
              <snmpv3_privprotocol>0</snmpv3_privprotocol>
              <snmpv3_privpassphrase/>
              <params>(last(vfs.fs.units.used[hrStorageUsed.{#SNMPINDEX}])/last(vfs.fs.units.total[hrStorageSize.{#SNMPINDEX}]))*100</params>
              <ipmi_sensor/>
              <authtype>0</authtype>
              <username/>
              <password/>
              <publickey/>
              <privatekey/>
              <port/>
              <description>Storage utilization in % for {#SNMPVALUE}</description>
              <inventory_link>0</inventory_link>
              <applications>
                <application>
                  <name>Storage</name>
                </application>
              </applications>
              <valuemap/>
              <logtimefmt/>
              <preprocessing/>
              <jmx_endpoint/>
              <timeout>3s</timeout>
              <url/>
              <query_fields/>
              <posts/>
              <status_codes>200</status_codes>
              <follow_redirects>1</follow_redirects>
              <post_type>0</post_type>
              <http_proxy/>
              <headers/>
              <retrieve_mode>0</retrieve_mode>
              <request_method>0</request_method>
              <output_format>0</output_format>
              <allow_traps>0</allow_traps>
              <ssl_cert_file/>
              <ssl_key_file/>
              <ssl_key_password/>
              <verify_peer>0</verify_peer>
              <verify_host>0</verify_host>
              <application_prototypes/>
              <master_item/>
            </item_prototype>
            <item_prototype>
              <name>{#SNMPVALUE}: Total space</name>
              <type>15</type>
              <snmp_community/>
              <snmp_oid/>
              <key>vfs.fs.total[storageTotal.{#SNMPINDEX}]</key>
              <delay>5m</delay>
              <history>30d</history>
              <trends>365d</trends>
              <status>0</status>
              <value_type>3</value_type>
              <allowed_hosts/>
              <units>B</units>
              <snmpv3_contextname/>
              <snmpv3_securityname/>
              <snmpv3_securitylevel>0</snmpv3_securitylevel>
              <snmpv3_authprotocol>0</snmpv3_authprotocol>
              <snmpv3_authpassphrase/>
              <snmpv3_privprotocol>0</snmpv3_privprotocol>
              <snmpv3_privpassphrase/>
              <params>(last(vfs.fs.units.total[hrStorageSize.{#SNMPINDEX}])*last(vfs.fs.units[hrStorageAllocationUnits.{#SNMPINDEX}]))</params>
              <ipmi_sensor/>
              <authtype>0</authtype>
              <username/>
              <password/>
              <publickey/>
              <privatekey/>
              <port/>
              <description>Total space in Bytes</description>
              <inventory_link>0</inventory_link>
              <applications>
                <application>
                  <name>Storage</name>
                </application>
              </applications>
              <valuemap/>
              <logtimefmt/>
              <preprocessing/>
              <jmx_endpoint/>
              <timeout>3s</timeout>
              <url/>
              <query_fields/>
              <posts/>
              <status_codes>200</status_codes>
              <follow_redirects>1</follow_redirects>
              <post_type>0</post_type>
              <http_proxy/>
              <headers/>
              <retrieve_mode>0</retrieve_mode>
              <request_method>0</request_method>
              <output_format>0</output_format>
              <allow_traps>0</allow_traps>
              <ssl_cert_file/>
              <ssl_key_file/>
              <ssl_key_password/>
              <verify_peer>0</verify_peer>
              <verify_host>0</verify_host>
              <application_prototypes/>
              <master_item/>
            </item_prototype>
            <item_prototype>
              <name>{#SNMPVALUE}: Total space in units</name>
              <type>4</type>
              <snmp_community>{$SNMP_COMMUNITY}</snmp_community>
              <snmp_oid>1.3.6.1.2.1.25.2.3.1.5.{#SNMPINDEX}</snmp_oid>
              <key>vfs.fs.units.total[hrStorageSize.{#SNMPINDEX}]</key>
              <delay>5m</delay>
              <history>1w</history>
              <trends>0d</trends>
              <status>0</status>
              <value_type>3</value_type>
              <allowed_hosts/>
              <units>units</units>
              <snmpv3_contextname/>
              <snmpv3_securityname/>
              <snmpv3_securitylevel>0</snmpv3_securitylevel>
              <snmpv3_authprotocol>0</snmpv3_authprotocol>
              <snmpv3_authpassphrase/>
              <snmpv3_privprotocol>0</snmpv3_privprotocol>
              <snmpv3_privpassphrase/>
              <params/>
              <ipmi_sensor/>
              <authtype>0</authtype>
              <username/>
              <password/>
              <publickey/>
              <privatekey/>
              <port/>
              <description>MIB: HOST-RESOURCES-MIB&#13;\nThe size of the storage represented by this entry, in units of hrStorageAllocationUnits.&#13;\nThis object is writable to allow remote configuration of the size of the storage area in those cases where such an operation makes sense and is possible on the underlying system.&#13;\nFor example, the amount of main storage allocated to a buffer pool might be modified or the amount of disk space allocated to virtual storage might be modified.</description>
              <inventory_link>0</inventory_link>
              <applications>
                <application>
                  <name>Internal items</name>
                </application>
              </applications>
              <valuemap/>
              <logtimefmt/>
              <preprocessing/>
              <jmx_endpoint/>
              <timeout>3s</timeout>
              <url/>
              <query_fields/>
              <posts/>
              <status_codes>200</status_codes>
              <follow_redirects>1</follow_redirects>
              <post_type>0</post_type>
              <http_proxy/>
              <headers/>
              <retrieve_mode>0</retrieve_mode>
              <request_method>0</request_method>
              <output_format>0</output_format>
              <allow_traps>0</allow_traps>
              <ssl_cert_file/>
              <ssl_key_file/>
              <ssl_key_password/>
              <verify_peer>0</verify_peer>
              <verify_host>0</verify_host>
              <application_prototypes/>
              <master_item/>
            </item_prototype>
            <item_prototype>
              <name>{#SNMPVALUE}: Used storage in units</name>
              <type>4</type>
              <snmp_community>{$SNMP_COMMUNITY}</snmp_community>
              <snmp_oid>1.3.6.1.2.1.25.2.3.1.6.{#SNMPINDEX}</snmp_oid>
              <key>vfs.fs.units.used[hrStorageUsed.{#SNMPINDEX}]</key>
              <delay>5m</delay>
              <history>1w</history>
              <trends>0d</trends>
              <status>0</status>
              <value_type>3</value_type>
              <allowed_hosts/>
              <units>units</units>
              <snmpv3_contextname/>
              <snmpv3_securityname/>
              <snmpv3_securitylevel>0</snmpv3_securitylevel>
              <snmpv3_authprotocol>0</snmpv3_authprotocol>
              <snmpv3_authpassphrase/>
              <snmpv3_privprotocol>0</snmpv3_privprotocol>
              <snmpv3_privpassphrase/>
              <params/>
              <ipmi_sensor/>
              <authtype>0</authtype>
              <username/>
              <password/>
              <publickey/>
              <privatekey/>
              <port/>
              <description>MIB: HOST-RESOURCES-MIB&#13;\nThe amount of the storage represented by this entry that is allocated, in units of hrStorageAllocationUnits.</description>
              <inventory_link>0</inventory_link>
              <applications>
                <application>
                  <name>Internal items</name>
                </application>
              </applications>
              <valuemap/>
              <logtimefmt/>
              <preprocessing/>
              <jmx_endpoint/>
              <timeout>3s</timeout>
              <url/>
              <query_fields/>
              <posts/>
              <status_codes>200</status_codes>
              <follow_redirects>1</follow_redirects>
              <post_type>0</post_type>
              <http_proxy/>
              <headers/>
              <retrieve_mode>0</retrieve_mode>
              <request_method>0</request_method>
              <output_format>0</output_format>
              <allow_traps>0</allow_traps>
              <ssl_cert_file/>
              <ssl_key_file/>
              <ssl_key_password/>
              <verify_peer>0</verify_peer>
              <verify_host>0</verify_host>
              <application_prototypes/>
              <master_item/>
            </item_prototype>
            <item_prototype>
              <name>{#SNMPVALUE}: Storage units</name>
              <type>4</type>
              <snmp_community>{$SNMP_COMMUNITY}</snmp_community>
              <snmp_oid>1.3.6.1.2.1.25.2.3.1.4.{#SNMPINDEX}</snmp_oid>
              <key>vfs.fs.units[hrStorageAllocationUnits.{#SNMPINDEX}]</key>
              <delay>5m</delay>
              <history>1w</history>
              <trends>0d</trends>
              <status>0</status>
              <value_type>3</value_type>
              <allowed_hosts/>
              <units/>
              <snmpv3_contextname/>
              <snmpv3_securityname/>
              <snmpv3_securitylevel>0</snmpv3_securitylevel>
              <snmpv3_authprotocol>0</snmpv3_authprotocol>
              <snmpv3_authpassphrase/>
              <snmpv3_privprotocol>0</snmpv3_privprotocol>
              <snmpv3_privpassphrase/>
              <params/>
              <ipmi_sensor/>
              <authtype>0</authtype>
              <username/>
              <password/>
              <publickey/>
              <privatekey/>
              <port/>
              <description>MIB: HOST-RESOURCES-MIB&#13;\nThe size, in bytes, of the data objects allocated from this pool.&#13;\nIf this entry is monitoring sectors, blocks, buffers, or packets, for example,&#13;\nthis number will commonly be greater than one.  Otherwise this number will typically be one.</description>
              <inventory_link>0</inventory_link>
              <applications>
                <application>
                  <name>Internal items</name>
                </application>
              </applications>
              <valuemap/>
              <logtimefmt/>
              <preprocessing/>
              <jmx_endpoint/>
              <timeout>3s</timeout>
              <url/>
              <query_fields/>
              <posts/>
              <status_codes>200</status_codes>
              <follow_redirects>1</follow_redirects>
              <post_type>0</post_type>
              <http_proxy/>
              <headers/>
              <retrieve_mode>0</retrieve_mode>
              <request_method>0</request_method>
              <output_format>0</output_format>
              <allow_traps>0</allow_traps>
              <ssl_cert_file/>
              <ssl_key_file/>
              <ssl_key_password/>
              <verify_peer>0</verify_peer>
              <verify_host>0</verify_host>
              <application_prototypes/>
              <master_item/>
            </item_prototype>
            <item_prototype>
              <name>{#SNMPVALUE}: Used space</name>
              <type>15</type>
              <snmp_community/>
              <snmp_oid/>
              <key>vfs.fs.used[storageUsed.{#SNMPINDEX}]</key>
              <delay>5m</delay>
              <history>30d</history>
              <trends>365d</trends>
              <status>0</status>
              <value_type>3</value_type>
              <allowed_hosts/>
              <units>B</units>
              <snmpv3_contextname/>
              <snmpv3_securityname/>
              <snmpv3_securitylevel>0</snmpv3_securitylevel>
              <snmpv3_authprotocol>0</snmpv3_authprotocol>
              <snmpv3_authpassphrase/>
              <snmpv3_privprotocol>0</snmpv3_privprotocol>
              <snmpv3_privpassphrase/>
              <params>(last(vfs.fs.units.used[hrStorageUsed.{#SNMPINDEX}])*last(vfs.fs.units[hrStorageAllocationUnits.{#SNMPINDEX}]))</params>
              <ipmi_sensor/>
              <authtype>0</authtype>
              <username/>
              <password/>
              <publickey/>
              <privatekey/>
              <port/>
              <description>Used storage in Bytes</description>
              <inventory_link>0</inventory_link>
              <applications>
                <application>
                  <name>Storage</name>
                </application>
              </applications>
              <valuemap/>
              <logtimefmt/>
              <preprocessing/>
              <jmx_endpoint/>
              <timeout>3s</timeout>
              <url/>
              <query_fields/>
              <posts/>
              <status_codes>200</status_codes>
              <follow_redirects>1</follow_redirects>
              <post_type>0</post_type>
              <http_proxy/>
              <headers/>
              <retrieve_mode>0</retrieve_mode>
              <request_method>0</request_method>
              <output_format>0</output_format>
              <allow_traps>0</allow_traps>
              <ssl_cert_file/>
              <ssl_key_file/>
              <ssl_key_password/>
              <verify_peer>0</verify_peer>
              <verify_host>0</verify_host>
              <application_prototypes/>
              <master_item/>
            </item_prototype>
          </item_prototypes>
          <trigger_prototypes>
            <trigger_prototype>
              <expression>{Template Net Arista SNMPv2:vfs.fs.pused[storageUsedPercentage.{#SNMPINDEX}].avg(5m)}&gt;{$STORAGE_UTIL_CRIT}</expression>
              <recovery_mode>0</recovery_mode>
              <recovery_expression/>
              <name>{#SNMPVALUE}: Disk space is critically low</name>
              <correlation_mode>0</correlation_mode>
              <correlation_tag/>
              <url/>
              <status>0</status>
              <priority>3</priority>
              <description>Last value: {ITEM.LASTVALUE1}.</description>
              <type>0</type>
              <manual_close>0</manual_close>
              <dependencies/>
              <tags/>
            </trigger_prototype>
            <trigger_prototype>
              <expression>{Template Net Arista SNMPv2:vfs.fs.pused[storageUsedPercentage.{#SNMPINDEX}].avg(5m)}&gt;{$STORAGE_UTIL_WARN}</expression>
              <recovery_mode>0</recovery_mode>
              <recovery_expression/>
              <name>{#SNMPVALUE}: Disk space is low</name>
              <correlation_mode>0</correlation_mode>
              <correlation_tag/>
              <url/>
              <status>0</status>
              <priority>2</priority>
              <description>Last value: {ITEM.LASTVALUE1}.</description>
              <type>0</type>
              <manual_close>0</manual_close>
              <dependencies>
                <dependency>
                  <name>{#SNMPVALUE}: Disk space is critically low</name>
                  <expression>{Template Net Arista SNMPv2:vfs.fs.pused[storageUsedPercentage.{#SNMPINDEX}].avg(5m)}&gt;{$STORAGE_UTIL_CRIT}</expression>
                  <recovery_expression/>
                </dependency>
              </dependencies>
              <tags/>
            </trigger_prototype>
          </trigger_prototypes>
          <graph_prototypes/>
          <host_prototypes/>
          <jmx_endpoint/>
          <timeout>3s</timeout>
          <url/>
          <query_fields/>
          <posts/>
          <status_codes>200</status_codes>
          <follow_redirects>1</follow_redirects>
          <post_type>0</post_type>
          <http_proxy/>
          <headers/>
          <retrieve_mode>0</retrieve_mode>
          <request_method>0</request_method>
          <allow_traps>0</allow_traps>
          <ssl_cert_file/>
          <ssl_key_file/>
          <ssl_key_password/>
          <verify_peer>0</verify_peer>
          <verify_host>0</verify_host>
        </discovery_rule>
        <discovery_rule>
          <name>Temperature Discovery</name>
          <type>4</type>
          <snmp_community>{$SNMP_COMMUNITY}</snmp_community>
          <snmp_oid>discovery[{#SENSOR_TYPE},1.3.6.1.2.1.99.1.1.1.1,{#SENSOR_INFO},1.3.6.1.2.1.47.1.1.1.1.2,{#SENSOR_PRECISION},1.3.6.1.2.1.99.1.1.1.3]</snmp_oid>
          <key>temp.discovery</key>
          <delay>1h</delay>
          <status>0</status>
          <allowed_hosts/>
          <snmpv3_contextname/>
          <snmpv3_securityname/>
          <snmpv3_securitylevel>0</snmpv3_securitylevel>
          <snmpv3_authprotocol>0</snmpv3_authprotocol>
          <snmpv3_authpassphrase/>
          <snmpv3_privprotocol>0</snmpv3_privprotocol>
          <snmpv3_privpassphrase/>
          <params/>
          <ipmi_sensor/>
          <authtype>0</authtype>
          <username/>
          <password/>
          <publickey/>
          <privatekey/>
          <port/>
          <filter>
            <evaltype>1</evaltype>
            <formula/>
            <conditions>
              <condition>
                <macro>{#SENSOR_TYPE}</macro>
                <value>8</value>
                <operator>8</operator>
                <formulaid>B</formulaid>
              </condition>
              <condition>
                <macro>{#SENSOR_PRECISION}</macro>
                <value>1</value>
                <operator>8</operator>
                <formulaid>A</formulaid>
              </condition>
            </conditions>
          </filter>
          <lifetime>30d</lifetime>
          <description>ENTITY-SENSORS-MIB::EntitySensorDataType discovery with celsius filter</description>
          <item_prototypes>
            <item_prototype>
              <name>{#SENSOR_INFO}: Temperature status</name>
              <type>4</type>
              <snmp_community>{$SNMP_COMMUNITY}</snmp_community>
              <snmp_oid>1.3.6.1.2.1.99.1.1.1.5.{#SNMPINDEX}</snmp_oid>
              <key>sensor.temp.status[entPhySensorOperStatus.{#SNMPINDEX}]</key>
              <delay>3m</delay>
              <history>2w</history>
              <trends>0d</trends>
              <status>0</status>
              <value_type>3</value_type>
              <allowed_hosts/>
              <units/>
              <snmpv3_contextname/>
              <snmpv3_securityname/>
              <snmpv3_securitylevel>0</snmpv3_securitylevel>
              <snmpv3_authprotocol>0</snmpv3_authprotocol>
              <snmpv3_authpassphrase/>
              <snmpv3_privprotocol>0</snmpv3_privprotocol>
              <snmpv3_privpassphrase/>
              <params/>
              <ipmi_sensor/>
              <authtype>0</authtype>
              <username/>
              <password/>
              <publickey/>
              <privatekey/>
              <port/>
              <description>MIB: ENTITY-SENSORS-MIB&#13;\nThe operational status of the sensor {#SENSOR_INFO}</description>
              <inventory_link>0</inventory_link>
              <applications>
                <application>
                  <name>Temperature</name>
                </application>
              </applications>
              <valuemap>
                <name>ENTITY-SENSORS-MIB::EntitySensorStatus</name>
              </valuemap>
              <logtimefmt/>
              <preprocessing/>
              <jmx_endpoint/>
              <timeout>3s</timeout>
              <url/>
              <query_fields/>
              <posts/>
              <status_codes>200</status_codes>
              <follow_redirects>1</follow_redirects>
              <post_type>0</post_type>
              <http_proxy/>
              <headers/>
              <retrieve_mode>0</retrieve_mode>
              <request_method>0</request_method>
              <output_format>0</output_format>
              <allow_traps>0</allow_traps>
              <ssl_cert_file/>
              <ssl_key_file/>
              <ssl_key_password/>
              <verify_peer>0</verify_peer>
              <verify_host>0</verify_host>
              <application_prototypes/>
              <master_item/>
            </item_prototype>
            <item_prototype>
              <name>{#SENSOR_INFO}: Temperature</name>
              <type>4</type>
              <snmp_community>{$SNMP_COMMUNITY}</snmp_community>
              <snmp_oid>1.3.6.1.2.1.99.1.1.1.4.{#SNMPINDEX}</snmp_oid>
              <key>sensor.temp.value[entPhySensorValue.{#SNMPINDEX}]</key>
              <delay>3m</delay>
              <history>30d</history>
              <trends>365d</trends>
              <status>0</status>
              <value_type>0</value_type>
              <allowed_hosts/>
              <units>\u00b0C</units>
              <snmpv3_contextname/>
              <snmpv3_securityname/>
              <snmpv3_securitylevel>0</snmpv3_securitylevel>
              <snmpv3_authprotocol>0</snmpv3_authprotocol>
              <snmpv3_authpassphrase/>
              <snmpv3_privprotocol>0</snmpv3_privprotocol>
              <snmpv3_privpassphrase/>
              <params/>
              <ipmi_sensor/>
              <authtype>0</authtype>
              <username/>
              <password/>
              <publickey/>
              <privatekey/>
              <port/>
              <description>MIB: ENTITY-SENSORS-MIB&#13;\nThe most recent measurement obtained by the agent for this sensor.&#13;\nTo correctly interpret the value of this object, the associated entPhySensorType,&#13;\nentPhySensorScale, and entPhySensorPrecision objects must also be examined.</description>
              <inventory_link>0</inventory_link>
              <applications>
                <application>
                  <name>Temperature</name>
                </application>
              </applications>
              <valuemap/>
              <logtimefmt/>
              <preprocessing>
                <step>
                  <type>1</type>
                  <params>0.1</params>
                </step>
              </preprocessing>
              <jmx_endpoint/>
              <timeout>3s</timeout>
              <url/>
              <query_fields/>
              <posts/>
              <status_codes>200</status_codes>
              <follow_redirects>1</follow_redirects>
              <post_type>0</post_type>
              <http_proxy/>
              <headers/>
              <retrieve_mode>0</retrieve_mode>
              <request_method>0</request_method>
              <output_format>0</output_format>
              <allow_traps>0</allow_traps>
              <ssl_cert_file/>
              <ssl_key_file/>
              <ssl_key_password/>
              <verify_peer>0</verify_peer>
              <verify_host>0</verify_host>
              <application_prototypes/>
              <master_item/>
            </item_prototype>
          </item_prototypes>
          <trigger_prototypes>
            <trigger_prototype>
              <expression>{Template Net Arista SNMPv2:sensor.temp.value[entPhySensorValue.{#SNMPINDEX}].avg(5m)}&gt;{$TEMP_CRIT:""}</expression>
              <recovery_mode>1</recovery_mode>
              <recovery_expression>{Template Net Arista SNMPv2:sensor.temp.value[entPhySensorValue.{#SNMPINDEX}].max(5m)}&lt;{$TEMP_CRIT:""}-3</recovery_expression>
              <name>{#SENSOR_INFO}: Temperature is above critical threshold: &gt;{$TEMP_CRIT:""}</name>
              <correlation_mode>0</correlation_mode>
              <correlation_tag/>
              <url/>
              <status>0</status>
              <priority>4</priority>
              <description>Last value: {ITEM.LASTVALUE1}.&#13;\nThis trigger uses temperature sensor values as well as temperature sensor status if available</description>
              <type>0</type>
              <manual_close>0</manual_close>
              <dependencies/>
              <tags/>
            </trigger_prototype>
            <trigger_prototype>
              <expression>{Template Net Arista SNMPv2:sensor.temp.value[entPhySensorValue.{#SNMPINDEX}].avg(5m)}&gt;{$TEMP_WARN:""}&#13;\nor&#13;\n{Template Net Arista SNMPv2:sensor.temp.status[entPhySensorOperStatus.{#SNMPINDEX}].last(0)}={$TEMP_WARN_STATUS}</expression>
              <recovery_mode>1</recovery_mode>
              <recovery_expression>{Template Net Arista SNMPv2:sensor.temp.value[entPhySensorValue.{#SNMPINDEX}].max(5m)}&lt;{$TEMP_WARN:""}-3</recovery_expression>
              <name>{#SENSOR_INFO}: Temperature is above warning threshold: &gt;{$TEMP_WARN:""}</name>
              <correlation_mode>0</correlation_mode>
              <correlation_tag/>
              <url/>
              <status>0</status>
              <priority>2</priority>
              <description>Last value: {ITEM.LASTVALUE1}.&#13;\nThis trigger uses temperature sensor values as well as temperature sensor status if available</description>
              <type>0</type>
              <manual_close>0</manual_close>
              <dependencies>
                <dependency>
                  <name>{#SENSOR_INFO}: Temperature is above critical threshold: &gt;{$TEMP_CRIT:""}</name>
                  <expression>{Template Net Arista SNMPv2:sensor.temp.value[entPhySensorValue.{#SNMPINDEX}].avg(5m)}&gt;{$TEMP_CRIT:""}</expression>
                  <recovery_expression>{Template Net Arista SNMPv2:sensor.temp.value[entPhySensorValue.{#SNMPINDEX}].max(5m)}&lt;{$TEMP_CRIT:""}-3</recovery_expression>
                </dependency>
              </dependencies>
              <tags/>
            </trigger_prototype>
            <trigger_prototype>
              <expression>{Template Net Arista SNMPv2:sensor.temp.value[entPhySensorValue.{#SNMPINDEX}].avg(5m)}&lt;{$TEMP_CRIT_LOW:""}</expression>
              <recovery_mode>1</recovery_mode>
              <recovery_expression>{Template Net Arista SNMPv2:sensor.temp.value[entPhySensorValue.{#SNMPINDEX}].min(5m)}&gt;{$TEMP_CRIT_LOW:""}+3</recovery_expression>
              <name>{#SENSOR_INFO}: Temperature is too low: &lt;{$TEMP_CRIT_LOW:""}</name>
              <correlation_mode>0</correlation_mode>
              <correlation_tag/>
              <url/>
              <status>0</status>
              <priority>3</priority>
              <description>Last value: {ITEM.LASTVALUE1}.</description>
              <type>0</type>
              <manual_close>0</manual_close>
              <dependencies/>
              <tags/>
            </trigger_prototype>
          </trigger_prototypes>
          <graph_prototypes/>
          <host_prototypes/>
          <jmx_endpoint/>
          <timeout>3s</timeout>
          <url/>
          <query_fields/>
          <posts/>
          <status_codes>200</status_codes>
          <follow_redirects>1</follow_redirects>
          <post_type>0</post_type>
          <http_proxy/>
          <headers/>
          <retrieve_mode>0</retrieve_mode>
          <request_method>0</request_method>
          <allow_traps>0</allow_traps>
          <ssl_cert_file/>
          <ssl_key_file/>
          <ssl_key_password/>
          <verify_peer>0</verify_peer>
          <verify_host>0</verify_host>
        </discovery_rule>
      </discovery_rules>
      <httptests/>
      <macros>
        <macro>
          <macro>{$CPU_UTIL_MAX}</macro>
          <value>90</value>
        </macro>
        <macro>
          <macro>{$FAN_CRIT_STATUS}</macro>
          <value>3</value>
        </macro>
        <macro>
          <macro>{$MEMORY_UTIL_MAX}</macro>
          <value>90</value>
        </macro>
        <macro>
          <macro>{$PSU_CRIT_STATUS}</macro>
          <value>2</value>
        </macro>
        <macro>
          <macro>{$STORAGE_UTIL_CRIT}</macro>
          <value>95</value>
        </macro>
        <macro>
          <macro>{$STORAGE_UTIL_WARN}</macro>
          <value>90</value>
        </macro>
        <macro>
          <macro>{$TEMP_CRIT}</macro>
          <value>60</value>
        </macro>
        <macro>
          <macro>{$TEMP_CRIT_LOW}</macro>
          <value>5</value>
        </macro>
        <macro>
          <macro>{$TEMP_WARN}</macro>
          <value>50</value>
        </macro>
        <macro>
          <macro>{$TEMP_WARN_STATUS}</macro>
          <value>3</value>
        </macro>
      </macros>
      <templates>
        <template>
          <name>Template Module EtherLike-MIB SNMPv2</name>
        </template>
        <template>
          <name>Template Module Generic SNMPv2</name>
        </template>
        <template>
          <name>Template Module Interfaces SNMPv2</name>
        </template>
      </templates>
      <screens/>
    </template>
  </templates>
  <value_maps>
    <value_map>
      <name>ENTITY-SENSORS-MIB::EntitySensorStatus</name>
      <mappings>
        <mapping>
          <value>1</value>
          <newvalue>ok</newvalue>
        </mapping>
        <mapping>
          <value>2</value>
          <newvalue>unavailable</newvalue>
        </mapping>
        <mapping>
          <value>3</value>
          <newvalue>nonoperational</newvalue>
        </mapping>
      </mappings>
    </value_map>
    <value_map>
      <name>ENTITY-STATE-MIB::EntityOperState</name>
      <mappings>
        <mapping>
          <value>1</value>
          <newvalue>unknown</newvalue>
        </mapping>
        <mapping>
          <value>2</value>
          <newvalue>disabled</newvalue>
        </mapping>
        <mapping>
          <value>3</value>
          <newvalue>enabled</newvalue>
        </mapping>
        <mapping>
          <value>4</value>
          <newvalue>testing</newvalue>
        </mapping>
      </mappings>
    </value_map>
  </value_maps>
</zabbix_export>
