<?xml version="1.0" encoding="UTF-8"?>
<zabbix_export>
  <version>4.0</version>
  <date>2019-05-28T22:28:34Z</date>
  <groups>
    <group>
      <name>Templates/Network devices</name>
    </group>
  </groups>
  <templates>
    <template>
      <template>Template Net Cisco IOS versions 12.0_3_T-12.2_3.5 SNMPv2</template>
      <name>Template Net Cisco IOS versions 12.0_3_T-12.2_3.5 SNMPv2</name>
      <description>Cisco IOS Software releases later to 12.0(3)T and prior to 12.2(3.5) version: 0.15</description>
      <groups>
        <group>
          <name>Templates/Network devices</name>
        </group>
      </groups>
      <applications/>
      <items/>
      <discovery_rules/>
      <httptests/>
      <macros/>
      <templates>
        <template>
          <name>Template Module Cisco CISCO-ENVMON-MIB SNMPv2</name>
        </template>
        <template>
          <name>Template Module Cisco CISCO-MEMORY-POOL-MIB SNMPv2</name>
        </template>
        <template>
          <name>Template Module Cisco CISCO-PROCESS-MIB IOS versions 12.0_3_T-12.2_3.5 SNMPv2</name>
        </template>
        <template>
          <name>Template Module Cisco Inventory SNMPv2</name>
        </template>
        <template>
          <name>Template Module Generic SNMPv2</name>
        </template>
        <template>
          <name>Template Module Interfaces SNMPv2</name>
        </template>
      </templates>
      <screens/>
    </template>
  </templates>
</zabbix_export>
