<?xml version="1.0" encoding="UTF-8"?>
<zabbix_export>
  <version>4.0</version>
  <date>2019-05-28T22:28:34Z</date>
  <groups>
    <group>
      <name>Templates/Modules</name>
    </group>
  </groups>
  <templates>
    <template>
      <template>Template Module Cisco CISCO-PROCESS-MIB IOS versions 12.0_3_T-12.2_3.5 SNMPv2</template>
      <name>Template Module Cisco CISCO-PROCESS-MIB IOS versions 12.0_3_T-12.2_3.5 SNMPv2</name>
      <description>Template Module Cisco CISCO-PROCESS-MIB IOS versions 12.0_3_T-12.2_3.5 version: 0.15&#13;\nMIBs used:&#13;\nCISCO-PROCESS-MIB</description>
      <groups>
        <group>
          <name>Templates/Modules</name>
        </group>
      </groups>
      <applications>
        <application>
          <name>CPU</name>
        </application>
      </applications>
      <items/>
      <discovery_rules>
        <discovery_rule>
          <name>CPU Discovery</name>
          <type>4</type>
          <snmp_community>{$SNMP_COMMUNITY}</snmp_community>
          <snmp_oid>discovery[{#SNMPVALUE},1.3.6.1.4.1.9.9.109.1.1.1.1.5]</snmp_oid>
          <key>cpu.discovery</key>
          <delay>1h</delay>
          <status>0</status>
          <allowed_hosts/>
          <snmpv3_contextname/>
          <snmpv3_securityname/>
          <snmpv3_securitylevel>0</snmpv3_securitylevel>
          <snmpv3_authprotocol>0</snmpv3_authprotocol>
          <snmpv3_authpassphrase/>
          <snmpv3_privprotocol>0</snmpv3_privprotocol>
          <snmpv3_privpassphrase/>
          <params/>
          <ipmi_sensor/>
          <authtype>0</authtype>
          <username/>
          <password/>
          <publickey/>
          <privatekey/>
          <port/>
          <filter>
            <evaltype>0</evaltype>
            <formula/>
            <conditions/>
          </filter>
          <lifetime>30d</lifetime>
          <description>If your IOS device has several CPUs, you must use CISCO-PROCESS-MIB and its object cpmCPUTotal5minRev from the table called cpmCPUTotalTable ,&#13;\nindexed with cpmCPUTotalIndex .&#13;\nThis table allows CISCO-PROCESS-MIB to keep CPU statistics for different physical entities in the router,&#13;\nlike different CPU chips, group of CPUs, or CPUs in different modules/cards.&#13;\nIn case of a single CPU, cpmCPUTotalTable has only one entry.</description>
          <item_prototypes>
            <item_prototype>
              <name>{#SNMPVALUE}: CPU utilization</name>
              <type>4</type>
              <snmp_community>{$SNMP_COMMUNITY}</snmp_community>
              <snmp_oid>1.3.6.1.4.1.9.9.109.1.1.1.1.5.{#SNMPINDEX}</snmp_oid>
              <key>system.cpu.util[cpmCPUTotal5min.{#SNMPINDEX}]</key>
              <delay>3m</delay>
              <history>30d</history>
              <trends>365d</trends>
              <status>0</status>
              <value_type>0</value_type>
              <allowed_hosts/>
              <units>%</units>
              <snmpv3_contextname/>
              <snmpv3_securityname/>
              <snmpv3_securitylevel>0</snmpv3_securitylevel>
              <snmpv3_authprotocol>0</snmpv3_authprotocol>
              <snmpv3_authpassphrase/>
              <snmpv3_privprotocol>0</snmpv3_privprotocol>
              <snmpv3_privpassphrase/>
              <params/>
              <ipmi_sensor/>
              <authtype>0</authtype>
              <username/>
              <password/>
              <publickey/>
              <privatekey/>
              <port/>
              <description>MIB: CISCO-PROCESS-MIB&#13;\nThe overall CPU busy percentage in the last 5 minute&#13;\nperiod. This object deprecates the avgBusy5 object from&#13;\nthe OLD-CISCO-SYSTEM-MIB. This object is deprecated&#13;\nby cpmCPUTotal5minRev which has the changed range&#13;\nof value (0..100)&#13;\nReference: http://www.cisco.com/c/en/us/support/docs/ip/simple-network-management-protocol-snmp/15215-collect-cpu-util-snmp.html</description>
              <inventory_link>0</inventory_link>
              <applications>
                <application>
                  <name>CPU</name>
                </application>
              </applications>
              <valuemap/>
              <logtimefmt/>
              <preprocessing/>
              <jmx_endpoint/>
              <timeout>3s</timeout>
              <url/>
              <query_fields/>
              <posts/>
              <status_codes>200</status_codes>
              <follow_redirects>1</follow_redirects>
              <post_type>0</post_type>
              <http_proxy/>
              <headers/>
              <retrieve_mode>0</retrieve_mode>
              <request_method>0</request_method>
              <output_format>0</output_format>
              <allow_traps>0</allow_traps>
              <ssl_cert_file/>
              <ssl_key_file/>
              <ssl_key_password/>
              <verify_peer>0</verify_peer>
              <verify_host>0</verify_host>
              <application_prototypes/>
              <master_item/>
            </item_prototype>
          </item_prototypes>
          <trigger_prototypes>
            <trigger_prototype>
              <expression>{Template Module Cisco CISCO-PROCESS-MIB IOS versions 12.0_3_T-12.2_3.5 SNMPv2:system.cpu.util[cpmCPUTotal5min.{#SNMPINDEX}].avg(5m)}&gt;{$CPU_UTIL_MAX}</expression>
              <recovery_mode>0</recovery_mode>
              <recovery_expression/>
              <name>{#SNMPVALUE}: High CPU utilization</name>
              <correlation_mode>0</correlation_mode>
              <correlation_tag/>
              <url/>
              <status>0</status>
              <priority>3</priority>
              <description>Last value: {ITEM.LASTVALUE1}.</description>
              <type>0</type>
              <manual_close>0</manual_close>
              <dependencies/>
              <tags/>
            </trigger_prototype>
          </trigger_prototypes>
          <graph_prototypes>
            <graph_prototype>
              <name>{#SNMPVALUE}: CPU utilization</name>
              <width>900</width>
              <height>200</height>
              <yaxismin>0.0000</yaxismin>
              <yaxismax>100.0000</yaxismax>
              <show_work_period>1</show_work_period>
              <show_triggers>1</show_triggers>
              <type>0</type>
              <show_legend>1</show_legend>
              <show_3d>0</show_3d>
              <percent_left>0.0000</percent_left>
              <percent_right>0.0000</percent_right>
              <ymin_type_1>1</ymin_type_1>
              <ymax_type_1>1</ymax_type_1>
              <ymin_item_1>0</ymin_item_1>
              <ymax_item_1>0</ymax_item_1>
              <graph_items>
                <graph_item>
                  <sortorder>0</sortorder>
                  <drawtype>5</drawtype>
                  <color>1A7C11</color>
                  <yaxisside>0</yaxisside>
                  <calc_fnc>2</calc_fnc>
                  <type>0</type>
                  <item>
                    <host>Template Module Cisco CISCO-PROCESS-MIB IOS versions 12.0_3_T-12.2_3.5 SNMPv2</host>
                    <key>system.cpu.util[cpmCPUTotal5min.{#SNMPINDEX}]</key>
                  </item>
                </graph_item>
              </graph_items>
            </graph_prototype>
          </graph_prototypes>
          <host_prototypes/>
          <jmx_endpoint/>
          <timeout>3s</timeout>
          <url/>
          <query_fields/>
          <posts/>
          <status_codes>200</status_codes>
          <follow_redirects>1</follow_redirects>
          <post_type>0</post_type>
          <http_proxy/>
          <headers/>
          <retrieve_mode>0</retrieve_mode>
          <request_method>0</request_method>
          <allow_traps>0</allow_traps>
          <ssl_cert_file/>
          <ssl_key_file/>
          <ssl_key_password/>
          <verify_peer>0</verify_peer>
          <verify_host>0</verify_host>
        </discovery_rule>
      </discovery_rules>
      <httptests/>
      <macros>
        <macro>
          <macro>{$CPU_UTIL_MAX}</macro>
          <value>90</value>
        </macro>
      </macros>
      <templates/>
      <screens/>
    </template>
  </templates>
</zabbix_export>
