<?xml version="1.0" encoding="UTF-8"?>
<zabbix_export>
  <version>4.0</version>
  <date>2019-05-28T22:28:35Z</date>
  <groups>
    <group>
      <name>Templates/Server hardware</name>
    </group>
  </groups>
  <templates>
    <template>
      <template>Template Server IBM IMM SNMPv1</template>
      <name>Template Server IBM IMM SNMPv1</name>
      <description>Template Server IBM IMM version: 0.15&#13;\nOverview: for IMM2 and IMM1 IBM serverX hardware&#13;\nMIBs used:&#13;\nIMM-MIB&#13;\nKnown Issues:&#13;\ndescription : Some IMMs (IMM1) do not return disks&#13;\nversion : IMM1&#13;\ndevice : IBM x3250M3&#13;\ndescription : Some IMMs (IMM1) do not return fan status: fanHealthStatus&#13;\nversion : IMM1&#13;\ndevice : IBM x3250M3&#13;\ndescription : IMM1 servers (M2, M3 generations) sysObjectID is NET-SNMP-MIB::netSnmpAgentOIDs.10&#13;\nversion : IMM1&#13;\ndevice : IMM1 servers (M2,M3 generations)&#13;\ndescription : IMM1 servers (M2, M3 generations) only Ambient temperature sensor available&#13;\nversion : IMM1&#13;\ndevice : IMM1 servers (M2,M3 generations)</description>
      <groups>
        <group>
          <name>Templates/Server hardware</name>
        </group>
      </groups>
      <applications>
        <application>
          <name>Fans</name>
        </application>
        <application>
          <name>Inventory</name>
        </application>
        <application>
          <name>Physical disks</name>
        </application>
        <application>
          <name>Power supply</name>
        </application>
        <application>
          <name>Temperature</name>
        </application>
      </applications>
      <items>
        <item>
          <name>Hardware model name</name>
          <type>1</type>
          <snmp_community>{$SNMP_COMMUNITY}</snmp_community>
          <snmp_oid>1.3.6.1.4.1.2.3.51.3.1.5.2.1.5.0</snmp_oid>
          <key>system.hw.model</key>
          <delay>1h</delay>
          <history>2w</history>
          <trends>0</trends>
          <status>0</status>
          <value_type>1</value_type>
          <allowed_hosts/>
          <units/>
          <snmpv3_contextname/>
          <snmpv3_securityname/>
          <snmpv3_securitylevel>0</snmpv3_securitylevel>
          <snmpv3_authprotocol>0</snmpv3_authprotocol>
          <snmpv3_authpassphrase/>
          <snmpv3_privprotocol>0</snmpv3_privprotocol>
          <snmpv3_privpassphrase/>
          <params/>
          <ipmi_sensor/>
          <authtype>0</authtype>
          <username/>
          <password/>
          <publickey/>
          <privatekey/>
          <port/>
          <description>MIB: IMM-MIB</description>
          <inventory_link>29</inventory_link>
          <applications>
            <application>
              <name>Inventory</name>
            </application>
          </applications>
          <valuemap/>
          <logtimefmt/>
          <preprocessing/>
          <jmx_endpoint/>
          <timeout>3s</timeout>
          <url/>
          <query_fields/>
          <posts/>
          <status_codes>200</status_codes>
          <follow_redirects>1</follow_redirects>
          <post_type>0</post_type>
          <http_proxy/>
          <headers/>
          <retrieve_mode>0</retrieve_mode>
          <request_method>0</request_method>
          <output_format>0</output_format>
          <allow_traps>0</allow_traps>
          <ssl_cert_file/>
          <ssl_key_file/>
          <ssl_key_password/>
          <verify_peer>0</verify_peer>
          <verify_host>0</verify_host>
          <master_item/>
        </item>
        <item>
          <name>Hardware serial number</name>
          <type>1</type>
          <snmp_community>{$SNMP_COMMUNITY}</snmp_community>
          <snmp_oid>1.3.6.1.4.1.2.3.51.3.1.5.2.1.3.0</snmp_oid>
          <key>system.hw.serialnumber</key>
          <delay>1h</delay>
          <history>2w</history>
          <trends>0</trends>
          <status>0</status>
          <value_type>1</value_type>
          <allowed_hosts/>
          <units/>
          <snmpv3_contextname/>
          <snmpv3_securityname/>
          <snmpv3_securitylevel>0</snmpv3_securitylevel>
          <snmpv3_authprotocol>0</snmpv3_authprotocol>
          <snmpv3_authpassphrase/>
          <snmpv3_privprotocol>0</snmpv3_privprotocol>
          <snmpv3_privpassphrase/>
          <params/>
          <ipmi_sensor/>
          <authtype>0</authtype>
          <username/>
          <password/>
          <publickey/>
          <privatekey/>
          <port/>
          <description>MIB: IMM-MIB&#13;\nMachine serial number VPD information</description>
          <inventory_link>8</inventory_link>
          <applications>
            <application>
              <name>Inventory</name>
            </application>
          </applications>
          <valuemap/>
          <logtimefmt/>
          <preprocessing/>
          <jmx_endpoint/>
          <timeout>3s</timeout>
          <url/>
          <query_fields/>
          <posts/>
          <status_codes>200</status_codes>
          <follow_redirects>1</follow_redirects>
          <post_type>0</post_type>
          <http_proxy/>
          <headers/>
          <retrieve_mode>0</retrieve_mode>
          <request_method>0</request_method>
          <output_format>0</output_format>
          <allow_traps>0</allow_traps>
          <ssl_cert_file/>
          <ssl_key_file/>
          <ssl_key_password/>
          <verify_peer>0</verify_peer>
          <verify_host>0</verify_host>
          <master_item/>
        </item>
        <item>
          <name>Overall system health status</name>
          <type>1</type>
          <snmp_community>{$SNMP_COMMUNITY}</snmp_community>
          <snmp_oid>1.3.6.1.4.1.2.3.51.3.1.4.1.0</snmp_oid>
          <key>system.status[systemHealthStat.0]</key>
          <delay>30s</delay>
          <history>2w</history>
          <trends>0d</trends>
          <status>0</status>
          <value_type>3</value_type>
          <allowed_hosts/>
          <units/>
          <snmpv3_contextname/>
          <snmpv3_securityname/>
          <snmpv3_securitylevel>0</snmpv3_securitylevel>
          <snmpv3_authprotocol>0</snmpv3_authprotocol>
          <snmpv3_authpassphrase/>
          <snmpv3_privprotocol>0</snmpv3_privprotocol>
          <snmpv3_privpassphrase/>
          <params/>
          <ipmi_sensor/>
          <authtype>0</authtype>
          <username/>
          <password/>
          <publickey/>
          <privatekey/>
          <port/>
          <description>MIB: IMM-MIB&#13;\nIndicates status of system health for the system in which the IMM resides. Value of 'nonRecoverable' indicates a severe error has occurred and the system may not be functioning. A value of 'critical' indicates that a error has occurred but the system is currently functioning properly. A value of 'nonCritical' indicates that a condition has occurred that may change the state of the system in the future but currently the system is working properly. A value of 'normal' indicates that the system is operating normally.</description>
          <inventory_link>0</inventory_link>
          <applications>
            <application>
              <name>Status</name>
            </application>
          </applications>
          <valuemap>
            <name>IMM-MIB::systemHealthStat</name>
          </valuemap>
          <logtimefmt/>
          <preprocessing/>
          <jmx_endpoint/>
          <timeout>3s</timeout>
          <url/>
          <query_fields/>
          <posts/>
          <status_codes>200</status_codes>
          <follow_redirects>1</follow_redirects>
          <post_type>0</post_type>
          <http_proxy/>
          <headers/>
          <retrieve_mode>0</retrieve_mode>
          <request_method>0</request_method>
          <output_format>0</output_format>
          <allow_traps>0</allow_traps>
          <ssl_cert_file/>
          <ssl_key_file/>
          <ssl_key_password/>
          <verify_peer>0</verify_peer>
          <verify_host>0</verify_host>
          <master_item/>
        </item>
      </items>
      <discovery_rules>
        <discovery_rule>
          <name>FAN Discovery</name>
          <type>1</type>
          <snmp_community>{$SNMP_COMMUNITY}</snmp_community>
          <snmp_oid>discovery[{#FAN_DESCR},1.3.6.1.4.1.2.3.51.3.1.3.2.1.2]</snmp_oid>
          <key>fan.discovery</key>
          <delay>1h</delay>
          <status>0</status>
          <allowed_hosts/>
          <snmpv3_contextname/>
          <snmpv3_securityname/>
          <snmpv3_securitylevel>0</snmpv3_securitylevel>
          <snmpv3_authprotocol>0</snmpv3_authprotocol>
          <snmpv3_authpassphrase/>
          <snmpv3_privprotocol>0</snmpv3_privprotocol>
          <snmpv3_privpassphrase/>
          <params/>
          <ipmi_sensor/>
          <authtype>0</authtype>
          <username/>
          <password/>
          <publickey/>
          <privatekey/>
          <port/>
          <filter>
            <evaltype>0</evaltype>
            <formula/>
            <conditions/>
          </filter>
          <lifetime>30d</lifetime>
          <description>IMM-MIB::fanDescr</description>
          <item_prototypes>
            <item_prototype>
              <name>{#FAN_DESCR}: Fan speed, %</name>
              <type>1</type>
              <snmp_community>{$SNMP_COMMUNITY}</snmp_community>
              <snmp_oid>1.3.6.1.4.1.2.3.51.3.1.3.2.1.3.{#SNMPINDEX}</snmp_oid>
              <key>sensor.fan.speed.percentage[fanSpeed.{#SNMPINDEX}]</key>
              <delay>5m</delay>
              <history>30d</history>
              <trends>365d</trends>
              <status>0</status>
              <value_type>3</value_type>
              <allowed_hosts/>
              <units>%</units>
              <snmpv3_contextname/>
              <snmpv3_securityname/>
              <snmpv3_securitylevel>0</snmpv3_securitylevel>
              <snmpv3_authprotocol>0</snmpv3_authprotocol>
              <snmpv3_authpassphrase/>
              <snmpv3_privprotocol>0</snmpv3_privprotocol>
              <snmpv3_privpassphrase/>
              <params/>
              <ipmi_sensor/>
              <authtype>0</authtype>
              <username/>
              <password/>
              <publickey/>
              <privatekey/>
              <port/>
              <description>MIB: IMM-MIB&#13;\nFan speed expressed in percent(%) of maximum RPM.&#13;\nAn octet string expressed as 'ddd% of maximum' where:d is a decimal digit or blank space for a leading zero.&#13;\nIf the fan is determined not to be running or the fan speed cannot be determined, the string will indicate 'Offline'.</description>
              <inventory_link>0</inventory_link>
              <applications>
                <application>
                  <name>Fans</name>
                </application>
              </applications>
              <valuemap/>
              <logtimefmt/>
              <preprocessing>
                <step>
                  <type>5</type>
                  <params>(\d{1,3}) *%( of maximum)?\n\1</params>
                </step>
              </preprocessing>
              <jmx_endpoint/>
              <timeout>3s</timeout>
              <url/>
              <query_fields/>
              <posts/>
              <status_codes>200</status_codes>
              <follow_redirects>1</follow_redirects>
              <post_type>0</post_type>
              <http_proxy/>
              <headers/>
              <retrieve_mode>0</retrieve_mode>
              <request_method>0</request_method>
              <output_format>0</output_format>
              <allow_traps>0</allow_traps>
              <ssl_cert_file/>
              <ssl_key_file/>
              <ssl_key_password/>
              <verify_peer>0</verify_peer>
              <verify_host>0</verify_host>
              <application_prototypes/>
              <master_item/>
            </item_prototype>
            <item_prototype>
              <name>{#FAN_DESCR}: Fan status</name>
              <type>1</type>
              <snmp_community>{$SNMP_COMMUNITY}</snmp_community>
              <snmp_oid>1.3.6.1.4.1.2.3.51.3.1.3.2.1.10.{#SNMPINDEX}</snmp_oid>
              <key>sensor.fan.status[fanHealthStatus.{#SNMPINDEX}]</key>
              <delay>3m</delay>
              <history>2w</history>
              <trends>0</trends>
              <status>0</status>
              <value_type>1</value_type>
              <allowed_hosts/>
              <units/>
              <snmpv3_contextname/>
              <snmpv3_securityname/>
              <snmpv3_securitylevel>0</snmpv3_securitylevel>
              <snmpv3_authprotocol>0</snmpv3_authprotocol>
              <snmpv3_authpassphrase/>
              <snmpv3_privprotocol>0</snmpv3_privprotocol>
              <snmpv3_privpassphrase/>
              <params/>
              <ipmi_sensor/>
              <authtype>0</authtype>
              <username/>
              <password/>
              <publickey/>
              <privatekey/>
              <port/>
              <description>MIB: IMM-MIB&#13;\nA description of the fan component status.</description>
              <inventory_link>0</inventory_link>
              <applications>
                <application>
                  <name>Fans</name>
                </application>
              </applications>
              <valuemap/>
              <logtimefmt/>
              <preprocessing/>
              <jmx_endpoint/>
              <timeout>3s</timeout>
              <url/>
              <query_fields/>
              <posts/>
              <status_codes>200</status_codes>
              <follow_redirects>1</follow_redirects>
              <post_type>0</post_type>
              <http_proxy/>
              <headers/>
              <retrieve_mode>0</retrieve_mode>
              <request_method>0</request_method>
              <output_format>0</output_format>
              <allow_traps>0</allow_traps>
              <ssl_cert_file/>
              <ssl_key_file/>
              <ssl_key_password/>
              <verify_peer>0</verify_peer>
              <verify_host>0</verify_host>
              <application_prototypes/>
              <master_item/>
            </item_prototype>
          </item_prototypes>
          <trigger_prototypes>
            <trigger_prototype>
              <expression>{Template Server IBM IMM SNMPv1:sensor.fan.status[fanHealthStatus.{#SNMPINDEX}].count(#1,{$FAN_OK_STATUS},ne)}=1</expression>
              <recovery_mode>0</recovery_mode>
              <recovery_expression/>
              <name>{#FAN_DESCR}: Fan is not in normal state</name>
              <correlation_mode>0</correlation_mode>
              <correlation_tag/>
              <url/>
              <status>0</status>
              <priority>1</priority>
              <description>Last value: {ITEM.LASTVALUE1}.&#13;\nPlease check the fan unit</description>
              <type>0</type>
              <manual_close>0</manual_close>
              <dependencies/>
              <tags/>
            </trigger_prototype>
          </trigger_prototypes>
          <graph_prototypes/>
          <host_prototypes/>
          <jmx_endpoint/>
          <timeout>3s</timeout>
          <url/>
          <query_fields/>
          <posts/>
          <status_codes>200</status_codes>
          <follow_redirects>1</follow_redirects>
          <post_type>0</post_type>
          <http_proxy/>
          <headers/>
          <retrieve_mode>0</retrieve_mode>
          <request_method>0</request_method>
          <allow_traps>0</allow_traps>
          <ssl_cert_file/>
          <ssl_key_file/>
          <ssl_key_password/>
          <verify_peer>0</verify_peer>
          <verify_host>0</verify_host>
        </discovery_rule>
        <discovery_rule>
          <name>Physical Disk Discovery</name>
          <type>1</type>
          <snmp_community>{$SNMP_COMMUNITY}</snmp_community>
          <snmp_oid>discovery[{#SNMPVALUE},1.3.6.1.4.1.2.3.51.3.1.12.2.1.1]</snmp_oid>
          <key>physicalDisk.discovery</key>
          <delay>1h</delay>
          <status>0</status>
          <allowed_hosts/>
          <snmpv3_contextname/>
          <snmpv3_securityname/>
          <snmpv3_securitylevel>0</snmpv3_securitylevel>
          <snmpv3_authprotocol>0</snmpv3_authprotocol>
          <snmpv3_authpassphrase/>
          <snmpv3_privprotocol>0</snmpv3_privprotocol>
          <snmpv3_privpassphrase/>
          <params/>
          <ipmi_sensor/>
          <authtype>0</authtype>
          <username/>
          <password/>
          <publickey/>
          <privatekey/>
          <port/>
          <filter>
            <evaltype>0</evaltype>
            <formula/>
            <conditions/>
          </filter>
          <lifetime>30d</lifetime>
          <description/>
          <item_prototypes>
            <item_prototype>
              <name>{#SNMPINDEX}: Physical disk part number</name>
              <type>1</type>
              <snmp_community>{$SNMP_COMMUNITY}</snmp_community>
              <snmp_oid>1.3.6.1.4.1.2.3.51.3.1.12.2.1.2.{#SNMPINDEX}</snmp_oid>
              <key>system.hw.physicaldisk.part_number[diskFruName.{#SNMPINDEX}]</key>
              <delay>1h</delay>
              <history>2w</history>
              <trends>0</trends>
              <status>0</status>
              <value_type>1</value_type>
              <allowed_hosts/>
              <units/>
              <snmpv3_contextname/>
              <snmpv3_securityname/>
              <snmpv3_securitylevel>0</snmpv3_securitylevel>
              <snmpv3_authprotocol>0</snmpv3_authprotocol>
              <snmpv3_authpassphrase/>
              <snmpv3_privprotocol>0</snmpv3_privprotocol>
              <snmpv3_privpassphrase/>
              <params/>
              <ipmi_sensor/>
              <authtype>0</authtype>
              <username/>
              <password/>
              <publickey/>
              <privatekey/>
              <port/>
              <description>MIB: IMM-MIB&#13;\ndisk module FRU name.</description>
              <inventory_link>0</inventory_link>
              <applications>
                <application>
                  <name>Physical disks</name>
                </application>
              </applications>
              <valuemap/>
              <logtimefmt/>
              <preprocessing/>
              <jmx_endpoint/>
              <timeout>3s</timeout>
              <url/>
              <query_fields/>
              <posts/>
              <status_codes>200</status_codes>
              <follow_redirects>1</follow_redirects>
              <post_type>0</post_type>
              <http_proxy/>
              <headers/>
              <retrieve_mode>0</retrieve_mode>
              <request_method>0</request_method>
              <output_format>0</output_format>
              <allow_traps>0</allow_traps>
              <ssl_cert_file/>
              <ssl_key_file/>
              <ssl_key_password/>
              <verify_peer>0</verify_peer>
              <verify_host>0</verify_host>
              <application_prototypes/>
              <master_item/>
            </item_prototype>
            <item_prototype>
              <name>{#SNMPINDEX}: Physical disk status</name>
              <type>1</type>
              <snmp_community>{$SNMP_COMMUNITY}</snmp_community>
              <snmp_oid>1.3.6.1.4.1.2.3.51.3.1.12.2.1.3.{#SNMPINDEX}</snmp_oid>
              <key>system.hw.physicaldisk.status[diskHealthStatus.{#SNMPINDEX}]</key>
              <delay>3m</delay>
              <history>30d</history>
              <trends>0</trends>
              <status>0</status>
              <value_type>1</value_type>
              <allowed_hosts/>
              <units/>
              <snmpv3_contextname/>
              <snmpv3_securityname/>
              <snmpv3_securitylevel>0</snmpv3_securitylevel>
              <snmpv3_authprotocol>0</snmpv3_authprotocol>
              <snmpv3_authpassphrase/>
              <snmpv3_privprotocol>0</snmpv3_privprotocol>
              <snmpv3_privpassphrase/>
              <params/>
              <ipmi_sensor/>
              <authtype>0</authtype>
              <username/>
              <password/>
              <publickey/>
              <privatekey/>
              <port/>
              <description>MIB: IMM-MIB</description>
              <inventory_link>0</inventory_link>
              <applications>
                <application>
                  <name>Physical disks</name>
                </application>
              </applications>
              <valuemap/>
              <logtimefmt/>
              <preprocessing/>
              <jmx_endpoint/>
              <timeout>3s</timeout>
              <url/>
              <query_fields/>
              <posts/>
              <status_codes>200</status_codes>
              <follow_redirects>1</follow_redirects>
              <post_type>0</post_type>
              <http_proxy/>
              <headers/>
              <retrieve_mode>0</retrieve_mode>
              <request_method>0</request_method>
              <output_format>0</output_format>
              <allow_traps>0</allow_traps>
              <ssl_cert_file/>
              <ssl_key_file/>
              <ssl_key_password/>
              <verify_peer>0</verify_peer>
              <verify_host>0</verify_host>
              <application_prototypes/>
              <master_item/>
            </item_prototype>
          </item_prototypes>
          <trigger_prototypes>
            <trigger_prototype>
              <expression>{Template Server IBM IMM SNMPv1:system.hw.physicaldisk.status[diskHealthStatus.{#SNMPINDEX}].count(#1,{$DISK_OK_STATUS},ne)}=1</expression>
              <recovery_mode>0</recovery_mode>
              <recovery_expression/>
              <name>{#SNMPINDEX}: Physical disk is not in OK state</name>
              <correlation_mode>0</correlation_mode>
              <correlation_tag/>
              <url/>
              <status>0</status>
              <priority>2</priority>
              <description>Last value: {ITEM.LASTVALUE1}.&#13;\nPlease check physical disk for warnings or errors</description>
              <type>0</type>
              <manual_close>0</manual_close>
              <dependencies/>
              <tags/>
            </trigger_prototype>
          </trigger_prototypes>
          <graph_prototypes/>
          <host_prototypes/>
          <jmx_endpoint/>
          <timeout>3s</timeout>
          <url/>
          <query_fields/>
          <posts/>
          <status_codes>200</status_codes>
          <follow_redirects>1</follow_redirects>
          <post_type>0</post_type>
          <http_proxy/>
          <headers/>
          <retrieve_mode>0</retrieve_mode>
          <request_method>0</request_method>
          <allow_traps>0</allow_traps>
          <ssl_cert_file/>
          <ssl_key_file/>
          <ssl_key_password/>
          <verify_peer>0</verify_peer>
          <verify_host>0</verify_host>
        </discovery_rule>
        <discovery_rule>
          <name>PSU Discovery</name>
          <type>1</type>
          <snmp_community>{$SNMP_COMMUNITY}</snmp_community>
          <snmp_oid>discovery[{#PSU_DESCR},1.3.6.1.4.1.2.3.51.3.1.11.2.1.2]</snmp_oid>
          <key>psu.discovery</key>
          <delay>1h</delay>
          <status>0</status>
          <allowed_hosts/>
          <snmpv3_contextname/>
          <snmpv3_securityname/>
          <snmpv3_securitylevel>0</snmpv3_securitylevel>
          <snmpv3_authprotocol>0</snmpv3_authprotocol>
          <snmpv3_authpassphrase/>
          <snmpv3_privprotocol>0</snmpv3_privprotocol>
          <snmpv3_privpassphrase/>
          <params/>
          <ipmi_sensor/>
          <authtype>0</authtype>
          <username/>
          <password/>
          <publickey/>
          <privatekey/>
          <port/>
          <filter>
            <evaltype>0</evaltype>
            <formula/>
            <conditions/>
          </filter>
          <lifetime>30d</lifetime>
          <description>IMM-MIB::powerFruName</description>
          <item_prototypes>
            <item_prototype>
              <name>{#PSU_DESCR}: Power supply status</name>
              <type>1</type>
              <snmp_community>{$SNMP_COMMUNITY}</snmp_community>
              <snmp_oid>1.3.6.1.4.1.2.3.51.3.1.11.2.1.6.{#SNMPINDEX}</snmp_oid>
              <key>sensor.psu.status[powerHealthStatus.{#SNMPINDEX}]</key>
              <delay>3m</delay>
              <history>2w</history>
              <trends>0</trends>
              <status>0</status>
              <value_type>1</value_type>
              <allowed_hosts/>
              <units/>
              <snmpv3_contextname/>
              <snmpv3_securityname/>
              <snmpv3_securitylevel>0</snmpv3_securitylevel>
              <snmpv3_authprotocol>0</snmpv3_authprotocol>
              <snmpv3_authpassphrase/>
              <snmpv3_privprotocol>0</snmpv3_privprotocol>
              <snmpv3_privpassphrase/>
              <params/>
              <ipmi_sensor/>
              <authtype>0</authtype>
              <username/>
              <password/>
              <publickey/>
              <privatekey/>
              <port/>
              <description>MIB: IMM-MIB&#13;\nA description of the power module status.</description>
              <inventory_link>0</inventory_link>
              <applications>
                <application>
                  <name>Power supply</name>
                </application>
              </applications>
              <valuemap/>
              <logtimefmt/>
              <preprocessing/>
              <jmx_endpoint/>
              <timeout>3s</timeout>
              <url/>
              <query_fields/>
              <posts/>
              <status_codes>200</status_codes>
              <follow_redirects>1</follow_redirects>
              <post_type>0</post_type>
              <http_proxy/>
              <headers/>
              <retrieve_mode>0</retrieve_mode>
              <request_method>0</request_method>
              <output_format>0</output_format>
              <allow_traps>0</allow_traps>
              <ssl_cert_file/>
              <ssl_key_file/>
              <ssl_key_password/>
              <verify_peer>0</verify_peer>
              <verify_host>0</verify_host>
              <application_prototypes/>
              <master_item/>
            </item_prototype>
          </item_prototypes>
          <trigger_prototypes>
            <trigger_prototype>
              <expression>{Template Server IBM IMM SNMPv1:sensor.psu.status[powerHealthStatus.{#SNMPINDEX}].count(#1,{$PSU_OK_STATUS},ne)}=1</expression>
              <recovery_mode>0</recovery_mode>
              <recovery_expression/>
              <name>{#PSU_DESCR}: Power supply is not in normal state</name>
              <correlation_mode>0</correlation_mode>
              <correlation_tag/>
              <url/>
              <status>0</status>
              <priority>1</priority>
              <description>Last value: {ITEM.LASTVALUE1}.&#13;\nPlease check the power supply unit for errors</description>
              <type>0</type>
              <manual_close>0</manual_close>
              <dependencies/>
              <tags/>
            </trigger_prototype>
          </trigger_prototypes>
          <graph_prototypes/>
          <host_prototypes/>
          <jmx_endpoint/>
          <timeout>3s</timeout>
          <url/>
          <query_fields/>
          <posts/>
          <status_codes>200</status_codes>
          <follow_redirects>1</follow_redirects>
          <post_type>0</post_type>
          <http_proxy/>
          <headers/>
          <retrieve_mode>0</retrieve_mode>
          <request_method>0</request_method>
          <allow_traps>0</allow_traps>
          <ssl_cert_file/>
          <ssl_key_file/>
          <ssl_key_password/>
          <verify_peer>0</verify_peer>
          <verify_host>0</verify_host>
        </discovery_rule>
        <discovery_rule>
          <name>Temperature Discovery</name>
          <type>1</type>
          <snmp_community>{$SNMP_COMMUNITY}</snmp_community>
          <snmp_oid>discovery[{#SNMPVALUE},1.3.6.1.4.1.2.3.51.3.1.1.2.1.2]</snmp_oid>
          <key>tempDescr.discovery</key>
          <delay>1h</delay>
          <status>0</status>
          <allowed_hosts/>
          <snmpv3_contextname/>
          <snmpv3_securityname/>
          <snmpv3_securitylevel>0</snmpv3_securitylevel>
          <snmpv3_authprotocol>0</snmpv3_authprotocol>
          <snmpv3_authpassphrase/>
          <snmpv3_privprotocol>0</snmpv3_privprotocol>
          <snmpv3_privpassphrase/>
          <params/>
          <ipmi_sensor/>
          <authtype>0</authtype>
          <username/>
          <password/>
          <publickey/>
          <privatekey/>
          <port/>
          <filter>
            <evaltype>0</evaltype>
            <formula/>
            <conditions>
              <condition>
                <macro>{#SNMPVALUE}</macro>
                <value>(DIMM|PSU|PCH|RAID|RR|PCI).*</value>
                <operator>8</operator>
                <formulaid>A</formulaid>
              </condition>
            </conditions>
          </filter>
          <lifetime>30d</lifetime>
          <description>Scanning IMM-MIB::tempTable</description>
          <item_prototypes>
            <item_prototype>
              <name>{#SNMPVALUE}: Temperature</name>
              <type>1</type>
              <snmp_community>{$SNMP_COMMUNITY}</snmp_community>
              <snmp_oid>1.3.6.1.4.1.2.3.51.3.1.1.2.1.3.{#SNMPINDEX}</snmp_oid>
              <key>sensor.temp.value[tempReading.{#SNMPINDEX}]</key>
              <delay>3m</delay>
              <history>30d</history>
              <trends>365d</trends>
              <status>0</status>
              <value_type>0</value_type>
              <allowed_hosts/>
              <units>\u00b0C</units>
              <snmpv3_contextname/>
              <snmpv3_securityname/>
              <snmpv3_securitylevel>0</snmpv3_securitylevel>
              <snmpv3_authprotocol>0</snmpv3_authprotocol>
              <snmpv3_authpassphrase/>
              <snmpv3_privprotocol>0</snmpv3_privprotocol>
              <snmpv3_privpassphrase/>
              <params/>
              <ipmi_sensor/>
              <authtype>0</authtype>
              <username/>
              <password/>
              <publickey/>
              <privatekey/>
              <port/>
              <description>MIB: IMM-MIB&#13;\nTemperature readings of testpoint: {#SNMPVALUE}</description>
              <inventory_link>0</inventory_link>
              <applications>
                <application>
                  <name>Temperature</name>
                </application>
              </applications>
              <valuemap/>
              <logtimefmt/>
              <preprocessing/>
              <jmx_endpoint/>
              <timeout>3s</timeout>
              <url/>
              <query_fields/>
              <posts/>
              <status_codes>200</status_codes>
              <follow_redirects>1</follow_redirects>
              <post_type>0</post_type>
              <http_proxy/>
              <headers/>
              <retrieve_mode>0</retrieve_mode>
              <request_method>0</request_method>
              <output_format>0</output_format>
              <allow_traps>0</allow_traps>
              <ssl_cert_file/>
              <ssl_key_file/>
              <ssl_key_password/>
              <verify_peer>0</verify_peer>
              <verify_host>0</verify_host>
              <application_prototypes/>
              <master_item/>
            </item_prototype>
          </item_prototypes>
          <trigger_prototypes>
            <trigger_prototype>
              <expression>{Template Server IBM IMM SNMPv1:sensor.temp.value[tempReading.{#SNMPINDEX}].avg(5m)}&gt;{$TEMP_CRIT:""}</expression>
              <recovery_mode>1</recovery_mode>
              <recovery_expression>{Template Server IBM IMM SNMPv1:sensor.temp.value[tempReading.{#SNMPINDEX}].max(5m)}&lt;{$TEMP_CRIT:""}-3</recovery_expression>
              <name>{#SNMPVALUE}: Temperature is above critical threshold: &gt;{$TEMP_CRIT:""}</name>
              <correlation_mode>0</correlation_mode>
              <correlation_tag/>
              <url/>
              <status>0</status>
              <priority>4</priority>
              <description>Last value: {ITEM.LASTVALUE1}.&#13;\nThis trigger uses temperature sensor values as well as temperature sensor status if available</description>
              <type>0</type>
              <manual_close>0</manual_close>
              <dependencies/>
              <tags/>
            </trigger_prototype>
            <trigger_prototype>
              <expression>{Template Server IBM IMM SNMPv1:sensor.temp.value[tempReading.{#SNMPINDEX}].avg(5m)}&gt;{$TEMP_WARN:""}</expression>
              <recovery_mode>1</recovery_mode>
              <recovery_expression>{Template Server IBM IMM SNMPv1:sensor.temp.value[tempReading.{#SNMPINDEX}].max(5m)}&lt;{$TEMP_WARN:""}-3</recovery_expression>
              <name>{#SNMPVALUE}: Temperature is above warning threshold: &gt;{$TEMP_WARN:""}</name>
              <correlation_mode>0</correlation_mode>
              <correlation_tag/>
              <url/>
              <status>0</status>
              <priority>2</priority>
              <description>Last value: {ITEM.LASTVALUE1}.&#13;\nThis trigger uses temperature sensor values as well as temperature sensor status if available</description>
              <type>0</type>
              <manual_close>0</manual_close>
              <dependencies>
                <dependency>
                  <name>{#SNMPVALUE}: Temperature is above critical threshold: &gt;{$TEMP_CRIT:""}</name>
                  <expression>{Template Server IBM IMM SNMPv1:sensor.temp.value[tempReading.{#SNMPINDEX}].avg(5m)}&gt;{$TEMP_CRIT:""}</expression>
                  <recovery_expression>{Template Server IBM IMM SNMPv1:sensor.temp.value[tempReading.{#SNMPINDEX}].max(5m)}&lt;{$TEMP_CRIT:""}-3</recovery_expression>
                </dependency>
              </dependencies>
              <tags/>
            </trigger_prototype>
            <trigger_prototype>
              <expression>{Template Server IBM IMM SNMPv1:sensor.temp.value[tempReading.{#SNMPINDEX}].avg(5m)}&lt;{$TEMP_CRIT_LOW:""}</expression>
              <recovery_mode>1</recovery_mode>
              <recovery_expression>{Template Server IBM IMM SNMPv1:sensor.temp.value[tempReading.{#SNMPINDEX}].min(5m)}&gt;{$TEMP_CRIT_LOW:""}+3</recovery_expression>
              <name>{#SNMPVALUE}: Temperature is too low: &lt;{$TEMP_CRIT_LOW:""}</name>
              <correlation_mode>0</correlation_mode>
              <correlation_tag/>
              <url/>
              <status>0</status>
              <priority>3</priority>
              <description>Last value: {ITEM.LASTVALUE1}.</description>
              <type>0</type>
              <manual_close>0</manual_close>
              <dependencies/>
              <tags/>
            </trigger_prototype>
          </trigger_prototypes>
          <graph_prototypes/>
          <host_prototypes/>
          <jmx_endpoint/>
          <timeout>3s</timeout>
          <url/>
          <query_fields/>
          <posts/>
          <status_codes>200</status_codes>
          <follow_redirects>1</follow_redirects>
          <post_type>0</post_type>
          <http_proxy/>
          <headers/>
          <retrieve_mode>0</retrieve_mode>
          <request_method>0</request_method>
          <allow_traps>0</allow_traps>
          <ssl_cert_file/>
          <ssl_key_file/>
          <ssl_key_password/>
          <verify_peer>0</verify_peer>
          <verify_host>0</verify_host>
        </discovery_rule>
        <discovery_rule>
          <name>Temperature Discovery Ambient</name>
          <type>1</type>
          <snmp_community>{$SNMP_COMMUNITY}</snmp_community>
          <snmp_oid>discovery[{#SNMPVALUE},1.3.6.1.4.1.2.3.51.3.1.1.2.1.2]</snmp_oid>
          <key>tempDescr.discovery.ambient</key>
          <delay>1h</delay>
          <status>0</status>
          <allowed_hosts/>
          <snmpv3_contextname/>
          <snmpv3_securityname/>
          <snmpv3_securitylevel>0</snmpv3_securitylevel>
          <snmpv3_authprotocol>0</snmpv3_authprotocol>
          <snmpv3_authpassphrase/>
          <snmpv3_privprotocol>0</snmpv3_privprotocol>
          <snmpv3_privpassphrase/>
          <params/>
          <ipmi_sensor/>
          <authtype>0</authtype>
          <username/>
          <password/>
          <publickey/>
          <privatekey/>
          <port/>
          <filter>
            <evaltype>0</evaltype>
            <formula/>
            <conditions>
              <condition>
                <macro>{#SNMPVALUE}</macro>
                <value>Ambient.*</value>
                <operator>8</operator>
                <formulaid>A</formulaid>
              </condition>
            </conditions>
          </filter>
          <lifetime>30d</lifetime>
          <description>Scanning IMM-MIB::tempTable with Ambient filter</description>
          <item_prototypes>
            <item_prototype>
              <name>Ambient: Temperature</name>
              <type>1</type>
              <snmp_community>{$SNMP_COMMUNITY}</snmp_community>
              <snmp_oid>1.3.6.1.4.1.2.3.51.3.1.1.2.1.3.{#SNMPINDEX}</snmp_oid>
              <key>sensor.temp.value[tempReading.Ambient.{#SNMPINDEX}]</key>
              <delay>3m</delay>
              <history>30d</history>
              <trends>365d</trends>
              <status>0</status>
              <value_type>0</value_type>
              <allowed_hosts/>
              <units>\u00b0C</units>
              <snmpv3_contextname/>
              <snmpv3_securityname/>
              <snmpv3_securitylevel>0</snmpv3_securitylevel>
              <snmpv3_authprotocol>0</snmpv3_authprotocol>
              <snmpv3_authpassphrase/>
              <snmpv3_privprotocol>0</snmpv3_privprotocol>
              <snmpv3_privpassphrase/>
              <params/>
              <ipmi_sensor/>
              <authtype>0</authtype>
              <username/>
              <password/>
              <publickey/>
              <privatekey/>
              <port/>
              <description>MIB: IMM-MIB&#13;\nTemperature readings of testpoint: Ambient</description>
              <inventory_link>0</inventory_link>
              <applications>
                <application>
                  <name>Temperature</name>
                </application>
              </applications>
              <valuemap/>
              <logtimefmt/>
              <preprocessing/>
              <jmx_endpoint/>
              <timeout>3s</timeout>
              <url/>
              <query_fields/>
              <posts/>
              <status_codes>200</status_codes>
              <follow_redirects>1</follow_redirects>
              <post_type>0</post_type>
              <http_proxy/>
              <headers/>
              <retrieve_mode>0</retrieve_mode>
              <request_method>0</request_method>
              <output_format>0</output_format>
              <allow_traps>0</allow_traps>
              <ssl_cert_file/>
              <ssl_key_file/>
              <ssl_key_password/>
              <verify_peer>0</verify_peer>
              <verify_host>0</verify_host>
              <application_prototypes/>
              <master_item/>
            </item_prototype>
          </item_prototypes>
          <trigger_prototypes>
            <trigger_prototype>
              <expression>{Template Server IBM IMM SNMPv1:sensor.temp.value[tempReading.Ambient.{#SNMPINDEX}].avg(5m)}&gt;{$TEMP_CRIT:"Ambient"}</expression>
              <recovery_mode>1</recovery_mode>
              <recovery_expression>{Template Server IBM IMM SNMPv1:sensor.temp.value[tempReading.Ambient.{#SNMPINDEX}].max(5m)}&lt;{$TEMP_CRIT:"Ambient"}-3</recovery_expression>
              <name>Ambient: Temperature is above critical threshold: &gt;{$TEMP_CRIT:"Ambient"}</name>
              <correlation_mode>0</correlation_mode>
              <correlation_tag/>
              <url/>
              <status>0</status>
              <priority>4</priority>
              <description>Last value: {ITEM.LASTVALUE1}.&#13;\nThis trigger uses temperature sensor values as well as temperature sensor status if available</description>
              <type>0</type>
              <manual_close>0</manual_close>
              <dependencies/>
              <tags/>
            </trigger_prototype>
            <trigger_prototype>
              <expression>{Template Server IBM IMM SNMPv1:sensor.temp.value[tempReading.Ambient.{#SNMPINDEX}].avg(5m)}&gt;{$TEMP_WARN:"Ambient"}</expression>
              <recovery_mode>1</recovery_mode>
              <recovery_expression>{Template Server IBM IMM SNMPv1:sensor.temp.value[tempReading.Ambient.{#SNMPINDEX}].max(5m)}&lt;{$TEMP_WARN:"Ambient"}-3</recovery_expression>
              <name>Ambient: Temperature is above warning threshold: &gt;{$TEMP_WARN:"Ambient"}</name>
              <correlation_mode>0</correlation_mode>
              <correlation_tag/>
              <url/>
              <status>0</status>
              <priority>2</priority>
              <description>Last value: {ITEM.LASTVALUE1}.&#13;\nThis trigger uses temperature sensor values as well as temperature sensor status if available</description>
              <type>0</type>
              <manual_close>0</manual_close>
              <dependencies>
                <dependency>
                  <name>Ambient: Temperature is above critical threshold: &gt;{$TEMP_CRIT:"Ambient"}</name>
                  <expression>{Template Server IBM IMM SNMPv1:sensor.temp.value[tempReading.Ambient.{#SNMPINDEX}].avg(5m)}&gt;{$TEMP_CRIT:"Ambient"}</expression>
                  <recovery_expression>{Template Server IBM IMM SNMPv1:sensor.temp.value[tempReading.Ambient.{#SNMPINDEX}].max(5m)}&lt;{$TEMP_CRIT:"Ambient"}-3</recovery_expression>
                </dependency>
              </dependencies>
              <tags/>
            </trigger_prototype>
            <trigger_prototype>
              <expression>{Template Server IBM IMM SNMPv1:sensor.temp.value[tempReading.Ambient.{#SNMPINDEX}].avg(5m)}&lt;{$TEMP_CRIT_LOW:"Ambient"}</expression>
              <recovery_mode>1</recovery_mode>
              <recovery_expression>{Template Server IBM IMM SNMPv1:sensor.temp.value[tempReading.Ambient.{#SNMPINDEX}].min(5m)}&gt;{$TEMP_CRIT_LOW:"Ambient"}+3</recovery_expression>
              <name>Ambient: Temperature is too low: &lt;{$TEMP_CRIT_LOW:"Ambient"}</name>
              <correlation_mode>0</correlation_mode>
              <correlation_tag/>
              <url/>
              <status>0</status>
              <priority>3</priority>
              <description>Last value: {ITEM.LASTVALUE1}.</description>
              <type>0</type>
              <manual_close>0</manual_close>
              <dependencies/>
              <tags/>
            </trigger_prototype>
          </trigger_prototypes>
          <graph_prototypes/>
          <host_prototypes/>
          <jmx_endpoint/>
          <timeout>3s</timeout>
          <url/>
          <query_fields/>
          <posts/>
          <status_codes>200</status_codes>
          <follow_redirects>1</follow_redirects>
          <post_type>0</post_type>
          <http_proxy/>
          <headers/>
          <retrieve_mode>0</retrieve_mode>
          <request_method>0</request_method>
          <allow_traps>0</allow_traps>
          <ssl_cert_file/>
          <ssl_key_file/>
          <ssl_key_password/>
          <verify_peer>0</verify_peer>
          <verify_host>0</verify_host>
        </discovery_rule>
        <discovery_rule>
          <name>Temperature Discovery CPU</name>
          <type>1</type>
          <snmp_community>{$SNMP_COMMUNITY}</snmp_community>
          <snmp_oid>discovery[{#SNMPVALUE},1.3.6.1.4.1.2.3.51.3.1.1.2.1.2]</snmp_oid>
          <key>tempDescr.discovery.cpu</key>
          <delay>1h</delay>
          <status>0</status>
          <allowed_hosts/>
          <snmpv3_contextname/>
          <snmpv3_securityname/>
          <snmpv3_securitylevel>0</snmpv3_securitylevel>
          <snmpv3_authprotocol>0</snmpv3_authprotocol>
          <snmpv3_authpassphrase/>
          <snmpv3_privprotocol>0</snmpv3_privprotocol>
          <snmpv3_privpassphrase/>
          <params/>
          <ipmi_sensor/>
          <authtype>0</authtype>
          <username/>
          <password/>
          <publickey/>
          <privatekey/>
          <port/>
          <filter>
            <evaltype>0</evaltype>
            <formula/>
            <conditions>
              <condition>
                <macro>{#SNMPVALUE}</macro>
                <value>CPU [0-9]* Temp</value>
                <operator>8</operator>
                <formulaid>A</formulaid>
              </condition>
            </conditions>
          </filter>
          <lifetime>30d</lifetime>
          <description>Scanning IMM-MIB::tempTable with CPU filter</description>
          <item_prototypes>
            <item_prototype>
              <name>CPU: Temperature</name>
              <type>1</type>
              <snmp_community>{$SNMP_COMMUNITY}</snmp_community>
              <snmp_oid>1.3.6.1.4.1.2.3.51.3.1.1.2.1.3.{#SNMPINDEX}</snmp_oid>
              <key>sensor.temp.value[tempReading.CPU.{#SNMPINDEX}]</key>
              <delay>3m</delay>
              <history>30d</history>
              <trends>365d</trends>
              <status>0</status>
              <value_type>0</value_type>
              <allowed_hosts/>
              <units>\u00b0C</units>
              <snmpv3_contextname/>
              <snmpv3_securityname/>
              <snmpv3_securitylevel>0</snmpv3_securitylevel>
              <snmpv3_authprotocol>0</snmpv3_authprotocol>
              <snmpv3_authpassphrase/>
              <snmpv3_privprotocol>0</snmpv3_privprotocol>
              <snmpv3_privpassphrase/>
              <params/>
              <ipmi_sensor/>
              <authtype>0</authtype>
              <username/>
              <password/>
              <publickey/>
              <privatekey/>
              <port/>
              <description>MIB: IMM-MIB&#13;\nTemperature readings of testpoint: CPU</description>
              <inventory_link>0</inventory_link>
              <applications>
                <application>
                  <name>Temperature</name>
                </application>
              </applications>
              <valuemap/>
              <logtimefmt/>
              <preprocessing/>
              <jmx_endpoint/>
              <timeout>3s</timeout>
              <url/>
              <query_fields/>
              <posts/>
              <status_codes>200</status_codes>
              <follow_redirects>1</follow_redirects>
              <post_type>0</post_type>
              <http_proxy/>
              <headers/>
              <retrieve_mode>0</retrieve_mode>
              <request_method>0</request_method>
              <output_format>0</output_format>
              <allow_traps>0</allow_traps>
              <ssl_cert_file/>
              <ssl_key_file/>
              <ssl_key_password/>
              <verify_peer>0</verify_peer>
              <verify_host>0</verify_host>
              <application_prototypes/>
              <master_item/>
            </item_prototype>
          </item_prototypes>
          <trigger_prototypes>
            <trigger_prototype>
              <expression>{Template Server IBM IMM SNMPv1:sensor.temp.value[tempReading.CPU.{#SNMPINDEX}].avg(5m)}&gt;{$TEMP_CRIT:"CPU"}</expression>
              <recovery_mode>1</recovery_mode>
              <recovery_expression>{Template Server IBM IMM SNMPv1:sensor.temp.value[tempReading.CPU.{#SNMPINDEX}].max(5m)}&lt;{$TEMP_CRIT:"CPU"}-3</recovery_expression>
              <name>CPU: Temperature is above critical threshold: &gt;{$TEMP_CRIT:"CPU"}</name>
              <correlation_mode>0</correlation_mode>
              <correlation_tag/>
              <url/>
              <status>0</status>
              <priority>4</priority>
              <description>Last value: {ITEM.LASTVALUE1}.&#13;\nThis trigger uses temperature sensor values as well as temperature sensor status if available</description>
              <type>0</type>
              <manual_close>0</manual_close>
              <dependencies/>
              <tags/>
            </trigger_prototype>
            <trigger_prototype>
              <expression>{Template Server IBM IMM SNMPv1:sensor.temp.value[tempReading.CPU.{#SNMPINDEX}].avg(5m)}&gt;{$TEMP_WARN:"CPU"}</expression>
              <recovery_mode>1</recovery_mode>
              <recovery_expression>{Template Server IBM IMM SNMPv1:sensor.temp.value[tempReading.CPU.{#SNMPINDEX}].max(5m)}&lt;{$TEMP_WARN:"CPU"}-3</recovery_expression>
              <name>CPU: Temperature is above warning threshold: &gt;{$TEMP_WARN:"CPU"}</name>
              <correlation_mode>0</correlation_mode>
              <correlation_tag/>
              <url/>
              <status>0</status>
              <priority>2</priority>
              <description>Last value: {ITEM.LASTVALUE1}.&#13;\nThis trigger uses temperature sensor values as well as temperature sensor status if available</description>
              <type>0</type>
              <manual_close>0</manual_close>
              <dependencies>
                <dependency>
                  <name>CPU: Temperature is above critical threshold: &gt;{$TEMP_CRIT:"CPU"}</name>
                  <expression>{Template Server IBM IMM SNMPv1:sensor.temp.value[tempReading.CPU.{#SNMPINDEX}].avg(5m)}&gt;{$TEMP_CRIT:"CPU"}</expression>
                  <recovery_expression>{Template Server IBM IMM SNMPv1:sensor.temp.value[tempReading.CPU.{#SNMPINDEX}].max(5m)}&lt;{$TEMP_CRIT:"CPU"}-3</recovery_expression>
                </dependency>
              </dependencies>
              <tags/>
            </trigger_prototype>
            <trigger_prototype>
              <expression>{Template Server IBM IMM SNMPv1:sensor.temp.value[tempReading.CPU.{#SNMPINDEX}].avg(5m)}&lt;{$TEMP_CRIT_LOW:"CPU"}</expression>
              <recovery_mode>1</recovery_mode>
              <recovery_expression>{Template Server IBM IMM SNMPv1:sensor.temp.value[tempReading.CPU.{#SNMPINDEX}].min(5m)}&gt;{$TEMP_CRIT_LOW:"CPU"}+3</recovery_expression>
              <name>CPU: Temperature is too low: &lt;{$TEMP_CRIT_LOW:"CPU"}</name>
              <correlation_mode>0</correlation_mode>
              <correlation_tag/>
              <url/>
              <status>0</status>
              <priority>3</priority>
              <description>Last value: {ITEM.LASTVALUE1}.</description>
              <type>0</type>
              <manual_close>0</manual_close>
              <dependencies/>
              <tags/>
            </trigger_prototype>
          </trigger_prototypes>
          <graph_prototypes/>
          <host_prototypes/>
          <jmx_endpoint/>
          <timeout>3s</timeout>
          <url/>
          <query_fields/>
          <posts/>
          <status_codes>200</status_codes>
          <follow_redirects>1</follow_redirects>
          <post_type>0</post_type>
          <http_proxy/>
          <headers/>
          <retrieve_mode>0</retrieve_mode>
          <request_method>0</request_method>
          <allow_traps>0</allow_traps>
          <ssl_cert_file/>
          <ssl_key_file/>
          <ssl_key_password/>
          <verify_peer>0</verify_peer>
          <verify_host>0</verify_host>
        </discovery_rule>
      </discovery_rules>
      <httptests/>
      <macros>
        <macro>
          <macro>{$DISK_OK_STATUS}</macro>
          <value>Normal</value>
        </macro>
        <macro>
          <macro>{$FAN_OK_STATUS}</macro>
          <value>Normal</value>
        </macro>
        <macro>
          <macro>{$HEALTH_CRIT_STATUS}</macro>
          <value>2</value>
        </macro>
        <macro>
          <macro>{$HEALTH_DISASTER_STATUS}</macro>
          <value>0</value>
        </macro>
        <macro>
          <macro>{$HEALTH_WARN_STATUS}</macro>
          <value>4</value>
        </macro>
        <macro>
          <macro>{$PSU_OK_STATUS}</macro>
          <value>Normal</value>
        </macro>
        <macro>
          <macro>{$TEMP_CRIT}</macro>
          <value>60</value>
        </macro>
        <macro>
          <macro>{$TEMP_CRIT:"Ambient"}</macro>
          <value>35</value>
        </macro>
        <macro>
          <macro>{$TEMP_CRIT_LOW}</macro>
          <value>5</value>
        </macro>
        <macro>
          <macro>{$TEMP_WARN}</macro>
          <value>50</value>
        </macro>
        <macro>
          <macro>{$TEMP_WARN:"Ambient"}</macro>
          <value>30</value>
        </macro>
      </macros>
      <templates>
        <template>
          <name>Template Module Generic SNMPv1</name>
        </template>
      </templates>
      <screens/>
    </template>
  </templates>
  <triggers>
    <trigger>
      <expression>{Template Server IBM IMM SNMPv1:system.hw.serialnumber.diff()}=1 and {Template Server IBM IMM SNMPv1:system.hw.serialnumber.strlen()}&gt;0</expression>
      <recovery_mode>2</recovery_mode>
      <recovery_expression/>
      <name>Device has been replaced (new serial number received)</name>
      <correlation_mode>0</correlation_mode>
      <correlation_tag/>
      <url/>
      <status>0</status>
      <priority>1</priority>
      <description>Last value: {ITEM.LASTVALUE1}.&#13;\nDevice serial number has changed. Ack to close</description>
      <type>0</type>
      <manual_close>1</manual_close>
      <dependencies/>
      <tags/>
    </trigger>
    <trigger>
      <expression>{Template Server IBM IMM SNMPv1:system.status[systemHealthStat.0].count(#1,{$HEALTH_DISASTER_STATUS},eq)}=1</expression>
      <recovery_mode>0</recovery_mode>
      <recovery_expression/>
      <name>System is in unrecoverable state!</name>
      <correlation_mode>0</correlation_mode>
      <correlation_tag/>
      <url/>
      <status>0</status>
      <priority>4</priority>
      <description>Last value: {ITEM.LASTVALUE1}.&#13;\nPlease check the device for faults</description>
      <type>0</type>
      <manual_close>0</manual_close>
      <dependencies/>
      <tags/>
    </trigger>
    <trigger>
      <expression>{Template Server IBM IMM SNMPv1:system.status[systemHealthStat.0].count(#1,{$HEALTH_CRIT_STATUS},eq)}=1</expression>
      <recovery_mode>0</recovery_mode>
      <recovery_expression/>
      <name>System status is in critical state</name>
      <correlation_mode>0</correlation_mode>
      <correlation_tag/>
      <url/>
      <status>0</status>
      <priority>4</priority>
      <description>Last value: {ITEM.LASTVALUE1}.&#13;\nPlease check the device for errors</description>
      <type>0</type>
      <manual_close>0</manual_close>
      <dependencies>
        <dependency>
          <name>System is in unrecoverable state!</name>
          <expression>{Template Server IBM IMM SNMPv1:system.status[systemHealthStat.0].count(#1,{$HEALTH_DISASTER_STATUS},eq)}=1</expression>
          <recovery_expression/>
        </dependency>
      </dependencies>
      <tags/>
    </trigger>
    <trigger>
      <expression>{Template Server IBM IMM SNMPv1:system.status[systemHealthStat.0].count(#1,{$HEALTH_WARN_STATUS},eq)}=1</expression>
      <recovery_mode>0</recovery_mode>
      <recovery_expression/>
      <name>System status is in warning state</name>
      <correlation_mode>0</correlation_mode>
      <correlation_tag/>
      <url/>
      <status>0</status>
      <priority>2</priority>
      <description>Last value: {ITEM.LASTVALUE1}.&#13;\nPlease check the device for warnings</description>
      <type>0</type>
      <manual_close>0</manual_close>
      <dependencies>
        <dependency>
          <name>System is in unrecoverable state!</name>
          <expression>{Template Server IBM IMM SNMPv1:system.status[systemHealthStat.0].count(#1,{$HEALTH_DISASTER_STATUS},eq)}=1</expression>
          <recovery_expression/>
        </dependency>
        <dependency>
          <name>System status is in critical state</name>
          <expression>{Template Server IBM IMM SNMPv1:system.status[systemHealthStat.0].count(#1,{$HEALTH_CRIT_STATUS},eq)}=1</expression>
          <recovery_expression/>
        </dependency>
      </dependencies>
      <tags/>
    </trigger>
  </triggers>
  <value_maps>
    <value_map>
      <name>IMM-MIB::systemHealthStat</name>
      <mappings>
        <mapping>
          <value>0</value>
          <newvalue>nonRecoverable</newvalue>
        </mapping>
        <mapping>
          <value>2</value>
          <newvalue>critical</newvalue>
        </mapping>
        <mapping>
          <value>4</value>
          <newvalue>nonCritical</newvalue>
        </mapping>
        <mapping>
          <value>255</value>
          <newvalue>normal</newvalue>
        </mapping>
      </mappings>
    </value_map>
  </value_maps>
</zabbix_export>
