<?xml version="1.0" encoding="UTF-8"?>
<zabbix_export>
  <version>4.0</version>
  <date>2019-05-28T22:28:33Z</date>
  <groups>
    <group>
      <name>Templates/Operating systems</name>
    </group>
  </groups>
  <templates>
    <template>
      <template>Template OS Linux SNMPv2</template>
      <name>Template OS Linux SNMPv2</name>
      <description>Template OS Linux version: 0.15</description>
      <groups>
        <group>
          <name>Templates/Operating systems</name>
        </group>
      </groups>
      <applications/>
      <items/>
      <discovery_rules/>
      <httptests/>
      <macros/>
      <templates>
        <template>
          <name>Template Module EtherLike-MIB SNMPv2</name>
        </template>
        <template>
          <name>Template Module Generic SNMPv2</name>
        </template>
        <template>
          <name>Template Module HOST-RESOURCES-MIB SNMPv2</name>
        </template>
        <template>
          <name>Template Module Interfaces SNMPv2</name>
        </template>
      </templates>
      <screens/>
    </template>
  </templates>
</zabbix_export>
