<?xml version="1.0" encoding="UTF-8"?>
<zabbix_export>
  <version>4.0</version>
  <date>2019-05-28T22:28:29Z</date>
  <groups>
    <group>
      <name>Templates/Modules</name>
    </group>
  </groups>
  <templates>
    <template>
      <template>Template Module Generic SNMPv2</template>
      <name>Template Module Generic SNMPv2</name>
      <description>Template Module Generic version: 0.15&#13;\nMIBs used:&#13;\nSNMPv2-MIB</description>
      <groups>
        <group>
          <name>Templates/Modules</name>
        </group>
      </groups>
      <applications>
        <application>
          <name>General</name>
        </application>
      </applications>
      <items>
        <item>
          <name>SNMP traps (fallback)</name>
          <type>17</type>
          <snmp_community/>
          <snmp_oid/>
          <key>snmptrap.fallback</key>
          <delay>5m</delay>
          <history>2w</history>
          <trends>0</trends>
          <status>0</status>
          <value_type>2</value_type>
          <allowed_hosts/>
          <units/>
          <snmpv3_contextname/>
          <snmpv3_securityname/>
          <snmpv3_securitylevel>0</snmpv3_securitylevel>
          <snmpv3_authprotocol>0</snmpv3_authprotocol>
          <snmpv3_authpassphrase/>
          <snmpv3_privprotocol>0</snmpv3_privprotocol>
          <snmpv3_privpassphrase/>
          <params/>
          <ipmi_sensor/>
          <authtype>0</authtype>
          <username/>
          <password/>
          <publickey/>
          <privatekey/>
          <port/>
          <description>Item is used to collect all SNMP traps unmatched by other snmptrap items</description>
          <inventory_link>0</inventory_link>
          <applications>
            <application>
              <name>General</name>
            </application>
          </applications>
          <valuemap/>
          <logtimefmt>hh:mm:sszyyyy/MM/dd</logtimefmt>
          <preprocessing/>
          <jmx_endpoint/>
          <timeout>3s</timeout>
          <url/>
          <query_fields/>
          <posts/>
          <status_codes>200</status_codes>
          <follow_redirects>1</follow_redirects>
          <post_type>0</post_type>
          <http_proxy/>
          <headers/>
          <retrieve_mode>0</retrieve_mode>
          <request_method>0</request_method>
          <output_format>0</output_format>
          <allow_traps>0</allow_traps>
          <ssl_cert_file/>
          <ssl_key_file/>
          <ssl_key_password/>
          <verify_peer>0</verify_peer>
          <verify_host>0</verify_host>
          <master_item/>
        </item>
        <item>
          <name>Device contact details</name>
          <type>4</type>
          <snmp_community>{$SNMP_COMMUNITY}</snmp_community>
          <snmp_oid>1.3.6.1.2.1.1.4.0</snmp_oid>
          <key>system.contact</key>
          <delay>1h</delay>
          <history>2w</history>
          <trends>0</trends>
          <status>0</status>
          <value_type>1</value_type>
          <allowed_hosts/>
          <units/>
          <snmpv3_contextname/>
          <snmpv3_securityname/>
          <snmpv3_securitylevel>0</snmpv3_securitylevel>
          <snmpv3_authprotocol>0</snmpv3_authprotocol>
          <snmpv3_authpassphrase/>
          <snmpv3_privprotocol>0</snmpv3_privprotocol>
          <snmpv3_privpassphrase/>
          <params/>
          <ipmi_sensor/>
          <authtype>0</authtype>
          <username/>
          <password/>
          <publickey/>
          <privatekey/>
          <port/>
          <description>MIB: SNMPv2-MIB&#13;\nThe textual identification of the contact person for this managed node, together with information on how to contact this person.  If no contact information is known, the value is the zero-length string.</description>
          <inventory_link>23</inventory_link>
          <applications>
            <application>
              <name>General</name>
            </application>
          </applications>
          <valuemap/>
          <logtimefmt/>
          <preprocessing/>
          <jmx_endpoint/>
          <timeout>3s</timeout>
          <url/>
          <query_fields/>
          <posts/>
          <status_codes>200</status_codes>
          <follow_redirects>1</follow_redirects>
          <post_type>0</post_type>
          <http_proxy/>
          <headers/>
          <retrieve_mode>0</retrieve_mode>
          <request_method>0</request_method>
          <output_format>0</output_format>
          <allow_traps>0</allow_traps>
          <ssl_cert_file/>
          <ssl_key_file/>
          <ssl_key_password/>
          <verify_peer>0</verify_peer>
          <verify_host>0</verify_host>
          <master_item/>
        </item>
        <item>
          <name>Device description</name>
          <type>4</type>
          <snmp_community>{$SNMP_COMMUNITY}</snmp_community>
          <snmp_oid>1.3.6.1.2.1.1.1.0</snmp_oid>
          <key>system.descr</key>
          <delay>1h</delay>
          <history>2w</history>
          <trends>0</trends>
          <status>0</status>
          <value_type>1</value_type>
          <allowed_hosts/>
          <units/>
          <snmpv3_contextname/>
          <snmpv3_securityname/>
          <snmpv3_securitylevel>0</snmpv3_securitylevel>
          <snmpv3_authprotocol>0</snmpv3_authprotocol>
          <snmpv3_authpassphrase/>
          <snmpv3_privprotocol>0</snmpv3_privprotocol>
          <snmpv3_privpassphrase/>
          <params/>
          <ipmi_sensor/>
          <authtype>0</authtype>
          <username/>
          <password/>
          <publickey/>
          <privatekey/>
          <port/>
          <description>MIB: SNMPv2-MIB&#13;\nA textual description of the entity.  This value should&#13;\ninclude the full name and version identification of the system's hardware type, software operating-system, and&#13;\nnetworking software.</description>
          <inventory_link>14</inventory_link>
          <applications>
            <application>
              <name>General</name>
            </application>
          </applications>
          <valuemap/>
          <logtimefmt/>
          <preprocessing/>
          <jmx_endpoint/>
          <timeout>3s</timeout>
          <url/>
          <query_fields/>
          <posts/>
          <status_codes>200</status_codes>
          <follow_redirects>1</follow_redirects>
          <post_type>0</post_type>
          <http_proxy/>
          <headers/>
          <retrieve_mode>0</retrieve_mode>
          <request_method>0</request_method>
          <output_format>0</output_format>
          <allow_traps>0</allow_traps>
          <ssl_cert_file/>
          <ssl_key_file/>
          <ssl_key_password/>
          <verify_peer>0</verify_peer>
          <verify_host>0</verify_host>
          <master_item/>
        </item>
        <item>
          <name>Device location</name>
          <type>4</type>
          <snmp_community>{$SNMP_COMMUNITY}</snmp_community>
          <snmp_oid>1.3.6.1.2.1.1.6.0</snmp_oid>
          <key>system.location</key>
          <delay>1h</delay>
          <history>2w</history>
          <trends>0</trends>
          <status>0</status>
          <value_type>1</value_type>
          <allowed_hosts/>
          <units/>
          <snmpv3_contextname/>
          <snmpv3_securityname/>
          <snmpv3_securitylevel>0</snmpv3_securitylevel>
          <snmpv3_authprotocol>0</snmpv3_authprotocol>
          <snmpv3_authpassphrase/>
          <snmpv3_privprotocol>0</snmpv3_privprotocol>
          <snmpv3_privpassphrase/>
          <params/>
          <ipmi_sensor/>
          <authtype>0</authtype>
          <username/>
          <password/>
          <publickey/>
          <privatekey/>
          <port/>
          <description>MIB: SNMPv2-MIB&#13;\nThe physical location of this node (e.g., `telephone closet, 3rd floor').  If the location is unknown, the value is the zero-length string.</description>
          <inventory_link>24</inventory_link>
          <applications>
            <application>
              <name>General</name>
            </application>
          </applications>
          <valuemap/>
          <logtimefmt/>
          <preprocessing/>
          <jmx_endpoint/>
          <timeout>3s</timeout>
          <url/>
          <query_fields/>
          <posts/>
          <status_codes>200</status_codes>
          <follow_redirects>1</follow_redirects>
          <post_type>0</post_type>
          <http_proxy/>
          <headers/>
          <retrieve_mode>0</retrieve_mode>
          <request_method>0</request_method>
          <output_format>0</output_format>
          <allow_traps>0</allow_traps>
          <ssl_cert_file/>
          <ssl_key_file/>
          <ssl_key_password/>
          <verify_peer>0</verify_peer>
          <verify_host>0</verify_host>
          <master_item/>
        </item>
        <item>
          <name>Device name</name>
          <type>4</type>
          <snmp_community>{$SNMP_COMMUNITY}</snmp_community>
          <snmp_oid>1.3.6.1.2.1.1.5.0</snmp_oid>
          <key>system.name</key>
          <delay>1h</delay>
          <history>2w</history>
          <trends>0</trends>
          <status>0</status>
          <value_type>1</value_type>
          <allowed_hosts/>
          <units/>
          <snmpv3_contextname/>
          <snmpv3_securityname/>
          <snmpv3_securitylevel>0</snmpv3_securitylevel>
          <snmpv3_authprotocol>0</snmpv3_authprotocol>
          <snmpv3_authpassphrase/>
          <snmpv3_privprotocol>0</snmpv3_privprotocol>
          <snmpv3_privpassphrase/>
          <params/>
          <ipmi_sensor/>
          <authtype>0</authtype>
          <username/>
          <password/>
          <publickey/>
          <privatekey/>
          <port/>
          <description>MIB: SNMPv2-MIB&#13;\nAn administratively-assigned name for this managed node.By convention, this is the node's fully-qualified domain name.  If the name is unknown, the value is the zero-length string.</description>
          <inventory_link>3</inventory_link>
          <applications>
            <application>
              <name>General</name>
            </application>
          </applications>
          <valuemap/>
          <logtimefmt/>
          <preprocessing/>
          <jmx_endpoint/>
          <timeout>3s</timeout>
          <url/>
          <query_fields/>
          <posts/>
          <status_codes>200</status_codes>
          <follow_redirects>1</follow_redirects>
          <post_type>0</post_type>
          <http_proxy/>
          <headers/>
          <retrieve_mode>0</retrieve_mode>
          <request_method>0</request_method>
          <output_format>0</output_format>
          <allow_traps>0</allow_traps>
          <ssl_cert_file/>
          <ssl_key_file/>
          <ssl_key_password/>
          <verify_peer>0</verify_peer>
          <verify_host>0</verify_host>
          <master_item/>
        </item>
        <item>
          <name>System object ID</name>
          <type>4</type>
          <snmp_community>{$SNMP_COMMUNITY}</snmp_community>
          <snmp_oid>1.3.6.1.2.1.1.2.0</snmp_oid>
          <key>system.objectid</key>
          <delay>1h</delay>
          <history>2w</history>
          <trends>0</trends>
          <status>0</status>
          <value_type>1</value_type>
          <allowed_hosts/>
          <units/>
          <snmpv3_contextname/>
          <snmpv3_securityname/>
          <snmpv3_securitylevel>0</snmpv3_securitylevel>
          <snmpv3_authprotocol>0</snmpv3_authprotocol>
          <snmpv3_authpassphrase/>
          <snmpv3_privprotocol>0</snmpv3_privprotocol>
          <snmpv3_privpassphrase/>
          <params/>
          <ipmi_sensor/>
          <authtype>0</authtype>
          <username/>
          <password/>
          <publickey/>
          <privatekey/>
          <port/>
          <description>MIB: SNMPv2-MIB&#13;\nThe vendor's authoritative identification of the network management subsystem contained in the entity.  This value is allocated within the SMI enterprises subtree (1.3.6.1.4.1) and provides an easy and unambiguous means for determining`what kind of box' is being managed.  For example, if vendor`Flintstones, Inc.' was assigned the subtree1.3.6.1.4.1.4242, it could assign the identifier 1.3.6.1.4.1.4242.1.1 to its `Fred Router'.</description>
          <inventory_link>0</inventory_link>
          <applications>
            <application>
              <name>General</name>
            </application>
          </applications>
          <valuemap/>
          <logtimefmt/>
          <preprocessing/>
          <jmx_endpoint/>
          <timeout>3s</timeout>
          <url/>
          <query_fields/>
          <posts/>
          <status_codes>200</status_codes>
          <follow_redirects>1</follow_redirects>
          <post_type>0</post_type>
          <http_proxy/>
          <headers/>
          <retrieve_mode>0</retrieve_mode>
          <request_method>0</request_method>
          <output_format>0</output_format>
          <allow_traps>0</allow_traps>
          <ssl_cert_file/>
          <ssl_key_file/>
          <ssl_key_password/>
          <verify_peer>0</verify_peer>
          <verify_host>0</verify_host>
          <master_item/>
        </item>
        <item>
          <name>Device uptime</name>
          <type>4</type>
          <snmp_community>{$SNMP_COMMUNITY}</snmp_community>
          <snmp_oid>1.3.6.1.2.1.1.3.0</snmp_oid>
          <key>system.uptime[sysUpTime]</key>
          <delay>30s</delay>
          <history>2w</history>
          <trends>0d</trends>
          <status>0</status>
          <value_type>3</value_type>
          <allowed_hosts/>
          <units>uptime</units>
          <snmpv3_contextname/>
          <snmpv3_securityname/>
          <snmpv3_securitylevel>0</snmpv3_securitylevel>
          <snmpv3_authprotocol>0</snmpv3_authprotocol>
          <snmpv3_authpassphrase/>
          <snmpv3_privprotocol>0</snmpv3_privprotocol>
          <snmpv3_privpassphrase/>
          <params/>
          <ipmi_sensor/>
          <authtype>0</authtype>
          <username/>
          <password/>
          <publickey/>
          <privatekey/>
          <port/>
          <description>MIB: SNMPv2-MIB&#13;\nThe time (in hundredths of a second) since the network management portion of the system was last re-initialized.</description>
          <inventory_link>0</inventory_link>
          <applications>
            <application>
              <name>Status</name>
            </application>
          </applications>
          <valuemap/>
          <logtimefmt/>
          <preprocessing>
            <step>
              <type>1</type>
              <params>0.01</params>
            </step>
          </preprocessing>
          <jmx_endpoint/>
          <timeout>3s</timeout>
          <url/>
          <query_fields/>
          <posts/>
          <status_codes>200</status_codes>
          <follow_redirects>1</follow_redirects>
          <post_type>0</post_type>
          <http_proxy/>
          <headers/>
          <retrieve_mode>0</retrieve_mode>
          <request_method>0</request_method>
          <output_format>0</output_format>
          <allow_traps>0</allow_traps>
          <ssl_cert_file/>
          <ssl_key_file/>
          <ssl_key_password/>
          <verify_peer>0</verify_peer>
          <verify_host>0</verify_host>
          <master_item/>
        </item>
        <item>
          <name>SNMP availability</name>
          <type>5</type>
          <snmp_community/>
          <snmp_oid/>
          <key>zabbix[host,snmp,available]</key>
          <delay>1m</delay>
          <history>2w</history>
          <trends>0d</trends>
          <status>0</status>
          <value_type>3</value_type>
          <allowed_hosts/>
          <units/>
          <snmpv3_contextname/>
          <snmpv3_securityname/>
          <snmpv3_securitylevel>0</snmpv3_securitylevel>
          <snmpv3_authprotocol>0</snmpv3_authprotocol>
          <snmpv3_authpassphrase/>
          <snmpv3_privprotocol>0</snmpv3_privprotocol>
          <snmpv3_privpassphrase/>
          <params/>
          <ipmi_sensor/>
          <authtype>0</authtype>
          <username/>
          <password/>
          <publickey/>
          <privatekey/>
          <port/>
          <description/>
          <inventory_link>0</inventory_link>
          <applications>
            <application>
              <name>Status</name>
            </application>
          </applications>
          <valuemap>
            <name>zabbix.host.available</name>
          </valuemap>
          <logtimefmt/>
          <preprocessing/>
          <jmx_endpoint/>
          <timeout>3s</timeout>
          <url/>
          <query_fields/>
          <posts/>
          <status_codes>200</status_codes>
          <follow_redirects>1</follow_redirects>
          <post_type>0</post_type>
          <http_proxy/>
          <headers/>
          <retrieve_mode>0</retrieve_mode>
          <request_method>0</request_method>
          <output_format>0</output_format>
          <allow_traps>0</allow_traps>
          <ssl_cert_file/>
          <ssl_key_file/>
          <ssl_key_password/>
          <verify_peer>0</verify_peer>
          <verify_host>0</verify_host>
          <master_item/>
        </item>
      </items>
      <discovery_rules/>
      <httptests/>
      <macros>
        <macro>
          <macro>{$SNMP_TIMEOUT}</macro>
          <value>3m</value>
        </macro>
      </macros>
      <templates>
        <template>
          <name>Template Module ICMP Ping</name>
        </template>
      </templates>
      <screens/>
    </template>
  </templates>
  <triggers>
    <trigger>
      <expression>{Template Module Generic SNMPv2:zabbix[host,snmp,available].max({$SNMP_TIMEOUT})}=0</expression>
      <recovery_mode>0</recovery_mode>
      <recovery_expression/>
      <name>No SNMP data collection</name>
      <correlation_mode>0</correlation_mode>
      <correlation_tag/>
      <url/>
      <status>0</status>
      <priority>2</priority>
      <description>Last value: {ITEM.LASTVALUE1}.&#13;\nSNMP is not available for polling. Please check device connectivity and SNMP settings.</description>
      <type>0</type>
      <manual_close>0</manual_close>
      <dependencies>
        <dependency>
          <name>Unavailable by ICMP ping</name>
          <expression>{Template Module Generic SNMPv2:icmpping.max(#3)}=0</expression>
          <recovery_expression/>
        </dependency>
      </dependencies>
      <tags/>
    </trigger>
    <trigger>
      <expression>{Template Module Generic SNMPv2:system.uptime[sysUpTime].last()}&lt;10m</expression>
      <recovery_mode>0</recovery_mode>
      <recovery_expression/>
      <name>{HOST.NAME} has been restarted</name>
      <correlation_mode>0</correlation_mode>
      <correlation_tag/>
      <url/>
      <status>0</status>
      <priority>2</priority>
      <description>Last value: {ITEM.LASTVALUE1}.&#13;\nThe device uptime is less than 10 minutes</description>
      <type>0</type>
      <manual_close>1</manual_close>
      <dependencies>
        <dependency>
          <name>No SNMP data collection</name>
          <expression>{Template Module Generic SNMPv2:zabbix[host,snmp,available].max({$SNMP_TIMEOUT})}=0</expression>
          <recovery_expression/>
        </dependency>
      </dependencies>
      <tags/>
    </trigger>
  </triggers>
  <value_maps>
    <value_map>
      <name>zabbix.host.available</name>
      <mappings>
        <mapping>
          <value>0</value>
          <newvalue>not available</newvalue>
        </mapping>
        <mapping>
          <value>1</value>
          <newvalue>available</newvalue>
        </mapping>
        <mapping>
          <value>2</value>
          <newvalue>unknown</newvalue>
        </mapping>
      </mappings>
    </value_map>
  </value_maps>
</zabbix_export>
