<?xml version="1.0" encoding="UTF-8"?>
<zabbix_export>
  <version>4.0</version>
  <date>2019-05-28T22:28:31Z</date>
  <groups>
    <group>
      <name>Templates/Network devices</name>
    </group>
  </groups>
  <templates>
    <template>
      <template>Template Net Cisco IOS SNMPv2</template>
      <name>Template Net Cisco IOS SNMPv2</name>
      <description>Template Cisco IOS Software releases 12.2(3.5) or later version: 0.15&#13;\nKnown Issues:&#13;\ndescription : no if(in|out)(Errors|Discards) are available for vlan ifType&#13;\nversion : IOS for example: 12.1(22)EA11, 15.4(3)M2&#13;\ndevice : C2911, C7600</description>
      <groups>
        <group>
          <name>Templates/Network devices</name>
        </group>
      </groups>
      <applications/>
      <items/>
      <discovery_rules/>
      <httptests/>
      <macros/>
      <templates>
        <template>
          <name>Template Module Cisco CISCO-ENVMON-MIB SNMPv2</name>
        </template>
        <template>
          <name>Template Module Cisco CISCO-MEMORY-POOL-MIB SNMPv2</name>
        </template>
        <template>
          <name>Template Module Cisco CISCO-PROCESS-MIB SNMPv2</name>
        </template>
        <template>
          <name>Template Module Cisco Inventory SNMPv2</name>
        </template>
        <template>
          <name>Template Module EtherLike-MIB SNMPv2</name>
        </template>
        <template>
          <name>Template Module Generic SNMPv2</name>
        </template>
        <template>
          <name>Template Module Interfaces SNMPv2</name>
        </template>
      </templates>
      <screens/>
    </template>
  </templates>
</zabbix_export>
