<?xml version="1.0" encoding="UTF-8"?>
<zabbix_export>
  <version>4.0</version>
  <date>2019-05-28T22:28:31Z</date>
  <groups>
    <group>
      <name>Templates/Network devices</name>
    </group>
  </groups>
  <templates>
    <template>
      <template>Template Net Cisco IOS prior to 12.0_3_T SNMPv2</template>
      <name>Template Net Cisco IOS prior to 12.0_3_T SNMPv2</name>
      <description>Cisco IOS Software releases prior to 12.0(3)T version: 0.15</description>
      <groups>
        <group>
          <name>Templates/Network devices</name>
        </group>
      </groups>
      <applications/>
      <items/>
      <discovery_rules/>
      <httptests/>
      <macros/>
      <templates>
        <template>
          <name>Template Module Cisco CISCO-ENVMON-MIB SNMPv2</name>
        </template>
        <template>
          <name>Template Module Cisco CISCO-MEMORY-POOL-MIB SNMPv2</name>
        </template>
        <template>
          <name>Template Module Cisco Inventory SNMPv2</name>
        </template>
        <template>
          <name>Template Module Cisco OLD-CISCO-CPU-MIB SNMPv2</name>
        </template>
        <template>
          <name>Template Module Generic SNMPv2</name>
        </template>
      </templates>
      <screens/>
    </template>
  </templates>
</zabbix_export>
