<?xml version="1.0" encoding="UTF-8"?>
<zabbix_export>
    <version>5.0</version>
    <date>2020-12-17T09:01:23Z</date>
    <groups>
        <group>
            <name>Templates Users</name>
        </group>
    </groups>
    <templates>
        <template>
            <template>Template IPPON UPS</template>
            <name>Template IPPON UPS</name>
            <description>#&#13;
#    .VERSION&#13;
#    0.2&#13;
#&#13;
#    .DESCRIPTION&#13;
#    Author: Nikitin Maksim&#13;
#    Github: https://github.com/nikimaxim/zbx-ups.git&#13;
#    Note: Zabbix template for monitoring UPS&#13;
#&#13;
#    .SUPPORTED&#13;
#    IPPON UPS with module SNMP&#13;
#</description>
            <templates>
                <template>
                    <name>Template Module ICMP Ping</name>
                </template>
            </templates>
            <groups>
                <group>
                    <name>Templates Users</name>
                </group>
            </groups>
            <applications>
                <application>
                    <name>Battery</name>
                </application>
                <application>
                    <name>Information</name>
                </application>
                <application>
                    <name>Input</name>
                </application>
                <application>
                    <name>Load Segment</name>
                </application>
                <application>
                    <name>Output</name>
                </application>
            </applications>
            <items>
                <item>
                    <name>NMC firmware version</name>
                    <type>SNMP_AGENT</type>
                    <snmp_oid>iso.3.6.1.4.1.935.10.1.1.1.6.0</snmp_oid>
                    <key>nmc.fw</key>
                    <trends>0</trends>
                    <value_type>CHAR</value_type>
                    <applications>
                        <application>
                            <name>Information</name>
                        </application>
                    </applications>
                </item>
                <item>
                    <name>UPS battery capacity</name>
                    <type>SNMP_AGENT</type>
                    <snmp_oid>iso.3.6.1.2.1.33.1.2.4.0</snmp_oid>
                    <key>ups.battery.capacity</key>
                    <units>%</units>
                    <applications>
                        <application>
                            <name>Battery</name>
                        </application>
                    </applications>
                </item>
                <item>
                    <name>UPS battery cell number</name>
                    <type>SNMP_AGENT</type>
                    <snmp_oid>iso.3.6.1.4.1.935.10.1.1.3.7.0</snmp_oid>
                    <key>ups.battery.cell</key>
                    <delay>1h</delay>
                    <applications>
                        <application>
                            <name>Battery</name>
                        </application>
                    </applications>
                </item>
                <item>
                    <name>UPS battery modules number</name>
                    <type>SNMP_AGENT</type>
                    <snmp_oid>iso.3.6.1.4.1.935.10.1.1.3.11.0</snmp_oid>
                    <key>ups.battery.modules</key>
                    <delay>1h</delay>
                    <applications>
                        <application>
                            <name>Battery</name>
                        </application>
                    </applications>
                </item>
                <item>
                    <name>UPS over battery temperature set</name>
                    <type>SNMP_AGENT</type>
                    <snmp_oid>iso.3.6.1.4.1.935.10.1.1.2.12.0</snmp_oid>
                    <key>ups.battery.over.temperature.set</key>
                    <delay>1d</delay>
                    <history>7d</history>
                    <value_type>FLOAT</value_type>
                    <units>°C</units>
                    <applications>
                        <application>
                            <name>Information</name>
                        </application>
                    </applications>
                    <preprocessing>
                        <step>
                            <type>MULTIPLIER</type>
                            <params>0.1</params>
                            <error_handler>CUSTOM_ERROR</error_handler>
                            <error_handler_params>Not supported</error_handler_params>
                        </step>
                    </preprocessing>
                </item>
                <item>
                    <name>UPS battery last replaced</name>
                    <type>SNMP_AGENT</type>
                    <snmp_oid>iso.3.6.1.4.1.935.10.1.1.3.9.0</snmp_oid>
                    <key>ups.battery.replaced</key>
                    <trends>0</trends>
                    <value_type>CHAR</value_type>
                    <applications>
                        <application>
                            <name>Information</name>
                        </application>
                    </applications>
                </item>
                <item>
                    <name>UPS battery status</name>
                    <type>SNMP_AGENT</type>
                    <snmp_oid>iso.3.6.1.2.1.33.1.2.1.0</snmp_oid>
                    <key>ups.battery.status</key>
                    <applications>
                        <application>
                            <name>Battery</name>
                        </application>
                    </applications>
                    <valuemap>
                        <name>UPS Battery Status</name>
                    </valuemap>
                    <triggers>
                        <trigger>
                            <expression>{last(0)}&lt;&gt;2</expression>
                            <name>There are battery problems on {HOST.NAME}</name>
                            <priority>DISASTER</priority>
                            <manual_close>YES</manual_close>
                        </trigger>
                    </triggers>
                </item>
                <item>
                    <name>UPS battery temperature</name>
                    <type>SNMP_AGENT</type>
                    <snmp_oid>iso.3.6.1.4.1.935.10.1.1.3.8.0</snmp_oid>
                    <key>ups.battery.temperature</key>
                    <value_type>FLOAT</value_type>
                    <units>°C</units>
                    <applications>
                        <application>
                            <name>Battery</name>
                        </application>
                    </applications>
                    <preprocessing>
                        <step>
                            <type>NOT_MATCHES_REGEX</type>
                            <params>-1</params>
                            <error_handler>CUSTOM_ERROR</error_handler>
                            <error_handler_params>Not supported</error_handler_params>
                        </step>
                        <step>
                            <type>MULTIPLIER</type>
                            <params>0.1</params>
                            <error_handler>CUSTOM_ERROR</error_handler>
                            <error_handler_params>Not supported</error_handler_params>
                        </step>
                    </preprocessing>
                </item>
                <item>
                    <name>UPS battery test result</name>
                    <type>SNMP_AGENT</type>
                    <snmp_oid>iso.3.6.1.4.1.935.10.1.1.7.3.0</snmp_oid>
                    <key>ups.battery.test.result</key>
                    <applications>
                        <application>
                            <name>Battery</name>
                        </application>
                    </applications>
                    <valuemap>
                        <name>UPS Test Result</name>
                    </valuemap>
                    <triggers>
                        <trigger>
                            <expression>{last(0)}=4</expression>
                            <name>Battery test failed on {HOST.NAME}</name>
                            <priority>HIGH</priority>
                            <manual_close>YES</manual_close>
                        </trigger>
                    </triggers>
                </item>
                <item>
                    <name>UPS time on battery</name>
                    <type>SNMP_AGENT</type>
                    <snmp_oid>iso.3.6.1.2.1.33.1.2.2.0</snmp_oid>
                    <key>ups.battery.time.on.battery</key>
                    <units>s</units>
                    <applications>
                        <application>
                            <name>Battery</name>
                        </application>
                    </applications>
                    <preprocessing>
                        <step>
                            <type>MULTIPLIER</type>
                            <params>0.1</params>
                            <error_handler>CUSTOM_ERROR</error_handler>
                            <error_handler_params>Not supported</error_handler_params>
                        </step>
                    </preprocessing>
                </item>
                <item>
                    <name>UPS battery voltage</name>
                    <type>SNMP_AGENT</type>
                    <snmp_oid>iso.3.6.1.2.1.33.1.2.5.0</snmp_oid>
                    <key>ups.battery.voltage</key>
                    <value_type>FLOAT</value_type>
                    <units>V</units>
                    <applications>
                        <application>
                            <name>Battery</name>
                        </application>
                    </applications>
                    <preprocessing>
                        <step>
                            <type>MULTIPLIER</type>
                            <params>0.1</params>
                            <error_handler>CUSTOM_ERROR</error_handler>
                            <error_handler_params>Not supported</error_handler_params>
                        </step>
                    </preprocessing>
                </item>
                <item>
                    <name>UPS description</name>
                    <type>SNMP_AGENT</type>
                    <snmp_oid>iso.3.6.1.2.1.33.1.1.5.0</snmp_oid>
                    <key>ups.description</key>
                    <delay>1h</delay>
                    <trends>0</trends>
                    <value_type>CHAR</value_type>
                    <applications>
                        <application>
                            <name>Information</name>
                        </application>
                    </applications>
                </item>
                <item>
                    <name>UPS firmware version</name>
                    <type>SNMP_AGENT</type>
                    <snmp_oid>iso.3.6.1.4.1.935.10.1.1.1.3.0</snmp_oid>
                    <key>ups.fw</key>
                    <delay>1h</delay>
                    <trends>0</trends>
                    <value_type>CHAR</value_type>
                    <applications>
                        <application>
                            <name>Information</name>
                        </application>
                    </applications>
                </item>
                <item>
                    <name>UPS input frequency</name>
                    <type>SNMP_AGENT</type>
                    <snmp_oid>iso.3.6.1.2.1.33.1.3.3.1.2.1</snmp_oid>
                    <key>ups.input.frequency</key>
                    <value_type>FLOAT</value_type>
                    <units>Hz</units>
                    <applications>
                        <application>
                            <name>Input</name>
                        </application>
                    </applications>
                    <preprocessing>
                        <step>
                            <type>MULTIPLIER</type>
                            <params>0.1</params>
                            <error_handler>CUSTOM_ERROR</error_handler>
                            <error_handler_params>Not supported</error_handler_params>
                        </step>
                    </preprocessing>
                </item>
                <item>
                    <name>UPS input voltage</name>
                    <type>SNMP_AGENT</type>
                    <snmp_oid>iso.3.6.1.2.1.33.1.3.3.1.3.1</snmp_oid>
                    <key>ups.input.voltage</key>
                    <value_type>FLOAT</value_type>
                    <units>V</units>
                    <applications>
                        <application>
                            <name>Input</name>
                        </application>
                    </applications>
                </item>
                <item>
                    <name>UPS load segment 1</name>
                    <type>SNMP_AGENT</type>
                    <snmp_oid>iso.3.6.1.4.1.935.10.1.1.5.5.0</snmp_oid>
                    <key>ups.load.segment.1</key>
                    <applications>
                        <application>
                            <name>Load Segment</name>
                        </application>
                    </applications>
                    <valuemap>
                        <name>UPS Load Segment</name>
                    </valuemap>
                </item>
                <item>
                    <name>UPS load segment 2</name>
                    <type>SNMP_AGENT</type>
                    <snmp_oid>iso.3.6.1.4.1.935.10.1.1.5.10.0</snmp_oid>
                    <key>ups.load.segment.2</key>
                    <applications>
                        <application>
                            <name>Load Segment</name>
                        </application>
                    </applications>
                    <valuemap>
                        <name>UPS Load Segment</name>
                    </valuemap>
                </item>
                <item>
                    <name>UPS location</name>
                    <type>SNMP_AGENT</type>
                    <snmp_oid>iso.3.6.1.2.1.1.6.0</snmp_oid>
                    <key>ups.location</key>
                    <delay>1h</delay>
                    <trends>0</trends>
                    <value_type>CHAR</value_type>
                    <inventory_link>LOCATION</inventory_link>
                    <applications>
                        <application>
                            <name>Information</name>
                        </application>
                    </applications>
                </item>
                <item>
                    <name>UPS model</name>
                    <type>SNMP_AGENT</type>
                    <snmp_oid>iso.3.6.1.4.1.935.10.1.1.1.2.0</snmp_oid>
                    <key>ups.model</key>
                    <delay>1h</delay>
                    <trends>0</trends>
                    <value_type>CHAR</value_type>
                    <applications>
                        <application>
                            <name>Information</name>
                        </application>
                    </applications>
                </item>
                <item>
                    <name>UPS output frequency</name>
                    <type>SNMP_AGENT</type>
                    <snmp_oid>iso.3.6.1.2.1.33.1.4.2.0</snmp_oid>
                    <key>ups.output.frequency</key>
                    <value_type>FLOAT</value_type>
                    <units>Hz</units>
                    <applications>
                        <application>
                            <name>Output</name>
                        </application>
                    </applications>
                    <preprocessing>
                        <step>
                            <type>MULTIPLIER</type>
                            <params>0.1</params>
                            <error_handler>CUSTOM_ERROR</error_handler>
                            <error_handler_params>Not supported</error_handler_params>
                        </step>
                    </preprocessing>
                </item>
                <item>
                    <name>UPS output load (%)</name>
                    <type>SNMP_AGENT</type>
                    <snmp_oid>iso.3.6.1.2.1.33.1.4.4.1.5.1</snmp_oid>
                    <key>ups.output.load</key>
                    <value_type>FLOAT</value_type>
                    <units>%</units>
                    <applications>
                        <application>
                            <name>Output</name>
                        </application>
                    </applications>
                </item>
                <item>
                    <name>UPS over output load set</name>
                    <type>SNMP_AGENT</type>
                    <snmp_oid>iso.3.6.1.4.1.935.10.1.1.2.11.0</snmp_oid>
                    <key>ups.output.over.load.set</key>
                    <delay>1d</delay>
                    <history>7d</history>
                    <units>%</units>
                    <applications>
                        <application>
                            <name>Information</name>
                        </application>
                    </applications>
                </item>
                <item>
                    <name>UPS output voltage</name>
                    <type>SNMP_AGENT</type>
                    <snmp_oid>iso.3.6.1.2.1.33.1.4.4.1.2.1</snmp_oid>
                    <key>ups.output.voltage</key>
                    <value_type>FLOAT</value_type>
                    <units>V</units>
                    <applications>
                        <application>
                            <name>Output</name>
                        </application>
                    </applications>
                </item>
                <item>
                    <name>UPS rating VA</name>
                    <type>SNMP_AGENT</type>
                    <snmp_oid>iso.3.6.1.2.1.33.1.9.5.0</snmp_oid>
                    <key>ups.rating.va</key>
                    <delay>1h</delay>
                    <units>V</units>
                    <applications>
                        <application>
                            <name>Information</name>
                        </application>
                    </applications>
                </item>
                <item>
                    <name>UPS serial number</name>
                    <type>SNMP_AGENT</type>
                    <snmp_oid>iso.3.6.1.4.1.935.10.1.1.1.4.0</snmp_oid>
                    <key>ups.sn</key>
                    <delay>1h</delay>
                    <trends>0</trends>
                    <value_type>CHAR</value_type>
                    <applications>
                        <application>
                            <name>Information</name>
                        </application>
                    </applications>
                    <preprocessing>
                        <step>
                            <type>JAVASCRIPT</type>
                            <params>if (value) {
    return value
} else {
    return &quot;Failed to get SN&quot;
}</params>
                        </step>
                    </preprocessing>
                </item>
                <item>
                    <name>UPS status</name>
                    <type>SNMP_AGENT</type>
                    <snmp_oid>iso.3.6.1.4.1.935.10.1.1.2.1.0</snmp_oid>
                    <key>ups.status</key>
                    <applications>
                        <application>
                            <name>Information</name>
                        </application>
                    </applications>
                    <valuemap>
                        <name>UPS System Status</name>
                    </valuemap>
                    <triggers>
                        <trigger>
                            <expression>{diff()}=1</expression>
                            <name>Changing the operating mode on {HOST.NAME}</name>
                            <priority>INFO</priority>
                            <manual_close>YES</manual_close>
                        </trigger>
                    </triggers>
                </item>
                <item>
                    <name>UPS temperature</name>
                    <type>SNMP_AGENT</type>
                    <snmp_oid>iso.3.6.1.4.1.935.10.1.1.2.2.0</snmp_oid>
                    <key>ups.temperature</key>
                    <value_type>FLOAT</value_type>
                    <units>°C</units>
                    <applications>
                        <application>
                            <name>Information</name>
                        </application>
                    </applications>
                    <preprocessing>
                        <step>
                            <type>MULTIPLIER</type>
                            <params>0.1</params>
                            <error_handler>CUSTOM_ERROR</error_handler>
                            <error_handler_params>Not supported</error_handler_params>
                        </step>
                    </preprocessing>
                </item>
                <item>
                    <name>UPS uptime</name>
                    <type>SNMP_AGENT</type>
                    <snmp_oid>iso.3.6.1.2.1.1.3.0</snmp_oid>
                    <key>ups.uptime</key>
                    <units>uptime</units>
                    <applications>
                        <application>
                            <name>Information</name>
                        </application>
                    </applications>
                    <preprocessing>
                        <step>
                            <type>MULTIPLIER</type>
                            <params>0.01</params>
                            <error_handler>CUSTOM_ERROR</error_handler>
                            <error_handler_params>Not supported</error_handler_params>
                        </step>
                    </preprocessing>
                </item>
            </items>
        </template>
    </templates>
    <triggers>
        <trigger>
            <expression>{Template IPPON UPS:ups.temperature.last(0)}&gt;{Template IPPON UPS:ups.battery.over.temperature.set.last(0)}</expression>
            <recovery_mode>RECOVERY_EXPRESSION</recovery_mode>
            <recovery_expression>{Template IPPON UPS:ups.temperature.last(0)}&lt;={Template IPPON UPS:ups.battery.over.temperature.set.last(0)} - 5</recovery_expression>
            <name>High temperature on {HOST.NAME}</name>
            <priority>HIGH</priority>
            <manual_close>YES</manual_close>
        </trigger>
        <trigger>
            <expression>{Template IPPON UPS:ups.output.load.last(0)}&gt;{Template IPPON UPS:ups.output.over.load.set.last(0)}</expression>
            <recovery_mode>RECOVERY_EXPRESSION</recovery_mode>
            <recovery_expression>{Template IPPON UPS:ups.output.load.last(0)}&lt;={Template IPPON UPS:ups.output.over.load.set.last(0)} - 5</recovery_expression>
            <name>Output load high on {HOST.NAME}</name>
            <priority>HIGH</priority>
            <manual_close>YES</manual_close>
        </trigger>
    </triggers>
    <graphs>
        <graph>
            <name>UPS frequency</name>
            <graph_items>
                <graph_item>
                    <sortorder>1</sortorder>
                    <color>F63100</color>
                    <item>
                        <host>Template IPPON UPS</host>
                        <key>ups.input.frequency</key>
                    </item>
                </graph_item>
                <graph_item>
                    <sortorder>2</sortorder>
                    <color>00FF00</color>
                    <item>
                        <host>Template IPPON UPS</host>
                        <key>ups.output.frequency</key>
                    </item>
                </graph_item>
            </graph_items>
        </graph>
        <graph>
            <name>UPS load</name>
            <graph_items>
                <graph_item>
                    <sortorder>1</sortorder>
                    <color>4444FF</color>
                    <item>
                        <host>Template IPPON UPS</host>
                        <key>ups.output.load</key>
                    </item>
                </graph_item>
            </graph_items>
        </graph>
        <graph>
            <name>UPS temperature</name>
            <graph_items>
                <graph_item>
                    <sortorder>1</sortorder>
                    <color>FF0000</color>
                    <item>
                        <host>Template IPPON UPS</host>
                        <key>ups.temperature</key>
                    </item>
                </graph_item>
            </graph_items>
        </graph>
        <graph>
            <name>UPS voltage</name>
            <graph_items>
                <graph_item>
                    <sortorder>1</sortorder>
                    <color>B71C1C</color>
                    <item>
                        <host>Template IPPON UPS</host>
                        <key>ups.input.voltage</key>
                    </item>
                </graph_item>
                <graph_item>
                    <sortorder>2</sortorder>
                    <color>4444FF</color>
                    <item>
                        <host>Template IPPON UPS</host>
                        <key>ups.output.voltage</key>
                    </item>
                </graph_item>
            </graph_items>
        </graph>
    </graphs>
    <value_maps>
        <value_map>
            <name>UPS Battery Status</name>
            <mappings>
                <mapping>
                    <value>1</value>
                    <newvalue>Unknown</newvalue>
                </mapping>
                <mapping>
                    <value>2</value>
                    <newvalue>Battery normal</newvalue>
                </mapping>
                <mapping>
                    <value>3</value>
                    <newvalue>Battery low</newvalue>
                </mapping>
                <mapping>
                    <value>4</value>
                    <newvalue>Battery depleted</newvalue>
                </mapping>
                <mapping>
                    <value>5</value>
                    <newvalue>Battery discharging</newvalue>
                </mapping>
                <mapping>
                    <value>6</value>
                    <newvalue>Battery failure</newvalue>
                </mapping>
            </mappings>
        </value_map>
        <value_map>
            <name>UPS Load Segment</name>
            <mappings>
                <mapping>
                    <value>1</value>
                    <newvalue>Off</newvalue>
                </mapping>
                <mapping>
                    <value>2</value>
                    <newvalue>On</newvalue>
                </mapping>
                <mapping>
                    <value>3</value>
                    <newvalue>Off-pending</newvalue>
                </mapping>
                <mapping>
                    <value>4</value>
                    <newvalue>On-pending</newvalue>
                </mapping>
                <mapping>
                    <value>5</value>
                    <newvalue>Not-support</newvalue>
                </mapping>
            </mappings>
        </value_map>
        <value_map>
            <name>UPS System Status</name>
            <mappings>
                <mapping>
                    <value>1</value>
                    <newvalue>Power-on</newvalue>
                </mapping>
                <mapping>
                    <value>2</value>
                    <newvalue>Stand-by</newvalue>
                </mapping>
                <mapping>
                    <value>3</value>
                    <newvalue>By-pass</newvalue>
                </mapping>
                <mapping>
                    <value>4</value>
                    <newvalue>Line</newvalue>
                </mapping>
                <mapping>
                    <value>5</value>
                    <newvalue>Battery</newvalue>
                </mapping>
                <mapping>
                    <value>6</value>
                    <newvalue>Battery-test</newvalue>
                </mapping>
                <mapping>
                    <value>7</value>
                    <newvalue>Fault</newvalue>
                </mapping>
                <mapping>
                    <value>8</value>
                    <newvalue>Converter</newvalue>
                </mapping>
                <mapping>
                    <value>9</value>
                    <newvalue>Eco</newvalue>
                </mapping>
                <mapping>
                    <value>10</value>
                    <newvalue>Shutdown</newvalue>
                </mapping>
                <mapping>
                    <value>11</value>
                    <newvalue>On-booster</newvalue>
                </mapping>
                <mapping>
                    <value>12</value>
                    <newvalue>On-reducer</newvalue>
                </mapping>
                <mapping>
                    <value>13</value>
                    <newvalue>Other</newvalue>
                </mapping>
            </mappings>
        </value_map>
        <value_map>
            <name>UPS Test Result</name>
            <mappings>
                <mapping>
                    <value>1</value>
                    <newvalue>Idle</newvalue>
                </mapping>
                <mapping>
                    <value>2</value>
                    <newvalue>Processing</newvalue>
                </mapping>
                <mapping>
                    <value>3</value>
                    <newvalue>No-failure</newvalue>
                </mapping>
                <mapping>
                    <value>4</value>
                    <newvalue>Failure-or-warning</newvalue>
                </mapping>
                <mapping>
                    <value>5</value>
                    <newvalue>Not-possible</newvalue>
                </mapping>
                <mapping>
                    <value>6</value>
                    <newvalue>Test-cancel</newvalue>
                </mapping>
            </mappings>
        </value_map>
    </value_maps>
</zabbix_export>
