<?xml version="1.0" encoding="UTF-8"?>
<zabbix_export>
    <version>3.2</version>
    <date>2017-09-13T07:46:25Z</date>
    <groups>
        <group>
            <name>Templates</name>
        </group>
    </groups>
    <templates>
        <template>
            <template>Template_Infortrend_DS_Storage</template>
            <name>Template_Infortrend_DS_Storage</name>
            <description>Euro Store templade</description>
            <groups>
                <group>
                    <name>Templates</name>
                </group>
            </groups>
            <applications>
                <application>
                    <name>Disk</name>
                </application>
                <application>
                    <name>System</name>
                </application>
                <application>
                    <name>Volume</name>
                </application>
            </applications>
            <items>
                <item>
                    <name>Firmware major version</name>
                    <type>4</type>
                    <snmp_community>public</snmp_community>
                    <multiplier>0</multiplier>
                    <snmp_oid>.1.3.6.1.4.1.1714.1.1.1.1.4.0</snmp_oid>
                    <key>.1.3.6.1.4.1.1714.1.1.1.1.4.0</key>
                    <delay>86400</delay>
                    <history>90</history>
                    <trends>0</trends>
                    <status>0</status>
                    <value_type>4</value_type>
                    <allowed_hosts/>
                    <units/>
                    <delta>0</delta>
                    <snmpv3_contextname/>
                    <snmpv3_securityname/>
                    <snmpv3_securitylevel>0</snmpv3_securitylevel>
                    <snmpv3_authprotocol>0</snmpv3_authprotocol>
                    <snmpv3_authpassphrase/>
                    <snmpv3_privprotocol>0</snmpv3_privprotocol>
                    <snmpv3_privpassphrase/>
                    <formula>1</formula>
                    <delay_flex/>
                    <params/>
                    <ipmi_sensor/>
                    <data_type>0</data_type>
                    <authtype>0</authtype>
                    <username/>
                    <password/>
                    <publickey/>
                    <privatekey/>
                    <port/>
                    <description/>
                    <inventory_link>0</inventory_link>
                    <applications>
                        <application>
                            <name>System</name>
                        </application>
                    </applications>
                    <valuemap/>
                    <logtimefmt/>
                </item>
                <item>
                    <name>Firmware minor version</name>
                    <type>4</type>
                    <snmp_community>public</snmp_community>
                    <multiplier>0</multiplier>
                    <snmp_oid>.1.3.6.1.4.1.1714.1.1.1.1.5.0</snmp_oid>
                    <key>.1.3.6.1.4.1.1714.1.1.1.1.5.0</key>
                    <delay>86400</delay>
                    <history>90</history>
                    <trends>0</trends>
                    <status>0</status>
                    <value_type>4</value_type>
                    <allowed_hosts/>
                    <units/>
                    <delta>0</delta>
                    <snmpv3_contextname/>
                    <snmpv3_securityname/>
                    <snmpv3_securitylevel>0</snmpv3_securitylevel>
                    <snmpv3_authprotocol>0</snmpv3_authprotocol>
                    <snmpv3_authpassphrase/>
                    <snmpv3_privprotocol>0</snmpv3_privprotocol>
                    <snmpv3_privpassphrase/>
                    <formula>1</formula>
                    <delay_flex/>
                    <params/>
                    <ipmi_sensor/>
                    <data_type>0</data_type>
                    <authtype>0</authtype>
                    <username/>
                    <password/>
                    <publickey/>
                    <privatekey/>
                    <port/>
                    <description/>
                    <inventory_link>0</inventory_link>
                    <applications>
                        <application>
                            <name>System</name>
                        </application>
                    </applications>
                    <valuemap/>
                    <logtimefmt/>
                </item>
                <item>
                    <name>Firmware engineer version</name>
                    <type>4</type>
                    <snmp_community>public</snmp_community>
                    <multiplier>0</multiplier>
                    <snmp_oid>.1.3.6.1.4.1.1714.1.1.1.1.6.0</snmp_oid>
                    <key>.1.3.6.1.4.1.1714.1.1.1.1.6.0</key>
                    <delay>86400</delay>
                    <history>90</history>
                    <trends>0</trends>
                    <status>0</status>
                    <value_type>4</value_type>
                    <allowed_hosts/>
                    <units/>
                    <delta>0</delta>
                    <snmpv3_contextname/>
                    <snmpv3_securityname/>
                    <snmpv3_securitylevel>0</snmpv3_securitylevel>
                    <snmpv3_authprotocol>0</snmpv3_authprotocol>
                    <snmpv3_authpassphrase/>
                    <snmpv3_privprotocol>0</snmpv3_privprotocol>
                    <snmpv3_privpassphrase/>
                    <formula>1</formula>
                    <delay_flex/>
                    <params/>
                    <ipmi_sensor/>
                    <data_type>0</data_type>
                    <authtype>0</authtype>
                    <username/>
                    <password/>
                    <publickey/>
                    <privatekey/>
                    <port/>
                    <description/>
                    <inventory_link>0</inventory_link>
                    <applications>
                        <application>
                            <name>System</name>
                        </application>
                    </applications>
                    <valuemap/>
                    <logtimefmt/>
                </item>
                <item>
                    <name>Serial Nr</name>
                    <type>4</type>
                    <snmp_community>public</snmp_community>
                    <multiplier>0</multiplier>
                    <snmp_oid>.1.3.6.1.4.1.1714.1.1.1.1.10.0</snmp_oid>
                    <key>.1.3.6.1.4.1.1714.1.1.1.1.10.0</key>
                    <delay>86400</delay>
                    <history>90</history>
                    <trends>0</trends>
                    <status>0</status>
                    <value_type>4</value_type>
                    <allowed_hosts/>
                    <units/>
                    <delta>0</delta>
                    <snmpv3_contextname/>
                    <snmpv3_securityname/>
                    <snmpv3_securitylevel>0</snmpv3_securitylevel>
                    <snmpv3_authprotocol>0</snmpv3_authprotocol>
                    <snmpv3_authpassphrase/>
                    <snmpv3_privprotocol>0</snmpv3_privprotocol>
                    <snmpv3_privpassphrase/>
                    <formula>1</formula>
                    <delay_flex/>
                    <params/>
                    <ipmi_sensor/>
                    <data_type>0</data_type>
                    <authtype>0</authtype>
                    <username/>
                    <password/>
                    <publickey/>
                    <privatekey/>
                    <port/>
                    <description/>
                    <inventory_link>0</inventory_link>
                    <applications>
                        <application>
                            <name>System</name>
                        </application>
                    </applications>
                    <valuemap/>
                    <logtimefmt/>
                </item>
                <item>
                    <name>Model</name>
                    <type>4</type>
                    <snmp_community>public</snmp_community>
                    <multiplier>0</multiplier>
                    <snmp_oid>interfaces.ifTable.ifEntry.ifInOctets.1</snmp_oid>
                    <key>.1.3.6.1.4.1.1714.1.1.1.1.15.0</key>
                    <delay>86400</delay>
                    <history>90</history>
                    <trends>0</trends>
                    <status>0</status>
                    <value_type>4</value_type>
                    <allowed_hosts/>
                    <units/>
                    <delta>0</delta>
                    <snmpv3_contextname/>
                    <snmpv3_securityname/>
                    <snmpv3_securitylevel>0</snmpv3_securitylevel>
                    <snmpv3_authprotocol>0</snmpv3_authprotocol>
                    <snmpv3_authpassphrase/>
                    <snmpv3_privprotocol>0</snmpv3_privprotocol>
                    <snmpv3_privpassphrase/>
                    <formula>1</formula>
                    <delay_flex/>
                    <params/>
                    <ipmi_sensor/>
                    <data_type>0</data_type>
                    <authtype>0</authtype>
                    <username/>
                    <password/>
                    <publickey/>
                    <privatekey/>
                    <port/>
                    <description>System Model</description>
                    <inventory_link>0</inventory_link>
                    <applications>
                        <application>
                            <name>System</name>
                        </application>
                    </applications>
                    <valuemap/>
                    <logtimefmt/>
                </item>
                <item>
                    <name>Serial Nr Second Controller</name>
                    <type>4</type>
                    <snmp_community>public</snmp_community>
                    <multiplier>0</multiplier>
                    <snmp_oid>.1.3.6.1.4.1.1714.1.1.1.1.17.0</snmp_oid>
                    <key>.1.3.6.1.4.1.1714.1.1.1.1.17.0</key>
                    <delay>86400</delay>
                    <history>90</history>
                    <trends>0</trends>
                    <status>0</status>
                    <value_type>4</value_type>
                    <allowed_hosts/>
                    <units/>
                    <delta>0</delta>
                    <snmpv3_contextname/>
                    <snmpv3_securityname/>
                    <snmpv3_securitylevel>0</snmpv3_securitylevel>
                    <snmpv3_authprotocol>0</snmpv3_authprotocol>
                    <snmpv3_authpassphrase/>
                    <snmpv3_privprotocol>0</snmpv3_privprotocol>
                    <snmpv3_privpassphrase/>
                    <formula>1</formula>
                    <delay_flex/>
                    <params/>
                    <ipmi_sensor/>
                    <data_type>0</data_type>
                    <authtype>0</authtype>
                    <username/>
                    <password/>
                    <publickey/>
                    <privatekey/>
                    <port/>
                    <description/>
                    <inventory_link>0</inventory_link>
                    <applications>
                        <application>
                            <name>System</name>
                        </application>
                    </applications>
                    <valuemap/>
                    <logtimefmt/>
                </item>
                <item>
                    <name>Cache Total</name>
                    <type>4</type>
                    <snmp_community>public</snmp_community>
                    <multiplier>0</multiplier>
                    <snmp_oid>.1.3.6.1.4.1.1714.1.1.1.2.3.0</snmp_oid>
                    <key>.1.3.6.1.4.1.1714.1.1.1.2.3.0</key>
                    <delay>86400</delay>
                    <history>90</history>
                    <trends>365</trends>
                    <status>0</status>
                    <value_type>3</value_type>
                    <allowed_hosts/>
                    <units/>
                    <delta>0</delta>
                    <snmpv3_contextname/>
                    <snmpv3_securityname/>
                    <snmpv3_securitylevel>0</snmpv3_securitylevel>
                    <snmpv3_authprotocol>0</snmpv3_authprotocol>
                    <snmpv3_authpassphrase/>
                    <snmpv3_privprotocol>0</snmpv3_privprotocol>
                    <snmpv3_privpassphrase/>
                    <formula>1</formula>
                    <delay_flex/>
                    <params/>
                    <ipmi_sensor/>
                    <data_type>0</data_type>
                    <authtype>0</authtype>
                    <username/>
                    <password/>
                    <publickey/>
                    <privatekey/>
                    <port/>
                    <description/>
                    <inventory_link>0</inventory_link>
                    <applications>
                        <application>
                            <name>System</name>
                        </application>
                    </applications>
                    <valuemap/>
                    <logtimefmt/>
                </item>
                <item>
                    <name>Cache Dirty</name>
                    <type>4</type>
                    <snmp_community>public</snmp_community>
                    <multiplier>0</multiplier>
                    <snmp_oid>.1.3.6.1.4.1.1714.1.1.1.2.4.0</snmp_oid>
                    <key>.1.3.6.1.4.1.1714.1.1.1.2.4.0</key>
                    <delay>30</delay>
                    <history>90</history>
                    <trends>365</trends>
                    <status>0</status>
                    <value_type>3</value_type>
                    <allowed_hosts/>
                    <units/>
                    <delta>0</delta>
                    <snmpv3_contextname/>
                    <snmpv3_securityname/>
                    <snmpv3_securitylevel>0</snmpv3_securitylevel>
                    <snmpv3_authprotocol>0</snmpv3_authprotocol>
                    <snmpv3_authpassphrase/>
                    <snmpv3_privprotocol>0</snmpv3_privprotocol>
                    <snmpv3_privpassphrase/>
                    <formula>1</formula>
                    <delay_flex/>
                    <params/>
                    <ipmi_sensor/>
                    <data_type>0</data_type>
                    <authtype>0</authtype>
                    <username/>
                    <password/>
                    <publickey/>
                    <privatekey/>
                    <port/>
                    <description/>
                    <inventory_link>0</inventory_link>
                    <applications>
                        <application>
                            <name>System</name>
                        </application>
                    </applications>
                    <valuemap/>
                    <logtimefmt/>
                </item>
                <item>
                    <name>Current Write Mb</name>
                    <type>4</type>
                    <snmp_community>public</snmp_community>
                    <multiplier>0</multiplier>
                    <snmp_oid>.1.3.6.1.4.1.1714.1.1.1.4.10.0</snmp_oid>
                    <key>.1.3.6.1.4.1.1714.1.1.1.4.10.0</key>
                    <delay>30</delay>
                    <history>90</history>
                    <trends>365</trends>
                    <status>0</status>
                    <value_type>3</value_type>
                    <allowed_hosts/>
                    <units>Mb/s</units>
                    <delta>0</delta>
                    <snmpv3_contextname/>
                    <snmpv3_securityname/>
                    <snmpv3_securitylevel>0</snmpv3_securitylevel>
                    <snmpv3_authprotocol>0</snmpv3_authprotocol>
                    <snmpv3_authpassphrase/>
                    <snmpv3_privprotocol>0</snmpv3_privprotocol>
                    <snmpv3_privpassphrase/>
                    <formula>1</formula>
                    <delay_flex/>
                    <params/>
                    <ipmi_sensor/>
                    <data_type>0</data_type>
                    <authtype>0</authtype>
                    <username/>
                    <password/>
                    <publickey/>
                    <privatekey/>
                    <port/>
                    <description/>
                    <inventory_link>0</inventory_link>
                    <applications>
                        <application>
                            <name>Disk</name>
                        </application>
                    </applications>
                    <valuemap/>
                    <logtimefmt/>
                </item>
                <item>
                    <name>Current Write Req/s</name>
                    <type>4</type>
                    <snmp_community>public</snmp_community>
                    <multiplier>0</multiplier>
                    <snmp_oid>.1.3.6.1.4.1.1714.1.1.1.4.12.0</snmp_oid>
                    <key>.1.3.6.1.4.1.1714.1.1.1.4.12.0</key>
                    <delay>30</delay>
                    <history>90</history>
                    <trends>365</trends>
                    <status>0</status>
                    <value_type>3</value_type>
                    <allowed_hosts/>
                    <units>Req/s</units>
                    <delta>0</delta>
                    <snmpv3_contextname/>
                    <snmpv3_securityname/>
                    <snmpv3_securitylevel>0</snmpv3_securitylevel>
                    <snmpv3_authprotocol>0</snmpv3_authprotocol>
                    <snmpv3_authpassphrase/>
                    <snmpv3_privprotocol>0</snmpv3_privprotocol>
                    <snmpv3_privpassphrase/>
                    <formula>1</formula>
                    <delay_flex/>
                    <params/>
                    <ipmi_sensor/>
                    <data_type>0</data_type>
                    <authtype>0</authtype>
                    <username/>
                    <password/>
                    <publickey/>
                    <privatekey/>
                    <port/>
                    <description/>
                    <inventory_link>0</inventory_link>
                    <applications>
                        <application>
                            <name>Disk</name>
                        </application>
                    </applications>
                    <valuemap/>
                    <logtimefmt/>
                </item>
                <item>
                    <name>Redundant Controller Status</name>
                    <type>4</type>
                    <snmp_community>public</snmp_community>
                    <multiplier>0</multiplier>
                    <snmp_oid>.1.3.6.1.4.1.1714.1.1.1.6.1.0</snmp_oid>
                    <key>redCtlrCfg</key>
                    <delay>300</delay>
                    <history>90</history>
                    <trends>365</trends>
                    <status>0</status>
                    <value_type>3</value_type>
                    <allowed_hosts/>
                    <units/>
                    <delta>0</delta>
                    <snmpv3_contextname/>
                    <snmpv3_securityname/>
                    <snmpv3_securitylevel>0</snmpv3_securitylevel>
                    <snmpv3_authprotocol>0</snmpv3_authprotocol>
                    <snmpv3_authpassphrase/>
                    <snmpv3_privprotocol>0</snmpv3_privprotocol>
                    <snmpv3_privpassphrase/>
                    <formula>1</formula>
                    <delay_flex/>
                    <params/>
                    <ipmi_sensor/>
                    <data_type>0</data_type>
                    <authtype>0</authtype>
                    <username/>
                    <password/>
                    <publickey/>
                    <privatekey/>
                    <port/>
                    <description>System Model</description>
                    <inventory_link>0</inventory_link>
                    <applications>
                        <application>
                            <name>System</name>
                        </application>
                    </applications>
                    <valuemap>
                        <name>IFT Redundant Controller Config</name>
                    </valuemap>
                    <logtimefmt/>
                </item>
                <item>
                    <name>Redundant Controller Current Status</name>
                    <type>4</type>
                    <snmp_community>public</snmp_community>
                    <multiplier>0</multiplier>
                    <snmp_oid>.1.3.6.1.4.1.1714.1.1.1.6.4.0</snmp_oid>
                    <key>redCtlrStatus</key>
                    <delay>300</delay>
                    <history>90</history>
                    <trends>365</trends>
                    <status>0</status>
                    <value_type>3</value_type>
                    <allowed_hosts/>
                    <units/>
                    <delta>0</delta>
                    <snmpv3_contextname/>
                    <snmpv3_securityname/>
                    <snmpv3_securitylevel>0</snmpv3_securitylevel>
                    <snmpv3_authprotocol>0</snmpv3_authprotocol>
                    <snmpv3_authpassphrase/>
                    <snmpv3_privprotocol>0</snmpv3_privprotocol>
                    <snmpv3_privpassphrase/>
                    <formula>1</formula>
                    <delay_flex/>
                    <params/>
                    <ipmi_sensor/>
                    <data_type>0</data_type>
                    <authtype>0</authtype>
                    <username/>
                    <password/>
                    <publickey/>
                    <privatekey/>
                    <port/>
                    <description>System Model</description>
                    <inventory_link>0</inventory_link>
                    <applications>
                        <application>
                            <name>System</name>
                        </application>
                    </applications>
                    <valuemap>
                        <name>IFT Redundant Controller Status</name>
                    </valuemap>
                    <logtimefmt/>
                </item>
            </items>
            <discovery_rules>
                <discovery_rule>
                    <name>Volume</name>
                    <type>4</type>
                    <snmp_community>public</snmp_community>
                    <snmp_oid>discovery[{#SNMPHDDSCSIID},.1.3.6.1.4.1.1714.1.1.2.1.2]</snmp_oid>
                    <key>.1.3.6.1.4.1.1714.1.1.2.1.2</key>
                    <delay>3600</delay>
                    <status>0</status>
                    <allowed_hosts/>
                    <snmpv3_contextname/>
                    <snmpv3_securityname/>
                    <snmpv3_securitylevel>0</snmpv3_securitylevel>
                    <snmpv3_authprotocol>0</snmpv3_authprotocol>
                    <snmpv3_authpassphrase/>
                    <snmpv3_privprotocol>0</snmpv3_privprotocol>
                    <snmpv3_privpassphrase/>
                    <delay_flex/>
                    <params/>
                    <ipmi_sensor/>
                    <authtype>0</authtype>
                    <username/>
                    <password/>
                    <publickey/>
                    <privatekey/>
                    <port/>
                    <filter>
                        <evaltype>0</evaltype>
                        <formula/>
                        <conditions/>
                    </filter>
                    <lifetime>30</lifetime>
                    <description>Volume Discovery</description>
                    <item_prototypes>
                        <item_prototype>
                            <name>VOLUME {#SNMPINDEX} Drives Failed</name>
                            <type>4</type>
                            <snmp_community>public</snmp_community>
                            <multiplier>0</multiplier>
                            <snmp_oid>.1.3.6.1.4.1.1714.1.1.2.1.11.{#SNMPINDEX}</snmp_oid>
                            <key>ldFailedDrvCnt.[{#SNMPINDEX}]</key>
                            <delay>600</delay>
                            <history>90</history>
                            <trends>365</trends>
                            <status>0</status>
                            <value_type>3</value_type>
                            <allowed_hosts/>
                            <units/>
                            <delta>0</delta>
                            <snmpv3_contextname/>
                            <snmpv3_securityname/>
                            <snmpv3_securitylevel>0</snmpv3_securitylevel>
                            <snmpv3_authprotocol>0</snmpv3_authprotocol>
                            <snmpv3_authpassphrase/>
                            <snmpv3_privprotocol>0</snmpv3_privprotocol>
                            <snmpv3_privpassphrase/>
                            <formula>1</formula>
                            <delay_flex/>
                            <params/>
                            <ipmi_sensor/>
                            <data_type>0</data_type>
                            <authtype>0</authtype>
                            <username/>
                            <password/>
                            <publickey/>
                            <privatekey/>
                            <port/>
                            <description/>
                            <inventory_link>0</inventory_link>
                            <applications>
                                <application>
                                    <name>Volume</name>
                                </application>
                            </applications>
                            <valuemap/>
                            <logtimefmt/>
                            <application_prototypes/>
                        </item_prototype>
                        <item_prototype>
                            <name>VOLUME {#SNMPINDEX} Drives Online</name>
                            <type>4</type>
                            <snmp_community>public</snmp_community>
                            <multiplier>0</multiplier>
                            <snmp_oid>.1.3.6.1.4.1.1714.1.1.2.1.9.{#SNMPINDEX}</snmp_oid>
                            <key>ldOnlineDrvCnt.[{#SNMPINDEX}]</key>
                            <delay>600</delay>
                            <history>90</history>
                            <trends>365</trends>
                            <status>0</status>
                            <value_type>3</value_type>
                            <allowed_hosts/>
                            <units/>
                            <delta>0</delta>
                            <snmpv3_contextname/>
                            <snmpv3_securityname/>
                            <snmpv3_securitylevel>0</snmpv3_securitylevel>
                            <snmpv3_authprotocol>0</snmpv3_authprotocol>
                            <snmpv3_authpassphrase/>
                            <snmpv3_privprotocol>0</snmpv3_privprotocol>
                            <snmpv3_privpassphrase/>
                            <formula>1</formula>
                            <delay_flex/>
                            <params/>
                            <ipmi_sensor/>
                            <data_type>0</data_type>
                            <authtype>0</authtype>
                            <username/>
                            <password/>
                            <publickey/>
                            <privatekey/>
                            <port/>
                            <description/>
                            <inventory_link>0</inventory_link>
                            <applications>
                                <application>
                                    <name>Volume</name>
                                </application>
                            </applications>
                            <valuemap/>
                            <logtimefmt/>
                            <application_prototypes/>
                        </item_prototype>
                        <item_prototype>
                            <name>VOLUME {#SNMPINDEX} Read Latency</name>
                            <type>4</type>
                            <snmp_community>public</snmp_community>
                            <multiplier>1</multiplier>
                            <snmp_oid>.1.3.6.1.4.1.1714.1.1.2.1.14.{#SNMPINDEX}</snmp_oid>
                            <key>ldReadLatency.[{#SNMPINDEX}]</key>
                            <delay>30</delay>
                            <history>90</history>
                            <trends>365</trends>
                            <status>0</status>
                            <value_type>3</value_type>
                            <allowed_hosts/>
                            <units>ms</units>
                            <delta>0</delta>
                            <snmpv3_contextname/>
                            <snmpv3_securityname/>
                            <snmpv3_securitylevel>0</snmpv3_securitylevel>
                            <snmpv3_authprotocol>0</snmpv3_authprotocol>
                            <snmpv3_authpassphrase/>
                            <snmpv3_privprotocol>0</snmpv3_privprotocol>
                            <snmpv3_privpassphrase/>
                            <formula>0.001</formula>
                            <delay_flex/>
                            <params/>
                            <ipmi_sensor/>
                            <data_type>0</data_type>
                            <authtype>0</authtype>
                            <username/>
                            <password/>
                            <publickey/>
                            <privatekey/>
                            <port/>
                            <description/>
                            <inventory_link>0</inventory_link>
                            <applications>
                                <application>
                                    <name>Volume</name>
                                </application>
                            </applications>
                            <valuemap/>
                            <logtimefmt/>
                            <application_prototypes/>
                        </item_prototype>
                        <item_prototype>
                            <name>VOLUME {#SNMPINDEX} Read Mb</name>
                            <type>4</type>
                            <snmp_community>public</snmp_community>
                            <multiplier>0</multiplier>
                            <snmp_oid>.1.3.6.1.4.1.1714.1.1.2.1.12.{#SNMPINDEX}</snmp_oid>
                            <key>ldReadStatistic.[{#SNMPINDEX}]</key>
                            <delay>30</delay>
                            <history>90</history>
                            <trends>365</trends>
                            <status>0</status>
                            <value_type>3</value_type>
                            <allowed_hosts/>
                            <units>Mb/s</units>
                            <delta>0</delta>
                            <snmpv3_contextname/>
                            <snmpv3_securityname/>
                            <snmpv3_securitylevel>0</snmpv3_securitylevel>
                            <snmpv3_authprotocol>0</snmpv3_authprotocol>
                            <snmpv3_authpassphrase/>
                            <snmpv3_privprotocol>0</snmpv3_privprotocol>
                            <snmpv3_privpassphrase/>
                            <formula>1</formula>
                            <delay_flex/>
                            <params/>
                            <ipmi_sensor/>
                            <data_type>0</data_type>
                            <authtype>0</authtype>
                            <username/>
                            <password/>
                            <publickey/>
                            <privatekey/>
                            <port/>
                            <description/>
                            <inventory_link>0</inventory_link>
                            <applications>
                                <application>
                                    <name>Volume</name>
                                </application>
                            </applications>
                            <valuemap/>
                            <logtimefmt/>
                            <application_prototypes/>
                        </item_prototype>
                        <item_prototype>
                            <name>VOLUME {#SNMPINDEX} Size</name>
                            <type>4</type>
                            <snmp_community>public</snmp_community>
                            <multiplier>0</multiplier>
                            <snmp_oid>.1.3.6.1.4.1.1714.1.1.2.1.3.{#SNMPINDEX}</snmp_oid>
                            <key>ldSize.[{#SNMPINDEX}]</key>
                            <delay>86400</delay>
                            <history>90</history>
                            <trends>365</trends>
                            <status>0</status>
                            <value_type>3</value_type>
                            <allowed_hosts/>
                            <units/>
                            <delta>0</delta>
                            <snmpv3_contextname/>
                            <snmpv3_securityname/>
                            <snmpv3_securitylevel>0</snmpv3_securitylevel>
                            <snmpv3_authprotocol>0</snmpv3_authprotocol>
                            <snmpv3_authpassphrase/>
                            <snmpv3_privprotocol>0</snmpv3_privprotocol>
                            <snmpv3_privpassphrase/>
                            <formula>1</formula>
                            <delay_flex/>
                            <params/>
                            <ipmi_sensor/>
                            <data_type>2</data_type>
                            <authtype>0</authtype>
                            <username/>
                            <password/>
                            <publickey/>
                            <privatekey/>
                            <port/>
                            <description/>
                            <inventory_link>0</inventory_link>
                            <applications>
                                <application>
                                    <name>Volume</name>
                                </application>
                            </applications>
                            <valuemap/>
                            <logtimefmt/>
                            <application_prototypes/>
                        </item_prototype>
                        <item_prototype>
                            <name>VOLUME {#SNMPINDEX} Drives Spare</name>
                            <type>4</type>
                            <snmp_community>public</snmp_community>
                            <multiplier>0</multiplier>
                            <snmp_oid>.1.3.6.1.4.1.1714.1.1.2.1.10.{#SNMPINDEX}</snmp_oid>
                            <key>ldSpareDrvCnt.[{#SNMPINDEX}]</key>
                            <delay>600</delay>
                            <history>90</history>
                            <trends>365</trends>
                            <status>0</status>
                            <value_type>3</value_type>
                            <allowed_hosts/>
                            <units/>
                            <delta>0</delta>
                            <snmpv3_contextname/>
                            <snmpv3_securityname/>
                            <snmpv3_securitylevel>0</snmpv3_securitylevel>
                            <snmpv3_authprotocol>0</snmpv3_authprotocol>
                            <snmpv3_authpassphrase/>
                            <snmpv3_privprotocol>0</snmpv3_privprotocol>
                            <snmpv3_privpassphrase/>
                            <formula>1</formula>
                            <delay_flex/>
                            <params/>
                            <ipmi_sensor/>
                            <data_type>0</data_type>
                            <authtype>0</authtype>
                            <username/>
                            <password/>
                            <publickey/>
                            <privatekey/>
                            <port/>
                            <description/>
                            <inventory_link>0</inventory_link>
                            <applications>
                                <application>
                                    <name>Volume</name>
                                </application>
                            </applications>
                            <valuemap/>
                            <logtimefmt/>
                            <application_prototypes/>
                        </item_prototype>
                        <item_prototype>
                            <name>VOLUME {#SNMPINDEX} Status</name>
                            <type>4</type>
                            <snmp_community>public</snmp_community>
                            <multiplier>0</multiplier>
                            <snmp_oid>.1.3.6.1.4.1.1714.1.1.2.1.6.{#SNMPINDEX}</snmp_oid>
                            <key>ldStatus.[{#SNMPINDEX}]</key>
                            <delay>30</delay>
                            <history>90</history>
                            <trends>365</trends>
                            <status>0</status>
                            <value_type>3</value_type>
                            <allowed_hosts/>
                            <units/>
                            <delta>0</delta>
                            <snmpv3_contextname/>
                            <snmpv3_securityname/>
                            <snmpv3_securitylevel>0</snmpv3_securitylevel>
                            <snmpv3_authprotocol>0</snmpv3_authprotocol>
                            <snmpv3_authpassphrase/>
                            <snmpv3_privprotocol>0</snmpv3_privprotocol>
                            <snmpv3_privpassphrase/>
                            <formula>1</formula>
                            <delay_flex/>
                            <params/>
                            <ipmi_sensor/>
                            <data_type>0</data_type>
                            <authtype>0</authtype>
                            <username/>
                            <password/>
                            <publickey/>
                            <privatekey/>
                            <port/>
                            <description/>
                            <inventory_link>0</inventory_link>
                            <applications>
                                <application>
                                    <name>Volume</name>
                                </application>
                            </applications>
                            <valuemap>
                                <name>IFT ldStatus</name>
                            </valuemap>
                            <logtimefmt/>
                            <application_prototypes/>
                        </item_prototype>
                        <item_prototype>
                            <name>VOLUME {#SNMPINDEX} Drives Count</name>
                            <type>4</type>
                            <snmp_community>public</snmp_community>
                            <multiplier>0</multiplier>
                            <snmp_oid>.1.3.6.1.4.1.1714.1.1.2.1.8.{#SNMPINDEX}</snmp_oid>
                            <key>ldTotalDrvCnt.[{#SNMPINDEX}]</key>
                            <delay>86400</delay>
                            <history>90</history>
                            <trends>365</trends>
                            <status>0</status>
                            <value_type>3</value_type>
                            <allowed_hosts/>
                            <units/>
                            <delta>0</delta>
                            <snmpv3_contextname/>
                            <snmpv3_securityname/>
                            <snmpv3_securitylevel>0</snmpv3_securitylevel>
                            <snmpv3_authprotocol>0</snmpv3_authprotocol>
                            <snmpv3_authpassphrase/>
                            <snmpv3_privprotocol>0</snmpv3_privprotocol>
                            <snmpv3_privpassphrase/>
                            <formula>1</formula>
                            <delay_flex/>
                            <params/>
                            <ipmi_sensor/>
                            <data_type>0</data_type>
                            <authtype>0</authtype>
                            <username/>
                            <password/>
                            <publickey/>
                            <privatekey/>
                            <port/>
                            <description/>
                            <inventory_link>0</inventory_link>
                            <applications>
                                <application>
                                    <name>Volume</name>
                                </application>
                            </applications>
                            <valuemap/>
                            <logtimefmt/>
                            <application_prototypes/>
                        </item_prototype>
                        <item_prototype>
                            <name>VOLUME {#SNMPINDEX} Write Latency</name>
                            <type>4</type>
                            <snmp_community>public</snmp_community>
                            <multiplier>1</multiplier>
                            <snmp_oid>.1.3.6.1.4.1.1714.1.1.2.1.15.{#SNMPINDEX}</snmp_oid>
                            <key>ldWriteLatency.[{#SNMPINDEX}]</key>
                            <delay>30</delay>
                            <history>90</history>
                            <trends>365</trends>
                            <status>0</status>
                            <value_type>3</value_type>
                            <allowed_hosts/>
                            <units>ms</units>
                            <delta>0</delta>
                            <snmpv3_contextname/>
                            <snmpv3_securityname/>
                            <snmpv3_securitylevel>0</snmpv3_securitylevel>
                            <snmpv3_authprotocol>0</snmpv3_authprotocol>
                            <snmpv3_authpassphrase/>
                            <snmpv3_privprotocol>0</snmpv3_privprotocol>
                            <snmpv3_privpassphrase/>
                            <formula>0.001</formula>
                            <delay_flex/>
                            <params/>
                            <ipmi_sensor/>
                            <data_type>0</data_type>
                            <authtype>0</authtype>
                            <username/>
                            <password/>
                            <publickey/>
                            <privatekey/>
                            <port/>
                            <description/>
                            <inventory_link>0</inventory_link>
                            <applications>
                                <application>
                                    <name>Volume</name>
                                </application>
                            </applications>
                            <valuemap/>
                            <logtimefmt/>
                            <application_prototypes/>
                        </item_prototype>
                        <item_prototype>
                            <name>VOLUME {#SNMPINDEX} Write Statisic</name>
                            <type>4</type>
                            <snmp_community>public</snmp_community>
                            <multiplier>0</multiplier>
                            <snmp_oid>.1.3.6.1.4.1.1714.1.1.2.1.13.{#SNMPINDEX}</snmp_oid>
                            <key>ldWriteStatistic.[{#SNMPINDEX}]</key>
                            <delay>30</delay>
                            <history>90</history>
                            <trends>365</trends>
                            <status>0</status>
                            <value_type>3</value_type>
                            <allowed_hosts/>
                            <units>Mb/s</units>
                            <delta>0</delta>
                            <snmpv3_contextname/>
                            <snmpv3_securityname/>
                            <snmpv3_securitylevel>0</snmpv3_securitylevel>
                            <snmpv3_authprotocol>0</snmpv3_authprotocol>
                            <snmpv3_authpassphrase/>
                            <snmpv3_privprotocol>0</snmpv3_privprotocol>
                            <snmpv3_privpassphrase/>
                            <formula>1</formula>
                            <delay_flex/>
                            <params/>
                            <ipmi_sensor/>
                            <data_type>0</data_type>
                            <authtype>0</authtype>
                            <username/>
                            <password/>
                            <publickey/>
                            <privatekey/>
                            <port/>
                            <description/>
                            <inventory_link>0</inventory_link>
                            <applications>
                                <application>
                                    <name>Volume</name>
                                </application>
                            </applications>
                            <valuemap/>
                            <logtimefmt/>
                            <application_prototypes/>
                        </item_prototype>
                    </item_prototypes>
                    <trigger_prototypes>
                        <trigger_prototype>
                            <expression>{Template_Infortrend_DS_Storage:ldTotalDrvCnt.[{#SNMPINDEX}].change()}&gt;1</expression>
                            <recovery_mode>0</recovery_mode>
                            <recovery_expression/>
                            <name>Add Disks to the Volumeset {#SNMPINDEX}</name>
                            <correlation_mode>0</correlation_mode>
                            <correlation_tag/>
                            <url/>
                            <status>0</status>
                            <priority>1</priority>
                            <description/>
                            <type>0</type>
                            <manual_close>0</manual_close>
                            <dependencies/>
                            <tags/>
                        </trigger_prototype>
                        <trigger_prototype>
                            <expression>{Template_Infortrend_DS_Storage:ldFailedDrvCnt.[{#SNMPINDEX}].last()}&lt;&gt;0</expression>
                            <recovery_mode>0</recovery_mode>
                            <recovery_expression/>
                            <name>Failed Drives in Volumeset {#SNMPINDEX}</name>
                            <correlation_mode>0</correlation_mode>
                            <correlation_tag/>
                            <url/>
                            <status>0</status>
                            <priority>5</priority>
                            <description>Failed Drive in Volumeset {#SNMPVALUE}.&#13;
Replace the failed Ddisks or Disks.</description>
                            <type>0</type>
                            <manual_close>0</manual_close>
                            <dependencies/>
                            <tags/>
                        </trigger_prototype>
                        <trigger_prototype>
                            <expression>{Template_Infortrend_DS_Storage:ldReadLatency.[{#SNMPINDEX}].last()}&gt;100</expression>
                            <recovery_mode>0</recovery_mode>
                            <recovery_expression/>
                            <name>readTime of the Volumeset {#SNMPINDEX} is higher then 100 ms</name>
                            <correlation_mode>0</correlation_mode>
                            <correlation_tag/>
                            <url/>
                            <status>0</status>
                            <priority>2</priority>
                            <description/>
                            <type>0</type>
                            <manual_close>0</manual_close>
                            <dependencies/>
                            <tags/>
                        </trigger_prototype>
                        <trigger_prototype>
                            <expression>{Template_Infortrend_DS_Storage:ldReadLatency.[{#SNMPINDEX}].last()}&gt;200</expression>
                            <recovery_mode>0</recovery_mode>
                            <recovery_expression/>
                            <name>readTime of the Volumeset {#SNMPINDEX} is higher then 200 ms</name>
                            <correlation_mode>0</correlation_mode>
                            <correlation_tag/>
                            <url/>
                            <status>0</status>
                            <priority>4</priority>
                            <description/>
                            <type>0</type>
                            <manual_close>0</manual_close>
                            <dependencies/>
                            <tags/>
                        </trigger_prototype>
                        <trigger_prototype>
                            <expression>{Template_Infortrend_DS_Storage:ldReadLatency.[{#SNMPINDEX}].last()}&gt;500</expression>
                            <recovery_mode>0</recovery_mode>
                            <recovery_expression/>
                            <name>readTime of the Volumeset {#SNMPINDEX} is higher then 500 ms</name>
                            <correlation_mode>0</correlation_mode>
                            <correlation_tag/>
                            <url/>
                            <status>0</status>
                            <priority>5</priority>
                            <description/>
                            <type>0</type>
                            <manual_close>0</manual_close>
                            <dependencies/>
                            <tags/>
                        </trigger_prototype>
                        <trigger_prototype>
                            <expression>{Template_Infortrend_DS_Storage:ldStatus.[{#SNMPINDEX}].last()}=4&#13;
or&#13;
{Template_Infortrend_DS_Storage:ldStatus.[{#SNMPINDEX}].last()}=68&#13;
or&#13;
{Template_Infortrend_DS_Storage:ldStatus.[{#SNMPINDEX}].last()}=132</expression>
                            <recovery_mode>0</recovery_mode>
                            <recovery_expression/>
                            <name>Volumeset {#SNMPINDEX} is Dead</name>
                            <correlation_mode>0</correlation_mode>
                            <correlation_tag/>
                            <url/>
                            <status>0</status>
                            <priority>5</priority>
                            <description>Volumeset ist rebuilding</description>
                            <type>0</type>
                            <manual_close>0</manual_close>
                            <dependencies/>
                            <tags/>
                        </trigger_prototype>
                        <trigger_prototype>
                            <expression>{Template_Infortrend_DS_Storage:ldStatus.[{#SNMPINDEX}].last()}=6&#13;
or&#13;
{Template_Infortrend_DS_Storage:ldStatus.[{#SNMPINDEX}].last()}=70&#13;
or&#13;
{Template_Infortrend_DS_Storage:ldStatus.[{#SNMPINDEX}].last()}=134</expression>
                            <recovery_mode>0</recovery_mode>
                            <recovery_expression/>
                            <name>Volumeset {#SNMPINDEX} is incomplete</name>
                            <correlation_mode>0</correlation_mode>
                            <correlation_tag/>
                            <url/>
                            <status>0</status>
                            <priority>5</priority>
                            <description>Volumeset ist rebuilding</description>
                            <type>0</type>
                            <manual_close>0</manual_close>
                            <dependencies/>
                            <tags/>
                        </trigger_prototype>
                        <trigger_prototype>
                            <expression>{Template_Infortrend_DS_Storage:ldStatus.[{#SNMPINDEX}].last()}=2&#13;
or&#13;
{Template_Infortrend_DS_Storage:ldStatus.[{#SNMPINDEX}].last()}=66&#13;
or&#13;
{Template_Infortrend_DS_Storage:ldStatus.[{#SNMPINDEX}].last()}=129</expression>
                            <recovery_mode>0</recovery_mode>
                            <recovery_expression/>
                            <name>Volumeset {#SNMPINDEX} is Initializing</name>
                            <correlation_mode>0</correlation_mode>
                            <correlation_tag/>
                            <url/>
                            <status>0</status>
                            <priority>3</priority>
                            <description>Volumeset ist rebuilding</description>
                            <type>0</type>
                            <manual_close>0</manual_close>
                            <dependencies/>
                            <tags/>
                        </trigger_prototype>
                        <trigger_prototype>
                            <expression>{Template_Infortrend_DS_Storage:ldStatus.[{#SNMPINDEX}].last()}=5&#13;
or&#13;
{Template_Infortrend_DS_Storage:ldStatus.[{#SNMPINDEX}].last()}=69&#13;
or&#13;
{Template_Infortrend_DS_Storage:ldStatus.[{#SNMPINDEX}].last()}=133</expression>
                            <recovery_mode>0</recovery_mode>
                            <recovery_expression/>
                            <name>Volumeset {#SNMPINDEX} is invalid</name>
                            <correlation_mode>0</correlation_mode>
                            <correlation_tag/>
                            <url/>
                            <status>0</status>
                            <priority>5</priority>
                            <description>Volumeset ist rebuilding</description>
                            <type>0</type>
                            <manual_close>0</manual_close>
                            <dependencies/>
                            <tags/>
                        </trigger_prototype>
                        <trigger_prototype>
                            <expression>{Template_Infortrend_DS_Storage:ldStatus.[{#SNMPINDEX}].last()}=1&#13;
or&#13;
{Template_Infortrend_DS_Storage:ldStatus.[{#SNMPINDEX}].last()}=65&#13;
or&#13;
{Template_Infortrend_DS_Storage:ldStatus.[{#SNMPINDEX}].last()}=128</expression>
                            <recovery_mode>0</recovery_mode>
                            <recovery_expression/>
                            <name>Volumeset {#SNMPINDEX} is rebuilding</name>
                            <correlation_mode>0</correlation_mode>
                            <correlation_tag/>
                            <url/>
                            <status>0</status>
                            <priority>3</priority>
                            <description>Volumeset ist rebuilding</description>
                            <type>0</type>
                            <manual_close>0</manual_close>
                            <dependencies/>
                            <tags/>
                        </trigger_prototype>
                    </trigger_prototypes>
                    <graph_prototypes>
                        <graph_prototype>
                            <name>VOLUME {#SNMPINDEX} Drive Latency</name>
                            <width>900</width>
                            <height>200</height>
                            <yaxismin>0.0000</yaxismin>
                            <yaxismax>100.0000</yaxismax>
                            <show_work_period>1</show_work_period>
                            <show_triggers>1</show_triggers>
                            <type>0</type>
                            <show_legend>1</show_legend>
                            <show_3d>0</show_3d>
                            <percent_left>0.0000</percent_left>
                            <percent_right>0.0000</percent_right>
                            <ymin_type_1>0</ymin_type_1>
                            <ymax_type_1>0</ymax_type_1>
                            <ymin_item_1>0</ymin_item_1>
                            <ymax_item_1>0</ymax_item_1>
                            <graph_items>
                                <graph_item>
                                    <sortorder>0</sortorder>
                                    <drawtype>0</drawtype>
                                    <color>1A7C11</color>
                                    <yaxisside>0</yaxisside>
                                    <calc_fnc>2</calc_fnc>
                                    <type>0</type>
                                    <item>
                                        <host>Template_Infortrend_DS_Storage</host>
                                        <key>ldReadLatency.[{#SNMPINDEX}]</key>
                                    </item>
                                </graph_item>
                                <graph_item>
                                    <sortorder>1</sortorder>
                                    <drawtype>0</drawtype>
                                    <color>F63100</color>
                                    <yaxisside>0</yaxisside>
                                    <calc_fnc>2</calc_fnc>
                                    <type>0</type>
                                    <item>
                                        <host>Template_Infortrend_DS_Storage</host>
                                        <key>ldWriteLatency.[{#SNMPINDEX}]</key>
                                    </item>
                                </graph_item>
                                <graph_item>
                                    <sortorder>2</sortorder>
                                    <drawtype>0</drawtype>
                                    <color>2774A4</color>
                                    <yaxisside>0</yaxisside>
                                    <calc_fnc>4</calc_fnc>
                                    <type>0</type>
                                    <item>
                                        <host>Template_Infortrend_DS_Storage</host>
                                        <key>ldReadLatency.[{#SNMPINDEX}]</key>
                                    </item>
                                </graph_item>
                                <graph_item>
                                    <sortorder>3</sortorder>
                                    <drawtype>0</drawtype>
                                    <color>A54F10</color>
                                    <yaxisside>0</yaxisside>
                                    <calc_fnc>4</calc_fnc>
                                    <type>0</type>
                                    <item>
                                        <host>Template_Infortrend_DS_Storage</host>
                                        <key>ldWriteLatency.[{#SNMPINDEX}]</key>
                                    </item>
                                </graph_item>
                            </graph_items>
                        </graph_prototype>
                        <graph_prototype>
                            <name>VOLUME {#SNMPINDEX} Statistic</name>
                            <width>900</width>
                            <height>200</height>
                            <yaxismin>0.0000</yaxismin>
                            <yaxismax>100.0000</yaxismax>
                            <show_work_period>1</show_work_period>
                            <show_triggers>1</show_triggers>
                            <type>0</type>
                            <show_legend>1</show_legend>
                            <show_3d>0</show_3d>
                            <percent_left>0.0000</percent_left>
                            <percent_right>0.0000</percent_right>
                            <ymin_type_1>0</ymin_type_1>
                            <ymax_type_1>0</ymax_type_1>
                            <ymin_item_1>0</ymin_item_1>
                            <ymax_item_1>0</ymax_item_1>
                            <graph_items>
                                <graph_item>
                                    <sortorder>0</sortorder>
                                    <drawtype>0</drawtype>
                                    <color>1A7C11</color>
                                    <yaxisside>0</yaxisside>
                                    <calc_fnc>2</calc_fnc>
                                    <type>0</type>
                                    <item>
                                        <host>Template_Infortrend_DS_Storage</host>
                                        <key>ldReadStatistic.[{#SNMPINDEX}]</key>
                                    </item>
                                </graph_item>
                                <graph_item>
                                    <sortorder>1</sortorder>
                                    <drawtype>0</drawtype>
                                    <color>F63100</color>
                                    <yaxisside>0</yaxisside>
                                    <calc_fnc>2</calc_fnc>
                                    <type>0</type>
                                    <item>
                                        <host>Template_Infortrend_DS_Storage</host>
                                        <key>ldWriteStatistic.[{#SNMPINDEX}]</key>
                                    </item>
                                </graph_item>
                                <graph_item>
                                    <sortorder>2</sortorder>
                                    <drawtype>0</drawtype>
                                    <color>2774A4</color>
                                    <yaxisside>0</yaxisside>
                                    <calc_fnc>4</calc_fnc>
                                    <type>0</type>
                                    <item>
                                        <host>Template_Infortrend_DS_Storage</host>
                                        <key>ldReadStatistic.[{#SNMPINDEX}]</key>
                                    </item>
                                </graph_item>
                                <graph_item>
                                    <sortorder>3</sortorder>
                                    <drawtype>0</drawtype>
                                    <color>A54F10</color>
                                    <yaxisside>0</yaxisside>
                                    <calc_fnc>4</calc_fnc>
                                    <type>0</type>
                                    <item>
                                        <host>Template_Infortrend_DS_Storage</host>
                                        <key>ldWriteStatistic.[{#SNMPINDEX}]</key>
                                    </item>
                                </graph_item>
                            </graph_items>
                        </graph_prototype>
                    </graph_prototypes>
                    <host_prototypes/>
                </discovery_rule>
                <discovery_rule>
                    <name>harddrive</name>
                    <type>4</type>
                    <snmp_community>public</snmp_community>
                    <snmp_oid>discovery[{#SNMPIDID},.1.3.6.1.4.1.1714.1.1.6.1.2,{#SNMPSTATUS},.1.3.6.1.4.1.1714.1.1.6.1.11]</snmp_oid>
                    <key>hddTable</key>
                    <delay>3600</delay>
                    <status>0</status>
                    <allowed_hosts/>
                    <snmpv3_contextname/>
                    <snmpv3_securityname/>
                    <snmpv3_securitylevel>0</snmpv3_securitylevel>
                    <snmpv3_authprotocol>0</snmpv3_authprotocol>
                    <snmpv3_authpassphrase/>
                    <snmpv3_privprotocol>0</snmpv3_privprotocol>
                    <snmpv3_privpassphrase/>
                    <delay_flex/>
                    <params/>
                    <ipmi_sensor/>
                    <authtype>0</authtype>
                    <username/>
                    <password/>
                    <publickey/>
                    <privatekey/>
                    <port/>
                    <filter>
                        <evaltype>0</evaltype>
                        <formula/>
                        <conditions/>
                    </filter>
                    <lifetime>30</lifetime>
                    <description/>
                    <item_prototypes>
                        <item_prototype>
                            <name>HDD {#SNMPINDEX} Model</name>
                            <type>4</type>
                            <snmp_community>public</snmp_community>
                            <multiplier>0</multiplier>
                            <snmp_oid>.1.3.6.1.4.1.1714.1.1.6.1.15.{#SNMPINDEX}</snmp_oid>
                            <key>.1.3.6.1.4.1.1714.1.1.6.1.15.[{#SNMPINDEX}]</key>
                            <delay>3600</delay>
                            <history>90</history>
                            <trends>0</trends>
                            <status>0</status>
                            <value_type>4</value_type>
                            <allowed_hosts/>
                            <units/>
                            <delta>0</delta>
                            <snmpv3_contextname/>
                            <snmpv3_securityname/>
                            <snmpv3_securitylevel>0</snmpv3_securitylevel>
                            <snmpv3_authprotocol>0</snmpv3_authprotocol>
                            <snmpv3_authpassphrase/>
                            <snmpv3_privprotocol>0</snmpv3_privprotocol>
                            <snmpv3_privpassphrase/>
                            <formula>1</formula>
                            <delay_flex/>
                            <params/>
                            <ipmi_sensor/>
                            <data_type>0</data_type>
                            <authtype>0</authtype>
                            <username/>
                            <password/>
                            <publickey/>
                            <privatekey/>
                            <port/>
                            <description/>
                            <inventory_link>0</inventory_link>
                            <applications>
                                <application>
                                    <name>Disk</name>
                                </application>
                            </applications>
                            <valuemap/>
                            <logtimefmt/>
                            <application_prototypes/>
                        </item_prototype>
                        <item_prototype>
                            <name>HDD {#SNMPINDEX} SerialNr</name>
                            <type>4</type>
                            <snmp_community>public</snmp_community>
                            <multiplier>0</multiplier>
                            <snmp_oid>.1.3.6.1.4.1.1714.1.1.6.1.17.{#SNMPINDEX}</snmp_oid>
                            <key>hddSerialNr.[{#SNMPINDEX}]</key>
                            <delay>3600</delay>
                            <history>90</history>
                            <trends>0</trends>
                            <status>0</status>
                            <value_type>4</value_type>
                            <allowed_hosts/>
                            <units/>
                            <delta>0</delta>
                            <snmpv3_contextname/>
                            <snmpv3_securityname/>
                            <snmpv3_securitylevel>0</snmpv3_securitylevel>
                            <snmpv3_authprotocol>0</snmpv3_authprotocol>
                            <snmpv3_authpassphrase/>
                            <snmpv3_privprotocol>0</snmpv3_privprotocol>
                            <snmpv3_privpassphrase/>
                            <formula>1</formula>
                            <delay_flex/>
                            <params/>
                            <ipmi_sensor/>
                            <data_type>0</data_type>
                            <authtype>0</authtype>
                            <username/>
                            <password/>
                            <publickey/>
                            <privatekey/>
                            <port/>
                            <description/>
                            <inventory_link>0</inventory_link>
                            <applications>
                                <application>
                                    <name>Disk</name>
                                </application>
                            </applications>
                            <valuemap/>
                            <logtimefmt/>
                            <application_prototypes/>
                        </item_prototype>
                        <item_prototype>
                            <name>HDD {#SNMPINDEX} Status</name>
                            <type>4</type>
                            <snmp_community>public</snmp_community>
                            <multiplier>0</multiplier>
                            <snmp_oid>.1.3.6.1.4.1.1714.1.1.6.1.11.{#SNMPINDEX}</snmp_oid>
                            <key>hddStatus.[{#SNMPINDEX}]</key>
                            <delay>3600</delay>
                            <history>90</history>
                            <trends>365</trends>
                            <status>0</status>
                            <value_type>3</value_type>
                            <allowed_hosts/>
                            <units/>
                            <delta>0</delta>
                            <snmpv3_contextname/>
                            <snmpv3_securityname/>
                            <snmpv3_securitylevel>0</snmpv3_securitylevel>
                            <snmpv3_authprotocol>0</snmpv3_authprotocol>
                            <snmpv3_authpassphrase/>
                            <snmpv3_privprotocol>0</snmpv3_privprotocol>
                            <snmpv3_privpassphrase/>
                            <formula>1</formula>
                            <delay_flex/>
                            <params/>
                            <ipmi_sensor/>
                            <data_type>0</data_type>
                            <authtype>0</authtype>
                            <username/>
                            <password/>
                            <publickey/>
                            <privatekey/>
                            <port/>
                            <description/>
                            <inventory_link>0</inventory_link>
                            <applications>
                                <application>
                                    <name>Disk</name>
                                </application>
                            </applications>
                            <valuemap>
                                <name>IFT Harddisk Status</name>
                            </valuemap>
                            <logtimefmt/>
                            <application_prototypes/>
                        </item_prototype>
                    </item_prototypes>
                    <trigger_prototypes>
                        <trigger_prototype>
                            <expression>{Template_Infortrend_DS_Storage:hddStatus.[{#SNMPINDEX}].last()}=255</expression>
                            <recovery_mode>0</recovery_mode>
                            <recovery_expression/>
                            <name>Hardrive {#SNMPINDEX} is failed</name>
                            <correlation_mode>0</correlation_mode>
                            <correlation_tag/>
                            <url/>
                            <status>0</status>
                            <priority>5</priority>
                            <description/>
                            <type>0</type>
                            <manual_close>0</manual_close>
                            <dependencies/>
                            <tags/>
                        </trigger_prototype>
                        <trigger_prototype>
                            <expression>{Template_Infortrend_DS_Storage:hddStatus.[{#SNMPINDEX}].last()}=254</expression>
                            <recovery_mode>0</recovery_mode>
                            <recovery_expression/>
                            <name>Hardrive {#SNMPINDEX} is missing</name>
                            <correlation_mode>0</correlation_mode>
                            <correlation_tag/>
                            <url/>
                            <status>0</status>
                            <priority>4</priority>
                            <description/>
                            <type>0</type>
                            <manual_close>0</manual_close>
                            <dependencies/>
                            <tags/>
                        </trigger_prototype>
                        <trigger_prototype>
                            <expression>{Template_Infortrend_DS_Storage:hddStatus.[{#SNMPINDEX}].last()}=252</expression>
                            <recovery_mode>0</recovery_mode>
                            <recovery_expression/>
                            <name>Hardrive {#SNMPINDEX} is Missing Global Spare Drive</name>
                            <correlation_mode>0</correlation_mode>
                            <correlation_tag/>
                            <url/>
                            <status>0</status>
                            <priority>4</priority>
                            <description/>
                            <type>0</type>
                            <manual_close>0</manual_close>
                            <dependencies/>
                            <tags/>
                        </trigger_prototype>
                        <trigger_prototype>
                            <expression>{Template_Infortrend_DS_Storage:hddStatus.[{#SNMPINDEX}].last()}=253</expression>
                            <recovery_mode>0</recovery_mode>
                            <recovery_expression/>
                            <name>Hardrive {#SNMPINDEX} is Missing Spare Drive</name>
                            <correlation_mode>0</correlation_mode>
                            <correlation_tag/>
                            <url/>
                            <status>0</status>
                            <priority>4</priority>
                            <description/>
                            <type>0</type>
                            <manual_close>0</manual_close>
                            <dependencies/>
                            <tags/>
                        </trigger_prototype>
                    </trigger_prototypes>
                    <graph_prototypes/>
                    <host_prototypes/>
                </discovery_rule>
            </discovery_rules>
            <httptests/>
            <macros/>
            <templates/>
            <screens/>
        </template>
    </templates>
    <triggers>
        <trigger>
            <expression>{Template_Infortrend_DS_Storage:redCtlrCfg.change()}&lt;&gt;0</expression>
            <recovery_mode>0</recovery_mode>
            <recovery_expression/>
            <name>Change the Controller</name>
            <correlation_mode>0</correlation_mode>
            <correlation_tag/>
            <url/>
            <status>0</status>
            <priority>3</priority>
            <description/>
            <type>0</type>
            <manual_close>0</manual_close>
            <dependencies/>
            <tags/>
        </trigger>
        <trigger>
            <expression>{Template_Infortrend_DS_Storage:redCtlrStatus.last()}=81&#13;
or&#13;
{Template_Infortrend_DS_Storage:redCtlrStatus.last()}=154&#13;
or&#13;
{Template_Infortrend_DS_Storage:redCtlrStatus.last()}=17</expression>
            <recovery_mode>0</recovery_mode>
            <recovery_expression/>
            <name>Controller Detected</name>
            <correlation_mode>0</correlation_mode>
            <correlation_tag/>
            <url/>
            <status>0</status>
            <priority>1</priority>
            <description/>
            <type>0</type>
            <manual_close>0</manual_close>
            <dependencies/>
            <tags/>
        </trigger>
        <trigger>
            <expression>{Template_Infortrend_DS_Storage:redCtlrStatus.last()}=63&#13;
or&#13;
{Template_Infortrend_DS_Storage:redCtlrStatus.last()}=127&#13;
or&#13;
{Template_Infortrend_DS_Storage:redCtlrStatus.last()}=191</expression>
            <recovery_mode>0</recovery_mode>
            <recovery_expression/>
            <name>Controller Failed</name>
            <correlation_mode>0</correlation_mode>
            <correlation_tag/>
            <url/>
            <status>0</status>
            <priority>5</priority>
            <description/>
            <type>0</type>
            <manual_close>0</manual_close>
            <dependencies/>
            <tags/>
        </trigger>
    </triggers>
    <value_maps>
        <value_map>
            <name>IFT Harddisk Status</name>
            <mappings>
                <mapping>
                    <value>0</value>
                    <newvalue>0 :New Drive</newvalue>
                </mapping>
                <mapping>
                    <value>1</value>
                    <newvalue>1 :On-Line Drive</newvalue>
                </mapping>
                <mapping>
                    <value>2</value>
                    <newvalue>2 :Used Drive</newvalue>
                </mapping>
                <mapping>
                    <value>3</value>
                    <newvalue>3 :Spare Drive</newvalue>
                </mapping>
                <mapping>
                    <value>4</value>
                    <newvalue>4 :Drive Initialization in Progress</newvalue>
                </mapping>
                <mapping>
                    <value>5</value>
                    <newvalue>5 :Drive Rebuild in Progress</newvalue>
                </mapping>
                <mapping>
                    <value>6</value>
                    <newvalue>6 :Add Drive to Logical Drive in Progress</newvalue>
                </mapping>
                <mapping>
                    <value>9</value>
                    <newvalue>9 :Global Spare Drive</newvalue>
                </mapping>
                <mapping>
                    <value>17</value>
                    <newvalue>0x11 :Drive is in process of Cloning another Drive</newvalue>
                </mapping>
                <mapping>
                    <value>18</value>
                    <newvalue>0x12 :Drive is a valid Clone of another Drive</newvalue>
                </mapping>
                <mapping>
                    <value>19</value>
                    <newvalue>0x13 :Drive is in process of Copying from another Drive</newvalue>
                </mapping>
                <mapping>
                    <value>63</value>
                    <newvalue>0x3f :Drive Absent</newvalue>
                </mapping>
                <mapping>
                    <value>128</value>
                    <newvalue>0x8x: SCSI Device</newvalue>
                </mapping>
                <mapping>
                    <value>129</value>
                    <newvalue>0x8x: SCSI Device</newvalue>
                </mapping>
                <mapping>
                    <value>130</value>
                    <newvalue>0x8x: SCSI Device</newvalue>
                </mapping>
                <mapping>
                    <value>131</value>
                    <newvalue>0x8x: SCSI Device</newvalue>
                </mapping>
                <mapping>
                    <value>132</value>
                    <newvalue>0x8x: SCSI Device</newvalue>
                </mapping>
                <mapping>
                    <value>133</value>
                    <newvalue>0x8x: SCSI Device</newvalue>
                </mapping>
                <mapping>
                    <value>134</value>
                    <newvalue>0x8x: SCSI Device</newvalue>
                </mapping>
                <mapping>
                    <value>135</value>
                    <newvalue>0x8x: SCSI Device</newvalue>
                </mapping>
                <mapping>
                    <value>136</value>
                    <newvalue>0x8x: SCSI Device</newvalue>
                </mapping>
                <mapping>
                    <value>137</value>
                    <newvalue>0x8x: SCSI Device</newvalue>
                </mapping>
                <mapping>
                    <value>138</value>
                    <newvalue>0x8x: SCSI Device</newvalue>
                </mapping>
                <mapping>
                    <value>139</value>
                    <newvalue>0x8x: SCSI Device</newvalue>
                </mapping>
                <mapping>
                    <value>140</value>
                    <newvalue>0x8x: SCSI Device</newvalue>
                </mapping>
                <mapping>
                    <value>141</value>
                    <newvalue>0x8x: SCSI Device</newvalue>
                </mapping>
                <mapping>
                    <value>142</value>
                    <newvalue>0x8x: SCSI Device</newvalue>
                </mapping>
                <mapping>
                    <value>252</value>
                    <newvalue>0xfc :Missing Global Spare Drive</newvalue>
                </mapping>
                <mapping>
                    <value>253</value>
                    <newvalue>0xfd :Missing Spare Drive</newvalue>
                </mapping>
                <mapping>
                    <value>254</value>
                    <newvalue>0xfe :Missing Drive</newvalue>
                </mapping>
                <mapping>
                    <value>255</value>
                    <newvalue>0xff :Failed Drive</newvalue>
                </mapping>
            </mappings>
        </value_map>
        <value_map>
            <name>IFT ldStatus</name>
            <mappings>
                <mapping>
                    <value>0</value>
                    <newvalue>0 :Good</newvalue>
                </mapping>
                <mapping>
                    <value>1</value>
                    <newvalue>1 :Rebuilding</newvalue>
                </mapping>
                <mapping>
                    <value>2</value>
                    <newvalue>2 :Initializing</newvalue>
                </mapping>
                <mapping>
                    <value>3</value>
                    <newvalue>3 :Degraded</newvalue>
                </mapping>
                <mapping>
                    <value>4</value>
                    <newvalue>4 :Dead</newvalue>
                </mapping>
                <mapping>
                    <value>5</value>
                    <newvalue>5 :Invalid</newvalue>
                </mapping>
                <mapping>
                    <value>6</value>
                    <newvalue>6 :Incomplete</newvalue>
                </mapping>
                <mapping>
                    <value>7</value>
                    <newvalue>7 :Drive Missing</newvalue>
                </mapping>
                <mapping>
                    <value>64</value>
                    <newvalue>0 :Good</newvalue>
                </mapping>
                <mapping>
                    <value>65</value>
                    <newvalue>1 :Rebuilding</newvalue>
                </mapping>
                <mapping>
                    <value>66</value>
                    <newvalue>2 :Initializing</newvalue>
                </mapping>
                <mapping>
                    <value>67</value>
                    <newvalue>3 :Degraded</newvalue>
                </mapping>
                <mapping>
                    <value>68</value>
                    <newvalue>4 :Dead</newvalue>
                </mapping>
                <mapping>
                    <value>69</value>
                    <newvalue>5 :Invalid</newvalue>
                </mapping>
                <mapping>
                    <value>70</value>
                    <newvalue>6 :Incomplete</newvalue>
                </mapping>
                <mapping>
                    <value>71</value>
                    <newvalue>7 :Drive Missing</newvalue>
                </mapping>
                <mapping>
                    <value>128</value>
                    <newvalue>0 :Good (drive Offline)</newvalue>
                </mapping>
                <mapping>
                    <value>129</value>
                    <newvalue>1 :Rebuilding  (drive Offline)</newvalue>
                </mapping>
                <mapping>
                    <value>130</value>
                    <newvalue>2 :Initializing  (drive Offline)</newvalue>
                </mapping>
                <mapping>
                    <value>131</value>
                    <newvalue>3 :Degraded  (drive Offline)</newvalue>
                </mapping>
                <mapping>
                    <value>132</value>
                    <newvalue>4 :Dead  (drive Offline)</newvalue>
                </mapping>
                <mapping>
                    <value>133</value>
                    <newvalue>5 :Invalid (drive Offline)</newvalue>
                </mapping>
                <mapping>
                    <value>134</value>
                    <newvalue>6 :Incomplete (drive Offline)</newvalue>
                </mapping>
                <mapping>
                    <value>135</value>
                    <newvalue>7 :Drive Missing (drive Offline)</newvalue>
                </mapping>
            </mappings>
        </value_map>
        <value_map>
            <name>IFT Redundant Controller Config</name>
            <mappings>
                <mapping>
                    <value>0</value>
                    <newvalue>Disabeld</newvalue>
                </mapping>
                <mapping>
                    <value>1</value>
                    <newvalue>Primary</newvalue>
                </mapping>
                <mapping>
                    <value>2</value>
                    <newvalue>Secondary</newvalue>
                </mapping>
            </mappings>
        </value_map>
        <value_map>
            <name>IFT Redundant Controller Status</name>
            <mappings>
                <mapping>
                    <value>0</value>
                    <newvalue>Inactive</newvalue>
                </mapping>
                <mapping>
                    <value>1</value>
                    <newvalue>Scanning</newvalue>
                </mapping>
                <mapping>
                    <value>17</value>
                    <newvalue>Detected</newvalue>
                </mapping>
                <mapping>
                    <value>18</value>
                    <newvalue>Enabeld</newvalue>
                </mapping>
                <mapping>
                    <value>62</value>
                    <newvalue>Controller Failed</newvalue>
                </mapping>
            </mappings>
        </value_map>
    </value_maps>
</zabbix_export>
