<?xml version="1.0" encoding="UTF-8"?>
<zabbix_export>
    <version>3.0</version>
    <date>2017-03-08T06:42:49Z</date>
    <value_maps>
        <value_map>
            <name>Huawei_PyhDisk_Precence</name>
            <mappings>
                <mapping>
                    <value>1</value>
                    <newvalue>absence</newvalue>
                </mapping>
                <mapping>
                    <value>2</value>
                    <newvalue>presence</newvalue>
                </mapping>
                <mapping>
                    <value>3</value>
                    <newvalue>Unkonw</newvalue>
                </mapping>
            </mappings>
        </value_map>
        <value_map>
            <name>Huawei_State_6L</name>
            <mappings>
                <mapping>
                    <value>1</value>
                    <newvalue>ok</newvalue>
                </mapping>
                <mapping>
                    <value>2</value>
                    <newvalue>minor</newvalue>
                </mapping>
                <mapping>
                    <value>3</value>
                    <newvalue>major</newvalue>
                </mapping>
                <mapping>
                    <value>4</value>
                    <newvalue>critical</newvalue>
                </mapping>
                <mapping>
                    <value>5</value>
                    <newvalue>absence</newvalue>
                </mapping>
                <mapping>
                    <value>6</value>
                    <newvalue>Unkown</newvalue>
                </mapping>
            </mappings>
        </value_map>
    </value_maps>
</zabbix_export>
