<?xml version="1.0" encoding="UTF-8"?>
<zabbix_export>
    <version>3.4</version>
    <date>2019-05-11T13:21:25Z</date>
    <groups>
        <group>
            <name>CUN_TEMPLATE</name>
        </group>
    </groups>
    <templates>
        <template>
            <template>Huawei_PCServer_2288Hv5</template>
            <name>Huawei_PCServer_2288Hv5</name>
            <description/>
            <groups>
                <group>
                    <name>CUN_TEMPLATE</name>
                </group>
            </groups>
            <applications>
                <application>
                    <name>Disks / Storage</name>
                </application>
                <application>
                    <name>Fans</name>
                </application>
                <application>
                    <name>Memory</name>
                </application>
                <application>
                    <name>Network Cards</name>
                </application>
                <application>
                    <name>Power</name>
                </application>
                <application>
                    <name>System Info</name>
                </application>
                <application>
                    <name>Temperatures</name>
                </application>
                <application>
                    <name>Voltages</name>
                </application>
            </applications>
            <items>
                <item>
                    <name>SerialNo</name>
                    <type>6</type>
                    <snmp_community/>
                    <snmp_oid>1.3.6.1.4.1.2011.2.235.1.1.1.7.0</snmp_oid>
                    <key>deviceSerialNo</key>
                    <delay>1d</delay>
                    <history>1d</history>
                    <trends>0</trends>
                    <status>0</status>
                    <value_type>1</value_type>
                    <allowed_hosts/>
                    <units/>
                    <snmpv3_contextname/>
                    <snmpv3_securityname>{$V5_USERNAME}</snmpv3_securityname>
                    <snmpv3_securitylevel>2</snmpv3_securitylevel>
                    <snmpv3_authprotocol>1</snmpv3_authprotocol>
                    <snmpv3_authpassphrase>{$V5_PWD}</snmpv3_authpassphrase>
                    <snmpv3_privprotocol>1</snmpv3_privprotocol>
                    <snmpv3_privpassphrase>{$V5_PWD}</snmpv3_privpassphrase>
                    <params/>
                    <ipmi_sensor/>
                    <authtype>0</authtype>
                    <username/>
                    <password/>
                    <publickey/>
                    <privatekey/>
                    <port/>
                    <description/>
                    <inventory_link>0</inventory_link>
                    <applications>
                        <application>
                            <name>System Info</name>
                        </application>
                    </applications>
                    <valuemap/>
                    <logtimefmt/>
                    <preprocessing/>
                    <jmx_endpoint/>
                    <master_item/>
                </item>
                <item>
                    <name>fanEntireStatus</name>
                    <type>6</type>
                    <snmp_community/>
                    <snmp_oid>1.3.6.1.4.1.2011.2.235.1.1.8.3.0</snmp_oid>
                    <key>fanEntireStatus</key>
                    <delay>1m</delay>
                    <history>1w</history>
                    <trends>90d</trends>
                    <status>0</status>
                    <value_type>3</value_type>
                    <allowed_hosts/>
                    <units/>
                    <snmpv3_contextname/>
                    <snmpv3_securityname>{$V5_USERNAME}</snmpv3_securityname>
                    <snmpv3_securitylevel>2</snmpv3_securitylevel>
                    <snmpv3_authprotocol>1</snmpv3_authprotocol>
                    <snmpv3_authpassphrase>{$V5_PWD}</snmpv3_authpassphrase>
                    <snmpv3_privprotocol>1</snmpv3_privprotocol>
                    <snmpv3_privpassphrase>{$V5_PWD}</snmpv3_privpassphrase>
                    <params/>
                    <ipmi_sensor/>
                    <authtype>0</authtype>
                    <username/>
                    <password/>
                    <publickey/>
                    <privatekey/>
                    <port/>
                    <description>Information about all power supply health status.</description>
                    <inventory_link>0</inventory_link>
                    <applications>
                        <application>
                            <name>Fans</name>
                        </application>
                    </applications>
                    <valuemap>
                        <name>Huawei_State_6L</name>
                    </valuemap>
                    <logtimefmt/>
                    <preprocessing/>
                    <jmx_endpoint/>
                    <master_item/>
                </item>
                <item>
                    <name>iBMC_SystemModel</name>
                    <type>6</type>
                    <snmp_community/>
                    <snmp_oid>1.3.6.1.4.1.2011.2.235.1.1.1.6.0</snmp_oid>
                    <key>iBMC_SystemModel</key>
                    <delay>1d</delay>
                    <history>1d</history>
                    <trends>0</trends>
                    <status>0</status>
                    <value_type>1</value_type>
                    <allowed_hosts/>
                    <units/>
                    <snmpv3_contextname/>
                    <snmpv3_securityname>{$V5_USERNAME}</snmpv3_securityname>
                    <snmpv3_securitylevel>2</snmpv3_securitylevel>
                    <snmpv3_authprotocol>1</snmpv3_authprotocol>
                    <snmpv3_authpassphrase>{$V5_PWD}</snmpv3_authpassphrase>
                    <snmpv3_privprotocol>1</snmpv3_privprotocol>
                    <snmpv3_privpassphrase>{$V5_PWD}</snmpv3_privpassphrase>
                    <params/>
                    <ipmi_sensor/>
                    <authtype>0</authtype>
                    <username/>
                    <password/>
                    <publickey/>
                    <privatekey/>
                    <port/>
                    <description/>
                    <inventory_link>0</inventory_link>
                    <applications>
                        <application>
                            <name>System Info</name>
                        </application>
                    </applications>
                    <valuemap/>
                    <logtimefmt/>
                    <preprocessing/>
                    <jmx_endpoint/>
                    <master_item/>
                </item>
                <item>
                    <name>PowerSupplyEntireStatus</name>
                    <type>6</type>
                    <snmp_community/>
                    <snmp_oid>1.3.6.1.4.1.2011.2.235.1.1.6.1.0</snmp_oid>
                    <key>powerSupplyEntireStatus</key>
                    <delay>1m</delay>
                    <history>1w</history>
                    <trends>90d</trends>
                    <status>0</status>
                    <value_type>3</value_type>
                    <allowed_hosts/>
                    <units/>
                    <snmpv3_contextname/>
                    <snmpv3_securityname>{$V5_USERNAME}</snmpv3_securityname>
                    <snmpv3_securitylevel>2</snmpv3_securitylevel>
                    <snmpv3_authprotocol>1</snmpv3_authprotocol>
                    <snmpv3_authpassphrase>{$V5_PWD}</snmpv3_authpassphrase>
                    <snmpv3_privprotocol>1</snmpv3_privprotocol>
                    <snmpv3_privpassphrase>{$V5_PWD}</snmpv3_privpassphrase>
                    <params/>
                    <ipmi_sensor/>
                    <authtype>0</authtype>
                    <username/>
                    <password/>
                    <publickey/>
                    <privatekey/>
                    <port/>
                    <description>Information about all power supply health status.</description>
                    <inventory_link>0</inventory_link>
                    <applications>
                        <application>
                            <name>Power</name>
                        </application>
                    </applications>
                    <valuemap>
                        <name>Huawei_State_6L</name>
                    </valuemap>
                    <logtimefmt/>
                    <preprocessing/>
                    <jmx_endpoint/>
                    <master_item/>
                </item>
                <item>
                    <name>Overall Huawei_SystemHealth</name>
                    <type>6</type>
                    <snmp_community/>
                    <snmp_oid>1.3.6.1.4.1.2011.2.235.1.1.1.1.0</snmp_oid>
                    <key>SystemHealth</key>
                    <delay>30s</delay>
                    <history>1w</history>
                    <trends>365d</trends>
                    <status>0</status>
                    <value_type>3</value_type>
                    <allowed_hosts/>
                    <units/>
                    <snmpv3_contextname/>
                    <snmpv3_securityname>{$V5_USERNAME}</snmpv3_securityname>
                    <snmpv3_securitylevel>2</snmpv3_securitylevel>
                    <snmpv3_authprotocol>1</snmpv3_authprotocol>
                    <snmpv3_authpassphrase>{$V5_PWD}</snmpv3_authpassphrase>
                    <snmpv3_privprotocol>1</snmpv3_privprotocol>
                    <snmpv3_privpassphrase>{$V5_PWD}</snmpv3_privpassphrase>
                    <params/>
                    <ipmi_sensor/>
                    <authtype>0</authtype>
                    <username/>
                    <password/>
                    <publickey/>
                    <privatekey/>
                    <port/>
                    <description/>
                    <inventory_link>0</inventory_link>
                    <applications>
                        <application>
                            <name>System Info</name>
                        </application>
                    </applications>
                    <valuemap>
                        <name>Huawei_State_6L</name>
                    </valuemap>
                    <logtimefmt/>
                    <preprocessing/>
                    <jmx_endpoint/>
                    <master_item/>
                </item>
            </items>
            <discovery_rules>
                <discovery_rule>
                    <name>Huawei_FAN_Enumeration</name>
                    <type>6</type>
                    <snmp_community/>
                    <snmp_oid>discovery[{#FANPRESENCE},1.3.6.1.4.1.2011.2.235.1.1.8.50.1.3,{#FANLOCATION},1.3.6.1.4.1.2011.2.235.1.1.8.50.1.5]</snmp_oid>
                    <key>Huawei_FANs</key>
                    <delay>1d</delay>
                    <status>0</status>
                    <allowed_hosts/>
                    <snmpv3_contextname/>
                    <snmpv3_securityname>{$V5_USERNAME}</snmpv3_securityname>
                    <snmpv3_securitylevel>2</snmpv3_securitylevel>
                    <snmpv3_authprotocol>1</snmpv3_authprotocol>
                    <snmpv3_authpassphrase>{$V5_PWD}</snmpv3_authpassphrase>
                    <snmpv3_privprotocol>1</snmpv3_privprotocol>
                    <snmpv3_privpassphrase>{$V5_PWD}</snmpv3_privpassphrase>
                    <params/>
                    <ipmi_sensor/>
                    <authtype>0</authtype>
                    <username/>
                    <password/>
                    <publickey/>
                    <privatekey/>
                    <port/>
                    <filter>
                        <evaltype>0</evaltype>
                        <formula/>
                        <conditions>
                            <condition>
                                <macro>{#FANPRESENCE}</macro>
                                <value>2</value>
                                <operator>8</operator>
                                <formulaid>A</formulaid>
                            </condition>
                        </conditions>
                    </filter>
                    <lifetime>30d</lifetime>
                    <description/>
                    <item_prototypes>
                        <item_prototype>
                            <name>Huawei_FANSpeed_at_{#SNMPINDEX}.{#FANLOCATION}</name>
                            <type>6</type>
                            <snmp_community/>
                            <snmp_oid>1.3.6.1.4.1.2011.2.235.1.1.8.50.1.2.{#SNMPINDEX}</snmp_oid>
                            <key>fanSpeed_[{#SNMPINDEX}.{#FANLOCATION}]</key>
                            <delay>5m</delay>
                            <history>1w</history>
                            <trends>90d</trends>
                            <status>0</status>
                            <value_type>3</value_type>
                            <allowed_hosts/>
                            <units/>
                            <snmpv3_contextname/>
                            <snmpv3_securityname>{$V5_USERNAME}</snmpv3_securityname>
                            <snmpv3_securitylevel>2</snmpv3_securitylevel>
                            <snmpv3_authprotocol>1</snmpv3_authprotocol>
                            <snmpv3_authpassphrase>{$V5_PWD}</snmpv3_authpassphrase>
                            <snmpv3_privprotocol>1</snmpv3_privprotocol>
                            <snmpv3_privpassphrase>{$V5_PWD}</snmpv3_privpassphrase>
                            <params/>
                            <ipmi_sensor/>
                            <authtype>0</authtype>
                            <username/>
                            <password/>
                            <publickey/>
                            <privatekey/>
                            <port/>
                            <description/>
                            <inventory_link>0</inventory_link>
                            <applications>
                                <application>
                                    <name>Fans</name>
                                </application>
                            </applications>
                            <valuemap/>
                            <logtimefmt/>
                            <preprocessing/>
                            <jmx_endpoint/>
                            <application_prototypes/>
                            <master_item_prototype/>
                        </item_prototype>
                        <item_prototype>
                            <name>Huawei_FANStatus_at_{#SNMPINDEX}.{#FANLOCATION}</name>
                            <type>6</type>
                            <snmp_community/>
                            <snmp_oid>1.3.6.1.4.1.2011.2.235.1.1.8.50.1.4.{#SNMPINDEX}</snmp_oid>
                            <key>fanStatus_[{#SNMPINDEX}.{#FANLOCATION}]</key>
                            <delay>5m</delay>
                            <history>1w</history>
                            <trends>90d</trends>
                            <status>0</status>
                            <value_type>3</value_type>
                            <allowed_hosts/>
                            <units/>
                            <snmpv3_contextname/>
                            <snmpv3_securityname>{$V5_USERNAME}</snmpv3_securityname>
                            <snmpv3_securitylevel>2</snmpv3_securitylevel>
                            <snmpv3_authprotocol>1</snmpv3_authprotocol>
                            <snmpv3_authpassphrase>{$V5_PWD}</snmpv3_authpassphrase>
                            <snmpv3_privprotocol>1</snmpv3_privprotocol>
                            <snmpv3_privpassphrase>{$V5_PWD}</snmpv3_privpassphrase>
                            <params/>
                            <ipmi_sensor/>
                            <authtype>0</authtype>
                            <username/>
                            <password/>
                            <publickey/>
                            <privatekey/>
                            <port/>
                            <description/>
                            <inventory_link>0</inventory_link>
                            <applications>
                                <application>
                                    <name>Fans</name>
                                </application>
                            </applications>
                            <valuemap>
                                <name>Huawei_State_6L</name>
                            </valuemap>
                            <logtimefmt/>
                            <preprocessing/>
                            <jmx_endpoint/>
                            <application_prototypes/>
                            <master_item_prototype/>
                        </item_prototype>
                    </item_prototypes>
                    <trigger_prototypes>
                        <trigger_prototype>
                            <expression>{Huawei_PCServer_2288Hv5:fanStatus_[{#SNMPINDEX}.{#FANLOCATION}].last()}&lt;&gt;1</expression>
                            <recovery_mode>0</recovery_mode>
                            <recovery_expression/>
                            <name>风扇状态异常_位置_{#SNMPINDEX}.{#FANLOCATION}</name>
                            <correlation_mode>0</correlation_mode>
                            <correlation_tag/>
                            <url/>
                            <status>0</status>
                            <priority>2</priority>
                            <description/>
                            <type>0</type>
                            <manual_close>0</manual_close>
                            <dependencies/>
                            <tags/>
                        </trigger_prototype>
                    </trigger_prototypes>
                    <graph_prototypes/>
                    <host_prototypes/>
                    <jmx_endpoint/>
                </discovery_rule>
                <discovery_rule>
                    <name>Huawei_Memory_Enumeration</name>
                    <type>6</type>
                    <snmp_community/>
                    <snmp_oid>discovery[{#MEMLOGIC},1.3.6.1.4.1.2011.2.235.1.1.16.50.1.2]</snmp_oid>
                    <key>Huawei_Memorys</key>
                    <delay>1d</delay>
                    <status>0</status>
                    <allowed_hosts/>
                    <snmpv3_contextname/>
                    <snmpv3_securityname>{$V5_USERNAME}</snmpv3_securityname>
                    <snmpv3_securitylevel>2</snmpv3_securitylevel>
                    <snmpv3_authprotocol>1</snmpv3_authprotocol>
                    <snmpv3_authpassphrase>{$V5_PWD}</snmpv3_authpassphrase>
                    <snmpv3_privprotocol>1</snmpv3_privprotocol>
                    <snmpv3_privpassphrase>{$V5_PWD}</snmpv3_privpassphrase>
                    <params/>
                    <ipmi_sensor/>
                    <authtype>0</authtype>
                    <username/>
                    <password/>
                    <publickey/>
                    <privatekey/>
                    <port/>
                    <filter>
                        <evaltype>0</evaltype>
                        <formula/>
                        <conditions>
                            <condition>
                                <macro>{#MEMLOGIC}</macro>
                                <value>DIMM\d*</value>
                                <operator>8</operator>
                                <formulaid>A</formulaid>
                            </condition>
                        </conditions>
                    </filter>
                    <lifetime>30d</lifetime>
                    <description/>
                    <item_prototypes>
                        <item_prototype>
                            <name>Huawei_MemoryStatus_{#MEMLOGIC}</name>
                            <type>6</type>
                            <snmp_community/>
                            <snmp_oid>1.3.6.1.4.1.2011.2.235.1.1.16.50.1.6.{#SNMPINDEX}</snmp_oid>
                            <key>huaweimemStatus_at.[{#MEMLOGIC}]</key>
                            <delay>2m</delay>
                            <history>12d</history>
                            <trends>90d</trends>
                            <status>0</status>
                            <value_type>3</value_type>
                            <allowed_hosts/>
                            <units/>
                            <snmpv3_contextname/>
                            <snmpv3_securityname>{$V5_USERNAME}</snmpv3_securityname>
                            <snmpv3_securitylevel>2</snmpv3_securitylevel>
                            <snmpv3_authprotocol>1</snmpv3_authprotocol>
                            <snmpv3_authpassphrase>{$V5_PWD}</snmpv3_authpassphrase>
                            <snmpv3_privprotocol>1</snmpv3_privprotocol>
                            <snmpv3_privpassphrase>{$V5_PWD}</snmpv3_privpassphrase>
                            <params/>
                            <ipmi_sensor/>
                            <authtype>0</authtype>
                            <username/>
                            <password/>
                            <publickey/>
                            <privatekey/>
                            <port/>
                            <description/>
                            <inventory_link>0</inventory_link>
                            <applications>
                                <application>
                                    <name>Memory</name>
                                </application>
                            </applications>
                            <valuemap>
                                <name>Huawei_State_6L</name>
                            </valuemap>
                            <logtimefmt/>
                            <preprocessing/>
                            <jmx_endpoint/>
                            <application_prototypes/>
                            <master_item_prototype/>
                        </item_prototype>
                    </item_prototypes>
                    <trigger_prototypes>
                        <trigger_prototype>
                            <expression>{Huawei_PCServer_2288Hv5:huaweimemStatus_at.[{#MEMLOGIC}].last()} &gt; 1</expression>
                            <recovery_mode>0</recovery_mode>
                            <recovery_expression/>
                            <name>Memory Status Error At {#MEMLOGIC}</name>
                            <correlation_mode>0</correlation_mode>
                            <correlation_tag/>
                            <url/>
                            <status>0</status>
                            <priority>4</priority>
                            <description/>
                            <type>0</type>
                            <manual_close>0</manual_close>
                            <dependencies/>
                            <tags/>
                        </trigger_prototype>
                    </trigger_prototypes>
                    <graph_prototypes/>
                    <host_prototypes/>
                    <jmx_endpoint/>
                </discovery_rule>
                <discovery_rule>
                    <name>Huawei_PyhDisk_Enumeration</name>
                    <type>6</type>
                    <snmp_community/>
                    <snmp_oid>discovery[{#HDPRESENCE},1.3.6.1.4.1.2011.2.235.1.1.18.50.1.2,{#HDNAME},1.3.6.1.4.1.2011.2.235.1.1.18.50.1.6]</snmp_oid>
                    <key>Huawei_PyhDisk</key>
                    <delay>1d</delay>
                    <status>0</status>
                    <allowed_hosts/>
                    <snmpv3_contextname/>
                    <snmpv3_securityname>{$V5_USERNAME}</snmpv3_securityname>
                    <snmpv3_securitylevel>2</snmpv3_securitylevel>
                    <snmpv3_authprotocol>1</snmpv3_authprotocol>
                    <snmpv3_authpassphrase>{$V5_PWD}</snmpv3_authpassphrase>
                    <snmpv3_privprotocol>1</snmpv3_privprotocol>
                    <snmpv3_privpassphrase>{$V5_PWD}</snmpv3_privpassphrase>
                    <params/>
                    <ipmi_sensor/>
                    <authtype>0</authtype>
                    <username/>
                    <password/>
                    <publickey/>
                    <privatekey/>
                    <port/>
                    <filter>
                        <evaltype>0</evaltype>
                        <formula/>
                        <conditions>
                            <condition>
                                <macro>{#HDPRESENCE}</macro>
                                <value>2</value>
                                <operator>8</operator>
                                <formulaid>A</formulaid>
                            </condition>
                        </conditions>
                    </filter>
                    <lifetime>30d</lifetime>
                    <description/>
                    <item_prototypes>
                        <item_prototype>
                            <name>PhyDiskstat:{#HDNAME}</name>
                            <type>6</type>
                            <snmp_community/>
                            <snmp_oid>1.3.6.1.4.1.2011.2.235.1.1.18.50.1.3.{#SNMPINDEX}</snmp_oid>
                            <key>HuaweiPhyDiskstat.[{#HDNAME}]</key>
                            <delay>2m</delay>
                            <history>2w</history>
                            <trends>90d</trends>
                            <status>0</status>
                            <value_type>3</value_type>
                            <allowed_hosts/>
                            <units/>
                            <snmpv3_contextname/>
                            <snmpv3_securityname>{$V5_USERNAME}</snmpv3_securityname>
                            <snmpv3_securitylevel>2</snmpv3_securitylevel>
                            <snmpv3_authprotocol>1</snmpv3_authprotocol>
                            <snmpv3_authpassphrase>{$V5_PWD}</snmpv3_authpassphrase>
                            <snmpv3_privprotocol>1</snmpv3_privprotocol>
                            <snmpv3_privpassphrase>{$V5_PWD}</snmpv3_privpassphrase>
                            <params/>
                            <ipmi_sensor/>
                            <authtype>0</authtype>
                            <username/>
                            <password/>
                            <publickey/>
                            <privatekey/>
                            <port/>
                            <description/>
                            <inventory_link>0</inventory_link>
                            <applications>
                                <application>
                                    <name>Disks / Storage</name>
                                </application>
                            </applications>
                            <valuemap>
                                <name>Huawei_State_6L</name>
                            </valuemap>
                            <logtimefmt/>
                            <preprocessing/>
                            <jmx_endpoint/>
                            <application_prototypes/>
                            <master_item_prototype/>
                        </item_prototype>
                    </item_prototypes>
                    <trigger_prototypes>
                        <trigger_prototype>
                            <expression>{Huawei_PCServer_2288Hv5:HuaweiPhyDiskstat.[{#HDNAME}].last()}&gt;1</expression>
                            <recovery_mode>0</recovery_mode>
                            <recovery_expression/>
                            <name>Problem Disk {#HDNAME}</name>
                            <correlation_mode>0</correlation_mode>
                            <correlation_tag/>
                            <url/>
                            <status>0</status>
                            <priority>3</priority>
                            <description/>
                            <type>0</type>
                            <manual_close>0</manual_close>
                            <dependencies/>
                            <tags/>
                        </trigger_prototype>
                    </trigger_prototypes>
                    <graph_prototypes/>
                    <host_prototypes/>
                    <jmx_endpoint/>
                </discovery_rule>
                <discovery_rule>
                    <name>Huawei_Temperature_Enumeration</name>
                    <type>6</type>
                    <snmp_community/>
                    <snmp_oid>discovery[{#SNMPVALUE},1.3.6.1.4.1.2011.2.235.1.1.26.50.1.2]</snmp_oid>
                    <key>Huawei_TempEnum</key>
                    <delay>1d</delay>
                    <status>0</status>
                    <allowed_hosts/>
                    <snmpv3_contextname/>
                    <snmpv3_securityname>{$V5_USERNAME}</snmpv3_securityname>
                    <snmpv3_securitylevel>2</snmpv3_securitylevel>
                    <snmpv3_authprotocol>1</snmpv3_authprotocol>
                    <snmpv3_authpassphrase>{$V5_PWD}</snmpv3_authpassphrase>
                    <snmpv3_privprotocol>1</snmpv3_privprotocol>
                    <snmpv3_privpassphrase>{$V5_PWD}</snmpv3_privpassphrase>
                    <params/>
                    <ipmi_sensor/>
                    <authtype>0</authtype>
                    <username/>
                    <password/>
                    <publickey/>
                    <privatekey/>
                    <port/>
                    <filter>
                        <evaltype>0</evaltype>
                        <formula/>
                        <conditions/>
                    </filter>
                    <lifetime>1w</lifetime>
                    <description/>
                    <item_prototypes>
                        <item_prototype>
                            <name>Huawei_Temperature Sensor {#SNMPVALUE} Value</name>
                            <type>6</type>
                            <snmp_community/>
                            <snmp_oid>1.3.6.1.4.1.2011.2.235.1.1.26.50.1.3.{#SNMPINDEX}</snmp_oid>
                            <key>Huawei_TempValue.[{#SNMPVALUE}]</key>
                            <delay>1m</delay>
                            <history>1w</history>
                            <trends>90d</trends>
                            <status>0</status>
                            <value_type>0</value_type>
                            <allowed_hosts/>
                            <units>C</units>
                            <snmpv3_contextname/>
                            <snmpv3_securityname>root</snmpv3_securityname>
                            <snmpv3_securitylevel>2</snmpv3_securitylevel>
                            <snmpv3_authprotocol>1</snmpv3_authprotocol>
                            <snmpv3_authpassphrase>Huawei12#$</snmpv3_authpassphrase>
                            <snmpv3_privprotocol>1</snmpv3_privprotocol>
                            <snmpv3_privpassphrase>Huawei12#$</snmpv3_privpassphrase>
                            <params/>
                            <ipmi_sensor/>
                            <authtype>0</authtype>
                            <username/>
                            <password/>
                            <publickey/>
                            <privatekey/>
                            <port/>
                            <description/>
                            <inventory_link>0</inventory_link>
                            <applications>
                                <application>
                                    <name>Temperatures</name>
                                </application>
                            </applications>
                            <valuemap/>
                            <logtimefmt/>
                            <preprocessing>
                                <step>
                                    <type>1</type>
                                    <params>.1</params>
                                </step>
                            </preprocessing>
                            <jmx_endpoint/>
                            <application_prototypes/>
                            <master_item_prototype/>
                        </item_prototype>
                    </item_prototypes>
                    <trigger_prototypes>
                        <trigger_prototype>
                            <expression>{Huawei_PCServer_2288Hv5:Huawei_TempValue.[{#SNMPVALUE}].avg(30m)}&gt;70</expression>
                            <recovery_mode>0</recovery_mode>
                            <recovery_expression/>
                            <name>半小时内_[{#SNMPVALUE}]_平均温度&gt;70</name>
                            <correlation_mode>0</correlation_mode>
                            <correlation_tag/>
                            <url/>
                            <status>0</status>
                            <priority>3</priority>
                            <description/>
                            <type>0</type>
                            <manual_close>0</manual_close>
                            <dependencies/>
                            <tags/>
                        </trigger_prototype>
                    </trigger_prototypes>
                    <graph_prototypes/>
                    <host_prototypes/>
                    <jmx_endpoint/>
                </discovery_rule>
            </discovery_rules>
            <httptests/>
            <macros/>
            <templates/>
            <screens/>
        </template>
    </templates>
    <triggers>
        <trigger>
            <expression>{Huawei_PCServer_2288Hv5:SystemHealth.nodata(300s)}=1</expression>
            <recovery_mode>0</recovery_mode>
            <recovery_expression/>
            <name>No SNMP data &gt; 5 minutes</name>
            <correlation_mode>0</correlation_mode>
            <correlation_tag/>
            <url/>
            <status>0</status>
            <priority>2</priority>
            <description/>
            <type>0</type>
            <manual_close>0</manual_close>
            <dependencies/>
            <tags/>
        </trigger>
        <trigger>
            <expression>{Huawei_PCServer_2288Hv5:SystemHealth.last(#1)}=2</expression>
            <recovery_mode>0</recovery_mode>
            <recovery_expression/>
            <name>Template_Huawei_pcserver: Overall Huawei_SystemHealth</name>
            <correlation_mode>0</correlation_mode>
            <correlation_tag/>
            <url/>
            <status>0</status>
            <priority>2</priority>
            <description/>
            <type>0</type>
            <manual_close>0</manual_close>
            <dependencies/>
            <tags/>
        </trigger>
        <trigger>
            <expression>{Huawei_PCServer_2288Hv5:SystemHealth.last(#1)}=3</expression>
            <recovery_mode>0</recovery_mode>
            <recovery_expression/>
            <name>Template_Huawei_pcserver: Overall Huawei_SystemHealth</name>
            <correlation_mode>0</correlation_mode>
            <correlation_tag/>
            <url/>
            <status>0</status>
            <priority>3</priority>
            <description/>
            <type>0</type>
            <manual_close>0</manual_close>
            <dependencies/>
            <tags/>
        </trigger>
        <trigger>
            <expression>{Huawei_PCServer_2288Hv5:SystemHealth.last(#1)}=4</expression>
            <recovery_mode>0</recovery_mode>
            <recovery_expression/>
            <name>Template_Huawei_pcserver: Overall Huawei_SystemHealth</name>
            <correlation_mode>0</correlation_mode>
            <correlation_tag/>
            <url/>
            <status>0</status>
            <priority>5</priority>
            <description/>
            <type>0</type>
            <manual_close>0</manual_close>
            <dependencies/>
            <tags/>
        </trigger>
        <trigger>
            <expression>{Huawei_PCServer_2288Hv5:fanEntireStatus.last()}&lt;&gt;1</expression>
            <recovery_mode>0</recovery_mode>
            <recovery_expression/>
            <name>整体风扇状态</name>
            <correlation_mode>0</correlation_mode>
            <correlation_tag/>
            <url/>
            <status>0</status>
            <priority>2</priority>
            <description/>
            <type>0</type>
            <manual_close>0</manual_close>
            <dependencies/>
            <tags/>
        </trigger>
    </triggers>
    <value_maps>
        <value_map>
            <name>Huawei_State_6L</name>
            <mappings>
                <mapping>
                    <value>1</value>
                    <newvalue>ok</newvalue>
                </mapping>
                <mapping>
                    <value>2</value>
                    <newvalue>minor</newvalue>
                </mapping>
                <mapping>
                    <value>3</value>
                    <newvalue>major</newvalue>
                </mapping>
                <mapping>
                    <value>4</value>
                    <newvalue>critical</newvalue>
                </mapping>
                <mapping>
                    <value>5</value>
                    <newvalue>absence</newvalue>
                </mapping>
                <mapping>
                    <value>6</value>
                    <newvalue>Unkown</newvalue>
                </mapping>
            </mappings>
        </value_map>
    </value_maps>
</zabbix_export>
