<?xml version="1.0" encoding="UTF-8"?>
<zabbix_export>
    <version>3.4</version>
    <date>2017-11-10T14:20:33Z</date>
    <groups>
        <group>
            <name>Templates/Disaster Recovery</name>
        </group>
    </groups>
    <templates>
        <template>
            <template>Rapid Recovery Core Template</template>
            <name>Rapid Recovery Core Template</name>
            <description/>
            <groups>
                <group>
                    <name>Templates/Disaster Recovery</name>
                </group>
            </groups>
            <applications>
                <application>
                    <name>RapidRecovery</name>
                </application>
                <application>
                    <name>RapidRecovery Protected Agents</name>
                </application>
                <application>
                    <name>RapidRecovery Repository</name>
                </application>
            </applications>
            <items>
                <item>
                    <name>Rapid Recovery Core Service</name>
                    <type>0</type>
                    <snmp_community/>
                    <snmp_oid/>
                    <key>service_state[RapidRecoveryCore]</key>
                    <delay>3m</delay>
                    <history>90d</history>
                    <trends>365d</trends>
                    <status>0</status>
                    <value_type>3</value_type>
                    <allowed_hosts/>
                    <units/>
                    <snmpv3_contextname/>
                    <snmpv3_securityname/>
                    <snmpv3_securitylevel>0</snmpv3_securitylevel>
                    <snmpv3_authprotocol>0</snmpv3_authprotocol>
                    <snmpv3_authpassphrase/>
                    <snmpv3_privprotocol>0</snmpv3_privprotocol>
                    <snmpv3_privpassphrase/>
                    <params/>
                    <ipmi_sensor/>
                    <authtype>0</authtype>
                    <username/>
                    <password/>
                    <publickey/>
                    <privatekey/>
                    <port/>
                    <description/>
                    <inventory_link>0</inventory_link>
                    <applications>
                        <application>
                            <name>RapidRecovery</name>
                        </application>
                    </applications>
                    <valuemap>
                        <name>Windows service state</name>
                    </valuemap>
                    <logtimefmt/>
                    <preprocessing/>
                    <jmx_endpoint/>
                    <master_item/>
                </item>
                <item>
                    <name>Rapid Recovery MongoDB Service</name>
                    <type>0</type>
                    <snmp_community/>
                    <snmp_oid/>
                    <key>service_state[RapidRecoveryMongod]</key>
                    <delay>10m</delay>
                    <history>90d</history>
                    <trends>365d</trends>
                    <status>0</status>
                    <value_type>3</value_type>
                    <allowed_hosts/>
                    <units/>
                    <snmpv3_contextname/>
                    <snmpv3_securityname/>
                    <snmpv3_securitylevel>0</snmpv3_securitylevel>
                    <snmpv3_authprotocol>0</snmpv3_authprotocol>
                    <snmpv3_authpassphrase/>
                    <snmpv3_privprotocol>0</snmpv3_privprotocol>
                    <snmpv3_privpassphrase/>
                    <params/>
                    <ipmi_sensor/>
                    <authtype>0</authtype>
                    <username/>
                    <password/>
                    <publickey/>
                    <privatekey/>
                    <port/>
                    <description/>
                    <inventory_link>0</inventory_link>
                    <applications>
                        <application>
                            <name>RapidRecovery</name>
                        </application>
                    </applications>
                    <valuemap>
                        <name>Windows service state</name>
                    </valuemap>
                    <logtimefmt/>
                    <preprocessing/>
                    <jmx_endpoint/>
                    <master_item/>
                </item>
                <item>
                    <name>Rapid Recovery VMware Proxy Service</name>
                    <type>0</type>
                    <snmp_community/>
                    <snmp_oid/>
                    <key>service_state[RapidRecoveryVMwareProxy]</key>
                    <delay>10m</delay>
                    <history>90d</history>
                    <trends>365d</trends>
                    <status>0</status>
                    <value_type>3</value_type>
                    <allowed_hosts/>
                    <units/>
                    <snmpv3_contextname/>
                    <snmpv3_securityname/>
                    <snmpv3_securitylevel>0</snmpv3_securitylevel>
                    <snmpv3_authprotocol>0</snmpv3_authprotocol>
                    <snmpv3_authpassphrase/>
                    <snmpv3_privprotocol>0</snmpv3_privprotocol>
                    <snmpv3_privpassphrase/>
                    <params/>
                    <ipmi_sensor/>
                    <authtype>0</authtype>
                    <username/>
                    <password/>
                    <publickey/>
                    <privatekey/>
                    <port/>
                    <description/>
                    <inventory_link>0</inventory_link>
                    <applications>
                        <application>
                            <name>RapidRecovery</name>
                        </application>
                    </applications>
                    <valuemap>
                        <name>Windows service state</name>
                    </valuemap>
                    <logtimefmt/>
                    <preprocessing/>
                    <jmx_endpoint/>
                    <master_item/>
                </item>
            </items>
            <discovery_rules>
                <discovery_rule>
                    <name>Protected Agent Discovery</name>
                    <type>1</type>
                    <snmp_community>{$SNMP_COMMUNITY}</snmp_community>
                    <snmp_oid>discovery[{#AGENTNAME},1.3.6.1.4.1.674.11000.1000.200.100.300.1.3,{#AGENTSTATUS},1.3.6.1.4.1.674.11000.1000.200.100.300.1.5,{#AGENTRECOVERYPOINTSCOUNT},1.3.6.1.4.1.674.11000.1000.200.100.300.1.7,{#AGENTREPLICATIONSTATUS},1.3.6.1.4.1.674.11000.1000.200.100.300.1.8,{#AGENTREPLICATIONLAST},1.3.6.1.4.1.674.11000.1000.200.100.300.1.9]</snmp_oid>
                    <key>rragent.discovery</key>
                    <delay>4h</delay>
                    <status>0</status>
                    <allowed_hosts/>
                    <snmpv3_contextname/>
                    <snmpv3_securityname/>
                    <snmpv3_securitylevel>0</snmpv3_securitylevel>
                    <snmpv3_authprotocol>0</snmpv3_authprotocol>
                    <snmpv3_authpassphrase/>
                    <snmpv3_privprotocol>0</snmpv3_privprotocol>
                    <snmpv3_privpassphrase/>
                    <params/>
                    <ipmi_sensor/>
                    <authtype>0</authtype>
                    <username/>
                    <password/>
                    <publickey/>
                    <privatekey/>
                    <port/>
                    <filter>
                        <evaltype>0</evaltype>
                        <formula/>
                        <conditions/>
                    </filter>
                    <lifetime>30d</lifetime>
                    <description/>
                    <item_prototypes>
                        <item_prototype>
                            <name>RapidRecovery Agent {#AGENTNAME}</name>
                            <type>1</type>
                            <snmp_community>{$SNMP_COMMUNITY}</snmp_community>
                            <snmp_oid>1.3.6.1.4.1.674.11000.1000.200.100.300.1.3.{#SNMPINDEX}</snmp_oid>
                            <key>rragent.discovery[agentName.{#SNMPINDEX}]</key>
                            <delay>0;md1h9</delay>
                            <history>90d</history>
                            <trends>0</trends>
                            <status>1</status>
                            <value_type>4</value_type>
                            <allowed_hosts/>
                            <units/>
                            <snmpv3_contextname/>
                            <snmpv3_securityname/>
                            <snmpv3_securitylevel>0</snmpv3_securitylevel>
                            <snmpv3_authprotocol>0</snmpv3_authprotocol>
                            <snmpv3_authpassphrase/>
                            <snmpv3_privprotocol>0</snmpv3_privprotocol>
                            <snmpv3_privpassphrase/>
                            <params/>
                            <ipmi_sensor/>
                            <authtype>0</authtype>
                            <username/>
                            <password/>
                            <publickey/>
                            <privatekey/>
                            <port/>
                            <description/>
                            <inventory_link>0</inventory_link>
                            <applications/>
                            <valuemap/>
                            <logtimefmt/>
                            <preprocessing/>
                            <jmx_endpoint/>
                            <application_prototypes/>
                            <master_item_prototype/>
                        </item_prototype>
                        <item_prototype>
                            <name>RapidRecovery Agent {#AGENTNAME} Num of Recovery Points</name>
                            <type>1</type>
                            <snmp_community>{$SNMP_COMMUNITY}</snmp_community>
                            <snmp_oid>1.3.6.1.4.1.674.11000.1000.200.100.300.1.7.{#SNMPINDEX}</snmp_oid>
                            <key>rragent.discovery[agentRecoveryPointsCount.{#SNMPINDEX}]</key>
                            <delay>1800</delay>
                            <history>7d</history>
                            <trends>190d</trends>
                            <status>0</status>
                            <value_type>3</value_type>
                            <allowed_hosts/>
                            <units/>
                            <snmpv3_contextname/>
                            <snmpv3_securityname/>
                            <snmpv3_securitylevel>0</snmpv3_securitylevel>
                            <snmpv3_authprotocol>0</snmpv3_authprotocol>
                            <snmpv3_authpassphrase/>
                            <snmpv3_privprotocol>0</snmpv3_privprotocol>
                            <snmpv3_privpassphrase/>
                            <params/>
                            <ipmi_sensor/>
                            <authtype>0</authtype>
                            <username/>
                            <password/>
                            <publickey/>
                            <privatekey/>
                            <port/>
                            <description/>
                            <inventory_link>0</inventory_link>
                            <applications>
                                <application>
                                    <name>RapidRecovery Protected Agents</name>
                                </application>
                            </applications>
                            <valuemap/>
                            <logtimefmt/>
                            <preprocessing/>
                            <jmx_endpoint/>
                            <application_prototypes/>
                            <master_item_prototype/>
                        </item_prototype>
                        <item_prototype>
                            <name>RapidRecovery Agent {#AGENTNAME} Last Replication</name>
                            <type>1</type>
                            <snmp_community>{$SNMP_COMMUNITY}</snmp_community>
                            <snmp_oid>1.3.6.1.4.1.674.11000.1000.200.100.300.1.9.{#SNMPINDEX}</snmp_oid>
                            <key>rragent.discovery[agentReplicationLast.{#SNMPINDEX}]</key>
                            <delay>1800</delay>
                            <history>7d</history>
                            <trends>0</trends>
                            <status>0</status>
                            <value_type>4</value_type>
                            <allowed_hosts/>
                            <units/>
                            <snmpv3_contextname/>
                            <snmpv3_securityname/>
                            <snmpv3_securitylevel>0</snmpv3_securitylevel>
                            <snmpv3_authprotocol>0</snmpv3_authprotocol>
                            <snmpv3_authpassphrase/>
                            <snmpv3_privprotocol>0</snmpv3_privprotocol>
                            <snmpv3_privpassphrase/>
                            <params/>
                            <ipmi_sensor/>
                            <authtype>0</authtype>
                            <username/>
                            <password/>
                            <publickey/>
                            <privatekey/>
                            <port/>
                            <description/>
                            <inventory_link>0</inventory_link>
                            <applications>
                                <application>
                                    <name>RapidRecovery Protected Agents</name>
                                </application>
                            </applications>
                            <valuemap/>
                            <logtimefmt/>
                            <preprocessing/>
                            <jmx_endpoint/>
                            <application_prototypes/>
                            <master_item_prototype/>
                        </item_prototype>
                        <item_prototype>
                            <name>RapidRecovery Agent {#AGENTNAME} Replication State</name>
                            <type>1</type>
                            <snmp_community>{$SNMP_COMMUNITY}</snmp_community>
                            <snmp_oid>1.3.6.1.4.1.674.11000.1000.200.100.300.1.8.{#SNMPINDEX}</snmp_oid>
                            <key>rragent.discovery[agentReplicationStatus.{#SNMPINDEX}]</key>
                            <delay>900</delay>
                            <history>7d</history>
                            <trends>190d</trends>
                            <status>0</status>
                            <value_type>3</value_type>
                            <allowed_hosts/>
                            <units/>
                            <snmpv3_contextname/>
                            <snmpv3_securityname/>
                            <snmpv3_securitylevel>0</snmpv3_securitylevel>
                            <snmpv3_authprotocol>0</snmpv3_authprotocol>
                            <snmpv3_authpassphrase/>
                            <snmpv3_privprotocol>0</snmpv3_privprotocol>
                            <snmpv3_privpassphrase/>
                            <params/>
                            <ipmi_sensor/>
                            <authtype>0</authtype>
                            <username/>
                            <password/>
                            <publickey/>
                            <privatekey/>
                            <port/>
                            <description/>
                            <inventory_link>0</inventory_link>
                            <applications>
                                <application>
                                    <name>RapidRecovery Protected Agents</name>
                                </application>
                            </applications>
                            <valuemap>
                                <name>RapidRecovery Replication Status</name>
                            </valuemap>
                            <logtimefmt/>
                            <preprocessing/>
                            <jmx_endpoint/>
                            <application_prototypes/>
                            <master_item_prototype/>
                        </item_prototype>
                        <item_prototype>
                            <name>RapidRecovery Agent {#AGENTNAME} Status</name>
                            <type>1</type>
                            <snmp_community>{$SNMP_COMMUNITY}</snmp_community>
                            <snmp_oid>1.3.6.1.4.1.674.11000.1000.200.100.300.1.8.{#SNMPINDEX}</snmp_oid>
                            <key>rragent.discovery[agentStatus.{#SNMPINDEX}]</key>
                            <delay>900</delay>
                            <history>7d</history>
                            <trends>190d</trends>
                            <status>0</status>
                            <value_type>3</value_type>
                            <allowed_hosts/>
                            <units/>
                            <snmpv3_contextname/>
                            <snmpv3_securityname/>
                            <snmpv3_securitylevel>0</snmpv3_securitylevel>
                            <snmpv3_authprotocol>0</snmpv3_authprotocol>
                            <snmpv3_authpassphrase/>
                            <snmpv3_privprotocol>0</snmpv3_privprotocol>
                            <snmpv3_privpassphrase/>
                            <params/>
                            <ipmi_sensor/>
                            <authtype>0</authtype>
                            <username/>
                            <password/>
                            <publickey/>
                            <privatekey/>
                            <port/>
                            <description/>
                            <inventory_link>0</inventory_link>
                            <applications>
                                <application>
                                    <name>RapidRecovery Protected Agents</name>
                                </application>
                            </applications>
                            <valuemap>
                                <name>RapidRecovery Agent Status</name>
                            </valuemap>
                            <logtimefmt/>
                            <preprocessing/>
                            <jmx_endpoint/>
                            <application_prototypes/>
                            <master_item_prototype/>
                        </item_prototype>
                    </item_prototypes>
                    <trigger_prototypes>
                        <trigger_prototype>
                            <expression>{Rapid Recovery Core Template:rragent.discovery[agentRecoveryPointsCount.{#SNMPINDEX}].last(#5)}=0</expression>
                            <recovery_mode>0</recovery_mode>
                            <recovery_expression/>
                            <name>Rapid Recovery Protected Agent Recovery Point Count</name>
                            <correlation_mode>0</correlation_mode>
                            <correlation_tag/>
                            <url/>
                            <status>0</status>
                            <priority>2</priority>
                            <description>The last 5 checks for the number of recovery points for this agent has reported '0'. Something may be wrong with the RR Core/RR Repository/RR Agent.</description>
                            <type>0</type>
                            <manual_close>0</manual_close>
                            <dependencies/>
                            <tags/>
                        </trigger_prototype>
                        <trigger_prototype>
                            <expression>{Rapid Recovery Core Template:rragent.discovery[agentStatus.{#SNMPINDEX}].last(#5)}=2 or {Rapid Recovery Core Template:rragent.discovery[agentStatus.{#SNMPINDEX}].last(#5)}=3</expression>
                            <recovery_mode>0</recovery_mode>
                            <recovery_expression/>
                            <name>Rapid Recovery Protected Agent State</name>
                            <correlation_mode>0</correlation_mode>
                            <correlation_tag/>
                            <url/>
                            <status>0</status>
                            <priority>2</priority>
                            <description>The last 5 checks for Agent Status have reported either an 'unreachable' (2) status or 'authenticationError' (3) status.</description>
                            <type>0</type>
                            <manual_close>0</manual_close>
                            <dependencies/>
                            <tags/>
                        </trigger_prototype>
                        <trigger_prototype>
                            <expression>{Rapid Recovery Core Template:rragent.discovery[agentStatus.{#SNMPINDEX}].last(#5)}=4</expression>
                            <recovery_mode>0</recovery_mode>
                            <recovery_expression/>
                            <name>Rapid Recovery Protected Agent State</name>
                            <correlation_mode>0</correlation_mode>
                            <correlation_tag/>
                            <url/>
                            <status>0</status>
                            <priority>4</priority>
                            <description>The last 5 checks for Agent Status have reported a 'failed' (4) state.</description>
                            <type>0</type>
                            <manual_close>0</manual_close>
                            <dependencies/>
                            <tags/>
                        </trigger_prototype>
                    </trigger_prototypes>
                    <graph_prototypes/>
                    <host_prototypes/>
                    <jmx_endpoint/>
                </discovery_rule>
                <discovery_rule>
                    <name>Repository Discovery</name>
                    <type>1</type>
                    <snmp_community>{$SNMP_COMMUNITY}</snmp_community>
                    <snmp_oid>discovery[{#REPOSITORYNAME},1.3.6.1.4.1.674.11000.1000.200.100.200.1.3,{#REPOSITORYSTATUS},1.3.6.1.4.1.674.11000.1000.200.100.200.1.5,{#REPOSITORYSIZEMB},1.3.6.1.4.1.674.11000.1000.200.100.200.1.6,{#REPOSITORYFREEMB},1.3.6.1.4.1.674.11000.1000.200.1.7]</snmp_oid>
                    <key>rrcore.repo</key>
                    <delay>8h</delay>
                    <status>0</status>
                    <allowed_hosts/>
                    <snmpv3_contextname/>
                    <snmpv3_securityname/>
                    <snmpv3_securitylevel>0</snmpv3_securitylevel>
                    <snmpv3_authprotocol>0</snmpv3_authprotocol>
                    <snmpv3_authpassphrase/>
                    <snmpv3_privprotocol>0</snmpv3_privprotocol>
                    <snmpv3_privpassphrase/>
                    <params/>
                    <ipmi_sensor/>
                    <authtype>0</authtype>
                    <username/>
                    <password/>
                    <publickey/>
                    <privatekey/>
                    <port/>
                    <filter>
                        <evaltype>0</evaltype>
                        <formula/>
                        <conditions/>
                    </filter>
                    <lifetime>30d</lifetime>
                    <description/>
                    <item_prototypes>
                        <item_prototype>
                            <name>RapidRecovery Repo FreeSpace - {#REPOSITORYNAME}</name>
                            <type>1</type>
                            <snmp_community>{$SNMP_COMMUNITY}</snmp_community>
                            <snmp_oid>1.3.6.1.4.1.674.11000.1000.200.100.200.1.7.{#SNMPINDEX}</snmp_oid>
                            <key>rrcore.repo[repositoryFreeMB.{#SNMPINDEX}]</key>
                            <delay>5m</delay>
                            <history>7d</history>
                            <trends>190d</trends>
                            <status>0</status>
                            <value_type>3</value_type>
                            <allowed_hosts/>
                            <units>MB</units>
                            <snmpv3_contextname/>
                            <snmpv3_securityname/>
                            <snmpv3_securitylevel>0</snmpv3_securitylevel>
                            <snmpv3_authprotocol>0</snmpv3_authprotocol>
                            <snmpv3_authpassphrase/>
                            <snmpv3_privprotocol>0</snmpv3_privprotocol>
                            <snmpv3_privpassphrase/>
                            <params/>
                            <ipmi_sensor/>
                            <authtype>0</authtype>
                            <username/>
                            <password/>
                            <publickey/>
                            <privatekey/>
                            <port/>
                            <description/>
                            <inventory_link>0</inventory_link>
                            <applications>
                                <application>
                                    <name>RapidRecovery Repository</name>
                                </application>
                            </applications>
                            <valuemap/>
                            <logtimefmt/>
                            <preprocessing/>
                            <jmx_endpoint/>
                            <application_prototypes/>
                            <master_item_prototype/>
                        </item_prototype>
                        <item_prototype>
                            <name>RapidRecovery Repo % Free - {#REPOSITORYNAME}</name>
                            <type>15</type>
                            <snmp_community/>
                            <snmp_oid/>
                            <key>rrcore.repo[repositoryFreeSpacePCT.{#SNMPINDEX}]</key>
                            <delay>1m</delay>
                            <history>7d</history>
                            <trends>190d</trends>
                            <status>0</status>
                            <value_type>0</value_type>
                            <allowed_hosts/>
                            <units>%</units>
                            <snmpv3_contextname/>
                            <snmpv3_securityname/>
                            <snmpv3_securitylevel>0</snmpv3_securitylevel>
                            <snmpv3_authprotocol>0</snmpv3_authprotocol>
                            <snmpv3_authpassphrase/>
                            <snmpv3_privprotocol>0</snmpv3_privprotocol>
                            <snmpv3_privpassphrase/>
                            <params>1-(last(rrcore.repo[repositoryFreeMB.{#SNMPINDEX}])/last(rrcore.repo[repositorySizeMB.{#SNMPINDEX}]))</params>
                            <ipmi_sensor/>
                            <authtype>0</authtype>
                            <username/>
                            <password/>
                            <publickey/>
                            <privatekey/>
                            <port/>
                            <description/>
                            <inventory_link>0</inventory_link>
                            <applications>
                                <application>
                                    <name>RapidRecovery Repository</name>
                                </application>
                            </applications>
                            <valuemap/>
                            <logtimefmt/>
                            <preprocessing/>
                            <jmx_endpoint/>
                            <application_prototypes/>
                            <master_item_prototype/>
                        </item_prototype>
                        <item_prototype>
                            <name>RapidRecovery Repo Size - {#REPOSITORYNAME}</name>
                            <type>1</type>
                            <snmp_community>{$SNMP_COMMUNITY}</snmp_community>
                            <snmp_oid>1.3.6.1.4.1.674.11000.1000.200.100.200.1.6.{#SNMPINDEX}</snmp_oid>
                            <key>rrcore.repo[repositorySizeMB.{#SNMPINDEX}]</key>
                            <delay>5m</delay>
                            <history>7d</history>
                            <trends>190d</trends>
                            <status>0</status>
                            <value_type>3</value_type>
                            <allowed_hosts/>
                            <units>MB</units>
                            <snmpv3_contextname/>
                            <snmpv3_securityname/>
                            <snmpv3_securitylevel>0</snmpv3_securitylevel>
                            <snmpv3_authprotocol>0</snmpv3_authprotocol>
                            <snmpv3_authpassphrase/>
                            <snmpv3_privprotocol>0</snmpv3_privprotocol>
                            <snmpv3_privpassphrase/>
                            <params/>
                            <ipmi_sensor/>
                            <authtype>0</authtype>
                            <username/>
                            <password/>
                            <publickey/>
                            <privatekey/>
                            <port/>
                            <description/>
                            <inventory_link>0</inventory_link>
                            <applications>
                                <application>
                                    <name>RapidRecovery Repository</name>
                                </application>
                            </applications>
                            <valuemap/>
                            <logtimefmt/>
                            <preprocessing/>
                            <jmx_endpoint/>
                            <application_prototypes/>
                            <master_item_prototype/>
                        </item_prototype>
                        <item_prototype>
                            <name>RapidRecovery Repo Status - {#REPOSITORYNAME}</name>
                            <type>1</type>
                            <snmp_community>{$SNMP_COMMUNITY}</snmp_community>
                            <snmp_oid>1.3.6.1.4.1.674.11000.1000.200.100.200.1.5.{#SNMPINDEX}</snmp_oid>
                            <key>rrcore.repo[repositoryStatus.{#SNMPINDEX}]</key>
                            <delay>30s</delay>
                            <history>90d</history>
                            <trends>365d</trends>
                            <status>0</status>
                            <value_type>3</value_type>
                            <allowed_hosts/>
                            <units/>
                            <snmpv3_contextname/>
                            <snmpv3_securityname/>
                            <snmpv3_securitylevel>0</snmpv3_securitylevel>
                            <snmpv3_authprotocol>0</snmpv3_authprotocol>
                            <snmpv3_authpassphrase/>
                            <snmpv3_privprotocol>0</snmpv3_privprotocol>
                            <snmpv3_privpassphrase/>
                            <params/>
                            <ipmi_sensor/>
                            <authtype>0</authtype>
                            <username/>
                            <password/>
                            <publickey/>
                            <privatekey/>
                            <port/>
                            <description/>
                            <inventory_link>0</inventory_link>
                            <applications>
                                <application>
                                    <name>RapidRecovery Repository</name>
                                </application>
                            </applications>
                            <valuemap>
                                <name>RapidRecovery Repository Status</name>
                            </valuemap>
                            <logtimefmt/>
                            <preprocessing/>
                            <jmx_endpoint/>
                            <application_prototypes/>
                            <master_item_prototype/>
                        </item_prototype>
                    </item_prototypes>
                    <trigger_prototypes>
                        <trigger_prototype>
                            <expression>{Rapid Recovery Core Template:rrcore.repo[repositoryStatus.{#SNMPINDEX}].last()}=6</expression>
                            <recovery_mode>0</recovery_mode>
                            <recovery_expression/>
                            <name>Rapid Recovery Repository Failure</name>
                            <correlation_mode>0</correlation_mode>
                            <correlation_tag/>
                            <url/>
                            <status>0</status>
                            <priority>4</priority>
                            <description>Rapid Recovery Repository has entered an error state.</description>
                            <type>0</type>
                            <manual_close>0</manual_close>
                            <dependencies/>
                            <tags/>
                        </trigger_prototype>
                        <trigger_prototype>
                            <expression>{Rapid Recovery Core Template:rrcore.repo[repositoryFreeSpacePCT.{#SNMPINDEX}].last(,3h)}&lt;{$RR_REPO_FREEPCT_HIGH}</expression>
                            <recovery_mode>0</recovery_mode>
                            <recovery_expression/>
                            <name>Rapid Recovery Repository Free Space Remaining</name>
                            <correlation_mode>0</correlation_mode>
                            <correlation_tag/>
                            <url/>
                            <status>0</status>
                            <priority>4</priority>
                            <description>RapidRecovery Core Repository has been less than {$RR_REPO_FREEPCT_HIGH} for 3 hours.</description>
                            <type>0</type>
                            <manual_close>0</manual_close>
                            <dependencies/>
                            <tags/>
                        </trigger_prototype>
                        <trigger_prototype>
                            <expression>{Rapid Recovery Core Template:rrcore.repo[repositoryFreeSpacePCT.{#SNMPINDEX}].last(,3h)}&lt;{$RR_REPO_FREEPCT_WARN}</expression>
                            <recovery_mode>0</recovery_mode>
                            <recovery_expression/>
                            <name>Rapid Recovery Repository Free Space Remaining</name>
                            <correlation_mode>0</correlation_mode>
                            <correlation_tag/>
                            <url/>
                            <status>0</status>
                            <priority>2</priority>
                            <description>RapidRecovery Core Repository has been less than {$RR_REPO_FREEPCT_WARN} for 3 hours.</description>
                            <type>0</type>
                            <manual_close>0</manual_close>
                            <dependencies/>
                            <tags/>
                        </trigger_prototype>
                        <trigger_prototype>
                            <expression>{Rapid Recovery Core Template:rrcore.repo[repositoryStatus.{#SNMPINDEX}].last()}=0</expression>
                            <recovery_mode>0</recovery_mode>
                            <recovery_expression/>
                            <name>Rapid Recovery Repository Status</name>
                            <correlation_mode>0</correlation_mode>
                            <correlation_tag/>
                            <url/>
                            <status>0</status>
                            <priority>1</priority>
                            <description>Rapid Recovery Repository has entered an unknown status.</description>
                            <type>0</type>
                            <manual_close>0</manual_close>
                            <dependencies/>
                            <tags/>
                        </trigger_prototype>
                        <trigger_prototype>
                            <expression>{Rapid Recovery Core Template:rrcore.repo[repositoryStatus.{#SNMPINDEX}].last()}=1 or {Rapid Recovery Core Template:rrcore.repo[repositoryStatus.{#SNMPINDEX}].last()}=2</expression>
                            <recovery_mode>0</recovery_mode>
                            <recovery_expression/>
                            <name>Rapid Recovery Repository Status</name>
                            <correlation_mode>0</correlation_mode>
                            <correlation_tag/>
                            <url/>
                            <status>0</status>
                            <priority>2</priority>
                            <description>Rapid Recovery Repository has entered or is entering an unmounted status.</description>
                            <type>0</type>
                            <manual_close>0</manual_close>
                            <dependencies/>
                            <tags/>
                        </trigger_prototype>
                        <trigger_prototype>
                            <expression>{Rapid Recovery Core Template:rrcore.repo[repositoryStatus.{#SNMPINDEX}].last()}=5</expression>
                            <recovery_mode>0</recovery_mode>
                            <recovery_expression/>
                            <name>Rapid Recovery Repository Status</name>
                            <correlation_mode>0</correlation_mode>
                            <correlation_tag/>
                            <url/>
                            <status>0</status>
                            <priority>1</priority>
                            <description>Rapid Recovery Repository has entered a maintenance status</description>
                            <type>0</type>
                            <manual_close>0</manual_close>
                            <dependencies/>
                            <tags/>
                        </trigger_prototype>
                    </trigger_prototypes>
                    <graph_prototypes/>
                    <host_prototypes/>
                    <jmx_endpoint/>
                </discovery_rule>
            </discovery_rules>
            <httptests>
                <httptest>
                    <name>RapidRecovery Web Console Availability</name>
                    <application>
                        <name>RapidRecovery</name>
                    </application>
                    <delay>10m</delay>
                    <attempts>5</attempts>
                    <agent>Zabbix</agent>
                    <http_proxy/>
                    <variables/>
                    <headers/>
                    <status>0</status>
                    <authentication>0</authentication>
                    <http_user/>
                    <http_password/>
                    <verify_peer>0</verify_peer>
                    <verify_host>0</verify_host>
                    <ssl_cert_file/>
                    <ssl_key_file/>
                    <ssl_key_password/>
                    <steps>
                        <step>
                            <name>Rapid Recovery Console Login</name>
                            <url>https://{HOST.IP}:8006/apprecovery/admin/Core/Replication</url>
                            <query_fields/>
                            <posts/>
                            <variables/>
                            <headers/>
                            <follow_redirects>1</follow_redirects>
                            <retrieve_mode>0</retrieve_mode>
                            <timeout>15s</timeout>
                            <required/>
                            <status_codes>401</status_codes>
                        </step>
                    </steps>
                </httptest>
            </httptests>
            <macros>
                <macro>
                    <macro>{$RR_REPO_FREEPCT_HIGH}</macro>
                    <value>15</value>
                </macro>
                <macro>
                    <macro>{$RR_REPO_FREEPCT_WARN}</macro>
                    <value>22.5</value>
                </macro>
            </macros>
            <templates/>
            <screens/>
        </template>
    </templates>
    <triggers>
        <trigger>
            <expression>{Rapid Recovery Core Template:service_state[RapidRecoveryCore].last(#2)}&lt;&gt;0</expression>
            <recovery_mode>1</recovery_mode>
            <recovery_expression>{Rapid Recovery Core Template:service_state[RapidRecoveryCore].last()}=0</recovery_expression>
            <name>Rapid Recovery Core is not running</name>
            <correlation_mode>0</correlation_mode>
            <correlation_tag/>
            <url/>
            <status>0</status>
            <priority>2</priority>
            <description/>
            <type>0</type>
            <manual_close>0</manual_close>
            <dependencies/>
            <tags/>
        </trigger>
        <trigger>
            <expression>{Rapid Recovery Core Template:service_state[RapidRecoveryMongod].last(#2)}&lt;&gt;0</expression>
            <recovery_mode>1</recovery_mode>
            <recovery_expression>{Rapid Recovery Core Template:service_state[RapidRecoveryMongod].last(#2)}=0</recovery_expression>
            <name>Rapid Recovery MongoDB is not running</name>
            <correlation_mode>0</correlation_mode>
            <correlation_tag/>
            <url/>
            <status>0</status>
            <priority>2</priority>
            <description/>
            <type>0</type>
            <manual_close>0</manual_close>
            <dependencies/>
            <tags/>
        </trigger>
    </triggers>
    <value_maps>
        <value_map>
            <name>RapidRecovery Agent Status</name>
            <mappings>
                <mapping>
                    <value>0</value>
                    <newvalue>online</newvalue>
                </mapping>
                <mapping>
                    <value>1</value>
                    <newvalue>pendingFailover</newvalue>
                </mapping>
                <mapping>
                    <value>2</value>
                    <newvalue>unreachable</newvalue>
                </mapping>
                <mapping>
                    <value>3</value>
                    <newvalue>authenticationError</newvalue>
                </mapping>
                <mapping>
                    <value>4</value>
                    <newvalue>failed</newvalue>
                </mapping>
                <mapping>
                    <value>5</value>
                    <newvalue>loading</newvalue>
                </mapping>
            </mappings>
        </value_map>
        <value_map>
            <name>RapidRecovery Replication Status</name>
            <mappings>
                <mapping>
                    <value>0</value>
                    <newvalue>no</newvalue>
                </mapping>
                <mapping>
                    <value>1</value>
                    <newvalue>yes</newvalue>
                </mapping>
            </mappings>
        </value_map>
        <value_map>
            <name>RapidRecovery Repository Status</name>
            <mappings>
                <mapping>
                    <value>0</value>
                    <newvalue>unknown</newvalue>
                </mapping>
                <mapping>
                    <value>1</value>
                    <newvalue>unmounting</newvalue>
                </mapping>
                <mapping>
                    <value>2</value>
                    <newvalue>unmounted</newvalue>
                </mapping>
                <mapping>
                    <value>3</value>
                    <newvalue>mounting</newvalue>
                </mapping>
                <mapping>
                    <value>4</value>
                    <newvalue>mounted</newvalue>
                </mapping>
                <mapping>
                    <value>5</value>
                    <newvalue>maintenance</newvalue>
                </mapping>
                <mapping>
                    <value>6</value>
                    <newvalue>error</newvalue>
                </mapping>
            </mappings>
        </value_map>
        <value_map>
            <name>Windows service state</name>
            <mappings>
                <mapping>
                    <value>0</value>
                    <newvalue>Running</newvalue>
                </mapping>
                <mapping>
                    <value>1</value>
                    <newvalue>Paused</newvalue>
                </mapping>
                <mapping>
                    <value>2</value>
                    <newvalue>Start pending</newvalue>
                </mapping>
                <mapping>
                    <value>3</value>
                    <newvalue>Pause pending</newvalue>
                </mapping>
                <mapping>
                    <value>4</value>
                    <newvalue>Continue pending</newvalue>
                </mapping>
                <mapping>
                    <value>5</value>
                    <newvalue>Stop pending</newvalue>
                </mapping>
                <mapping>
                    <value>6</value>
                    <newvalue>Stopped</newvalue>
                </mapping>
                <mapping>
                    <value>7</value>
                    <newvalue>Unknown</newvalue>
                </mapping>
                <mapping>
                    <value>255</value>
                    <newvalue>No such service</newvalue>
                </mapping>
            </mappings>
        </value_map>
    </value_maps>
</zabbix_export>
