<?xml version="1.0" encoding="UTF-8"?>
<zabbix_export>
    <version>3.4</version>
    <date>2017-11-10T14:20:55Z</date>
    <value_maps>
        <value_map>
            <name>RapidRecovery Agent Status</name>
            <mappings>
                <mapping>
                    <value>0</value>
                    <newvalue>online</newvalue>
                </mapping>
                <mapping>
                    <value>1</value>
                    <newvalue>pendingFailover</newvalue>
                </mapping>
                <mapping>
                    <value>2</value>
                    <newvalue>unreachable</newvalue>
                </mapping>
                <mapping>
                    <value>3</value>
                    <newvalue>authenticationError</newvalue>
                </mapping>
                <mapping>
                    <value>4</value>
                    <newvalue>failed</newvalue>
                </mapping>
                <mapping>
                    <value>5</value>
                    <newvalue>loading</newvalue>
                </mapping>
            </mappings>
        </value_map>
        <value_map>
            <name>RapidRecovery AgentType</name>
            <mappings>
                <mapping>
                    <value>0</value>
                    <newvalue>protected</newvalue>
                </mapping>
                <mapping>
                    <value>1</value>
                    <newvalue>replicated</newvalue>
                </mapping>
                <mapping>
                    <value>2</value>
                    <newvalue>pendingFailover</newvalue>
                </mapping>
                <mapping>
                    <value>3</value>
                    <newvalue>failover</newvalue>
                </mapping>
                <mapping>
                    <value>4</value>
                    <newvalue>clusterNode</newvalue>
                </mapping>
                <mapping>
                    <value>5</value>
                    <newvalue>cluster</newvalue>
                </mapping>
                <mapping>
                    <value>6</value>
                    <newvalue>recoveryPointsOnly</newvalue>
                </mapping>
                <mapping>
                    <value>7</value>
                    <newvalue>esxServer</newvalue>
                </mapping>
                <mapping>
                    <value>8</value>
                    <newvalue>esxVirtualMachine</newvalue>
                </mapping>
                <mapping>
                    <value>9</value>
                    <newvalue>backup</newvalue>
                </mapping>
                <mapping>
                    <value>10</value>
                    <newvalue>unknown</newvalue>
                </mapping>
                <mapping>
                    <value>11</value>
                    <newvalue>hyperVServer</newvalue>
                </mapping>
                <mapping>
                    <value>12</value>
                    <newvalue>hyperVVirtualMachine</newvalue>
                </mapping>
                <mapping>
                    <value>13</value>
                    <newvalue>hyperVCluster</newvalue>
                </mapping>
            </mappings>
        </value_map>
        <value_map>
            <name>RapidRecovery Exchange Check Status</name>
            <mappings>
                <mapping>
                    <value>0</value>
                    <newvalue>no</newvalue>
                </mapping>
                <mapping>
                    <value>1</value>
                    <newvalue>yes</newvalue>
                </mapping>
            </mappings>
        </value_map>
        <value_map>
            <name>RapidRecovery Replication Status</name>
            <mappings>
                <mapping>
                    <value>0</value>
                    <newvalue>no</newvalue>
                </mapping>
                <mapping>
                    <value>1</value>
                    <newvalue>yes</newvalue>
                </mapping>
            </mappings>
        </value_map>
        <value_map>
            <name>RapidRecovery Repository Status</name>
            <mappings>
                <mapping>
                    <value>0</value>
                    <newvalue>unknown</newvalue>
                </mapping>
                <mapping>
                    <value>1</value>
                    <newvalue>unmounting</newvalue>
                </mapping>
                <mapping>
                    <value>2</value>
                    <newvalue>unmounted</newvalue>
                </mapping>
                <mapping>
                    <value>3</value>
                    <newvalue>mounting</newvalue>
                </mapping>
                <mapping>
                    <value>4</value>
                    <newvalue>mounted</newvalue>
                </mapping>
                <mapping>
                    <value>5</value>
                    <newvalue>maintenance</newvalue>
                </mapping>
                <mapping>
                    <value>6</value>
                    <newvalue>error</newvalue>
                </mapping>
            </mappings>
        </value_map>
        <value_map>
            <name>RapidRecovery Repository Type</name>
            <mappings>
                <mapping>
                    <value>0</value>
                    <newvalue>unknown</newvalue>
                </mapping>
                <mapping>
                    <value>1</value>
                    <newvalue>dvm</newvalue>
                </mapping>
                <mapping>
                    <value>2</value>
                    <newvalue>o3e</newvalue>
                </mapping>
            </mappings>
        </value_map>
        <value_map>
            <name>RapidRecovery SQL Check Status</name>
            <mappings>
                <mapping>
                    <value>0</value>
                    <newvalue>no</newvalue>
                </mapping>
                <mapping>
                    <value>1</value>
                    <newvalue>yes</newvalue>
                </mapping>
            </mappings>
        </value_map>
        <value_map>
            <name>RapidRecovery Virtual Stand-by Status</name>
            <mappings>
                <mapping>
                    <value>0</value>
                    <newvalue>no</newvalue>
                </mapping>
                <mapping>
                    <value>1</value>
                    <newvalue>yes</newvalue>
                </mapping>
            </mappings>
        </value_map>
    </value_maps>
</zabbix_export>
