<?xml version="1.0" encoding="UTF-8"?>
<zabbix_export>
    <version>2.0</version>
    <date>2012-11-05T16:56:10Z</date>
    <groups>
        <group>
            <name>ZBX-FORTINET-TEMPLATES</name>
        </group>
    </groups>
    <templates>
        <template>
            <template>ZBX-FORTINET-HARDWARE</template>
            <name>ZBX-FORTINET-HARDWARE</name>
            <groups>
                <group>
                    <name>ZBX-FORTINET-TEMPLATES</name>
                </group>
            </groups>
            <applications>
                <application>
                    <name>Inventory</name>
                </application>
            </applications>
            <items/>
            <discovery_rules>
                <discovery_rule>
                    <name>Hardware inventory</name>
                    <type>4</type>
                    <snmp_community>{$SNMP_COMMUNITY}</snmp_community>
                    <snmp_oid>.1.3.6.1.4.1.12356.101.13.2.1.1.11</snmp_oid>
                    <key>fgHardInvHostname</key>
                    <delay>300</delay>
                    <status>0</status>
                    <allowed_hosts/>
                    <snmpv3_securityname/>
                    <snmpv3_securitylevel>0</snmpv3_securitylevel>
                    <snmpv3_authpassphrase/>
                    <snmpv3_privpassphrase/>
                    <delay_flex/>
                    <params/>
                    <ipmi_sensor/>
                    <authtype>0</authtype>
                    <username/>
                    <password/>
                    <publickey/>
                    <privatekey/>
                    <port/>
                    <filter>:</filter>
                    <lifetime>7</lifetime>
                    <description/>
                    <item_prototypes>
                        <item_prototype>
                            <name>Serial number of $1</name>
                            <type>4</type>
                            <snmp_community>{$SNMP_COMMUNITY}</snmp_community>
                            <multiplier>0</multiplier>
                            <snmp_oid>.1.3.6.1.4.1.12356.101.13.2.1.1.2.{#SNMPINDEX}</snmp_oid>
                            <key>fgHardInvSerial[{#SNMPVALUE}]</key>
                            <delay>300</delay>
                            <history>7</history>
                            <trends>365</trends>
                            <status>0</status>
                            <value_type>1</value_type>
                            <allowed_hosts/>
                            <units/>
                            <delta>0</delta>
                            <snmpv3_securityname/>
                            <snmpv3_securitylevel>0</snmpv3_securitylevel>
                            <snmpv3_authpassphrase/>
                            <snmpv3_privpassphrase/>
                            <formula>1</formula>
                            <delay_flex/>
                            <params/>
                            <ipmi_sensor/>
                            <data_type>0</data_type>
                            <authtype>0</authtype>
                            <username/>
                            <password/>
                            <publickey/>
                            <privatekey/>
                            <port/>
                            <description/>
                            <inventory_link>0</inventory_link>
                            <applications>
                                <application>
                                    <name>Inventory</name>
                                </application>
                            </applications>
                            <valuemap/>
                        </item_prototype>
                        <item_prototype>
                            <name>Software version of $1</name>
                            <type>4</type>
                            <snmp_community>{$SNMP_COMMUNITY}</snmp_community>
                            <multiplier>0</multiplier>
                            <snmp_oid>.1.3.6.1.4.1.12356.101.4.1.1.0</snmp_oid>
                            <key>fgHardInvSoftVers[{#SNMPVALUE}]</key>
                            <delay>300</delay>
                            <history>7</history>
                            <trends>365</trends>
                            <status>0</status>
                            <value_type>1</value_type>
                            <allowed_hosts/>
                            <units/>
                            <delta>0</delta>
                            <snmpv3_securityname/>
                            <snmpv3_securitylevel>0</snmpv3_securitylevel>
                            <snmpv3_authpassphrase/>
                            <snmpv3_privpassphrase/>
                            <formula>1</formula>
                            <delay_flex/>
                            <params/>
                            <ipmi_sensor/>
                            <data_type>0</data_type>
                            <authtype>0</authtype>
                            <username/>
                            <password/>
                            <publickey/>
                            <privatekey/>
                            <port/>
                            <description/>
                            <inventory_link>0</inventory_link>
                            <applications>
                                <application>
                                    <name>Inventory</name>
                                </application>
                            </applications>
                            <valuemap/>
                        </item_prototype>
                    </item_prototypes>
                    <trigger_prototypes>
                        <trigger_prototype>
                            <expression>{ZBX-FORTINET-HARDWARE:fgHardInvSerial[{#SNMPVALUE}].diff(0)}&gt;0</expression>
                            <name>Serial number of {#SNMPVALUE} was changed</name>
                            <url/>
                            <status>0</status>
                            <priority>1</priority>
                            <description/>
                            <type>0</type>
                        </trigger_prototype>
                    </trigger_prototypes>
                    <graph_prototypes/>
                </discovery_rule>
            </discovery_rules>
            <macros/>
            <templates/>
            <screens/>
        </template>
    </templates>
</zabbix_export>
