<?xml version="1.0" encoding="UTF-8"?>
<zabbix_export version="1.0" date="12.05.12" time="00.02">
  <hosts>
    <host name="Template_SI2000">
      <proxy_hostid>0</proxy_hostid>
      <useip>1</useip>
      <dns></dns>
      <ip>127.0.0.1</ip>
      <port>10050</port>
      <status>3</status>
      <useipmi>0</useipmi>
      <ipmi_ip>127.0.0.1</ipmi_ip>
      <ipmi_port>623</ipmi_port>
      <ipmi_authtype>0</ipmi_authtype>
      <ipmi_privilege>2</ipmi_privilege>
      <ipmi_username></ipmi_username>
      <ipmi_password></ipmi_password>
      <groups>
        <group>Network</group>
      </groups>
      <triggers>
        <trigger>
          <description>SI2000 CZT|Port-0 {ITEM.LASTVALUE}</description>
          <type>0</type>
          <expression>{Template_SI2000:status.port0.last(0)}&gt;0</expression>
          <url></url>
          <status>0</status>
          <priority>4</priority>
          <comments></comments>
        </trigger>
        <trigger>
          <description>SI2000 Sovintel|Port-1 {ITEM.LASTVALUE}</description>
          <type>0</type>
          <expression>{Template_SI2000:status.port1.last(0)}&gt;0</expression>
          <url></url>
          <status>0</status>
          <priority>4</priority>
          <comments></comments>
        </trigger>
        <trigger>
          <description>SI2000 New_Harbor|Port-10 {ITEM.LASTVALUE}</description>
          <type>0</type>
          <expression>{Template_SI2000:status.port10.last(0)}&gt;0</expression>
          <url></url>
          <status>1</status>
          <priority>3</priority>
          <comments></comments>
        </trigger>
        <trigger>
          <description>SI2000 Krazal|Port-11 {ITEM.LASTVALUE}</description>
          <type>0</type>
          <expression>{Template_SI2000:status.port11.last(0)}&gt;0</expression>
          <url></url>
          <status>0</status>
          <priority>3</priority>
          <comments></comments>
        </trigger>
        <trigger>
          <description>SI2000 UPK|Port-2 {ITEM.LASTVALUE}</description>
          <type>0</type>
          <expression>{Template_SI2000:status.port2.last(0)}&gt;0</expression>
          <url></url>
          <status>0</status>
          <priority>3</priority>
          <comments></comments>
        </trigger>
        <trigger>
          <description>SI2000 UG2|Port-3 {ITEM.LASTVALUE}</description>
          <type>0</type>
          <expression>{Template_SI2000:status.port3.last(0)}&gt;0</expression>
          <url></url>
          <status>0</status>
          <priority>3</priority>
          <comments></comments>
        </trigger>
        <trigger>
          <description>SI2000 Koksoxim|Port-4 {ITEM.LASTVALUE}</description>
          <type>0</type>
          <expression>{Template_SI2000:status.port4.last(0)}&gt;0</expression>
          <url></url>
          <status>0</status>
          <priority>3</priority>
          <comments></comments>
        </trigger>
        <trigger>
          <description>SI2000 Rosmorport|Port-5 {ITEM.LASTVALUE}</description>
          <type>0</type>
          <expression>{Template_SI2000:status.port5.last(0)}&gt;0</expression>
          <url></url>
          <status>0</status>
          <priority>3</priority>
          <comments></comments>
        </trigger>
        <trigger>
          <description>SI2000 Sibur|Port-6 {ITEM.LASTVALUE}</description>
          <type>0</type>
          <expression>{Template_SI2000:status.port6.last(0)}&gt;0</expression>
          <url></url>
          <status>0</status>
          <priority>3</priority>
          <comments></comments>
        </trigger>
        <trigger>
          <description>SI2000 VOIP|Port-7 {ITEM.LASTVALUE}</description>
          <type>0</type>
          <expression>{Template_SI2000:status.port7.last(0)}&gt;0</expression>
          <url></url>
          <status>0</status>
          <priority>3</priority>
          <comments></comments>
        </trigger>
        <trigger>
          <description>SI2000 RJD|Port-8 {ITEM.LASTVALUE}</description>
          <type>0</type>
          <expression>{Template_SI2000:status.port8.last(0)}&gt;0</expression>
          <url></url>
          <status>0</status>
          <priority>3</priority>
          <comments></comments>
        </trigger>
        <trigger>
          <description>SI2000 ULPIK|Port-9 {ITEM.LASTVALUE}</description>
          <type>0</type>
          <expression>{Template_SI2000:status.port9.last(0)}&gt;0</expression>
          <url></url>
          <status>0</status>
          <priority>3</priority>
          <comments></comments>
        </trigger>
      </triggers>
      <items>
        <item type="0" key="status.port0" value_type="3">
          <description>Status Port-0</description>
          <ipmi_sensor></ipmi_sensor>
          <delay>30</delay>
          <history>90</history>
          <trends>365</trends>
          <status>0</status>
          <data_type>0</data_type>
          <units></units>
          <multiplier>0</multiplier>
          <delta>0</delta>
          <formula>1</formula>
          <lastlogsize>0</lastlogsize>
          <logtimefmt></logtimefmt>
          <delay_flex></delay_flex>
          <authtype>0</authtype>
          <username></username>
          <password></password>
          <publickey></publickey>
          <privatekey></privatekey>
          <params></params>
          <trapper_hosts></trapper_hosts>
          <snmp_community></snmp_community>
          <snmp_oid></snmp_oid>
          <snmp_port>161</snmp_port>
          <snmpv3_securityname></snmpv3_securityname>
          <snmpv3_securitylevel>0</snmpv3_securitylevel>
          <snmpv3_authpassphrase></snmpv3_authpassphrase>
          <snmpv3_privpassphrase></snmpv3_privpassphrase>
          <valuemapid>8</valuemapid>
          <applications>
            <application>Ports</application>
          </applications>
        </item>
        <item type="0" key="status.port1" value_type="3">
          <description>Status Port-1</description>
          <ipmi_sensor></ipmi_sensor>
          <delay>30</delay>
          <history>90</history>
          <trends>365</trends>
          <status>0</status>
          <data_type>0</data_type>
          <units></units>
          <multiplier>0</multiplier>
          <delta>0</delta>
          <formula>1</formula>
          <lastlogsize>0</lastlogsize>
          <logtimefmt></logtimefmt>
          <delay_flex></delay_flex>
          <authtype>0</authtype>
          <username></username>
          <password></password>
          <publickey></publickey>
          <privatekey></privatekey>
          <params></params>
          <trapper_hosts></trapper_hosts>
          <snmp_community></snmp_community>
          <snmp_oid></snmp_oid>
          <snmp_port>161</snmp_port>
          <snmpv3_securityname></snmpv3_securityname>
          <snmpv3_securitylevel>0</snmpv3_securitylevel>
          <snmpv3_authpassphrase></snmpv3_authpassphrase>
          <snmpv3_privpassphrase></snmpv3_privpassphrase>
          <valuemapid>8</valuemapid>
          <applications>
            <application>Ports</application>
          </applications>
        </item>
        <item type="0" key="status.port10" value_type="3">
          <description>Status Port-10</description>
          <ipmi_sensor></ipmi_sensor>
          <delay>30</delay>
          <history>90</history>
          <trends>365</trends>
          <status>0</status>
          <data_type>0</data_type>
          <units></units>
          <multiplier>0</multiplier>
          <delta>0</delta>
          <formula>1</formula>
          <lastlogsize>0</lastlogsize>
          <logtimefmt></logtimefmt>
          <delay_flex></delay_flex>
          <authtype>0</authtype>
          <username></username>
          <password></password>
          <publickey></publickey>
          <privatekey></privatekey>
          <params></params>
          <trapper_hosts></trapper_hosts>
          <snmp_community></snmp_community>
          <snmp_oid></snmp_oid>
          <snmp_port>161</snmp_port>
          <snmpv3_securityname></snmpv3_securityname>
          <snmpv3_securitylevel>0</snmpv3_securitylevel>
          <snmpv3_authpassphrase></snmpv3_authpassphrase>
          <snmpv3_privpassphrase></snmpv3_privpassphrase>
          <valuemapid>8</valuemapid>
          <applications>
            <application>Ports</application>
          </applications>
        </item>
        <item type="0" key="status.port11" value_type="3">
          <description>Status Port-11</description>
          <ipmi_sensor></ipmi_sensor>
          <delay>30</delay>
          <history>90</history>
          <trends>365</trends>
          <status>0</status>
          <data_type>0</data_type>
          <units></units>
          <multiplier>0</multiplier>
          <delta>0</delta>
          <formula>1</formula>
          <lastlogsize>0</lastlogsize>
          <logtimefmt></logtimefmt>
          <delay_flex></delay_flex>
          <authtype>0</authtype>
          <username></username>
          <password></password>
          <publickey></publickey>
          <privatekey></privatekey>
          <params></params>
          <trapper_hosts></trapper_hosts>
          <snmp_community></snmp_community>
          <snmp_oid></snmp_oid>
          <snmp_port>161</snmp_port>
          <snmpv3_securityname></snmpv3_securityname>
          <snmpv3_securitylevel>0</snmpv3_securitylevel>
          <snmpv3_authpassphrase></snmpv3_authpassphrase>
          <snmpv3_privpassphrase></snmpv3_privpassphrase>
          <valuemapid>8</valuemapid>
          <applications>
            <application>Ports</application>
          </applications>
        </item>
        <item type="0" key="status.port2" value_type="3">
          <description>Status Port-2</description>
          <ipmi_sensor></ipmi_sensor>
          <delay>30</delay>
          <history>90</history>
          <trends>365</trends>
          <status>0</status>
          <data_type>0</data_type>
          <units></units>
          <multiplier>0</multiplier>
          <delta>0</delta>
          <formula>1</formula>
          <lastlogsize>0</lastlogsize>
          <logtimefmt></logtimefmt>
          <delay_flex></delay_flex>
          <authtype>0</authtype>
          <username></username>
          <password></password>
          <publickey></publickey>
          <privatekey></privatekey>
          <params></params>
          <trapper_hosts></trapper_hosts>
          <snmp_community></snmp_community>
          <snmp_oid></snmp_oid>
          <snmp_port>161</snmp_port>
          <snmpv3_securityname></snmpv3_securityname>
          <snmpv3_securitylevel>0</snmpv3_securitylevel>
          <snmpv3_authpassphrase></snmpv3_authpassphrase>
          <snmpv3_privpassphrase></snmpv3_privpassphrase>
          <valuemapid>8</valuemapid>
          <applications>
            <application>Ports</application>
          </applications>
        </item>
        <item type="0" key="status.port3" value_type="3">
          <description>Status Port-3</description>
          <ipmi_sensor></ipmi_sensor>
          <delay>30</delay>
          <history>90</history>
          <trends>365</trends>
          <status>0</status>
          <data_type>0</data_type>
          <units></units>
          <multiplier>0</multiplier>
          <delta>0</delta>
          <formula>1</formula>
          <lastlogsize>0</lastlogsize>
          <logtimefmt></logtimefmt>
          <delay_flex></delay_flex>
          <authtype>0</authtype>
          <username></username>
          <password></password>
          <publickey></publickey>
          <privatekey></privatekey>
          <params></params>
          <trapper_hosts></trapper_hosts>
          <snmp_community></snmp_community>
          <snmp_oid></snmp_oid>
          <snmp_port>161</snmp_port>
          <snmpv3_securityname></snmpv3_securityname>
          <snmpv3_securitylevel>0</snmpv3_securitylevel>
          <snmpv3_authpassphrase></snmpv3_authpassphrase>
          <snmpv3_privpassphrase></snmpv3_privpassphrase>
          <valuemapid>8</valuemapid>
          <applications>
            <application>Ports</application>
          </applications>
        </item>
        <item type="0" key="status.port4" value_type="3">
          <description>Status Port-4</description>
          <ipmi_sensor></ipmi_sensor>
          <delay>30</delay>
          <history>90</history>
          <trends>365</trends>
          <status>0</status>
          <data_type>0</data_type>
          <units></units>
          <multiplier>0</multiplier>
          <delta>0</delta>
          <formula>1</formula>
          <lastlogsize>0</lastlogsize>
          <logtimefmt></logtimefmt>
          <delay_flex></delay_flex>
          <authtype>0</authtype>
          <username></username>
          <password></password>
          <publickey></publickey>
          <privatekey></privatekey>
          <params></params>
          <trapper_hosts></trapper_hosts>
          <snmp_community></snmp_community>
          <snmp_oid></snmp_oid>
          <snmp_port>161</snmp_port>
          <snmpv3_securityname></snmpv3_securityname>
          <snmpv3_securitylevel>0</snmpv3_securitylevel>
          <snmpv3_authpassphrase></snmpv3_authpassphrase>
          <snmpv3_privpassphrase></snmpv3_privpassphrase>
          <valuemapid>8</valuemapid>
          <applications>
            <application>Ports</application>
          </applications>
        </item>
        <item type="0" key="status.port5" value_type="3">
          <description>Status Port-5</description>
          <ipmi_sensor></ipmi_sensor>
          <delay>30</delay>
          <history>90</history>
          <trends>365</trends>
          <status>0</status>
          <data_type>0</data_type>
          <units></units>
          <multiplier>0</multiplier>
          <delta>0</delta>
          <formula>1</formula>
          <lastlogsize>0</lastlogsize>
          <logtimefmt></logtimefmt>
          <delay_flex></delay_flex>
          <authtype>0</authtype>
          <username></username>
          <password></password>
          <publickey></publickey>
          <privatekey></privatekey>
          <params></params>
          <trapper_hosts></trapper_hosts>
          <snmp_community></snmp_community>
          <snmp_oid></snmp_oid>
          <snmp_port>161</snmp_port>
          <snmpv3_securityname></snmpv3_securityname>
          <snmpv3_securitylevel>0</snmpv3_securitylevel>
          <snmpv3_authpassphrase></snmpv3_authpassphrase>
          <snmpv3_privpassphrase></snmpv3_privpassphrase>
          <valuemapid>8</valuemapid>
          <applications>
            <application>Ports</application>
          </applications>
        </item>
        <item type="0" key="status.port6" value_type="3">
          <description>Status Port-6</description>
          <ipmi_sensor></ipmi_sensor>
          <delay>30</delay>
          <history>90</history>
          <trends>365</trends>
          <status>0</status>
          <data_type>0</data_type>
          <units></units>
          <multiplier>0</multiplier>
          <delta>0</delta>
          <formula>1</formula>
          <lastlogsize>0</lastlogsize>
          <logtimefmt></logtimefmt>
          <delay_flex></delay_flex>
          <authtype>0</authtype>
          <username></username>
          <password></password>
          <publickey></publickey>
          <privatekey></privatekey>
          <params></params>
          <trapper_hosts></trapper_hosts>
          <snmp_community></snmp_community>
          <snmp_oid></snmp_oid>
          <snmp_port>161</snmp_port>
          <snmpv3_securityname></snmpv3_securityname>
          <snmpv3_securitylevel>0</snmpv3_securitylevel>
          <snmpv3_authpassphrase></snmpv3_authpassphrase>
          <snmpv3_privpassphrase></snmpv3_privpassphrase>
          <valuemapid>8</valuemapid>
          <applications>
            <application>Ports</application>
          </applications>
        </item>
        <item type="0" key="status.port7" value_type="3">
          <description>Status Port-7</description>
          <ipmi_sensor></ipmi_sensor>
          <delay>30</delay>
          <history>90</history>
          <trends>365</trends>
          <status>0</status>
          <data_type>0</data_type>
          <units></units>
          <multiplier>0</multiplier>
          <delta>0</delta>
          <formula>1</formula>
          <lastlogsize>0</lastlogsize>
          <logtimefmt></logtimefmt>
          <delay_flex></delay_flex>
          <authtype>0</authtype>
          <username></username>
          <password></password>
          <publickey></publickey>
          <privatekey></privatekey>
          <params></params>
          <trapper_hosts></trapper_hosts>
          <snmp_community></snmp_community>
          <snmp_oid></snmp_oid>
          <snmp_port>161</snmp_port>
          <snmpv3_securityname></snmpv3_securityname>
          <snmpv3_securitylevel>0</snmpv3_securitylevel>
          <snmpv3_authpassphrase></snmpv3_authpassphrase>
          <snmpv3_privpassphrase></snmpv3_privpassphrase>
          <valuemapid>8</valuemapid>
          <applications>
            <application>Ports</application>
          </applications>
        </item>
        <item type="0" key="status.port8" value_type="3">
          <description>Status Port-8</description>
          <ipmi_sensor></ipmi_sensor>
          <delay>30</delay>
          <history>90</history>
          <trends>365</trends>
          <status>0</status>
          <data_type>0</data_type>
          <units></units>
          <multiplier>0</multiplier>
          <delta>0</delta>
          <formula>1</formula>
          <lastlogsize>0</lastlogsize>
          <logtimefmt></logtimefmt>
          <delay_flex></delay_flex>
          <authtype>0</authtype>
          <username></username>
          <password></password>
          <publickey></publickey>
          <privatekey></privatekey>
          <params></params>
          <trapper_hosts></trapper_hosts>
          <snmp_community></snmp_community>
          <snmp_oid></snmp_oid>
          <snmp_port>161</snmp_port>
          <snmpv3_securityname></snmpv3_securityname>
          <snmpv3_securitylevel>0</snmpv3_securitylevel>
          <snmpv3_authpassphrase></snmpv3_authpassphrase>
          <snmpv3_privpassphrase></snmpv3_privpassphrase>
          <valuemapid>8</valuemapid>
          <applications>
            <application>Ports</application>
          </applications>
        </item>
        <item type="0" key="status.port9" value_type="3">
          <description>Status Port-9</description>
          <ipmi_sensor></ipmi_sensor>
          <delay>30</delay>
          <history>90</history>
          <trends>365</trends>
          <status>0</status>
          <data_type>0</data_type>
          <units></units>
          <multiplier>0</multiplier>
          <delta>0</delta>
          <formula>1</formula>
          <lastlogsize>0</lastlogsize>
          <logtimefmt></logtimefmt>
          <delay_flex></delay_flex>
          <authtype>0</authtype>
          <username></username>
          <password></password>
          <publickey></publickey>
          <privatekey></privatekey>
          <params></params>
          <trapper_hosts></trapper_hosts>
          <snmp_community></snmp_community>
          <snmp_oid></snmp_oid>
          <snmp_port>161</snmp_port>
          <snmpv3_securityname></snmpv3_securityname>
          <snmpv3_securitylevel>0</snmpv3_securitylevel>
          <snmpv3_authpassphrase></snmpv3_authpassphrase>
          <snmpv3_privpassphrase></snmpv3_privpassphrase>
          <valuemapid>8</valuemapid>
          <applications>
            <application>Ports</application>
          </applications>
        </item>
        <item type="4" key="sysUpTime" value_type="3">
          <description>Uptime</description>
          <ipmi_sensor></ipmi_sensor>
          <delay>30</delay>
          <history>90</history>
          <trends>365</trends>
          <status>0</status>
          <data_type>0</data_type>
          <units>s</units>
          <multiplier>0</multiplier>
          <delta>0</delta>
          <formula>0.01</formula>
          <lastlogsize>0</lastlogsize>
          <logtimefmt></logtimefmt>
          <delay_flex></delay_flex>
          <authtype>0</authtype>
          <username></username>
          <password></password>
          <publickey></publickey>
          <privatekey></privatekey>
          <params></params>
          <trapper_hosts></trapper_hosts>
          <snmp_community>public</snmp_community>
          <snmp_oid>.1.3.6.1.2.1.1.3.0</snmp_oid>
          <snmp_port>161</snmp_port>
          <snmpv3_securityname></snmpv3_securityname>
          <snmpv3_securitylevel>0</snmpv3_securitylevel>
          <snmpv3_authpassphrase></snmpv3_authpassphrase>
          <snmpv3_privpassphrase></snmpv3_privpassphrase>
          <valuemapid>0</valuemapid>
          <applications>
            <application>General_</application>
          </applications>
        </item>
      </items>
      <templates/>
      <graphs>
        <graph name="E1" width="900" height="200">
          <ymin_type>0</ymin_type>
          <ymax_type>0</ymax_type>
          <ymin_item_key></ymin_item_key>
          <ymax_item_key></ymax_item_key>
          <show_work_period>0</show_work_period>
          <show_triggers>0</show_triggers>
          <graphtype>0</graphtype>
          <yaxismin>4.0000</yaxismin>
          <yaxismax>100.0000</yaxismax>
          <show_legend>0</show_legend>
          <show_3d>0</show_3d>
          <percent_left>0.0000</percent_left>
          <percent_right>0.0000</percent_right>
          <graph_elements>
            <graph_element item="Template_SI2000:status.port0">
              <drawtype>1</drawtype>
              <sortorder>0</sortorder>
              <color>009900</color>
              <yaxisside>0</yaxisside>
              <calc_fnc>2</calc_fnc>
              <type>0</type>
              <periods_cnt>5</periods_cnt>
            </graph_element>
            <graph_element item="Template_SI2000:status.port1">
              <drawtype>1</drawtype>
              <sortorder>1</sortorder>
              <color>DDDD00</color>
              <yaxisside>0</yaxisside>
              <calc_fnc>2</calc_fnc>
              <type>0</type>
              <periods_cnt>5</periods_cnt>
            </graph_element>
            <graph_element item="Template_SI2000:status.port2">
              <drawtype>0</drawtype>
              <sortorder>2</sortorder>
              <color>CC0000</color>
              <yaxisside>0</yaxisside>
              <calc_fnc>2</calc_fnc>
              <type>0</type>
              <periods_cnt>5</periods_cnt>
            </graph_element>
            <graph_element item="Template_SI2000:status.port3">
              <drawtype>0</drawtype>
              <sortorder>3</sortorder>
              <color>0000CC</color>
              <yaxisside>0</yaxisside>
              <calc_fnc>2</calc_fnc>
              <type>0</type>
              <periods_cnt>5</periods_cnt>
            </graph_element>
            <graph_element item="Template_SI2000:status.port4">
              <drawtype>0</drawtype>
              <sortorder>4</sortorder>
              <color>005500</color>
              <yaxisside>0</yaxisside>
              <calc_fnc>2</calc_fnc>
              <type>0</type>
              <periods_cnt>5</periods_cnt>
            </graph_element>
            <graph_element item="Template_SI2000:status.port5">
              <drawtype>0</drawtype>
              <sortorder>5</sortorder>
              <color>AA00AA</color>
              <yaxisside>0</yaxisside>
              <calc_fnc>2</calc_fnc>
              <type>0</type>
              <periods_cnt>5</periods_cnt>
            </graph_element>
            <graph_element item="Template_SI2000:status.port6">
              <drawtype>0</drawtype>
              <sortorder>6</sortorder>
              <color>00BBBB</color>
              <yaxisside>0</yaxisside>
              <calc_fnc>2</calc_fnc>
              <type>0</type>
              <periods_cnt>5</periods_cnt>
            </graph_element>
            <graph_element item="Template_SI2000:status.port7">
              <drawtype>0</drawtype>
              <sortorder>7</sortorder>
              <color>9999FF</color>
              <yaxisside>0</yaxisside>
              <calc_fnc>2</calc_fnc>
              <type>0</type>
              <periods_cnt>5</periods_cnt>
            </graph_element>
            <graph_element item="Template_SI2000:status.port8">
              <drawtype>0</drawtype>
              <sortorder>8</sortorder>
              <color>550055</color>
              <yaxisside>0</yaxisside>
              <calc_fnc>2</calc_fnc>
              <type>0</type>
              <periods_cnt>5</periods_cnt>
            </graph_element>
            <graph_element item="Template_SI2000:status.port9">
              <drawtype>0</drawtype>
              <sortorder>9</sortorder>
              <color>000055</color>
              <yaxisside>0</yaxisside>
              <calc_fnc>2</calc_fnc>
              <type>0</type>
              <periods_cnt>5</periods_cnt>
            </graph_element>
            <graph_element item="Template_SI2000:status.port10">
              <drawtype>0</drawtype>
              <sortorder>10</sortorder>
              <color>777777</color>
              <yaxisside>0</yaxisside>
              <calc_fnc>2</calc_fnc>
              <type>0</type>
              <periods_cnt>5</periods_cnt>
            </graph_element>
            <graph_element item="Template_SI2000:status.port11">
              <drawtype>0</drawtype>
              <sortorder>11</sortorder>
              <color>000000</color>
              <yaxisside>0</yaxisside>
              <calc_fnc>2</calc_fnc>
              <type>0</type>
              <periods_cnt>5</periods_cnt>
            </graph_element>
          </graph_elements>
        </graph>
      </graphs>
      <macros/>
    </host>
  </hosts>
  <dependencies/>
</zabbix_export>
