<?xml version="1.0" encoding="UTF-8"?>
<zabbix_export>
    <version>4.0</version>
    <date>2019-01-28T07:50:32Z</date>
    <groups>
        <group>
            <name>Templates/Applications</name>
        </group>
    </groups>
    <templates>
        <template>
            <template>Template App TeamSpeak 3</template>
            <name>Template App TeamSpeak 3</name>
            <description/>
            <groups>
                <group>
                    <name>Templates/Applications</name>
                </group>
            </groups>
            <applications>
                <application>
                    <name>TeamSpeak 3 Server</name>
                </application>
            </applications>
            <items>
                <item>
                    <name>TS3 Bandwidth in</name>
                    <type>18</type>
                    <snmp_community/>
                    <snmp_oid/>
                    <key>connection_bandwidth_received_last_minute_total</key>
                    <delay>0</delay>
                    <history>1h</history>
                    <trends>0</trends>
                    <status>0</status>
                    <value_type>3</value_type>
                    <allowed_hosts/>
                    <units>Bps</units>
                    <snmpv3_contextname/>
                    <snmpv3_securityname/>
                    <snmpv3_securitylevel>0</snmpv3_securitylevel>
                    <snmpv3_authprotocol>0</snmpv3_authprotocol>
                    <snmpv3_authpassphrase/>
                    <snmpv3_privprotocol>0</snmpv3_privprotocol>
                    <snmpv3_privpassphrase/>
                    <params/>
                    <ipmi_sensor/>
                    <authtype>0</authtype>
                    <username/>
                    <password/>
                    <publickey/>
                    <privatekey/>
                    <port/>
                    <description/>
                    <inventory_link>0</inventory_link>
                    <applications>
                        <application>
                            <name>TeamSpeak 3 Server</name>
                        </application>
                    </applications>
                    <valuemap/>
                    <logtimefmt/>
                    <preprocessing>
                        <step>
                            <type>11</type>
                            <params>string(/ts3-serverinfo/connection/bandwidth_received_last_minute_total)</params>
                        </step>
                    </preprocessing>
                    <jmx_endpoint/>
                    <timeout>3s</timeout>
                    <url/>
                    <query_fields/>
                    <posts/>
                    <status_codes>200</status_codes>
                    <follow_redirects>1</follow_redirects>
                    <post_type>0</post_type>
                    <http_proxy/>
                    <headers/>
                    <retrieve_mode>0</retrieve_mode>
                    <request_method>0</request_method>
                    <output_format>0</output_format>
                    <allow_traps>0</allow_traps>
                    <ssl_cert_file/>
                    <ssl_key_file/>
                    <ssl_key_password/>
                    <verify_peer>0</verify_peer>
                    <verify_host>0</verify_host>
                    <master_item>
                        <key>ts3_serverinfo_xml.py[{$TS3IP}, {$TS3PORT}, {$TS3SID}, {$TS3USR}, {$TS3PWD}]</key>
                    </master_item>
                </item>
                <item>
                    <name>TS3 Bandwidth out</name>
                    <type>18</type>
                    <snmp_community/>
                    <snmp_oid/>
                    <key>connection_bandwidth_sent_last_minute_total</key>
                    <delay>0</delay>
                    <history>1h</history>
                    <trends>0</trends>
                    <status>0</status>
                    <value_type>3</value_type>
                    <allowed_hosts/>
                    <units>Bps</units>
                    <snmpv3_contextname/>
                    <snmpv3_securityname/>
                    <snmpv3_securitylevel>0</snmpv3_securitylevel>
                    <snmpv3_authprotocol>0</snmpv3_authprotocol>
                    <snmpv3_authpassphrase/>
                    <snmpv3_privprotocol>0</snmpv3_privprotocol>
                    <snmpv3_privpassphrase/>
                    <params/>
                    <ipmi_sensor/>
                    <authtype>0</authtype>
                    <username/>
                    <password/>
                    <publickey/>
                    <privatekey/>
                    <port/>
                    <description/>
                    <inventory_link>0</inventory_link>
                    <applications>
                        <application>
                            <name>TeamSpeak 3 Server</name>
                        </application>
                    </applications>
                    <valuemap/>
                    <logtimefmt/>
                    <preprocessing>
                        <step>
                            <type>11</type>
                            <params>string(/ts3-serverinfo/connection/bandwidth_sent_last_minute_total)</params>
                        </step>
                    </preprocessing>
                    <jmx_endpoint/>
                    <timeout>3s</timeout>
                    <url/>
                    <query_fields/>
                    <posts/>
                    <status_codes>200</status_codes>
                    <follow_redirects>1</follow_redirects>
                    <post_type>0</post_type>
                    <http_proxy/>
                    <headers/>
                    <retrieve_mode>0</retrieve_mode>
                    <request_method>0</request_method>
                    <output_format>0</output_format>
                    <allow_traps>0</allow_traps>
                    <ssl_cert_file/>
                    <ssl_key_file/>
                    <ssl_key_password/>
                    <verify_peer>0</verify_peer>
                    <verify_host>0</verify_host>
                    <master_item>
                        <key>ts3_serverinfo_xml.py[{$TS3IP}, {$TS3PORT}, {$TS3SID}, {$TS3USR}, {$TS3PWD}]</key>
                    </master_item>
                </item>
                <item>
                    <name>TS3 Bytes received for control</name>
                    <type>18</type>
                    <snmp_community/>
                    <snmp_oid/>
                    <key>connection_bytes_received_control</key>
                    <delay>0</delay>
                    <history>1h</history>
                    <trends>0</trends>
                    <status>0</status>
                    <value_type>3</value_type>
                    <allowed_hosts/>
                    <units>B</units>
                    <snmpv3_contextname/>
                    <snmpv3_securityname/>
                    <snmpv3_securitylevel>0</snmpv3_securitylevel>
                    <snmpv3_authprotocol>0</snmpv3_authprotocol>
                    <snmpv3_authpassphrase/>
                    <snmpv3_privprotocol>0</snmpv3_privprotocol>
                    <snmpv3_privpassphrase/>
                    <params/>
                    <ipmi_sensor/>
                    <authtype>0</authtype>
                    <username/>
                    <password/>
                    <publickey/>
                    <privatekey/>
                    <port/>
                    <description/>
                    <inventory_link>0</inventory_link>
                    <applications>
                        <application>
                            <name>TeamSpeak 3 Server</name>
                        </application>
                    </applications>
                    <valuemap/>
                    <logtimefmt/>
                    <preprocessing>
                        <step>
                            <type>11</type>
                            <params>string(/ts3-serverinfo/connection/bytes_received_control)</params>
                        </step>
                    </preprocessing>
                    <jmx_endpoint/>
                    <timeout>3s</timeout>
                    <url/>
                    <query_fields/>
                    <posts/>
                    <status_codes>200</status_codes>
                    <follow_redirects>1</follow_redirects>
                    <post_type>0</post_type>
                    <http_proxy/>
                    <headers/>
                    <retrieve_mode>0</retrieve_mode>
                    <request_method>0</request_method>
                    <output_format>0</output_format>
                    <allow_traps>0</allow_traps>
                    <ssl_cert_file/>
                    <ssl_key_file/>
                    <ssl_key_password/>
                    <verify_peer>0</verify_peer>
                    <verify_host>0</verify_host>
                    <master_item>
                        <key>ts3_serverinfo_xml.py[{$TS3IP}, {$TS3PORT}, {$TS3SID}, {$TS3USR}, {$TS3PWD}]</key>
                    </master_item>
                </item>
                <item>
                    <name>TS3 Bytes received for keep alive</name>
                    <type>18</type>
                    <snmp_community/>
                    <snmp_oid/>
                    <key>connection_bytes_received_keepalive</key>
                    <delay>0</delay>
                    <history>1h</history>
                    <trends>0</trends>
                    <status>0</status>
                    <value_type>3</value_type>
                    <allowed_hosts/>
                    <units>B</units>
                    <snmpv3_contextname/>
                    <snmpv3_securityname/>
                    <snmpv3_securitylevel>0</snmpv3_securitylevel>
                    <snmpv3_authprotocol>0</snmpv3_authprotocol>
                    <snmpv3_authpassphrase/>
                    <snmpv3_privprotocol>0</snmpv3_privprotocol>
                    <snmpv3_privpassphrase/>
                    <params/>
                    <ipmi_sensor/>
                    <authtype>0</authtype>
                    <username/>
                    <password/>
                    <publickey/>
                    <privatekey/>
                    <port/>
                    <description/>
                    <inventory_link>0</inventory_link>
                    <applications>
                        <application>
                            <name>TeamSpeak 3 Server</name>
                        </application>
                    </applications>
                    <valuemap/>
                    <logtimefmt/>
                    <preprocessing>
                        <step>
                            <type>11</type>
                            <params>string(/ts3-serverinfo/connection/bytes_received_keepalive)</params>
                        </step>
                    </preprocessing>
                    <jmx_endpoint/>
                    <timeout>3s</timeout>
                    <url/>
                    <query_fields/>
                    <posts/>
                    <status_codes>200</status_codes>
                    <follow_redirects>1</follow_redirects>
                    <post_type>0</post_type>
                    <http_proxy/>
                    <headers/>
                    <retrieve_mode>0</retrieve_mode>
                    <request_method>0</request_method>
                    <output_format>0</output_format>
                    <allow_traps>0</allow_traps>
                    <ssl_cert_file/>
                    <ssl_key_file/>
                    <ssl_key_password/>
                    <verify_peer>0</verify_peer>
                    <verify_host>0</verify_host>
                    <master_item>
                        <key>ts3_serverinfo_xml.py[{$TS3IP}, {$TS3PORT}, {$TS3SID}, {$TS3USR}, {$TS3PWD}]</key>
                    </master_item>
                </item>
                <item>
                    <name>TS3 Bytes received for speech</name>
                    <type>18</type>
                    <snmp_community/>
                    <snmp_oid/>
                    <key>connection_bytes_received_speech</key>
                    <delay>0</delay>
                    <history>1h</history>
                    <trends>0</trends>
                    <status>0</status>
                    <value_type>3</value_type>
                    <allowed_hosts/>
                    <units>B</units>
                    <snmpv3_contextname/>
                    <snmpv3_securityname/>
                    <snmpv3_securitylevel>0</snmpv3_securitylevel>
                    <snmpv3_authprotocol>0</snmpv3_authprotocol>
                    <snmpv3_authpassphrase/>
                    <snmpv3_privprotocol>0</snmpv3_privprotocol>
                    <snmpv3_privpassphrase/>
                    <params/>
                    <ipmi_sensor/>
                    <authtype>0</authtype>
                    <username/>
                    <password/>
                    <publickey/>
                    <privatekey/>
                    <port/>
                    <description/>
                    <inventory_link>0</inventory_link>
                    <applications>
                        <application>
                            <name>TeamSpeak 3 Server</name>
                        </application>
                    </applications>
                    <valuemap/>
                    <logtimefmt/>
                    <preprocessing>
                        <step>
                            <type>11</type>
                            <params>string(/ts3-serverinfo/connection/bytes_received_speech)</params>
                        </step>
                    </preprocessing>
                    <jmx_endpoint/>
                    <timeout>3s</timeout>
                    <url/>
                    <query_fields/>
                    <posts/>
                    <status_codes>200</status_codes>
                    <follow_redirects>1</follow_redirects>
                    <post_type>0</post_type>
                    <http_proxy/>
                    <headers/>
                    <retrieve_mode>0</retrieve_mode>
                    <request_method>0</request_method>
                    <output_format>0</output_format>
                    <allow_traps>0</allow_traps>
                    <ssl_cert_file/>
                    <ssl_key_file/>
                    <ssl_key_password/>
                    <verify_peer>0</verify_peer>
                    <verify_host>0</verify_host>
                    <master_item>
                        <key>ts3_serverinfo_xml.py[{$TS3IP}, {$TS3PORT}, {$TS3SID}, {$TS3USR}, {$TS3PWD}]</key>
                    </master_item>
                </item>
                <item>
                    <name>TS3 Bytes received total</name>
                    <type>18</type>
                    <snmp_community/>
                    <snmp_oid/>
                    <key>connection_bytes_received_total</key>
                    <delay>0</delay>
                    <history>1h</history>
                    <trends>0</trends>
                    <status>0</status>
                    <value_type>3</value_type>
                    <allowed_hosts/>
                    <units>B</units>
                    <snmpv3_contextname/>
                    <snmpv3_securityname/>
                    <snmpv3_securitylevel>0</snmpv3_securitylevel>
                    <snmpv3_authprotocol>0</snmpv3_authprotocol>
                    <snmpv3_authpassphrase/>
                    <snmpv3_privprotocol>0</snmpv3_privprotocol>
                    <snmpv3_privpassphrase/>
                    <params/>
                    <ipmi_sensor/>
                    <authtype>0</authtype>
                    <username/>
                    <password/>
                    <publickey/>
                    <privatekey/>
                    <port/>
                    <description/>
                    <inventory_link>0</inventory_link>
                    <applications>
                        <application>
                            <name>TeamSpeak 3 Server</name>
                        </application>
                    </applications>
                    <valuemap/>
                    <logtimefmt/>
                    <preprocessing>
                        <step>
                            <type>11</type>
                            <params>string(/ts3-serverinfo/connection/bytes_received_total)</params>
                        </step>
                    </preprocessing>
                    <jmx_endpoint/>
                    <timeout>3s</timeout>
                    <url/>
                    <query_fields/>
                    <posts/>
                    <status_codes>200</status_codes>
                    <follow_redirects>1</follow_redirects>
                    <post_type>0</post_type>
                    <http_proxy/>
                    <headers/>
                    <retrieve_mode>0</retrieve_mode>
                    <request_method>0</request_method>
                    <output_format>0</output_format>
                    <allow_traps>0</allow_traps>
                    <ssl_cert_file/>
                    <ssl_key_file/>
                    <ssl_key_password/>
                    <verify_peer>0</verify_peer>
                    <verify_host>0</verify_host>
                    <master_item>
                        <key>ts3_serverinfo_xml.py[{$TS3IP}, {$TS3PORT}, {$TS3SID}, {$TS3USR}, {$TS3PWD}]</key>
                    </master_item>
                </item>
                <item>
                    <name>TS3 Bytes sent for control</name>
                    <type>18</type>
                    <snmp_community/>
                    <snmp_oid/>
                    <key>connection_bytes_sent_control</key>
                    <delay>0</delay>
                    <history>1h</history>
                    <trends>0</trends>
                    <status>0</status>
                    <value_type>3</value_type>
                    <allowed_hosts/>
                    <units>B</units>
                    <snmpv3_contextname/>
                    <snmpv3_securityname/>
                    <snmpv3_securitylevel>0</snmpv3_securitylevel>
                    <snmpv3_authprotocol>0</snmpv3_authprotocol>
                    <snmpv3_authpassphrase/>
                    <snmpv3_privprotocol>0</snmpv3_privprotocol>
                    <snmpv3_privpassphrase/>
                    <params/>
                    <ipmi_sensor/>
                    <authtype>0</authtype>
                    <username/>
                    <password/>
                    <publickey/>
                    <privatekey/>
                    <port/>
                    <description/>
                    <inventory_link>0</inventory_link>
                    <applications>
                        <application>
                            <name>TeamSpeak 3 Server</name>
                        </application>
                    </applications>
                    <valuemap/>
                    <logtimefmt/>
                    <preprocessing>
                        <step>
                            <type>11</type>
                            <params>string(/ts3-serverinfo/connection/bytes_sent_control)</params>
                        </step>
                    </preprocessing>
                    <jmx_endpoint/>
                    <timeout>3s</timeout>
                    <url/>
                    <query_fields/>
                    <posts/>
                    <status_codes>200</status_codes>
                    <follow_redirects>1</follow_redirects>
                    <post_type>0</post_type>
                    <http_proxy/>
                    <headers/>
                    <retrieve_mode>0</retrieve_mode>
                    <request_method>0</request_method>
                    <output_format>0</output_format>
                    <allow_traps>0</allow_traps>
                    <ssl_cert_file/>
                    <ssl_key_file/>
                    <ssl_key_password/>
                    <verify_peer>0</verify_peer>
                    <verify_host>0</verify_host>
                    <master_item>
                        <key>ts3_serverinfo_xml.py[{$TS3IP}, {$TS3PORT}, {$TS3SID}, {$TS3USR}, {$TS3PWD}]</key>
                    </master_item>
                </item>
                <item>
                    <name>TS3 Bytes sent for keep alive</name>
                    <type>18</type>
                    <snmp_community/>
                    <snmp_oid/>
                    <key>connection_bytes_sent_keepalive</key>
                    <delay>0</delay>
                    <history>1h</history>
                    <trends>0</trends>
                    <status>0</status>
                    <value_type>3</value_type>
                    <allowed_hosts/>
                    <units>B</units>
                    <snmpv3_contextname/>
                    <snmpv3_securityname/>
                    <snmpv3_securitylevel>0</snmpv3_securitylevel>
                    <snmpv3_authprotocol>0</snmpv3_authprotocol>
                    <snmpv3_authpassphrase/>
                    <snmpv3_privprotocol>0</snmpv3_privprotocol>
                    <snmpv3_privpassphrase/>
                    <params/>
                    <ipmi_sensor/>
                    <authtype>0</authtype>
                    <username/>
                    <password/>
                    <publickey/>
                    <privatekey/>
                    <port/>
                    <description/>
                    <inventory_link>0</inventory_link>
                    <applications>
                        <application>
                            <name>TeamSpeak 3 Server</name>
                        </application>
                    </applications>
                    <valuemap/>
                    <logtimefmt/>
                    <preprocessing>
                        <step>
                            <type>11</type>
                            <params>string(/ts3-serverinfo/connection/bytes_sent_keepalive)</params>
                        </step>
                    </preprocessing>
                    <jmx_endpoint/>
                    <timeout>3s</timeout>
                    <url/>
                    <query_fields/>
                    <posts/>
                    <status_codes>200</status_codes>
                    <follow_redirects>1</follow_redirects>
                    <post_type>0</post_type>
                    <http_proxy/>
                    <headers/>
                    <retrieve_mode>0</retrieve_mode>
                    <request_method>0</request_method>
                    <output_format>0</output_format>
                    <allow_traps>0</allow_traps>
                    <ssl_cert_file/>
                    <ssl_key_file/>
                    <ssl_key_password/>
                    <verify_peer>0</verify_peer>
                    <verify_host>0</verify_host>
                    <master_item>
                        <key>ts3_serverinfo_xml.py[{$TS3IP}, {$TS3PORT}, {$TS3SID}, {$TS3USR}, {$TS3PWD}]</key>
                    </master_item>
                </item>
                <item>
                    <name>TS3 Bytes sent for speech</name>
                    <type>18</type>
                    <snmp_community/>
                    <snmp_oid/>
                    <key>connection_bytes_sent_speech</key>
                    <delay>0</delay>
                    <history>1h</history>
                    <trends>0</trends>
                    <status>0</status>
                    <value_type>3</value_type>
                    <allowed_hosts/>
                    <units>B</units>
                    <snmpv3_contextname/>
                    <snmpv3_securityname/>
                    <snmpv3_securitylevel>0</snmpv3_securitylevel>
                    <snmpv3_authprotocol>0</snmpv3_authprotocol>
                    <snmpv3_authpassphrase/>
                    <snmpv3_privprotocol>0</snmpv3_privprotocol>
                    <snmpv3_privpassphrase/>
                    <params/>
                    <ipmi_sensor/>
                    <authtype>0</authtype>
                    <username/>
                    <password/>
                    <publickey/>
                    <privatekey/>
                    <port/>
                    <description/>
                    <inventory_link>0</inventory_link>
                    <applications>
                        <application>
                            <name>TeamSpeak 3 Server</name>
                        </application>
                    </applications>
                    <valuemap/>
                    <logtimefmt/>
                    <preprocessing>
                        <step>
                            <type>11</type>
                            <params>string(/ts3-serverinfo/connection/bytes_sent_speech)</params>
                        </step>
                    </preprocessing>
                    <jmx_endpoint/>
                    <timeout>3s</timeout>
                    <url/>
                    <query_fields/>
                    <posts/>
                    <status_codes>200</status_codes>
                    <follow_redirects>1</follow_redirects>
                    <post_type>0</post_type>
                    <http_proxy/>
                    <headers/>
                    <retrieve_mode>0</retrieve_mode>
                    <request_method>0</request_method>
                    <output_format>0</output_format>
                    <allow_traps>0</allow_traps>
                    <ssl_cert_file/>
                    <ssl_key_file/>
                    <ssl_key_password/>
                    <verify_peer>0</verify_peer>
                    <verify_host>0</verify_host>
                    <master_item>
                        <key>ts3_serverinfo_xml.py[{$TS3IP}, {$TS3PORT}, {$TS3SID}, {$TS3USR}, {$TS3PWD}]</key>
                    </master_item>
                </item>
                <item>
                    <name>TS3 Bytes sent total</name>
                    <type>18</type>
                    <snmp_community/>
                    <snmp_oid/>
                    <key>connection_bytes_sent_total</key>
                    <delay>0</delay>
                    <history>1h</history>
                    <trends>0</trends>
                    <status>0</status>
                    <value_type>3</value_type>
                    <allowed_hosts/>
                    <units>B</units>
                    <snmpv3_contextname/>
                    <snmpv3_securityname/>
                    <snmpv3_securitylevel>0</snmpv3_securitylevel>
                    <snmpv3_authprotocol>0</snmpv3_authprotocol>
                    <snmpv3_authpassphrase/>
                    <snmpv3_privprotocol>0</snmpv3_privprotocol>
                    <snmpv3_privpassphrase/>
                    <params/>
                    <ipmi_sensor/>
                    <authtype>0</authtype>
                    <username/>
                    <password/>
                    <publickey/>
                    <privatekey/>
                    <port/>
                    <description/>
                    <inventory_link>0</inventory_link>
                    <applications>
                        <application>
                            <name>TeamSpeak 3 Server</name>
                        </application>
                    </applications>
                    <valuemap/>
                    <logtimefmt/>
                    <preprocessing>
                        <step>
                            <type>11</type>
                            <params>string(/ts3-serverinfo/connection/bytes_sent_total)</params>
                        </step>
                    </preprocessing>
                    <jmx_endpoint/>
                    <timeout>3s</timeout>
                    <url/>
                    <query_fields/>
                    <posts/>
                    <status_codes>200</status_codes>
                    <follow_redirects>1</follow_redirects>
                    <post_type>0</post_type>
                    <http_proxy/>
                    <headers/>
                    <retrieve_mode>0</retrieve_mode>
                    <request_method>0</request_method>
                    <output_format>0</output_format>
                    <allow_traps>0</allow_traps>
                    <ssl_cert_file/>
                    <ssl_key_file/>
                    <ssl_key_password/>
                    <verify_peer>0</verify_peer>
                    <verify_host>0</verify_host>
                    <master_item>
                        <key>ts3_serverinfo_xml.py[{$TS3IP}, {$TS3PORT}, {$TS3SID}, {$TS3USR}, {$TS3PWD}]</key>
                    </master_item>
                </item>
                <item>
                    <name>TS3 Bytes received for file transfer</name>
                    <type>18</type>
                    <snmp_community/>
                    <snmp_oid/>
                    <key>connection_filetransfer_bytes_received_total</key>
                    <delay>0</delay>
                    <history>1h</history>
                    <trends>0</trends>
                    <status>0</status>
                    <value_type>3</value_type>
                    <allowed_hosts/>
                    <units>B</units>
                    <snmpv3_contextname/>
                    <snmpv3_securityname/>
                    <snmpv3_securitylevel>0</snmpv3_securitylevel>
                    <snmpv3_authprotocol>0</snmpv3_authprotocol>
                    <snmpv3_authpassphrase/>
                    <snmpv3_privprotocol>0</snmpv3_privprotocol>
                    <snmpv3_privpassphrase/>
                    <params/>
                    <ipmi_sensor/>
                    <authtype>0</authtype>
                    <username/>
                    <password/>
                    <publickey/>
                    <privatekey/>
                    <port/>
                    <description/>
                    <inventory_link>0</inventory_link>
                    <applications>
                        <application>
                            <name>TeamSpeak 3 Server</name>
                        </application>
                    </applications>
                    <valuemap/>
                    <logtimefmt/>
                    <preprocessing>
                        <step>
                            <type>11</type>
                            <params>string(/ts3-serverinfo/connection/filetransfer_bytes_received_total)</params>
                        </step>
                    </preprocessing>
                    <jmx_endpoint/>
                    <timeout>3s</timeout>
                    <url/>
                    <query_fields/>
                    <posts/>
                    <status_codes>200</status_codes>
                    <follow_redirects>1</follow_redirects>
                    <post_type>0</post_type>
                    <http_proxy/>
                    <headers/>
                    <retrieve_mode>0</retrieve_mode>
                    <request_method>0</request_method>
                    <output_format>0</output_format>
                    <allow_traps>0</allow_traps>
                    <ssl_cert_file/>
                    <ssl_key_file/>
                    <ssl_key_password/>
                    <verify_peer>0</verify_peer>
                    <verify_host>0</verify_host>
                    <master_item>
                        <key>ts3_serverinfo_xml.py[{$TS3IP}, {$TS3PORT}, {$TS3SID}, {$TS3USR}, {$TS3PWD}]</key>
                    </master_item>
                </item>
                <item>
                    <name>TS3 Bytes sent for file transfer</name>
                    <type>18</type>
                    <snmp_community/>
                    <snmp_oid/>
                    <key>connection_filetransfer_bytes_sent_total</key>
                    <delay>0</delay>
                    <history>1h</history>
                    <trends>0</trends>
                    <status>0</status>
                    <value_type>3</value_type>
                    <allowed_hosts/>
                    <units>B</units>
                    <snmpv3_contextname/>
                    <snmpv3_securityname/>
                    <snmpv3_securitylevel>0</snmpv3_securitylevel>
                    <snmpv3_authprotocol>0</snmpv3_authprotocol>
                    <snmpv3_authpassphrase/>
                    <snmpv3_privprotocol>0</snmpv3_privprotocol>
                    <snmpv3_privpassphrase/>
                    <params/>
                    <ipmi_sensor/>
                    <authtype>0</authtype>
                    <username/>
                    <password/>
                    <publickey/>
                    <privatekey/>
                    <port/>
                    <description/>
                    <inventory_link>0</inventory_link>
                    <applications>
                        <application>
                            <name>TeamSpeak 3 Server</name>
                        </application>
                    </applications>
                    <valuemap/>
                    <logtimefmt/>
                    <preprocessing>
                        <step>
                            <type>11</type>
                            <params>string(/ts3-serverinfo/connection/filetransfer_bytes_sent_total)</params>
                        </step>
                    </preprocessing>
                    <jmx_endpoint/>
                    <timeout>3s</timeout>
                    <url/>
                    <query_fields/>
                    <posts/>
                    <status_codes>200</status_codes>
                    <follow_redirects>1</follow_redirects>
                    <post_type>0</post_type>
                    <http_proxy/>
                    <headers/>
                    <retrieve_mode>0</retrieve_mode>
                    <request_method>0</request_method>
                    <output_format>0</output_format>
                    <allow_traps>0</allow_traps>
                    <ssl_cert_file/>
                    <ssl_key_file/>
                    <ssl_key_password/>
                    <verify_peer>0</verify_peer>
                    <verify_host>0</verify_host>
                    <master_item>
                        <key>ts3_serverinfo_xml.py[{$TS3IP}, {$TS3PORT}, {$TS3SID}, {$TS3USR}, {$TS3PWD}]</key>
                    </master_item>
                </item>
                <item>
                    <name>TS3 Query reachable</name>
                    <type>3</type>
                    <snmp_community/>
                    <snmp_oid/>
                    <key>net.tcp.service[tcp, {$TS3IP}, {$TS3PORT}]</key>
                    <delay>1m</delay>
                    <history>1w</history>
                    <trends>0</trends>
                    <status>0</status>
                    <value_type>3</value_type>
                    <allowed_hosts/>
                    <units/>
                    <snmpv3_contextname/>
                    <snmpv3_securityname/>
                    <snmpv3_securitylevel>0</snmpv3_securitylevel>
                    <snmpv3_authprotocol>0</snmpv3_authprotocol>
                    <snmpv3_authpassphrase/>
                    <snmpv3_privprotocol>0</snmpv3_privprotocol>
                    <snmpv3_privpassphrase/>
                    <params/>
                    <ipmi_sensor/>
                    <authtype>0</authtype>
                    <username/>
                    <password/>
                    <publickey/>
                    <privatekey/>
                    <port/>
                    <description/>
                    <inventory_link>0</inventory_link>
                    <applications>
                        <application>
                            <name>TeamSpeak 3 Server</name>
                        </application>
                    </applications>
                    <valuemap>
                        <name>Service state</name>
                    </valuemap>
                    <logtimefmt/>
                    <preprocessing/>
                    <jmx_endpoint/>
                    <timeout>3s</timeout>
                    <url/>
                    <query_fields/>
                    <posts/>
                    <status_codes>200</status_codes>
                    <follow_redirects>1</follow_redirects>
                    <post_type>0</post_type>
                    <http_proxy/>
                    <headers/>
                    <retrieve_mode>0</retrieve_mode>
                    <request_method>0</request_method>
                    <output_format>0</output_format>
                    <allow_traps>0</allow_traps>
                    <ssl_cert_file/>
                    <ssl_key_file/>
                    <ssl_key_password/>
                    <verify_peer>0</verify_peer>
                    <verify_host>0</verify_host>
                    <master_item/>
                </item>
                <item>
                    <name>TS3 Server Data</name>
                    <type>10</type>
                    <snmp_community/>
                    <snmp_oid/>
                    <key>ts3_serverinfo_xml.py[{$TS3IP}, {$TS3PORT}, {$TS3SID}, {$TS3USR}, {$TS3PWD}]</key>
                    <delay>1m</delay>
                    <history>0</history>
                    <trends>0</trends>
                    <status>0</status>
                    <value_type>4</value_type>
                    <allowed_hosts/>
                    <units/>
                    <snmpv3_contextname/>
                    <snmpv3_securityname/>
                    <snmpv3_securitylevel>0</snmpv3_securitylevel>
                    <snmpv3_authprotocol>0</snmpv3_authprotocol>
                    <snmpv3_authpassphrase/>
                    <snmpv3_privprotocol>0</snmpv3_privprotocol>
                    <snmpv3_privpassphrase/>
                    <params/>
                    <ipmi_sensor/>
                    <authtype>0</authtype>
                    <username/>
                    <password/>
                    <publickey/>
                    <privatekey/>
                    <port/>
                    <description/>
                    <inventory_link>0</inventory_link>
                    <applications>
                        <application>
                            <name>TeamSpeak 3 Server</name>
                        </application>
                    </applications>
                    <valuemap/>
                    <logtimefmt/>
                    <preprocessing/>
                    <jmx_endpoint/>
                    <timeout>3s</timeout>
                    <url/>
                    <query_fields/>
                    <posts/>
                    <status_codes>200</status_codes>
                    <follow_redirects>1</follow_redirects>
                    <post_type>0</post_type>
                    <http_proxy/>
                    <headers/>
                    <retrieve_mode>0</retrieve_mode>
                    <request_method>0</request_method>
                    <output_format>0</output_format>
                    <allow_traps>0</allow_traps>
                    <ssl_cert_file/>
                    <ssl_key_file/>
                    <ssl_key_password/>
                    <verify_peer>0</verify_peer>
                    <verify_host>0</verify_host>
                    <master_item/>
                </item>
                <item>
                    <name>TS3 Clients online</name>
                    <type>15</type>
                    <snmp_community/>
                    <snmp_oid/>
                    <key>users_online</key>
                    <delay>1m</delay>
                    <history>365d</history>
                    <trends>0</trends>
                    <status>0</status>
                    <value_type>3</value_type>
                    <allowed_hosts/>
                    <units/>
                    <snmpv3_contextname/>
                    <snmpv3_securityname/>
                    <snmpv3_securitylevel>0</snmpv3_securitylevel>
                    <snmpv3_authprotocol>0</snmpv3_authprotocol>
                    <snmpv3_authpassphrase/>
                    <snmpv3_privprotocol>0</snmpv3_privprotocol>
                    <snmpv3_privpassphrase/>
                    <params>last(&quot;virtualserver_clientsonline&quot;) - last(&quot;virtualserver_queryclientsonline&quot;)</params>
                    <ipmi_sensor/>
                    <authtype>0</authtype>
                    <username/>
                    <password/>
                    <publickey/>
                    <privatekey/>
                    <port/>
                    <description>The number of client's without the query client's</description>
                    <inventory_link>0</inventory_link>
                    <applications>
                        <application>
                            <name>TeamSpeak 3 Server</name>
                        </application>
                    </applications>
                    <valuemap/>
                    <logtimefmt/>
                    <preprocessing/>
                    <jmx_endpoint/>
                    <timeout>3s</timeout>
                    <url/>
                    <query_fields/>
                    <posts/>
                    <status_codes>200</status_codes>
                    <follow_redirects>1</follow_redirects>
                    <post_type>0</post_type>
                    <http_proxy/>
                    <headers/>
                    <retrieve_mode>0</retrieve_mode>
                    <request_method>0</request_method>
                    <output_format>0</output_format>
                    <allow_traps>0</allow_traps>
                    <ssl_cert_file/>
                    <ssl_key_file/>
                    <ssl_key_password/>
                    <verify_peer>0</verify_peer>
                    <verify_host>0</verify_host>
                    <master_item/>
                </item>
                <item>
                    <name>TS3 Channels</name>
                    <type>18</type>
                    <snmp_community/>
                    <snmp_oid/>
                    <key>virtualserver_channelsonline</key>
                    <delay>0</delay>
                    <history>30d</history>
                    <trends>0</trends>
                    <status>0</status>
                    <value_type>3</value_type>
                    <allowed_hosts/>
                    <units/>
                    <snmpv3_contextname/>
                    <snmpv3_securityname/>
                    <snmpv3_securitylevel>0</snmpv3_securitylevel>
                    <snmpv3_authprotocol>0</snmpv3_authprotocol>
                    <snmpv3_authpassphrase/>
                    <snmpv3_privprotocol>0</snmpv3_privprotocol>
                    <snmpv3_privpassphrase/>
                    <params/>
                    <ipmi_sensor/>
                    <authtype>0</authtype>
                    <username/>
                    <password/>
                    <publickey/>
                    <privatekey/>
                    <port/>
                    <description/>
                    <inventory_link>0</inventory_link>
                    <applications>
                        <application>
                            <name>TeamSpeak 3 Server</name>
                        </application>
                    </applications>
                    <valuemap/>
                    <logtimefmt/>
                    <preprocessing>
                        <step>
                            <type>11</type>
                            <params>string(/ts3-serverinfo/virtualserver/channelsonline)</params>
                        </step>
                    </preprocessing>
                    <jmx_endpoint/>
                    <timeout>3s</timeout>
                    <url/>
                    <query_fields/>
                    <posts/>
                    <status_codes>200</status_codes>
                    <follow_redirects>1</follow_redirects>
                    <post_type>0</post_type>
                    <http_proxy/>
                    <headers/>
                    <retrieve_mode>0</retrieve_mode>
                    <request_method>0</request_method>
                    <output_format>0</output_format>
                    <allow_traps>0</allow_traps>
                    <ssl_cert_file/>
                    <ssl_key_file/>
                    <ssl_key_password/>
                    <verify_peer>0</verify_peer>
                    <verify_host>0</verify_host>
                    <master_item>
                        <key>ts3_serverinfo_xml.py[{$TS3IP}, {$TS3PORT}, {$TS3SID}, {$TS3USR}, {$TS3PWD}]</key>
                    </master_item>
                </item>
                <item>
                    <name>TS3 Slot usage</name>
                    <type>18</type>
                    <snmp_community/>
                    <snmp_oid/>
                    <key>virtualserver_clientsonline</key>
                    <delay>0</delay>
                    <history>365d</history>
                    <trends>0</trends>
                    <status>0</status>
                    <value_type>3</value_type>
                    <allowed_hosts/>
                    <units/>
                    <snmpv3_contextname/>
                    <snmpv3_securityname/>
                    <snmpv3_securitylevel>0</snmpv3_securitylevel>
                    <snmpv3_authprotocol>0</snmpv3_authprotocol>
                    <snmpv3_authpassphrase/>
                    <snmpv3_privprotocol>0</snmpv3_privprotocol>
                    <snmpv3_privpassphrase/>
                    <params/>
                    <ipmi_sensor/>
                    <authtype>0</authtype>
                    <username/>
                    <password/>
                    <publickey/>
                    <privatekey/>
                    <port/>
                    <description>The number of client's online including query clients</description>
                    <inventory_link>0</inventory_link>
                    <applications>
                        <application>
                            <name>TeamSpeak 3 Server</name>
                        </application>
                    </applications>
                    <valuemap/>
                    <logtimefmt/>
                    <preprocessing>
                        <step>
                            <type>11</type>
                            <params>string(/ts3-serverinfo/virtualserver/clientsonline)</params>
                        </step>
                    </preprocessing>
                    <jmx_endpoint/>
                    <timeout>3s</timeout>
                    <url/>
                    <query_fields/>
                    <posts/>
                    <status_codes>200</status_codes>
                    <follow_redirects>1</follow_redirects>
                    <post_type>0</post_type>
                    <http_proxy/>
                    <headers/>
                    <retrieve_mode>0</retrieve_mode>
                    <request_method>0</request_method>
                    <output_format>0</output_format>
                    <allow_traps>0</allow_traps>
                    <ssl_cert_file/>
                    <ssl_key_file/>
                    <ssl_key_password/>
                    <verify_peer>0</verify_peer>
                    <verify_host>0</verify_host>
                    <master_item>
                        <key>ts3_serverinfo_xml.py[{$TS3IP}, {$TS3PORT}, {$TS3SID}, {$TS3USR}, {$TS3PWD}]</key>
                    </master_item>
                </item>
                <item>
                    <name>TS3 Max. clients</name>
                    <type>18</type>
                    <snmp_community/>
                    <snmp_oid/>
                    <key>virtualserver_maxclients</key>
                    <delay>0</delay>
                    <history>1h</history>
                    <trends>0</trends>
                    <status>0</status>
                    <value_type>3</value_type>
                    <allowed_hosts/>
                    <units/>
                    <snmpv3_contextname/>
                    <snmpv3_securityname/>
                    <snmpv3_securitylevel>0</snmpv3_securitylevel>
                    <snmpv3_authprotocol>0</snmpv3_authprotocol>
                    <snmpv3_authpassphrase/>
                    <snmpv3_privprotocol>0</snmpv3_privprotocol>
                    <snmpv3_privpassphrase/>
                    <params/>
                    <ipmi_sensor/>
                    <authtype>0</authtype>
                    <username/>
                    <password/>
                    <publickey/>
                    <privatekey/>
                    <port/>
                    <description/>
                    <inventory_link>0</inventory_link>
                    <applications>
                        <application>
                            <name>TeamSpeak 3 Server</name>
                        </application>
                    </applications>
                    <valuemap/>
                    <logtimefmt/>
                    <preprocessing>
                        <step>
                            <type>11</type>
                            <params>string(/ts3-serverinfo/virtualserver/maxclients)</params>
                        </step>
                    </preprocessing>
                    <jmx_endpoint/>
                    <timeout>3s</timeout>
                    <url/>
                    <query_fields/>
                    <posts/>
                    <status_codes>200</status_codes>
                    <follow_redirects>1</follow_redirects>
                    <post_type>0</post_type>
                    <http_proxy/>
                    <headers/>
                    <retrieve_mode>0</retrieve_mode>
                    <request_method>0</request_method>
                    <output_format>0</output_format>
                    <allow_traps>0</allow_traps>
                    <ssl_cert_file/>
                    <ssl_key_file/>
                    <ssl_key_password/>
                    <verify_peer>0</verify_peer>
                    <verify_host>0</verify_host>
                    <master_item>
                        <key>ts3_serverinfo_xml.py[{$TS3IP}, {$TS3PORT}, {$TS3SID}, {$TS3USR}, {$TS3PWD}]</key>
                    </master_item>
                </item>
                <item>
                    <name>TS3 Query clients online</name>
                    <type>18</type>
                    <snmp_community/>
                    <snmp_oid/>
                    <key>virtualserver_queryclientsonline</key>
                    <delay>0</delay>
                    <history>1h</history>
                    <trends>0</trends>
                    <status>0</status>
                    <value_type>3</value_type>
                    <allowed_hosts/>
                    <units/>
                    <snmpv3_contextname/>
                    <snmpv3_securityname/>
                    <snmpv3_securitylevel>0</snmpv3_securitylevel>
                    <snmpv3_authprotocol>0</snmpv3_authprotocol>
                    <snmpv3_authpassphrase/>
                    <snmpv3_privprotocol>0</snmpv3_privprotocol>
                    <snmpv3_privpassphrase/>
                    <params/>
                    <ipmi_sensor/>
                    <authtype>0</authtype>
                    <username/>
                    <password/>
                    <publickey/>
                    <privatekey/>
                    <port/>
                    <description>The number of query client's online</description>
                    <inventory_link>0</inventory_link>
                    <applications>
                        <application>
                            <name>TeamSpeak 3 Server</name>
                        </application>
                    </applications>
                    <valuemap/>
                    <logtimefmt/>
                    <preprocessing>
                        <step>
                            <type>11</type>
                            <params>string(/ts3-serverinfo/virtualserver/queryclientsonline)</params>
                        </step>
                    </preprocessing>
                    <jmx_endpoint/>
                    <timeout>3s</timeout>
                    <url/>
                    <query_fields/>
                    <posts/>
                    <status_codes>200</status_codes>
                    <follow_redirects>1</follow_redirects>
                    <post_type>0</post_type>
                    <http_proxy/>
                    <headers/>
                    <retrieve_mode>0</retrieve_mode>
                    <request_method>0</request_method>
                    <output_format>0</output_format>
                    <allow_traps>0</allow_traps>
                    <ssl_cert_file/>
                    <ssl_key_file/>
                    <ssl_key_password/>
                    <verify_peer>0</verify_peer>
                    <verify_host>0</verify_host>
                    <master_item>
                        <key>ts3_serverinfo_xml.py[{$TS3IP}, {$TS3PORT}, {$TS3SID}, {$TS3USR}, {$TS3PWD}]</key>
                    </master_item>
                </item>
                <item>
                    <name>TS3 Total packet loss control</name>
                    <type>18</type>
                    <snmp_community/>
                    <snmp_oid/>
                    <key>virtualserver_total_packetloss_control</key>
                    <delay>0</delay>
                    <history>30d</history>
                    <trends>0</trends>
                    <status>0</status>
                    <value_type>0</value_type>
                    <allowed_hosts/>
                    <units>%</units>
                    <snmpv3_contextname/>
                    <snmpv3_securityname/>
                    <snmpv3_securitylevel>0</snmpv3_securitylevel>
                    <snmpv3_authprotocol>0</snmpv3_authprotocol>
                    <snmpv3_authpassphrase/>
                    <snmpv3_privprotocol>0</snmpv3_privprotocol>
                    <snmpv3_privpassphrase/>
                    <params/>
                    <ipmi_sensor/>
                    <authtype>0</authtype>
                    <username/>
                    <password/>
                    <publickey/>
                    <privatekey/>
                    <port/>
                    <description/>
                    <inventory_link>0</inventory_link>
                    <applications>
                        <application>
                            <name>TeamSpeak 3 Server</name>
                        </application>
                    </applications>
                    <valuemap/>
                    <logtimefmt/>
                    <preprocessing>
                        <step>
                            <type>11</type>
                            <params>string(/ts3-serverinfo/virtualserver/total_packetloss_control)</params>
                        </step>
                    </preprocessing>
                    <jmx_endpoint/>
                    <timeout>3s</timeout>
                    <url/>
                    <query_fields/>
                    <posts/>
                    <status_codes>200</status_codes>
                    <follow_redirects>1</follow_redirects>
                    <post_type>0</post_type>
                    <http_proxy/>
                    <headers/>
                    <retrieve_mode>0</retrieve_mode>
                    <request_method>0</request_method>
                    <output_format>0</output_format>
                    <allow_traps>0</allow_traps>
                    <ssl_cert_file/>
                    <ssl_key_file/>
                    <ssl_key_password/>
                    <verify_peer>0</verify_peer>
                    <verify_host>0</verify_host>
                    <master_item>
                        <key>ts3_serverinfo_xml.py[{$TS3IP}, {$TS3PORT}, {$TS3SID}, {$TS3USR}, {$TS3PWD}]</key>
                    </master_item>
                </item>
                <item>
                    <name>TS3 Total packet loss keep alive</name>
                    <type>18</type>
                    <snmp_community/>
                    <snmp_oid/>
                    <key>virtualserver_total_packetloss_keepalive</key>
                    <delay>0</delay>
                    <history>30d</history>
                    <trends>0</trends>
                    <status>0</status>
                    <value_type>0</value_type>
                    <allowed_hosts/>
                    <units>%</units>
                    <snmpv3_contextname/>
                    <snmpv3_securityname/>
                    <snmpv3_securitylevel>0</snmpv3_securitylevel>
                    <snmpv3_authprotocol>0</snmpv3_authprotocol>
                    <snmpv3_authpassphrase/>
                    <snmpv3_privprotocol>0</snmpv3_privprotocol>
                    <snmpv3_privpassphrase/>
                    <params/>
                    <ipmi_sensor/>
                    <authtype>0</authtype>
                    <username/>
                    <password/>
                    <publickey/>
                    <privatekey/>
                    <port/>
                    <description/>
                    <inventory_link>0</inventory_link>
                    <applications>
                        <application>
                            <name>TeamSpeak 3 Server</name>
                        </application>
                    </applications>
                    <valuemap/>
                    <logtimefmt/>
                    <preprocessing>
                        <step>
                            <type>11</type>
                            <params>string(/ts3-serverinfo/virtualserver/total_packetloss_keepalive)</params>
                        </step>
                    </preprocessing>
                    <jmx_endpoint/>
                    <timeout>3s</timeout>
                    <url/>
                    <query_fields/>
                    <posts/>
                    <status_codes>200</status_codes>
                    <follow_redirects>1</follow_redirects>
                    <post_type>0</post_type>
                    <http_proxy/>
                    <headers/>
                    <retrieve_mode>0</retrieve_mode>
                    <request_method>0</request_method>
                    <output_format>0</output_format>
                    <allow_traps>0</allow_traps>
                    <ssl_cert_file/>
                    <ssl_key_file/>
                    <ssl_key_password/>
                    <verify_peer>0</verify_peer>
                    <verify_host>0</verify_host>
                    <master_item>
                        <key>ts3_serverinfo_xml.py[{$TS3IP}, {$TS3PORT}, {$TS3SID}, {$TS3USR}, {$TS3PWD}]</key>
                    </master_item>
                </item>
                <item>
                    <name>TS3 Total packet loss speech</name>
                    <type>18</type>
                    <snmp_community/>
                    <snmp_oid/>
                    <key>virtualserver_total_packetloss_speech</key>
                    <delay>0</delay>
                    <history>30d</history>
                    <trends>0</trends>
                    <status>0</status>
                    <value_type>0</value_type>
                    <allowed_hosts/>
                    <units>%</units>
                    <snmpv3_contextname/>
                    <snmpv3_securityname/>
                    <snmpv3_securitylevel>0</snmpv3_securitylevel>
                    <snmpv3_authprotocol>0</snmpv3_authprotocol>
                    <snmpv3_authpassphrase/>
                    <snmpv3_privprotocol>0</snmpv3_privprotocol>
                    <snmpv3_privpassphrase/>
                    <params/>
                    <ipmi_sensor/>
                    <authtype>0</authtype>
                    <username/>
                    <password/>
                    <publickey/>
                    <privatekey/>
                    <port/>
                    <description/>
                    <inventory_link>0</inventory_link>
                    <applications>
                        <application>
                            <name>TeamSpeak 3 Server</name>
                        </application>
                    </applications>
                    <valuemap/>
                    <logtimefmt/>
                    <preprocessing>
                        <step>
                            <type>11</type>
                            <params>string(/ts3-serverinfo/virtualserver/total_packetloss_speech)</params>
                        </step>
                    </preprocessing>
                    <jmx_endpoint/>
                    <timeout>3s</timeout>
                    <url/>
                    <query_fields/>
                    <posts/>
                    <status_codes>200</status_codes>
                    <follow_redirects>1</follow_redirects>
                    <post_type>0</post_type>
                    <http_proxy/>
                    <headers/>
                    <retrieve_mode>0</retrieve_mode>
                    <request_method>0</request_method>
                    <output_format>0</output_format>
                    <allow_traps>0</allow_traps>
                    <ssl_cert_file/>
                    <ssl_key_file/>
                    <ssl_key_password/>
                    <verify_peer>0</verify_peer>
                    <verify_host>0</verify_host>
                    <master_item>
                        <key>ts3_serverinfo_xml.py[{$TS3IP}, {$TS3PORT}, {$TS3SID}, {$TS3USR}, {$TS3PWD}]</key>
                    </master_item>
                </item>
                <item>
                    <name>TS3 Total packet loss total</name>
                    <type>18</type>
                    <snmp_community/>
                    <snmp_oid/>
                    <key>virtualserver_total_packetloss_total</key>
                    <delay>0</delay>
                    <history>30d</history>
                    <trends>0</trends>
                    <status>0</status>
                    <value_type>0</value_type>
                    <allowed_hosts/>
                    <units>%</units>
                    <snmpv3_contextname/>
                    <snmpv3_securityname/>
                    <snmpv3_securitylevel>0</snmpv3_securitylevel>
                    <snmpv3_authprotocol>0</snmpv3_authprotocol>
                    <snmpv3_authpassphrase/>
                    <snmpv3_privprotocol>0</snmpv3_privprotocol>
                    <snmpv3_privpassphrase/>
                    <params/>
                    <ipmi_sensor/>
                    <authtype>0</authtype>
                    <username/>
                    <password/>
                    <publickey/>
                    <privatekey/>
                    <port/>
                    <description/>
                    <inventory_link>0</inventory_link>
                    <applications>
                        <application>
                            <name>TeamSpeak 3 Server</name>
                        </application>
                    </applications>
                    <valuemap/>
                    <logtimefmt/>
                    <preprocessing>
                        <step>
                            <type>11</type>
                            <params>string(/ts3-serverinfo/virtualserver/total_packetloss_total)</params>
                        </step>
                    </preprocessing>
                    <jmx_endpoint/>
                    <timeout>3s</timeout>
                    <url/>
                    <query_fields/>
                    <posts/>
                    <status_codes>200</status_codes>
                    <follow_redirects>1</follow_redirects>
                    <post_type>0</post_type>
                    <http_proxy/>
                    <headers/>
                    <retrieve_mode>0</retrieve_mode>
                    <request_method>0</request_method>
                    <output_format>0</output_format>
                    <allow_traps>0</allow_traps>
                    <ssl_cert_file/>
                    <ssl_key_file/>
                    <ssl_key_password/>
                    <verify_peer>0</verify_peer>
                    <verify_host>0</verify_host>
                    <master_item>
                        <key>ts3_serverinfo_xml.py[{$TS3IP}, {$TS3PORT}, {$TS3SID}, {$TS3USR}, {$TS3PWD}]</key>
                    </master_item>
                </item>
                <item>
                    <name>TS3 Total ping</name>
                    <type>18</type>
                    <snmp_community/>
                    <snmp_oid/>
                    <key>virtualserver_total_ping</key>
                    <delay>0</delay>
                    <history>30d</history>
                    <trends>0</trends>
                    <status>0</status>
                    <value_type>0</value_type>
                    <allowed_hosts/>
                    <units>ms</units>
                    <snmpv3_contextname/>
                    <snmpv3_securityname/>
                    <snmpv3_securitylevel>0</snmpv3_securitylevel>
                    <snmpv3_authprotocol>0</snmpv3_authprotocol>
                    <snmpv3_authpassphrase/>
                    <snmpv3_privprotocol>0</snmpv3_privprotocol>
                    <snmpv3_privpassphrase/>
                    <params/>
                    <ipmi_sensor/>
                    <authtype>0</authtype>
                    <username/>
                    <password/>
                    <publickey/>
                    <privatekey/>
                    <port/>
                    <description/>
                    <inventory_link>0</inventory_link>
                    <applications>
                        <application>
                            <name>TeamSpeak 3 Server</name>
                        </application>
                    </applications>
                    <valuemap/>
                    <logtimefmt/>
                    <preprocessing>
                        <step>
                            <type>11</type>
                            <params>string(/ts3-serverinfo/virtualserver/total_ping)</params>
                        </step>
                    </preprocessing>
                    <jmx_endpoint/>
                    <timeout>3s</timeout>
                    <url/>
                    <query_fields/>
                    <posts/>
                    <status_codes>200</status_codes>
                    <follow_redirects>1</follow_redirects>
                    <post_type>0</post_type>
                    <http_proxy/>
                    <headers/>
                    <retrieve_mode>0</retrieve_mode>
                    <request_method>0</request_method>
                    <output_format>0</output_format>
                    <allow_traps>0</allow_traps>
                    <ssl_cert_file/>
                    <ssl_key_file/>
                    <ssl_key_password/>
                    <verify_peer>0</verify_peer>
                    <verify_host>0</verify_host>
                    <master_item>
                        <key>ts3_serverinfo_xml.py[{$TS3IP}, {$TS3PORT}, {$TS3SID}, {$TS3USR}, {$TS3PWD}]</key>
                    </master_item>
                </item>
                <item>
                    <name>TS3 Uptime</name>
                    <type>18</type>
                    <snmp_community/>
                    <snmp_oid/>
                    <key>virtualserver_uptime</key>
                    <delay>0</delay>
                    <history>1h</history>
                    <trends>0</trends>
                    <status>0</status>
                    <value_type>3</value_type>
                    <allowed_hosts/>
                    <units>uptime</units>
                    <snmpv3_contextname/>
                    <snmpv3_securityname/>
                    <snmpv3_securitylevel>0</snmpv3_securitylevel>
                    <snmpv3_authprotocol>0</snmpv3_authprotocol>
                    <snmpv3_authpassphrase/>
                    <snmpv3_privprotocol>0</snmpv3_privprotocol>
                    <snmpv3_privpassphrase/>
                    <params/>
                    <ipmi_sensor/>
                    <authtype>0</authtype>
                    <username/>
                    <password/>
                    <publickey/>
                    <privatekey/>
                    <port/>
                    <description>The number of channels online</description>
                    <inventory_link>0</inventory_link>
                    <applications>
                        <application>
                            <name>TeamSpeak 3 Server</name>
                        </application>
                    </applications>
                    <valuemap/>
                    <logtimefmt/>
                    <preprocessing>
                        <step>
                            <type>11</type>
                            <params>string(/ts3-serverinfo/virtualserver/uptime)</params>
                        </step>
                    </preprocessing>
                    <jmx_endpoint/>
                    <timeout>3s</timeout>
                    <url/>
                    <query_fields/>
                    <posts/>
                    <status_codes>200</status_codes>
                    <follow_redirects>1</follow_redirects>
                    <post_type>0</post_type>
                    <http_proxy/>
                    <headers/>
                    <retrieve_mode>0</retrieve_mode>
                    <request_method>0</request_method>
                    <output_format>0</output_format>
                    <allow_traps>0</allow_traps>
                    <ssl_cert_file/>
                    <ssl_key_file/>
                    <ssl_key_password/>
                    <verify_peer>0</verify_peer>
                    <verify_host>0</verify_host>
                    <master_item>
                        <key>ts3_serverinfo_xml.py[{$TS3IP}, {$TS3PORT}, {$TS3SID}, {$TS3USR}, {$TS3PWD}]</key>
                    </master_item>
                </item>
            </items>
            <discovery_rules/>
            <httptests/>
            <macros>
                <macro>
                    <macro>{$TS3IP}</macro>
                    <value>your.server.ip</value>
                </macro>
                <macro>
                    <macro>{$TS3PORT}</macro>
                    <value>10011</value>
                </macro>
                <macro>
                    <macro>{$TS3PWD}</macro>
                    <value>your-query-pwd</value>
                </macro>
                <macro>
                    <macro>{$TS3SID}</macro>
                    <value>1</value>
                </macro>
                <macro>
                    <macro>{$TS3USR}</macro>
                    <value>zabbix</value>
                </macro>
            </macros>
            <templates/>
            <screens>
                <screen>
                    <name>TS3 Overview</name>
                    <hsize>2</hsize>
                    <vsize>2</vsize>
                    <screen_items>
                        <screen_item>
                            <resourcetype>0</resourcetype>
                            <width>750</width>
                            <height>100</height>
                            <x>0</x>
                            <y>0</y>
                            <colspan>1</colspan>
                            <rowspan>1</rowspan>
                            <elements>0</elements>
                            <valign>1</valign>
                            <halign>0</halign>
                            <style>0</style>
                            <url/>
                            <dynamic>0</dynamic>
                            <sort_triggers>0</sort_triggers>
                            <resource>
                                <name>TS3 Slot usage</name>
                                <host>Template App TeamSpeak 3</host>
                            </resource>
                            <max_columns>3</max_columns>
                            <application/>
                        </screen_item>
                        <screen_item>
                            <resourcetype>0</resourcetype>
                            <width>750</width>
                            <height>100</height>
                            <x>1</x>
                            <y>0</y>
                            <colspan>1</colspan>
                            <rowspan>1</rowspan>
                            <elements>0</elements>
                            <valign>1</valign>
                            <halign>0</halign>
                            <style>0</style>
                            <url/>
                            <dynamic>0</dynamic>
                            <sort_triggers>0</sort_triggers>
                            <resource>
                                <name>TS3 Ping</name>
                                <host>Template App TeamSpeak 3</host>
                            </resource>
                            <max_columns>3</max_columns>
                            <application/>
                        </screen_item>
                        <screen_item>
                            <resourcetype>0</resourcetype>
                            <width>750</width>
                            <height>100</height>
                            <x>0</x>
                            <y>1</y>
                            <colspan>1</colspan>
                            <rowspan>1</rowspan>
                            <elements>0</elements>
                            <valign>0</valign>
                            <halign>0</halign>
                            <style>0</style>
                            <url/>
                            <dynamic>0</dynamic>
                            <sort_triggers>0</sort_triggers>
                            <resource>
                                <name>TS3 Bandwidth</name>
                                <host>Template App TeamSpeak 3</host>
                            </resource>
                            <max_columns>3</max_columns>
                            <application/>
                        </screen_item>
                        <screen_item>
                            <resourcetype>0</resourcetype>
                            <width>750</width>
                            <height>100</height>
                            <x>1</x>
                            <y>1</y>
                            <colspan>1</colspan>
                            <rowspan>1</rowspan>
                            <elements>0</elements>
                            <valign>1</valign>
                            <halign>0</halign>
                            <style>0</style>
                            <url/>
                            <dynamic>0</dynamic>
                            <sort_triggers>0</sort_triggers>
                            <resource>
                                <name>TS3 Packet loss</name>
                                <host>Template App TeamSpeak 3</host>
                            </resource>
                            <max_columns>3</max_columns>
                            <application/>
                        </screen_item>
                    </screen_items>
                </screen>
            </screens>
        </template>
    </templates>
    <triggers>
        <trigger>
            <expression>{Template App TeamSpeak 3:virtualserver_clientsonline.last()}&gt;({Template App TeamSpeak 3:virtualserver_maxclients.last()} * 0.5)</expression>
            <recovery_mode>0</recovery_mode>
            <recovery_expression/>
            <name>TeamSpeak 3 - 50% slot usage</name>
            <correlation_mode>0</correlation_mode>
            <correlation_tag/>
            <url/>
            <status>0</status>
            <priority>1</priority>
            <description/>
            <type>0</type>
            <manual_close>0</manual_close>
            <dependencies/>
            <tags/>
        </trigger>
        <trigger>
            <expression>{Template App TeamSpeak 3:virtualserver_clientsonline.last()}&gt;({Template App TeamSpeak 3:virtualserver_maxclients.last()} * 0.75)</expression>
            <recovery_mode>0</recovery_mode>
            <recovery_expression/>
            <name>TeamSpeak 3 - 75% slot usage</name>
            <correlation_mode>0</correlation_mode>
            <correlation_tag/>
            <url/>
            <status>0</status>
            <priority>1</priority>
            <description/>
            <type>0</type>
            <manual_close>0</manual_close>
            <dependencies/>
            <tags/>
        </trigger>
        <trigger>
            <expression>{Template App TeamSpeak 3:virtualserver_clientsonline.last()}&gt;({Template App TeamSpeak 3:virtualserver_maxclients.last()} * 0.9)</expression>
            <recovery_mode>0</recovery_mode>
            <recovery_expression/>
            <name>TeamSpeak 3 - 90% slot usage</name>
            <correlation_mode>0</correlation_mode>
            <correlation_tag/>
            <url/>
            <status>0</status>
            <priority>2</priority>
            <description/>
            <type>0</type>
            <manual_close>0</manual_close>
            <dependencies/>
            <tags/>
        </trigger>
        <trigger>
            <expression>({Template App TeamSpeak 3:virtualserver_maxclients.last()} - {Template App TeamSpeak 3:virtualserver_clientsonline.last()}) &lt;= 2</expression>
            <recovery_mode>0</recovery_mode>
            <recovery_expression/>
            <name>TeamSpeak 3 - Only 2 slots left</name>
            <correlation_mode>0</correlation_mode>
            <correlation_tag/>
            <url/>
            <status>0</status>
            <priority>4</priority>
            <description/>
            <type>0</type>
            <manual_close>0</manual_close>
            <dependencies/>
            <tags/>
        </trigger>
        <trigger>
            <expression>{Template App TeamSpeak 3:net.tcp.service[tcp, {$TS3IP}, {$TS3PORT}].last(#5)}=0</expression>
            <recovery_mode>1</recovery_mode>
            <recovery_expression>{Template App TeamSpeak 3:net.tcp.service[tcp, {$TS3IP}, {$TS3PORT}].last(#5)}=1</recovery_expression>
            <name>TeamSpeak 3 - Query is down</name>
            <correlation_mode>0</correlation_mode>
            <correlation_tag/>
            <url/>
            <status>0</status>
            <priority>4</priority>
            <description/>
            <type>0</type>
            <manual_close>0</manual_close>
            <dependencies/>
            <tags/>
        </trigger>
        <trigger>
            <expression>{Template App TeamSpeak 3:virtualserver_uptime.change()}&lt;0</expression>
            <recovery_mode>0</recovery_mode>
            <recovery_expression/>
            <name>TeamSpeak 3 - Server rebooted</name>
            <correlation_mode>0</correlation_mode>
            <correlation_tag/>
            <url/>
            <status>0</status>
            <priority>1</priority>
            <description/>
            <type>0</type>
            <manual_close>0</manual_close>
            <dependencies/>
            <tags/>
        </trigger>
    </triggers>
    <graphs>
        <graph>
            <name>TS3 Bandwidth</name>
            <width>900</width>
            <height>200</height>
            <yaxismin>0.0000</yaxismin>
            <yaxismax>100.0000</yaxismax>
            <show_work_period>1</show_work_period>
            <show_triggers>1</show_triggers>
            <type>0</type>
            <show_legend>1</show_legend>
            <show_3d>0</show_3d>
            <percent_left>0.0000</percent_left>
            <percent_right>0.0000</percent_right>
            <ymin_type_1>1</ymin_type_1>
            <ymax_type_1>0</ymax_type_1>
            <ymin_item_1>0</ymin_item_1>
            <ymax_item_1>0</ymax_item_1>
            <graph_items>
                <graph_item>
                    <sortorder>0</sortorder>
                    <drawtype>0</drawtype>
                    <color>1A7C11</color>
                    <yaxisside>0</yaxisside>
                    <calc_fnc>2</calc_fnc>
                    <type>0</type>
                    <item>
                        <host>Template App TeamSpeak 3</host>
                        <key>connection_bandwidth_received_last_minute_total</key>
                    </item>
                </graph_item>
                <graph_item>
                    <sortorder>1</sortorder>
                    <drawtype>0</drawtype>
                    <color>F63100</color>
                    <yaxisside>0</yaxisside>
                    <calc_fnc>2</calc_fnc>
                    <type>0</type>
                    <item>
                        <host>Template App TeamSpeak 3</host>
                        <key>connection_bandwidth_sent_last_minute_total</key>
                    </item>
                </graph_item>
            </graph_items>
        </graph>
        <graph>
            <name>TS3 Packet loss</name>
            <width>900</width>
            <height>200</height>
            <yaxismin>0.0000</yaxismin>
            <yaxismax>100.0000</yaxismax>
            <show_work_period>1</show_work_period>
            <show_triggers>1</show_triggers>
            <type>0</type>
            <show_legend>1</show_legend>
            <show_3d>0</show_3d>
            <percent_left>0.0000</percent_left>
            <percent_right>0.0000</percent_right>
            <ymin_type_1>1</ymin_type_1>
            <ymax_type_1>0</ymax_type_1>
            <ymin_item_1>0</ymin_item_1>
            <ymax_item_1>0</ymax_item_1>
            <graph_items>
                <graph_item>
                    <sortorder>0</sortorder>
                    <drawtype>0</drawtype>
                    <color>1A7C11</color>
                    <yaxisside>0</yaxisside>
                    <calc_fnc>2</calc_fnc>
                    <type>0</type>
                    <item>
                        <host>Template App TeamSpeak 3</host>
                        <key>virtualserver_total_packetloss_control</key>
                    </item>
                </graph_item>
                <graph_item>
                    <sortorder>1</sortorder>
                    <drawtype>0</drawtype>
                    <color>2774A4</color>
                    <yaxisside>0</yaxisside>
                    <calc_fnc>2</calc_fnc>
                    <type>0</type>
                    <item>
                        <host>Template App TeamSpeak 3</host>
                        <key>virtualserver_total_packetloss_keepalive</key>
                    </item>
                </graph_item>
                <graph_item>
                    <sortorder>2</sortorder>
                    <drawtype>0</drawtype>
                    <color>F63100</color>
                    <yaxisside>0</yaxisside>
                    <calc_fnc>2</calc_fnc>
                    <type>0</type>
                    <item>
                        <host>Template App TeamSpeak 3</host>
                        <key>virtualserver_total_packetloss_speech</key>
                    </item>
                </graph_item>
            </graph_items>
        </graph>
        <graph>
            <name>TS3 Ping</name>
            <width>900</width>
            <height>200</height>
            <yaxismin>0.0000</yaxismin>
            <yaxismax>100.0000</yaxismax>
            <show_work_period>1</show_work_period>
            <show_triggers>1</show_triggers>
            <type>0</type>
            <show_legend>1</show_legend>
            <show_3d>0</show_3d>
            <percent_left>0.0000</percent_left>
            <percent_right>0.0000</percent_right>
            <ymin_type_1>1</ymin_type_1>
            <ymax_type_1>0</ymax_type_1>
            <ymin_item_1>0</ymin_item_1>
            <ymax_item_1>0</ymax_item_1>
            <graph_items>
                <graph_item>
                    <sortorder>0</sortorder>
                    <drawtype>5</drawtype>
                    <color>1A7C11</color>
                    <yaxisside>0</yaxisside>
                    <calc_fnc>2</calc_fnc>
                    <type>0</type>
                    <item>
                        <host>Template App TeamSpeak 3</host>
                        <key>virtualserver_total_ping</key>
                    </item>
                </graph_item>
            </graph_items>
        </graph>
        <graph>
            <name>TS3 Slot usage</name>
            <width>900</width>
            <height>200</height>
            <yaxismin>0.0000</yaxismin>
            <yaxismax>100.0000</yaxismax>
            <show_work_period>0</show_work_period>
            <show_triggers>1</show_triggers>
            <type>0</type>
            <show_legend>1</show_legend>
            <show_3d>0</show_3d>
            <percent_left>0.0000</percent_left>
            <percent_right>0.0000</percent_right>
            <ymin_type_1>1</ymin_type_1>
            <ymax_type_1>0</ymax_type_1>
            <ymin_item_1>0</ymin_item_1>
            <ymax_item_1>0</ymax_item_1>
            <graph_items>
                <graph_item>
                    <sortorder>0</sortorder>
                    <drawtype>0</drawtype>
                    <color>1A7C11</color>
                    <yaxisside>0</yaxisside>
                    <calc_fnc>2</calc_fnc>
                    <type>0</type>
                    <item>
                        <host>Template App TeamSpeak 3</host>
                        <key>virtualserver_clientsonline</key>
                    </item>
                </graph_item>
                <graph_item>
                    <sortorder>1</sortorder>
                    <drawtype>0</drawtype>
                    <color>1976D2</color>
                    <yaxisside>0</yaxisside>
                    <calc_fnc>2</calc_fnc>
                    <type>0</type>
                    <item>
                        <host>Template App TeamSpeak 3</host>
                        <key>virtualserver_channelsonline</key>
                    </item>
                </graph_item>
            </graph_items>
        </graph>
    </graphs>
    <value_maps>
        <value_map>
            <name>Service state</name>
            <mappings>
                <mapping>
                    <value>0</value>
                    <newvalue>Down</newvalue>
                </mapping>
                <mapping>
                    <value>1</value>
                    <newvalue>Up</newvalue>
                </mapping>
            </mappings>
        </value_map>
    </value_maps>
</zabbix_export>
