<?xml version="1.0" encoding="UTF-8"?>
<zabbix_export>
    <version>2.0</version>
    <date>2012-10-15T19:53:35Z</date>
    <groups>
        <group>
            <name>ZBX-FORTINET-TEMPLATES</name>
        </group>
    </groups>
    <templates>
        <template>
            <template>ZBX-FORTINET-VDOM</template>
            <name>ZBX-FORTINET-VDOM</name>
            <groups>
                <group>
                    <name>ZBX-FORTINET-TEMPLATES</name>
                </group>
            </groups>
            <applications>
                <application>
                    <name>Virtual domain</name>
                </application>
            </applications>
            <items/>
            <discovery_rules>
                <discovery_rule>
                    <name>Virtual Domain</name>
                    <type>4</type>
                    <snmp_community>{$SNMP_COMMUNITY}</snmp_community>
                    <snmp_oid>.1.3.6.1.4.1.12356.101.3.2.1.1.2</snmp_oid>
                    <key>fgVdEntName</key>
                    <delay>300</delay>
                    <status>0</status>
                    <allowed_hosts/>
                    <snmpv3_securityname/>
                    <snmpv3_securitylevel>0</snmpv3_securitylevel>
                    <snmpv3_authpassphrase/>
                    <snmpv3_privpassphrase/>
                    <delay_flex/>
                    <params/>
                    <ipmi_sensor/>
                    <authtype>0</authtype>
                    <username/>
                    <password/>
                    <publickey/>
                    <privatekey/>
                    <port/>
                    <filter>:</filter>
                    <lifetime>365</lifetime>
                    <description/>
                    <item_prototypes>
                        <item_prototype>
                            <name>Operation mode of the virtual domain $1</name>
                            <type>4</type>
                            <snmp_community>{$SNMP_COMMUNITY}</snmp_community>
                            <multiplier>0</multiplier>
                            <snmp_oid>.1.3.6.1.4.1.12356.101.3.2.1.1.3.{#SNMPINDEX}</snmp_oid>
                            <key>fgVdEntOpMode[{#SNMPVALUE}]</key>
                            <delay>300</delay>
                            <history>7</history>
                            <trends>365</trends>
                            <status>0</status>
                            <value_type>3</value_type>
                            <allowed_hosts/>
                            <units/>
                            <delta>0</delta>
                            <snmpv3_securityname/>
                            <snmpv3_securitylevel>0</snmpv3_securitylevel>
                            <snmpv3_authpassphrase/>
                            <snmpv3_privpassphrase/>
                            <formula>1</formula>
                            <delay_flex/>
                            <params/>
                            <ipmi_sensor/>
                            <data_type>0</data_type>
                            <authtype>0</authtype>
                            <username/>
                            <password/>
                            <publickey/>
                            <privatekey/>
                            <port/>
                            <description/>
                            <inventory_link>0</inventory_link>
                            <applications>
                                <application>
                                    <name>Virtual domain</name>
                                </application>
                            </applications>
                            <valuemap>
                                <name>FgOpMode</name>
                            </valuemap>
                        </item_prototype>
                    </item_prototypes>
                    <trigger_prototypes/>
                    <graph_prototypes/>
                </discovery_rule>
            </discovery_rules>
            <macros/>
            <templates/>
            <screens/>
        </template>
    </templates>
</zabbix_export>
