<?xml version="1.0" encoding="UTF-8"?>
<zabbix_export>
    <version>3.0</version>
    <date>2016-11-03T02:56:45Z</date>
    <groups>
        <group>
            <name>..Templates</name>
        </group>
    </groups>
    <templates>
        <template>
            <template>WSUS</template>
            <name>WSUS</name>
            <description/>
            <groups>
                <group>
                    <name>..Templates</name>
                </group>
            </groups>
            <applications>
                <application>
                    <name>WSUS</name>
                </application>
            </applications>
            <items>
                <item>
                    <name>Get Count Pathes</name>
                    <type>11</type>
                    <snmp_community/>
                    <multiplier>0</multiplier>
                    <snmp_oid/>
                    <key>db.odbc.select[GetCountPathes,wsus-db]</key>
                    <delay>30</delay>
                    <history>7</history>
                    <trends>365</trends>
                    <status>0</status>
                    <value_type>3</value_type>
                    <allowed_hosts/>
                    <units/>
                    <delta>0</delta>
                    <snmpv3_contextname/>
                    <snmpv3_securityname/>
                    <snmpv3_securitylevel>0</snmpv3_securitylevel>
                    <snmpv3_authprotocol>0</snmpv3_authprotocol>
                    <snmpv3_authpassphrase/>
                    <snmpv3_privprotocol>0</snmpv3_privprotocol>
                    <snmpv3_privpassphrase/>
                    <formula>1</formula>
                    <delay_flex/>
                    <params>SELECT count(tbComputerTarget.FullDomainName) as [Count]&#13;
FROM tbUpdateStatusPerComputer INNER JOIN tbComputerTarget ON tbUpdateStatusPerComputer.TargetID = tbComputerTarget.TargetID&#13;
WHERE (NOT (tbUpdateStatusPerComputer.SummarizationState IN ('1', '4')))&#13;
AND tbComputerTarget.FullDomainName = '{HOST.NAME}'</params>
                    <ipmi_sensor/>
                    <data_type>0</data_type>
                    <authtype>0</authtype>
                    <username>zagent</username>
                    <password>zagentuser</password>
                    <publickey/>
                    <privatekey/>
                    <port/>
                    <description/>
                    <inventory_link>0</inventory_link>
                    <applications>
                        <application>
                            <name>WSUS</name>
                        </application>
                    </applications>
                    <valuemap/>
                    <logtimefmt/>
                </item>
            </items>
            <discovery_rules/>
            <macros/>
            <templates/>
            <screens/>
        </template>
    </templates>
    <triggers>
        <trigger>
            <expression>{WSUS:db.odbc.select[GetCountPathes,wsus-db].last()}&gt;200</expression>
            <name>Need to update: {ITEM.LASTVALUE}</name>
            <url/>
            <status>0</status>
            <priority>1</priority>
            <description/>
            <type>0</type>
            <dependencies/>
        </trigger>
    </triggers>
</zabbix_export>
