<?xml version="1.0" encoding="UTF-8"?>
<zabbix_export>
    <version>4.4</version>
    <date>2020-04-30T16:55:32Z</date>
    <groups>
        <group>
            <name>Templates/Network devices</name>
        </group>
    </groups>
    <templates>
        <template>
            <template>Template EdgeMAX SNMPv2</template>
            <name>Template EdgeMAX SNMPv2</name>
            <templates>
                <template>
                    <name>Template Module Generic SNMPv2</name>
                </template>
            </templates>
            <groups>
                <group>
                    <name>Templates/Network devices</name>
                </group>
            </groups>
            <applications>
                <application>
                    <name>Memory</name>
                </application>
                <application>
                    <name>Network</name>
                </application>
                <application>
                    <name>Storage and Disks</name>
                </application>
                <application>
                    <name>System Info</name>
                </application>
            </applications>
            <items>
                <item>
                    <name>Load average last 1 minute</name>
                    <type>SNMPV2</type>
                    <snmp_community>{$SNMP_COMMUNITY}</snmp_community>
                    <snmp_oid>1.3.6.1.4.1.2021.10.1.3.1</snmp_oid>
                    <key>LoadMinute</key>
                    <history>1d</history>
                    <trends>0</trends>
                    <value_type>CHAR</value_type>
                    <applications>
                        <application>
                            <name>System Info</name>
                        </application>
                    </applications>
                    <triggers>
                        <trigger>
                            <expression>{last()}&gt;{$LOAD_AVG_PER_CPU.MAX.WARN}</expression>
                            <recovery_mode>RECOVERY_EXPRESSION</recovery_mode>
                            <recovery_expression>{last()}&lt;{$LOAD_AVG_PER_CPU.MAX.WARN}</recovery_expression>
                            <name>Load average is too high (per CPU load over {$LOAD_AVG_PER_CPU.MAX.WARN} for 1m)</name>
                            <opdata>Load averages(1m): {ITEM.LASTVALUE1}</opdata>
                            <priority>AVERAGE</priority>
                            <description>Per CPU load average is too high. Your system may be slow to respond.</description>
                        </trigger>
                    </triggers>
                </item>
                <item>
                    <name>Total amount of available memory</name>
                    <type>SNMPV2</type>
                    <snmp_community>{$SNMP_COMMUNITY}</snmp_community>
                    <snmp_oid>UCD-SNMP-MIB::memAvailReal.0</snmp_oid>
                    <key>MemAvailable</key>
                    <history>7d</history>
                    <trends>0</trends>
                    <units>b</units>
                    <applications>
                        <application>
                            <name>Memory</name>
                        </application>
                    </applications>
                    <preprocessing>
                        <step>
                            <type>MULTIPLIER</type>
                            <params>1000</params>
                        </step>
                    </preprocessing>
                </item>
                <item>
                    <name>Total amount of buffers</name>
                    <type>SNMPV2</type>
                    <snmp_community>{$SNMP_COMMUNITY}</snmp_community>
                    <snmp_oid>1.3.6.1.4.1.2021.4.14.0</snmp_oid>
                    <key>MemBuffers</key>
                    <history>7d</history>
                    <trends>0</trends>
                    <units>b</units>
                    <applications>
                        <application>
                            <name>Memory</name>
                        </application>
                    </applications>
                    <preprocessing>
                        <step>
                            <type>MULTIPLIER</type>
                            <params>1000</params>
                        </step>
                    </preprocessing>
                </item>
                <item>
                    <name>Total amount of cached</name>
                    <type>SNMPV2</type>
                    <snmp_community>{$SNMP_COMMUNITY}</snmp_community>
                    <snmp_oid>1.3.6.1.4.1.2021.4.15.0</snmp_oid>
                    <key>MemCached</key>
                    <history>7d</history>
                    <trends>0</trends>
                    <units>b</units>
                    <applications>
                        <application>
                            <name>Memory</name>
                        </application>
                    </applications>
                    <preprocessing>
                        <step>
                            <type>MULTIPLIER</type>
                            <params>1000</params>
                        </step>
                    </preprocessing>
                </item>
                <item>
                    <name>Total amount of memory</name>
                    <type>SNMPV2</type>
                    <snmp_community>{$SNMP_COMMUNITY}</snmp_community>
                    <snmp_oid>UCD-SNMP-MIB::memTotalReal.0</snmp_oid>
                    <key>MemTotal</key>
                    <history>7d</history>
                    <trends>0</trends>
                    <units>b</units>
                    <applications>
                        <application>
                            <name>Memory</name>
                        </application>
                    </applications>
                    <preprocessing>
                        <step>
                            <type>MULTIPLIER</type>
                            <params>1000</params>
                        </step>
                    </preprocessing>
                </item>
                <item>
                    <name>Used memory</name>
                    <type>CALCULATED</type>
                    <key>MemUsed</key>
                    <history>7d</history>
                    <trends>0</trends>
                    <units>B</units>
                    <params>last(&quot;MemTotal&quot;)-last(&quot;MemAvailable&quot;)</params>
                    <applications>
                        <application>
                            <name>Memory</name>
                        </application>
                    </applications>
                </item>
                <item>
                    <name>Memory utizilation</name>
                    <type>CALCULATED</type>
                    <key>MemUtil</key>
                    <history>7d</history>
                    <trends>0</trends>
                    <value_type>FLOAT</value_type>
                    <units>%</units>
                    <params>(last(&quot;MemUsed&quot;)-last(&quot;MemBuffers&quot;)-last(&quot;MemCached&quot;))/last(&quot;MemTotal&quot;)*100</params>
                    <applications>
                        <application>
                            <name>Memory</name>
                        </application>
                    </applications>
                    <preprocessing>
                        <step>
                            <type>JAVASCRIPT</type>
                            <params>return Math.floor(value)</params>
                        </step>
                    </preprocessing>
                    <triggers>
                        <trigger>
                            <expression>{min(5m)}&gt;{$MEMORY.UTIL.MAX}</expression>
                            <recovery_mode>RECOVERY_EXPRESSION</recovery_mode>
                            <recovery_expression>{max(5m)}&lt;{$MEMORY.UTIL.MAX}</recovery_expression>
                            <name>High memory utilization ( &gt;{$MEMORY.UTIL.MAX}% for 5m)</name>
                            <opdata>Memory utilization: {ITEM.LASTVALUE1}</opdata>
                            <priority>WARNING</priority>
                            <description>The system is running out of free memory.</description>
                        </trigger>
                    </triggers>
                </item>
            </items>
            <discovery_rules>
                <discovery_rule>
                    <name>Network interfaces discovery</name>
                    <type>SNMPV2</type>
                    <snmp_community>{$SNMP_COMMUNITY}</snmp_community>
                    <snmp_oid>discovery[{#IFOPERSTATUS},1.3.6.1.2.1.2.2.1.8,{#IFNAME},1.3.6.1.2.1.31.1.1.1.1]</snmp_oid>
                    <key>NetworkInterface</key>
                    <delay>1d</delay>
                    <item_prototypes>
                        <item_prototype>
                            <name>Interface {#IFNAME} : Inbound packets discarded</name>
                            <type>SNMPV2</type>
                            <snmp_community>{$SNMP_COMMUNITY}</snmp_community>
                            <snmp_oid>1.3.6.1.2.1.2.2.1.13.{#SNMPINDEX}</snmp_oid>
                            <key>net.if.in.discards[ifInDiscards.{#SNMPINDEX}]</key>
                            <history>7d</history>
                            <trends>0</trends>
                            <applications>
                                <application>
                                    <name>Network</name>
                                </application>
                            </applications>
                            <preprocessing>
                                <step>
                                    <type>CHANGE_PER_SECOND</type>
                                    <params/>
                                </step>
                            </preprocessing>
                        </item_prototype>
                        <item_prototype>
                            <name>Interface {#IFNAME} : Inbound packets with errors</name>
                            <type>SNMPV2</type>
                            <snmp_community>{$SNMP_COMMUNITY}</snmp_community>
                            <snmp_oid>1.3.6.1.2.1.2.2.1.14.{#SNMPINDEX}</snmp_oid>
                            <key>net.if.in.errors[ifInErrors.{#SNMPINDEX}]</key>
                            <history>7d</history>
                            <trends>0</trends>
                            <applications>
                                <application>
                                    <name>Network</name>
                                </application>
                            </applications>
                            <preprocessing>
                                <step>
                                    <type>CHANGE_PER_SECOND</type>
                                    <params/>
                                </step>
                            </preprocessing>
                        </item_prototype>
                        <item_prototype>
                            <name>Interface {#IFNAME} : Bits received</name>
                            <type>SNMPV2</type>
                            <snmp_community>{$SNMP_COMMUNITY}</snmp_community>
                            <snmp_oid>1.3.6.1.2.1.31.1.1.1.6.{#SNMPINDEX}</snmp_oid>
                            <key>net.if.in[ifHCInOctets.{#SNMPINDEX}]</key>
                            <history>7d</history>
                            <trends>0</trends>
                            <units>bps</units>
                            <applications>
                                <application>
                                    <name>Network</name>
                                </application>
                            </applications>
                            <preprocessing>
                                <step>
                                    <type>CHANGE_PER_SECOND</type>
                                    <params/>
                                </step>
                                <step>
                                    <type>MULTIPLIER</type>
                                    <params>8</params>
                                </step>
                            </preprocessing>
                        </item_prototype>
                        <item_prototype>
                            <name>Interface {#IFNAME} : Outbound packets discarded</name>
                            <type>SNMPV2</type>
                            <snmp_community>{$SNMP_COMMUNITY}</snmp_community>
                            <snmp_oid>1.3.6.1.2.1.2.2.1.19.{#SNMPINDEX}</snmp_oid>
                            <key>net.if.out.discards[ifOutDiscards.{#SNMPINDEX}]</key>
                            <history>7d</history>
                            <trends>0</trends>
                            <applications>
                                <application>
                                    <name>Network</name>
                                </application>
                            </applications>
                            <preprocessing>
                                <step>
                                    <type>CHANGE_PER_SECOND</type>
                                    <params/>
                                </step>
                            </preprocessing>
                        </item_prototype>
                        <item_prototype>
                            <name>Interface {#IFNAME} : Outbound packets with errors</name>
                            <type>SNMPV2</type>
                            <snmp_community>{$SNMP_COMMUNITY}</snmp_community>
                            <snmp_oid>1.3.6.1.2.1.2.2.1.20.{#SNMPINDEX}</snmp_oid>
                            <key>net.if.out.errors[ifOutErrors.{#SNMPINDEX}]</key>
                            <delay>10m</delay>
                            <history>7d</history>
                            <trends>0</trends>
                            <applications>
                                <application>
                                    <name>Network</name>
                                </application>
                            </applications>
                            <preprocessing>
                                <step>
                                    <type>CHANGE_PER_SECOND</type>
                                    <params/>
                                </step>
                            </preprocessing>
                        </item_prototype>
                        <item_prototype>
                            <name>Interface {#IFNAME} : Bits sent</name>
                            <type>SNMPV2</type>
                            <snmp_community>{$SNMP_COMMUNITY}</snmp_community>
                            <snmp_oid>1.3.6.1.2.1.31.1.1.1.10.{#SNMPINDEX}</snmp_oid>
                            <key>net.if.out[ifHCOutOctets.{#SNMPINDEX}]</key>
                            <history>7d</history>
                            <trends>0</trends>
                            <units>bps</units>
                            <applications>
                                <application>
                                    <name>Network</name>
                                </application>
                            </applications>
                            <preprocessing>
                                <step>
                                    <type>CHANGE_PER_SECOND</type>
                                    <params/>
                                </step>
                                <step>
                                    <type>MULTIPLIER</type>
                                    <params>8</params>
                                </step>
                            </preprocessing>
                        </item_prototype>
                        <item_prototype>
                            <name>Interface {#IFNAME} : Speed</name>
                            <type>SNMPV2</type>
                            <snmp_community>{$SNMP_COMMUNITY}</snmp_community>
                            <snmp_oid>1.3.6.1.2.1.2.2.1.5.{#SNMPINDEX}</snmp_oid>
                            <key>net.if.speed[ifHighSpeed.{#SNMPINDEX}]</key>
                            <delay>10m</delay>
                            <history>1d</history>
                            <trends>0</trends>
                            <units>bps</units>
                            <applications>
                                <application>
                                    <name>Network</name>
                                </application>
                            </applications>
                            <preprocessing>
                                <step>
                                    <type>DISCARD_UNCHANGED_HEARTBEAT</type>
                                    <params>1h</params>
                                </step>
                            </preprocessing>
                        </item_prototype>
                        <item_prototype>
                            <name>Interface {#IFNAME} : Operational status</name>
                            <type>SNMPV2</type>
                            <snmp_community>{$SNMP_COMMUNITY}</snmp_community>
                            <snmp_oid>1.3.6.1.2.1.2.2.1.8.{#SNMPINDEX}</snmp_oid>
                            <key>net.if.status[ifOperStatus.{#SNMPINDEX}]</key>
                            <history>1d</history>
                            <trends>0</trends>
                            <applications>
                                <application>
                                    <name>Network</name>
                                </application>
                            </applications>
                            <valuemap>
                                <name>IF-MIB::ifOperStatus</name>
                            </valuemap>
                            <trigger_prototypes>
                                <trigger_prototype>
                                    <expression>{last()}&lt;&gt;1</expression>
                                    <recovery_mode>RECOVERY_EXPRESSION</recovery_mode>
                                    <recovery_expression>{last()}=1</recovery_expression>
                                    <name>Interface {#IFNAME} : Link down</name>
                                    <opdata>Current state: {ITEM.LASTVALUE1}</opdata>
                                    <status>DISABLED</status>
                                    <priority>AVERAGE</priority>
                                </trigger_prototype>
                            </trigger_prototypes>
                        </item_prototype>
                    </item_prototypes>
                    <trigger_prototypes>
                        <trigger_prototype>
                            <expression>{Template EdgeMAX SNMPv2:net.if.in.errors[ifInErrors.{#SNMPINDEX}].min(5m)}&gt;{$IF.ERRORS.WARN:&quot;{#IFNAME}&quot;} or {Template EdgeMAX SNMPv2:net.if.out.errors[ifOutErrors.{#SNMPINDEX}].min(5m)}&gt;{$IF.ERRORS.WARN:&quot;{#IFNAME}&quot;}</expression>
                            <recovery_mode>RECOVERY_EXPRESSION</recovery_mode>
                            <recovery_expression>{Template EdgeMAX SNMPv2:net.if.in.errors[ifInErrors.{#SNMPINDEX}].max(5m)}&lt;=0 and {Template EdgeMAX SNMPv2:net.if.out.errors[ifOutErrors.{#SNMPINDEX}].max(5m)}&lt;=0</recovery_expression>
                            <name>Interface {#IFNAME} : High error rate ( &gt; {$IF.ERRORS.WARN:&quot;{#IFNAME}&quot;} for 5m)</name>
                            <opdata>errors in: {ITEM.LASTVALUE1}, errors out: {ITEM.LASTVALUE2}</opdata>
                            <status>DISABLED</status>
                            <priority>WARNING</priority>
                            <dependencies>
                                <dependency>
                                    <name>Interface {#IFNAME} : Link down</name>
                                    <expression>{Template EdgeMAX SNMPv2:net.if.status[ifOperStatus.{#SNMPINDEX}].last()}&lt;&gt;1</expression>
                                    <recovery_expression>{Template EdgeMAX SNMPv2:net.if.status[ifOperStatus.{#SNMPINDEX}].last()}=1</recovery_expression>
                                </dependency>
                            </dependencies>
                        </trigger_prototype>
                    </trigger_prototypes>
                </discovery_rule>
            </discovery_rules>
            <macros>
                <macro>
                    <macro>{$LOAD_AVG_PER_CPU.MAX.WARN}</macro>
                    <value>1.5</value>
                    <description>This macro is used as a threshold in memory utilization trigger.</description>
                </macro>
                <macro>
                    <macro>{$MEMORY.UTIL.MAX}</macro>
                    <value>90</value>
                    <description>This macro is used as a threshold in memory utilization trigger.</description>
                </macro>
            </macros>
        </template>
    </templates>
    <value_maps>
        <value_map>
            <name>IF-MIB::ifOperStatus</name>
            <mappings>
                <mapping>
                    <value>1</value>
                    <newvalue>up</newvalue>
                </mapping>
                <mapping>
                    <value>2</value>
                    <newvalue>down</newvalue>
                </mapping>
                <mapping>
                    <value>4</value>
                    <newvalue>unknown</newvalue>
                </mapping>
                <mapping>
                    <value>5</value>
                    <newvalue>dormant</newvalue>
                </mapping>
                <mapping>
                    <value>6</value>
                    <newvalue>notPresent</newvalue>
                </mapping>
                <mapping>
                    <value>7</value>
                    <newvalue>lowerLayerDown</newvalue>
                </mapping>
            </mappings>
        </value_map>
    </value_maps>
</zabbix_export>
