<?xml version="1.0" encoding="UTF-8"?>
<zabbix_export>
    <version>3.0</version>
    <date>2017-11-21T15:05:47Z</date>
    <groups>
        <group>
            <name>
					Templates
                </name>
        </group>
    </groups>
    <templates>
        <template>
            <template>Template Microsoft MSMQ</template>
            <name>Template Microsoft MSMQ</name>
            <description>The Microsoft Message Queue Monitor is a Zabbix template complete with PowerShell scripts that will allow you to monitor all of your Microsoft Message Queues quickly and easily. All queues will be discovered when the template is properly applied to a client running the MSMQ service. For your convenience all triggers are disabled by default. To be alerted when a queue has a message count greater than 100 simply enable the generated trigger.</description>
            <groups>
                <group>
                    <name>
					Templates
                </name>
                </group>
            </groups>
            <applications>
                <application>
                    <name>Microsoft Message Queue</name>
                </application>
            </applications>
            <items/>
            <discovery_rules>
                <discovery_rule>
                    <name>Message Queue</name>
                    <type>0</type>
                    <snmp_community/>
                    <snmp_oid/>
                    <key>orgmsmq.discovery</key>
                    <delay>30</delay>
                    <status>0</status>
                    <allowed_hosts/>
                    <snmpv3_contextname/>
                    <snmpv3_securityname/>
                    <snmpv3_securitylevel>0</snmpv3_securitylevel>
                    <snmpv3_authprotocol>0</snmpv3_authprotocol>
                    <snmpv3_authpassphrase/>
                    <snmpv3_privprotocol>0</snmpv3_privprotocol>
                    <snmpv3_privpassphrase/>
                    <delay_flex/>
                    <params/>
                    <ipmi_sensor/>
                    <authtype>0</authtype>
                    <username/>
                    <password/>
                    <publickey/>
                    <privatekey/>
                    <port/>
                    <filter>
                        <evaltype>0</evaltype>
                        <formula/>
                        <conditions/>
                    </filter>
                    <lifetime>30</lifetime>
                    <description/>
                    <item_prototypes>
                        <item_prototype>
                            <name>Message Queue {#QUEUE}</name>
                            <type>0</type>
                            <snmp_community/>
                            <multiplier>0</multiplier>
                            <snmp_oid/>
                            <key>orgmsmq.messagecount[{#QUEUE}]</key>
                            <delay>300</delay>
                            <history>90</history>
                            <trends>0</trends>
                            <status>0</status>
                            <value_type>3</value_type>
                            <allowed_hosts/>
                            <units/>
                            <delta>0</delta>
                            <snmpv3_contextname/>
                            <snmpv3_securityname/>
                            <snmpv3_securitylevel>0</snmpv3_securitylevel>
                            <snmpv3_authprotocol>0</snmpv3_authprotocol>
                            <snmpv3_authpassphrase/>
                            <snmpv3_privprotocol>0</snmpv3_privprotocol>
                            <snmpv3_privpassphrase/>
                            <formula>1</formula>
                            <delay_flex/>
                            <params/>
                            <ipmi_sensor/>
                            <data_type>0</data_type>
                            <authtype>0</authtype>
                            <username/>
                            <password/>
                            <publickey/>
                            <privatekey/>
                            <port/>
                            <description/>
                            <inventory_link>0</inventory_link>
                            <applications>
                                <application>
                                    <name>Microsoft Message Queue</name>
                                </application>
                            </applications>
                            <valuemap/>
                            <logtimefmt/>
                            <application_prototypes/>
                        </item_prototype>
                    </item_prototypes>
                    <trigger_prototypes>
                        <trigger_prototype>
                            <expression>{Template Microsoft MSMQ:orgmsmq.messagecount[{#QUEUE}].avg(5m)}&gt;100</expression>
                            <name>Message Queue {#QUEUE} has exceeded 100 messages</name>
                            <url/>
                            <status>1</status>
                            <priority>2</priority>
                            <description/>
                            <type>0</type>
                            <dependencies/>
                        </trigger_prototype>
                    </trigger_prototypes>
                    <graph_prototypes/>
                    <host_prototypes/>
                </discovery_rule>
            </discovery_rules>
            <macros/>
            <templates/>
            <screens/>
        </template>
    </templates>
</zabbix_export>
