<?xml version="1.0" encoding="UTF-8"?>
<zabbix_export>
    <version>3.0</version>
    <date>2016-10-28T05:06:22Z</date>
    <value_maps>
        <value_map>
            <name>cswRingRedundant</name>
            <mappings>
                <mapping>
                    <value>1</value>
                    <newvalue>true</newvalue>
                </mapping>
            </mappings>
        </value_map>
        <value_map>
            <name>cswStackPortOperStatus</name>
            <mappings>
                <mapping>
                    <value>1</value>
                    <newvalue>up</newvalue>
                </mapping>
                <mapping>
                    <value>2</value>
                    <newvalue>down</newvalue>
                </mapping>
                <mapping>
                    <value>3</value>
                    <newvalue>forcedDown</newvalue>
                </mapping>
            </mappings>
        </value_map>
        <value_map>
            <name>cswSwitchRole</name>
            <mappings>
                <mapping>
                    <value>1</value>
                    <newvalue>master</newvalue>
                </mapping>
                <mapping>
                    <value>2</value>
                    <newvalue>member</newvalue>
                </mapping>
                <mapping>
                    <value>3</value>
                    <newvalue>notMember</newvalue>
                </mapping>
            </mappings>
        </value_map>
        <value_map>
            <name>cswSwitchState</name>
            <mappings>
                <mapping>
                    <value>1</value>
                    <newvalue>waiting</newvalue>
                </mapping>
                <mapping>
                    <value>2</value>
                    <newvalue>progressing</newvalue>
                </mapping>
                <mapping>
                    <value>3</value>
                    <newvalue>added</newvalue>
                </mapping>
                <mapping>
                    <value>4</value>
                    <newvalue>ready</newvalue>
                </mapping>
                <mapping>
                    <value>5</value>
                    <newvalue>5sdmMismatch</newvalue>
                </mapping>
                <mapping>
                    <value>6</value>
                    <newvalue>verMismatch</newvalue>
                </mapping>
                <mapping>
                    <value>7</value>
                    <newvalue>featureMismatch</newvalue>
                </mapping>
                <mapping>
                    <value>8</value>
                    <newvalue>newMasterInit</newvalue>
                </mapping>
                <mapping>
                    <value>9</value>
                    <newvalue>provisioned</newvalue>
                </mapping>
                <mapping>
                    <value>10</value>
                    <newvalue>invalid</newvalue>
                </mapping>
            </mappings>
        </value_map>
    </value_maps>
</zabbix_export>
