<?xml version="1.0" encoding="UTF-8"?>
<zabbix_export>
    <version>3.4</version>
    <date>2017-10-05T14:38:47Z</date>
    <groups>
        <group>
            <name>Printers</name>
        </group>
        <group>
            <name>Printers/Printers Konica Minolta bizhub C224e</name>
        </group>
        <group>
            <name>Templates</name>
        </group>
    </groups>
    <templates>
        <template>
            <template>Template Printer Konica Minolta bizhub C224e</template>
            <name>Template Printer Konica Minolta bizhub C224e</name>
            <description/>
            <groups>
                <group>
                    <name>Printers</name>
                </group>
                <group>
                    <name>Printers/Printers Konica Minolta bizhub C224e</name>
                </group>
                <group>
                    <name>Templates</name>
                </group>
            </groups>
            <applications>
                <application>
                    <name>Consumables level</name>
                </application>
                <application>
                    <name>Consumables level %</name>
                </application>
                <application>
                    <name>Pages printed</name>
                </application>
                <application>
                    <name>Printer information</name>
                </application>
            </applications>
            <items>
                <item>
                    <name>Cartridge level % - Image Transfer Belt Unit</name>
                    <type>4</type>
                    <snmp_community>{$SNMP_COMMUNITY}</snmp_community>
                    <snmp_oid>1.3.6.1.2.1.43.11.1.1.9.1.15</snmp_oid>
                    <key>belt.cartridge.procents</key>
                    <delay>30</delay>
                    <history>7d</history>
                    <trends>365d</trends>
                    <status>0</status>
                    <value_type>3</value_type>
                    <allowed_hosts/>
                    <units>%</units>
                    <snmpv3_contextname/>
                    <snmpv3_securityname/>
                    <snmpv3_securitylevel>0</snmpv3_securitylevel>
                    <snmpv3_authprotocol>0</snmpv3_authprotocol>
                    <snmpv3_authpassphrase/>
                    <snmpv3_privprotocol>0</snmpv3_privprotocol>
                    <snmpv3_privpassphrase/>
                    <params/>
                    <ipmi_sensor/>
                    <authtype>0</authtype>
                    <username/>
                    <password/>
                    <publickey/>
                    <privatekey/>
                    <port>161</port>
                    <description/>
                    <inventory_link>0</inventory_link>
                    <applications>
                        <application>
                            <name>Consumables level %</name>
                        </application>
                    </applications>
                    <valuemap/>
                    <logtimefmt/>
                    <preprocessing/>
                    <jmx_endpoint/>
                    <master_item/>
                </item>
                <item>
                    <name>Cartridge level % - Black</name>
                    <type>4</type>
                    <snmp_community>{$SNMP_COMMUNITY}</snmp_community>
                    <snmp_oid>1.3.6.1.2.1.43.11.1.1.9.1.4</snmp_oid>
                    <key>black.cartridge.procents</key>
                    <delay>30s</delay>
                    <history>7d</history>
                    <trends>365d</trends>
                    <status>0</status>
                    <value_type>3</value_type>
                    <allowed_hosts/>
                    <units>%</units>
                    <snmpv3_contextname/>
                    <snmpv3_securityname/>
                    <snmpv3_securitylevel>0</snmpv3_securitylevel>
                    <snmpv3_authprotocol>0</snmpv3_authprotocol>
                    <snmpv3_authpassphrase/>
                    <snmpv3_privprotocol>0</snmpv3_privprotocol>
                    <snmpv3_privpassphrase/>
                    <params/>
                    <ipmi_sensor/>
                    <authtype>0</authtype>
                    <username/>
                    <password/>
                    <publickey/>
                    <privatekey/>
                    <port>161</port>
                    <description/>
                    <inventory_link>0</inventory_link>
                    <applications>
                        <application>
                            <name>Consumables level %</name>
                        </application>
                    </applications>
                    <valuemap/>
                    <logtimefmt/>
                    <preprocessing/>
                    <jmx_endpoint/>
                    <master_item/>
                </item>
                <item>
                    <name>Cartridge level % - Cyan</name>
                    <type>4</type>
                    <snmp_community>{$SNMP_COMMUNITY}</snmp_community>
                    <snmp_oid>1.3.6.1.2.1.43.11.1.1.9.1.1</snmp_oid>
                    <key>cyan.cartridge.toner</key>
                    <delay>30s</delay>
                    <history>7d</history>
                    <trends>365d</trends>
                    <status>0</status>
                    <value_type>3</value_type>
                    <allowed_hosts/>
                    <units>%</units>
                    <snmpv3_contextname/>
                    <snmpv3_securityname/>
                    <snmpv3_securitylevel>0</snmpv3_securitylevel>
                    <snmpv3_authprotocol>0</snmpv3_authprotocol>
                    <snmpv3_authpassphrase/>
                    <snmpv3_privprotocol>0</snmpv3_privprotocol>
                    <snmpv3_privpassphrase/>
                    <params/>
                    <ipmi_sensor/>
                    <authtype>0</authtype>
                    <username/>
                    <password/>
                    <publickey/>
                    <privatekey/>
                    <port>161</port>
                    <description/>
                    <inventory_link>0</inventory_link>
                    <applications>
                        <application>
                            <name>Consumables level %</name>
                        </application>
                    </applications>
                    <valuemap/>
                    <logtimefmt/>
                    <preprocessing/>
                    <jmx_endpoint/>
                    <master_item/>
                </item>
                <item>
                    <name>Cartridge level % - Developer Cartridge (Black)</name>
                    <type>4</type>
                    <snmp_community>{$SNMP_COMMUNITY}</snmp_community>
                    <snmp_oid>1.3.6.1.2.1.43.11.1.1.9.1.12</snmp_oid>
                    <key>developerblack.cartridge.procents</key>
                    <delay>30s</delay>
                    <history>7d</history>
                    <trends>365d</trends>
                    <status>0</status>
                    <value_type>3</value_type>
                    <allowed_hosts/>
                    <units>%</units>
                    <snmpv3_contextname/>
                    <snmpv3_securityname/>
                    <snmpv3_securitylevel>0</snmpv3_securitylevel>
                    <snmpv3_authprotocol>0</snmpv3_authprotocol>
                    <snmpv3_authpassphrase/>
                    <snmpv3_privprotocol>0</snmpv3_privprotocol>
                    <snmpv3_privpassphrase/>
                    <params/>
                    <ipmi_sensor/>
                    <authtype>0</authtype>
                    <username/>
                    <password/>
                    <publickey/>
                    <privatekey/>
                    <port>161</port>
                    <description/>
                    <inventory_link>0</inventory_link>
                    <applications>
                        <application>
                            <name>Consumables level %</name>
                        </application>
                    </applications>
                    <valuemap/>
                    <logtimefmt/>
                    <preprocessing/>
                    <jmx_endpoint/>
                    <master_item/>
                </item>
                <item>
                    <name>Cartridge level % - Developer Cartridge (Cyan)</name>
                    <type>4</type>
                    <snmp_community>{$SNMP_COMMUNITY}</snmp_community>
                    <snmp_oid>1.3.6.1.2.1.43.11.1.1.9.1.6</snmp_oid>
                    <key>developercyan.cartridge.procents</key>
                    <delay>30s</delay>
                    <history>7d</history>
                    <trends>365d</trends>
                    <status>0</status>
                    <value_type>3</value_type>
                    <allowed_hosts/>
                    <units>%</units>
                    <snmpv3_contextname/>
                    <snmpv3_securityname/>
                    <snmpv3_securitylevel>0</snmpv3_securitylevel>
                    <snmpv3_authprotocol>0</snmpv3_authprotocol>
                    <snmpv3_authpassphrase/>
                    <snmpv3_privprotocol>0</snmpv3_privprotocol>
                    <snmpv3_privpassphrase/>
                    <params/>
                    <ipmi_sensor/>
                    <authtype>0</authtype>
                    <username/>
                    <password/>
                    <publickey/>
                    <privatekey/>
                    <port>161</port>
                    <description/>
                    <inventory_link>0</inventory_link>
                    <applications>
                        <application>
                            <name>Consumables level %</name>
                        </application>
                    </applications>
                    <valuemap/>
                    <logtimefmt/>
                    <preprocessing/>
                    <jmx_endpoint/>
                    <master_item/>
                </item>
                <item>
                    <name>Cartridge level % - Developer Cartridge (Magenta)</name>
                    <type>4</type>
                    <snmp_community>{$SNMP_COMMUNITY}</snmp_community>
                    <snmp_oid>1.3.6.1.2.1.43.11.1.1.9.1.8</snmp_oid>
                    <key>developermagenta.cartridge.procents</key>
                    <delay>30s</delay>
                    <history>7d</history>
                    <trends>365d</trends>
                    <status>0</status>
                    <value_type>3</value_type>
                    <allowed_hosts/>
                    <units>%</units>
                    <snmpv3_contextname/>
                    <snmpv3_securityname/>
                    <snmpv3_securitylevel>0</snmpv3_securitylevel>
                    <snmpv3_authprotocol>0</snmpv3_authprotocol>
                    <snmpv3_authpassphrase/>
                    <snmpv3_privprotocol>0</snmpv3_privprotocol>
                    <snmpv3_privpassphrase/>
                    <params/>
                    <ipmi_sensor/>
                    <authtype>0</authtype>
                    <username/>
                    <password/>
                    <publickey/>
                    <privatekey/>
                    <port>161</port>
                    <description/>
                    <inventory_link>0</inventory_link>
                    <applications>
                        <application>
                            <name>Consumables level %</name>
                        </application>
                    </applications>
                    <valuemap/>
                    <logtimefmt/>
                    <preprocessing/>
                    <jmx_endpoint/>
                    <master_item/>
                </item>
                <item>
                    <name>Cartridge level % - Developer Cartridge (Yellow)</name>
                    <type>4</type>
                    <snmp_community>{$SNMP_COMMUNITY}</snmp_community>
                    <snmp_oid>1.3.6.1.2.1.43.11.1.1.9.1.10</snmp_oid>
                    <key>developeryellow.cartridge.procents</key>
                    <delay>30s</delay>
                    <history>7d</history>
                    <trends>365d</trends>
                    <status>0</status>
                    <value_type>3</value_type>
                    <allowed_hosts/>
                    <units>%</units>
                    <snmpv3_contextname/>
                    <snmpv3_securityname/>
                    <snmpv3_securitylevel>0</snmpv3_securitylevel>
                    <snmpv3_authprotocol>0</snmpv3_authprotocol>
                    <snmpv3_authpassphrase/>
                    <snmpv3_privprotocol>0</snmpv3_privprotocol>
                    <snmpv3_privpassphrase/>
                    <params/>
                    <ipmi_sensor/>
                    <authtype>0</authtype>
                    <username/>
                    <password/>
                    <publickey/>
                    <privatekey/>
                    <port>161</port>
                    <description/>
                    <inventory_link>0</inventory_link>
                    <applications>
                        <application>
                            <name>Consumables level %</name>
                        </application>
                    </applications>
                    <valuemap/>
                    <logtimefmt/>
                    <preprocessing/>
                    <jmx_endpoint/>
                    <master_item/>
                </item>
                <item>
                    <name>Cartridge level % - Drum Cartridge (Black)</name>
                    <type>4</type>
                    <snmp_community>{$SNMP_COMMUNITY}</snmp_community>
                    <snmp_oid>1.3.6.1.2.1.43.11.1.1.9.1.11</snmp_oid>
                    <key>drumblack.cartridge.procents</key>
                    <delay>30s</delay>
                    <history>7d</history>
                    <trends>365d</trends>
                    <status>0</status>
                    <value_type>3</value_type>
                    <allowed_hosts/>
                    <units>%</units>
                    <snmpv3_contextname/>
                    <snmpv3_securityname/>
                    <snmpv3_securitylevel>0</snmpv3_securitylevel>
                    <snmpv3_authprotocol>0</snmpv3_authprotocol>
                    <snmpv3_authpassphrase/>
                    <snmpv3_privprotocol>0</snmpv3_privprotocol>
                    <snmpv3_privpassphrase/>
                    <params/>
                    <ipmi_sensor/>
                    <authtype>0</authtype>
                    <username/>
                    <password/>
                    <publickey/>
                    <privatekey/>
                    <port>161</port>
                    <description/>
                    <inventory_link>0</inventory_link>
                    <applications>
                        <application>
                            <name>Consumables level %</name>
                        </application>
                    </applications>
                    <valuemap/>
                    <logtimefmt/>
                    <preprocessing/>
                    <jmx_endpoint/>
                    <master_item/>
                </item>
                <item>
                    <name>Cartridge level % - Drum Cartridge (Cyan)</name>
                    <type>4</type>
                    <snmp_community>{$SNMP_COMMUNITY}</snmp_community>
                    <snmp_oid>1.3.6.1.2.1.43.11.1.1.9.1.5</snmp_oid>
                    <key>drumcyan.cartridge.procents</key>
                    <delay>30s</delay>
                    <history>7d</history>
                    <trends>365d</trends>
                    <status>0</status>
                    <value_type>3</value_type>
                    <allowed_hosts/>
                    <units>%</units>
                    <snmpv3_contextname/>
                    <snmpv3_securityname/>
                    <snmpv3_securitylevel>0</snmpv3_securitylevel>
                    <snmpv3_authprotocol>0</snmpv3_authprotocol>
                    <snmpv3_authpassphrase/>
                    <snmpv3_privprotocol>0</snmpv3_privprotocol>
                    <snmpv3_privpassphrase/>
                    <params/>
                    <ipmi_sensor/>
                    <authtype>0</authtype>
                    <username/>
                    <password/>
                    <publickey/>
                    <privatekey/>
                    <port>161</port>
                    <description/>
                    <inventory_link>0</inventory_link>
                    <applications>
                        <application>
                            <name>Consumables level %</name>
                        </application>
                    </applications>
                    <valuemap/>
                    <logtimefmt/>
                    <preprocessing/>
                    <jmx_endpoint/>
                    <master_item/>
                </item>
                <item>
                    <name>Cartridge level % - Drum Cartridge (Magenta)</name>
                    <type>4</type>
                    <snmp_community>{$SNMP_COMMUNITY}</snmp_community>
                    <snmp_oid>1.3.6.1.2.1.43.11.1.1.9.1.7</snmp_oid>
                    <key>drummagenta.cartridge.procents</key>
                    <delay>30s</delay>
                    <history>7d</history>
                    <trends>365d</trends>
                    <status>0</status>
                    <value_type>3</value_type>
                    <allowed_hosts/>
                    <units>%</units>
                    <snmpv3_contextname/>
                    <snmpv3_securityname/>
                    <snmpv3_securitylevel>0</snmpv3_securitylevel>
                    <snmpv3_authprotocol>0</snmpv3_authprotocol>
                    <snmpv3_authpassphrase/>
                    <snmpv3_privprotocol>0</snmpv3_privprotocol>
                    <snmpv3_privpassphrase/>
                    <params/>
                    <ipmi_sensor/>
                    <authtype>0</authtype>
                    <username/>
                    <password/>
                    <publickey/>
                    <privatekey/>
                    <port>161</port>
                    <description/>
                    <inventory_link>0</inventory_link>
                    <applications>
                        <application>
                            <name>Consumables level %</name>
                        </application>
                    </applications>
                    <valuemap/>
                    <logtimefmt/>
                    <preprocessing/>
                    <jmx_endpoint/>
                    <master_item/>
                </item>
                <item>
                    <name>Cartridge level % - Drum Cartridge (Yellow)</name>
                    <type>4</type>
                    <snmp_community>{$SNMP_COMMUNITY}</snmp_community>
                    <snmp_oid>1.3.6.1.2.1.43.11.1.1.9.1.9</snmp_oid>
                    <key>drumyellow.cartridge.procents</key>
                    <delay>30s</delay>
                    <history>7d</history>
                    <trends>365d</trends>
                    <status>0</status>
                    <value_type>3</value_type>
                    <allowed_hosts/>
                    <units>%</units>
                    <snmpv3_contextname/>
                    <snmpv3_securityname/>
                    <snmpv3_securitylevel>0</snmpv3_securitylevel>
                    <snmpv3_authprotocol>0</snmpv3_authprotocol>
                    <snmpv3_authpassphrase/>
                    <snmpv3_privprotocol>0</snmpv3_privprotocol>
                    <snmpv3_privpassphrase/>
                    <params/>
                    <ipmi_sensor/>
                    <authtype>0</authtype>
                    <username/>
                    <password/>
                    <publickey/>
                    <privatekey/>
                    <port>161</port>
                    <description/>
                    <inventory_link>0</inventory_link>
                    <applications>
                        <application>
                            <name>Consumables level %</name>
                        </application>
                    </applications>
                    <valuemap/>
                    <logtimefmt/>
                    <preprocessing/>
                    <jmx_endpoint/>
                    <master_item/>
                </item>
                <item>
                    <name>Cartridge level % - Fusing Unit</name>
                    <type>4</type>
                    <snmp_community>{$SNMP_COMMUNITY}</snmp_community>
                    <snmp_oid>1.3.6.1.2.1.43.11.1.1.9.1.14</snmp_oid>
                    <key>fuser.cartridge.procents</key>
                    <delay>30</delay>
                    <history>7d</history>
                    <trends>365d</trends>
                    <status>0</status>
                    <value_type>3</value_type>
                    <allowed_hosts/>
                    <units>%</units>
                    <snmpv3_contextname/>
                    <snmpv3_securityname/>
                    <snmpv3_securitylevel>0</snmpv3_securitylevel>
                    <snmpv3_authprotocol>0</snmpv3_authprotocol>
                    <snmpv3_authpassphrase/>
                    <snmpv3_privprotocol>0</snmpv3_privprotocol>
                    <snmpv3_privpassphrase/>
                    <params/>
                    <ipmi_sensor/>
                    <authtype>0</authtype>
                    <username/>
                    <password/>
                    <publickey/>
                    <privatekey/>
                    <port>161</port>
                    <description/>
                    <inventory_link>0</inventory_link>
                    <applications>
                        <application>
                            <name>Consumables level %</name>
                        </application>
                    </applications>
                    <valuemap/>
                    <logtimefmt/>
                    <preprocessing/>
                    <jmx_endpoint/>
                    <master_item/>
                </item>
                <item>
                    <name>Printer error state</name>
                    <type>4</type>
                    <snmp_community>{$SNMP_COMMUNITY}</snmp_community>
                    <snmp_oid>1.3.6.1.2.1.25.3.5.1.2.1</snmp_oid>
                    <key>hrPrinterDetectedErrorState</key>
                    <delay>30s</delay>
                    <history>7d</history>
                    <trends>0</trends>
                    <status>0</status>
                    <value_type>4</value_type>
                    <allowed_hosts/>
                    <units/>
                    <snmpv3_contextname/>
                    <snmpv3_securityname/>
                    <snmpv3_securitylevel>0</snmpv3_securitylevel>
                    <snmpv3_authprotocol>0</snmpv3_authprotocol>
                    <snmpv3_authpassphrase/>
                    <snmpv3_privprotocol>0</snmpv3_privprotocol>
                    <snmpv3_privpassphrase/>
                    <params/>
                    <ipmi_sensor/>
                    <authtype>0</authtype>
                    <username/>
                    <password/>
                    <publickey/>
                    <privatekey/>
                    <port>161</port>
                    <description/>
                    <inventory_link>0</inventory_link>
                    <applications>
                        <application>
                            <name>Printer information</name>
                        </application>
                    </applications>
                    <valuemap/>
                    <logtimefmt/>
                    <preprocessing/>
                    <jmx_endpoint/>
                    <master_item/>
                </item>
                <item>
                    <name>Cartridge level % - Magenta</name>
                    <type>4</type>
                    <snmp_community>{$SNMP_COMMUNITY}</snmp_community>
                    <snmp_oid>1.3.6.1.2.1.43.11.1.1.9.1.2</snmp_oid>
                    <key>magenta.cartridge.procents</key>
                    <delay>30s</delay>
                    <history>7d</history>
                    <trends>365d</trends>
                    <status>0</status>
                    <value_type>3</value_type>
                    <allowed_hosts/>
                    <units>%</units>
                    <snmpv3_contextname/>
                    <snmpv3_securityname/>
                    <snmpv3_securitylevel>0</snmpv3_securitylevel>
                    <snmpv3_authprotocol>0</snmpv3_authprotocol>
                    <snmpv3_authpassphrase/>
                    <snmpv3_privprotocol>0</snmpv3_privprotocol>
                    <snmpv3_privpassphrase/>
                    <params/>
                    <ipmi_sensor/>
                    <authtype>0</authtype>
                    <username/>
                    <password/>
                    <publickey/>
                    <privatekey/>
                    <port>161</port>
                    <description/>
                    <inventory_link>0</inventory_link>
                    <applications>
                        <application>
                            <name>Consumables level %</name>
                        </application>
                    </applications>
                    <valuemap/>
                    <logtimefmt/>
                    <preprocessing/>
                    <jmx_endpoint/>
                    <master_item/>
                </item>
                <item>
                    <name>Printer model</name>
                    <type>4</type>
                    <snmp_community>{$SNMP_COMMUNITY}</snmp_community>
                    <snmp_oid>1.3.6.1.2.1.25.3.2.1.3.1</snmp_oid>
                    <key>model</key>
                    <delay>3600</delay>
                    <history>90d</history>
                    <trends>0</trends>
                    <status>0</status>
                    <value_type>4</value_type>
                    <allowed_hosts/>
                    <units/>
                    <snmpv3_contextname/>
                    <snmpv3_securityname/>
                    <snmpv3_securitylevel>0</snmpv3_securitylevel>
                    <snmpv3_authprotocol>0</snmpv3_authprotocol>
                    <snmpv3_authpassphrase/>
                    <snmpv3_privprotocol>0</snmpv3_privprotocol>
                    <snmpv3_privpassphrase/>
                    <params/>
                    <ipmi_sensor/>
                    <authtype>0</authtype>
                    <username/>
                    <password/>
                    <publickey/>
                    <privatekey/>
                    <port>161</port>
                    <description/>
                    <inventory_link>0</inventory_link>
                    <applications>
                        <application>
                            <name>Printer information</name>
                        </application>
                    </applications>
                    <valuemap/>
                    <logtimefmt/>
                    <preprocessing/>
                    <jmx_endpoint/>
                    <master_item/>
                </item>
                <item>
                    <name>Cartridge level % - Ozone Filter</name>
                    <type>4</type>
                    <snmp_community>{$SNMP_COMMUNITY}</snmp_community>
                    <snmp_oid>1.3.6.1.2.1.43.11.1.1.9.1.17</snmp_oid>
                    <key>ozone.cartridge.procents</key>
                    <delay>30</delay>
                    <history>7d</history>
                    <trends>365d</trends>
                    <status>0</status>
                    <value_type>3</value_type>
                    <allowed_hosts/>
                    <units>%</units>
                    <snmpv3_contextname/>
                    <snmpv3_securityname/>
                    <snmpv3_securitylevel>0</snmpv3_securitylevel>
                    <snmpv3_authprotocol>0</snmpv3_authprotocol>
                    <snmpv3_authpassphrase/>
                    <snmpv3_privprotocol>0</snmpv3_privprotocol>
                    <snmpv3_privpassphrase/>
                    <params/>
                    <ipmi_sensor/>
                    <authtype>0</authtype>
                    <username/>
                    <password/>
                    <publickey/>
                    <privatekey/>
                    <port>161</port>
                    <description/>
                    <inventory_link>0</inventory_link>
                    <applications>
                        <application>
                            <name>Consumables level %</name>
                        </application>
                    </applications>
                    <valuemap/>
                    <logtimefmt/>
                    <preprocessing/>
                    <jmx_endpoint/>
                    <master_item/>
                </item>
                <item>
                    <name>Pages printed - total</name>
                    <type>4</type>
                    <snmp_community>{$SNMP_COMMUNITY}</snmp_community>
                    <snmp_oid>1.3.6.1.2.1.43.10.2.1.4.1.1</snmp_oid>
                    <key>Pages_printed_total</key>
                    <delay>30s</delay>
                    <history>7d</history>
                    <trends>0</trends>
                    <status>0</status>
                    <value_type>4</value_type>
                    <allowed_hosts/>
                    <units/>
                    <snmpv3_contextname/>
                    <snmpv3_securityname/>
                    <snmpv3_securitylevel>0</snmpv3_securitylevel>
                    <snmpv3_authprotocol>0</snmpv3_authprotocol>
                    <snmpv3_authpassphrase/>
                    <snmpv3_privprotocol>0</snmpv3_privprotocol>
                    <snmpv3_privpassphrase/>
                    <params/>
                    <ipmi_sensor/>
                    <authtype>0</authtype>
                    <username/>
                    <password/>
                    <publickey/>
                    <privatekey/>
                    <port>161</port>
                    <description/>
                    <inventory_link>0</inventory_link>
                    <applications>
                        <application>
                            <name>Pages printed</name>
                        </application>
                    </applications>
                    <valuemap/>
                    <logtimefmt/>
                    <preprocessing/>
                    <jmx_endpoint/>
                    <master_item/>
                </item>
                <item>
                    <name>Printer location</name>
                    <type>4</type>
                    <snmp_community>{$SNMP_COMMUNITY}</snmp_community>
                    <snmp_oid>1.3.6.1.2.1.1.6.0</snmp_oid>
                    <key>printer.location</key>
                    <delay>3600</delay>
                    <history>7d</history>
                    <trends>0</trends>
                    <status>0</status>
                    <value_type>4</value_type>
                    <allowed_hosts/>
                    <units/>
                    <snmpv3_contextname/>
                    <snmpv3_securityname/>
                    <snmpv3_securitylevel>0</snmpv3_securitylevel>
                    <snmpv3_authprotocol>0</snmpv3_authprotocol>
                    <snmpv3_authpassphrase/>
                    <snmpv3_privprotocol>0</snmpv3_privprotocol>
                    <snmpv3_privpassphrase/>
                    <params/>
                    <ipmi_sensor/>
                    <authtype>0</authtype>
                    <username/>
                    <password/>
                    <publickey/>
                    <privatekey/>
                    <port>161</port>
                    <description/>
                    <inventory_link>0</inventory_link>
                    <applications>
                        <application>
                            <name>Printer information</name>
                        </application>
                    </applications>
                    <valuemap/>
                    <logtimefmt/>
                    <preprocessing/>
                    <jmx_endpoint/>
                    <master_item/>
                </item>
                <item>
                    <name>Serial number</name>
                    <type>4</type>
                    <snmp_community>{$SNMP_COMMUNITY}</snmp_community>
                    <snmp_oid>1.3.6.1.2.1.43.5.1.1.17.1</snmp_oid>
                    <key>serial.number</key>
                    <delay>3600</delay>
                    <history>7d</history>
                    <trends>0</trends>
                    <status>0</status>
                    <value_type>4</value_type>
                    <allowed_hosts/>
                    <units/>
                    <snmpv3_contextname/>
                    <snmpv3_securityname/>
                    <snmpv3_securitylevel>0</snmpv3_securitylevel>
                    <snmpv3_authprotocol>0</snmpv3_authprotocol>
                    <snmpv3_authpassphrase/>
                    <snmpv3_privprotocol>0</snmpv3_privprotocol>
                    <snmpv3_privpassphrase/>
                    <params/>
                    <ipmi_sensor/>
                    <authtype>0</authtype>
                    <username/>
                    <password/>
                    <publickey/>
                    <privatekey/>
                    <port>161</port>
                    <description/>
                    <inventory_link>0</inventory_link>
                    <applications>
                        <application>
                            <name>Printer information</name>
                        </application>
                    </applications>
                    <valuemap/>
                    <logtimefmt/>
                    <preprocessing/>
                    <jmx_endpoint/>
                    <master_item/>
                </item>
                <item>
                    <name>Cartridge level % - toner waste box</name>
                    <type>4</type>
                    <snmp_community>{$SNMP_COMMUNITY}</snmp_community>
                    <snmp_oid>1.3.6.1.2.1.43.11.1.1.9.1.13</snmp_oid>
                    <key>tonerwastebox.cartridge.procents</key>
                    <delay>30</delay>
                    <history>7d</history>
                    <trends>0</trends>
                    <status>0</status>
                    <value_type>4</value_type>
                    <allowed_hosts/>
                    <units/>
                    <snmpv3_contextname/>
                    <snmpv3_securityname/>
                    <snmpv3_securitylevel>0</snmpv3_securitylevel>
                    <snmpv3_authprotocol>0</snmpv3_authprotocol>
                    <snmpv3_authpassphrase/>
                    <snmpv3_privprotocol>0</snmpv3_privprotocol>
                    <snmpv3_privpassphrase/>
                    <params/>
                    <ipmi_sensor/>
                    <authtype>0</authtype>
                    <username/>
                    <password/>
                    <publickey/>
                    <privatekey/>
                    <port>161</port>
                    <description/>
                    <inventory_link>0</inventory_link>
                    <applications>
                        <application>
                            <name>Consumables level %</name>
                        </application>
                    </applications>
                    <valuemap/>
                    <logtimefmt/>
                    <preprocessing/>
                    <jmx_endpoint/>
                    <master_item/>
                </item>
                <item>
                    <name>Cartridge level % - Transfer Roller Unit</name>
                    <type>4</type>
                    <snmp_community>{$SNMP_COMMUNITY}</snmp_community>
                    <snmp_oid>1.3.6.1.2.1.43.11.1.1.9.1.16</snmp_oid>
                    <key>transferroller.cartridge.procents</key>
                    <delay>30</delay>
                    <history>7d</history>
                    <trends>365d</trends>
                    <status>0</status>
                    <value_type>3</value_type>
                    <allowed_hosts/>
                    <units>%</units>
                    <snmpv3_contextname/>
                    <snmpv3_securityname/>
                    <snmpv3_securitylevel>0</snmpv3_securitylevel>
                    <snmpv3_authprotocol>0</snmpv3_authprotocol>
                    <snmpv3_authpassphrase/>
                    <snmpv3_privprotocol>0</snmpv3_privprotocol>
                    <snmpv3_privpassphrase/>
                    <params/>
                    <ipmi_sensor/>
                    <authtype>0</authtype>
                    <username/>
                    <password/>
                    <publickey/>
                    <privatekey/>
                    <port>161</port>
                    <description/>
                    <inventory_link>0</inventory_link>
                    <applications>
                        <application>
                            <name>Consumables level %</name>
                        </application>
                    </applications>
                    <valuemap/>
                    <logtimefmt/>
                    <preprocessing/>
                    <jmx_endpoint/>
                    <master_item/>
                </item>
                <item>
                    <name>Cartridge level % - Yellow</name>
                    <type>4</type>
                    <snmp_community>{$SNMP_COMMUNITY}</snmp_community>
                    <snmp_oid>1.3.6.1.2.1.43.11.1.1.9.1.3</snmp_oid>
                    <key>yellow.cartridge.procents</key>
                    <delay>30s</delay>
                    <history>7d</history>
                    <trends>365d</trends>
                    <status>0</status>
                    <value_type>3</value_type>
                    <allowed_hosts/>
                    <units>%</units>
                    <snmpv3_contextname/>
                    <snmpv3_securityname/>
                    <snmpv3_securitylevel>0</snmpv3_securitylevel>
                    <snmpv3_authprotocol>0</snmpv3_authprotocol>
                    <snmpv3_authpassphrase/>
                    <snmpv3_privprotocol>0</snmpv3_privprotocol>
                    <snmpv3_privpassphrase/>
                    <params/>
                    <ipmi_sensor/>
                    <authtype>0</authtype>
                    <username/>
                    <password/>
                    <publickey/>
                    <privatekey/>
                    <port>161</port>
                    <description/>
                    <inventory_link>0</inventory_link>
                    <applications>
                        <application>
                            <name>Consumables level %</name>
                        </application>
                    </applications>
                    <valuemap/>
                    <logtimefmt/>
                    <preprocessing/>
                    <jmx_endpoint/>
                    <master_item/>
                </item>
            </items>
            <discovery_rules/>
            <httptests/>
            <macros/>
            <templates/>
            <screens/>
        </template>
    </templates>
    <triggers>
        <trigger>
            <expression>{Template Printer Konica Minolta bizhub C224e:hrPrinterDetectedErrorState.str(00 00,30s)}=0</expression>
            <recovery_mode>0</recovery_mode>
            <recovery_expression/>
            <name>Error on Printer {HOST.NAME}</name>
            <correlation_mode>0</correlation_mode>
            <correlation_tag/>
            <url>http://{HOST.IP}</url>
            <status>0</status>
            <priority>2</priority>
            <description/>
            <type>0</type>
            <manual_close>1</manual_close>
            <dependencies/>
            <tags/>
        </trigger>
        <trigger>
            <expression>{Template Printer Konica Minolta bizhub C224e:black.cartridge.procents.last()}&lt;6</expression>
            <recovery_mode>0</recovery_mode>
            <recovery_expression/>
            <name>Low cartridge toner - Black {HOST.NAME}</name>
            <correlation_mode>0</correlation_mode>
            <correlation_tag/>
            <url>http://{HOST.IP}</url>
            <status>0</status>
            <priority>1</priority>
            <description/>
            <type>0</type>
            <manual_close>0</manual_close>
            <dependencies>
                <dependency>
                    <name>None cartridge toner - Black {HOST.NAME}</name>
                    <expression>{Template Printer Konica Minolta bizhub C224e:black.cartridge.procents.last()}&lt;1</expression>
                    <recovery_expression/>
                </dependency>
            </dependencies>
            <tags/>
        </trigger>
        <trigger>
            <expression>{Template Printer Konica Minolta bizhub C224e:cyan.cartridge.toner.last()}&lt;6</expression>
            <recovery_mode>0</recovery_mode>
            <recovery_expression/>
            <name>Low cartridge toner - Cyan {HOST.NAME}</name>
            <correlation_mode>0</correlation_mode>
            <correlation_tag/>
            <url>http://{HOST.IP}</url>
            <status>0</status>
            <priority>1</priority>
            <description/>
            <type>0</type>
            <manual_close>0</manual_close>
            <dependencies>
                <dependency>
                    <name>None cartridge toner - Cyan {HOST.NAME}</name>
                    <expression>{Template Printer Konica Minolta bizhub C224e:cyan.cartridge.toner.last()}&lt;1</expression>
                    <recovery_expression/>
                </dependency>
            </dependencies>
            <tags/>
        </trigger>
        <trigger>
            <expression>{Template Printer Konica Minolta bizhub C224e:developerblack.cartridge.procents.last()}&lt;6</expression>
            <recovery_mode>0</recovery_mode>
            <recovery_expression/>
            <name>Low cartridge toner - Developer Cartridge Black {HOST.NAME}</name>
            <correlation_mode>0</correlation_mode>
            <correlation_tag/>
            <url>http://{HOST.IP}</url>
            <status>0</status>
            <priority>1</priority>
            <description/>
            <type>0</type>
            <manual_close>1</manual_close>
            <dependencies>
                <dependency>
                    <name>None cartridge toner - Developer Cartridge Black {HOST.NAME}</name>
                    <expression>{Template Printer Konica Minolta bizhub C224e:developerblack.cartridge.procents.last()}&lt;1</expression>
                    <recovery_expression/>
                </dependency>
            </dependencies>
            <tags/>
        </trigger>
        <trigger>
            <expression>{Template Printer Konica Minolta bizhub C224e:developercyan.cartridge.procents.last()}&lt;6</expression>
            <recovery_mode>0</recovery_mode>
            <recovery_expression/>
            <name>Low cartridge toner - Developer Cartridge Cyan {HOST.NAME}</name>
            <correlation_mode>0</correlation_mode>
            <correlation_tag/>
            <url>http://{HOST.IP}</url>
            <status>0</status>
            <priority>1</priority>
            <description/>
            <type>0</type>
            <manual_close>1</manual_close>
            <dependencies>
                <dependency>
                    <name>None cartridge toner - Developer Cartridge Cyan {HOST.NAME}</name>
                    <expression>{Template Printer Konica Minolta bizhub C224e:developercyan.cartridge.procents.last()}&lt;1</expression>
                    <recovery_expression/>
                </dependency>
            </dependencies>
            <tags/>
        </trigger>
        <trigger>
            <expression>{Template Printer Konica Minolta bizhub C224e:developermagenta.cartridge.procents.last()}&lt;6</expression>
            <recovery_mode>0</recovery_mode>
            <recovery_expression/>
            <name>Low cartridge toner - Developer Cartridge Magenta {HOST.NAME}</name>
            <correlation_mode>0</correlation_mode>
            <correlation_tag/>
            <url>http://{HOST.IP}</url>
            <status>0</status>
            <priority>1</priority>
            <description/>
            <type>0</type>
            <manual_close>0</manual_close>
            <dependencies>
                <dependency>
                    <name>None cartridge toner - Developer Cartridge Magenta {HOST.NAME}</name>
                    <expression>{Template Printer Konica Minolta bizhub C224e:developermagenta.cartridge.procents.last()}&lt;1</expression>
                    <recovery_expression/>
                </dependency>
            </dependencies>
            <tags/>
        </trigger>
        <trigger>
            <expression>{Template Printer Konica Minolta bizhub C224e:developeryellow.cartridge.procents.last()}&lt;6</expression>
            <recovery_mode>0</recovery_mode>
            <recovery_expression/>
            <name>Low cartridge toner - Developer Cartridge Yellow {HOST.NAME}</name>
            <correlation_mode>0</correlation_mode>
            <correlation_tag/>
            <url>http://{HOST.IP}</url>
            <status>0</status>
            <priority>1</priority>
            <description/>
            <type>0</type>
            <manual_close>0</manual_close>
            <dependencies>
                <dependency>
                    <name>None cartridge toner - Developer Cartridge Yellow {HOST.NAME}</name>
                    <expression>{Template Printer Konica Minolta bizhub C224e:developeryellow.cartridge.procents.last()}&lt;1</expression>
                    <recovery_expression/>
                </dependency>
            </dependencies>
            <tags/>
        </trigger>
        <trigger>
            <expression>{Template Printer Konica Minolta bizhub C224e:drumblack.cartridge.procents.last()}&lt;6</expression>
            <recovery_mode>0</recovery_mode>
            <recovery_expression/>
            <name>Low cartridge toner - Drum Cartridge Black {HOST.NAME}</name>
            <correlation_mode>0</correlation_mode>
            <correlation_tag/>
            <url>http://{HOST.IP}</url>
            <status>0</status>
            <priority>1</priority>
            <description/>
            <type>0</type>
            <manual_close>1</manual_close>
            <dependencies>
                <dependency>
                    <name>None cartridge toner - Drum Cartridge Black {HOST.NAME}</name>
                    <expression>{Template Printer Konica Minolta bizhub C224e:drumblack.cartridge.procents.last()}&lt;1</expression>
                    <recovery_expression/>
                </dependency>
            </dependencies>
            <tags/>
        </trigger>
        <trigger>
            <expression>{Template Printer Konica Minolta bizhub C224e:drumcyan.cartridge.procents.last()}&lt;6</expression>
            <recovery_mode>0</recovery_mode>
            <recovery_expression/>
            <name>Low cartridge toner - Drum Cartridge Cyan {HOST.NAME}</name>
            <correlation_mode>0</correlation_mode>
            <correlation_tag/>
            <url>http://{HOST.IP}</url>
            <status>0</status>
            <priority>1</priority>
            <description/>
            <type>0</type>
            <manual_close>1</manual_close>
            <dependencies>
                <dependency>
                    <name>None cartridge toner - Drum Cartridge Cyan {HOST.NAME}</name>
                    <expression>{Template Printer Konica Minolta bizhub C224e:drumcyan.cartridge.procents.last()}&lt;1</expression>
                    <recovery_expression/>
                </dependency>
            </dependencies>
            <tags/>
        </trigger>
        <trigger>
            <expression>{Template Printer Konica Minolta bizhub C224e:drummagenta.cartridge.procents.last()}&lt;6</expression>
            <recovery_mode>0</recovery_mode>
            <recovery_expression/>
            <name>Low cartridge toner - Drum Cartridge Magenta {HOST.NAME}</name>
            <correlation_mode>0</correlation_mode>
            <correlation_tag/>
            <url>http://{HOST.IP}</url>
            <status>0</status>
            <priority>1</priority>
            <description/>
            <type>0</type>
            <manual_close>1</manual_close>
            <dependencies>
                <dependency>
                    <name>None cartridge toner - Drum Cartridge Magenta {HOST.NAME}</name>
                    <expression>{Template Printer Konica Minolta bizhub C224e:drummagenta.cartridge.procents.last()}&lt;1</expression>
                    <recovery_expression/>
                </dependency>
            </dependencies>
            <tags/>
        </trigger>
        <trigger>
            <expression>{Template Printer Konica Minolta bizhub C224e:drumyellow.cartridge.procents.last()}&lt;6</expression>
            <recovery_mode>0</recovery_mode>
            <recovery_expression/>
            <name>Low cartridge toner - Drum Cartridge Yellow {HOST.NAME}</name>
            <correlation_mode>0</correlation_mode>
            <correlation_tag/>
            <url>http://{HOST.IP}</url>
            <status>0</status>
            <priority>1</priority>
            <description/>
            <type>0</type>
            <manual_close>1</manual_close>
            <dependencies>
                <dependency>
                    <name>None cartridge toner - Drum Cartridge Yellow {HOST.NAME}</name>
                    <expression>{Template Printer Konica Minolta bizhub C224e:drumyellow.cartridge.procents.last()}&lt;1</expression>
                    <recovery_expression/>
                </dependency>
            </dependencies>
            <tags/>
        </trigger>
        <trigger>
            <expression>{Template Printer Konica Minolta bizhub C224e:fuser.cartridge.procents.last()}&lt;6</expression>
            <recovery_mode>0</recovery_mode>
            <recovery_expression/>
            <name>Low cartridge toner - Fuser Cartridge {HOST.NAME}</name>
            <correlation_mode>0</correlation_mode>
            <correlation_tag/>
            <url>http://{HOST.IP}</url>
            <status>0</status>
            <priority>1</priority>
            <description/>
            <type>0</type>
            <manual_close>1</manual_close>
            <dependencies>
                <dependency>
                    <name>None cartridge toner - Fuser Cartridge {HOST.NAME}</name>
                    <expression>{Template Printer Konica Minolta bizhub C224e:fuser.cartridge.procents.last()}&lt;1</expression>
                    <recovery_expression/>
                </dependency>
            </dependencies>
            <tags/>
        </trigger>
        <trigger>
            <expression>{Template Printer Konica Minolta bizhub C224e:magenta.cartridge.procents.last()}&lt;6</expression>
            <recovery_mode>0</recovery_mode>
            <recovery_expression/>
            <name>Low cartridge toner - Magenta {HOST.NAME}</name>
            <correlation_mode>0</correlation_mode>
            <correlation_tag/>
            <url>http://{HOST.IP}</url>
            <status>0</status>
            <priority>1</priority>
            <description/>
            <type>0</type>
            <manual_close>0</manual_close>
            <dependencies>
                <dependency>
                    <name>None cartridge toner - Magenta {HOST.NAME}</name>
                    <expression>{Template Printer Konica Minolta bizhub C224e:magenta.cartridge.procents.last()}&lt;1</expression>
                    <recovery_expression/>
                </dependency>
            </dependencies>
            <tags/>
        </trigger>
        <trigger>
            <expression>{Template Printer Konica Minolta bizhub C224e:ozone.cartridge.procents.last()}&lt;6</expression>
            <recovery_mode>0</recovery_mode>
            <recovery_expression/>
            <name>Low cartridge toner - Ozone filter {HOST.NAME}</name>
            <correlation_mode>0</correlation_mode>
            <correlation_tag/>
            <url>http://{HOST.IP}</url>
            <status>0</status>
            <priority>1</priority>
            <description/>
            <type>0</type>
            <manual_close>1</manual_close>
            <dependencies>
                <dependency>
                    <name>None cartridge toner - Ozone filter {HOST.NAME}</name>
                    <expression>{Template Printer Konica Minolta bizhub C224e:ozone.cartridge.procents.last()}&lt;1</expression>
                    <recovery_expression/>
                </dependency>
            </dependencies>
            <tags/>
        </trigger>
        <trigger>
            <expression>{Template Printer Konica Minolta bizhub C224e:belt.cartridge.procents.last()}&lt;6</expression>
            <recovery_mode>0</recovery_mode>
            <recovery_expression/>
            <name>Low cartridge toner - Transfer Belt Unit {HOST.NAME}</name>
            <correlation_mode>0</correlation_mode>
            <correlation_tag/>
            <url>http://{HOST.IP}</url>
            <status>0</status>
            <priority>1</priority>
            <description/>
            <type>0</type>
            <manual_close>1</manual_close>
            <dependencies>
                <dependency>
                    <name>None cartridge toner - Transfer Belt Unit {HOST.NAME}</name>
                    <expression>{Template Printer Konica Minolta bizhub C224e:belt.cartridge.procents.last()}&lt;1</expression>
                    <recovery_expression/>
                </dependency>
            </dependencies>
            <tags/>
        </trigger>
        <trigger>
            <expression>{Template Printer Konica Minolta bizhub C224e:transferroller.cartridge.procents.last()}&lt;6</expression>
            <recovery_mode>0</recovery_mode>
            <recovery_expression/>
            <name>Low cartridge toner - Transfer Roller Unit {HOST.NAME}</name>
            <correlation_mode>0</correlation_mode>
            <correlation_tag/>
            <url>http://{HOST.IP}</url>
            <status>0</status>
            <priority>1</priority>
            <description/>
            <type>0</type>
            <manual_close>1</manual_close>
            <dependencies>
                <dependency>
                    <name>None cartridge toner - Transfer Roller Unit {HOST.NAME}</name>
                    <expression>{Template Printer Konica Minolta bizhub C224e:transferroller.cartridge.procents.last()}&lt;1</expression>
                    <recovery_expression/>
                </dependency>
            </dependencies>
            <tags/>
        </trigger>
        <trigger>
            <expression>{Template Printer Konica Minolta bizhub C224e:yellow.cartridge.procents.last()}&lt;6</expression>
            <recovery_mode>0</recovery_mode>
            <recovery_expression/>
            <name>Low cartridge toner - Yellow {HOST.NAME}</name>
            <correlation_mode>0</correlation_mode>
            <correlation_tag/>
            <url>http://{HOST.IP}</url>
            <status>0</status>
            <priority>1</priority>
            <description/>
            <type>0</type>
            <manual_close>0</manual_close>
            <dependencies>
                <dependency>
                    <name>None cartridge toner - Yellow {HOST.NAME}</name>
                    <expression>{Template Printer Konica Minolta bizhub C224e:yellow.cartridge.procents.last()}&lt;1</expression>
                    <recovery_expression/>
                </dependency>
            </dependencies>
            <tags/>
        </trigger>
        <trigger>
            <expression>{Template Printer Konica Minolta bizhub C224e:black.cartridge.procents.last()}&lt;1</expression>
            <recovery_mode>0</recovery_mode>
            <recovery_expression/>
            <name>None cartridge toner - Black {HOST.NAME}</name>
            <correlation_mode>0</correlation_mode>
            <correlation_tag/>
            <url>http://{HOST.IP}</url>
            <status>0</status>
            <priority>3</priority>
            <description/>
            <type>0</type>
            <manual_close>0</manual_close>
            <dependencies/>
            <tags/>
        </trigger>
        <trigger>
            <expression>{Template Printer Konica Minolta bizhub C224e:cyan.cartridge.toner.last()}&lt;1</expression>
            <recovery_mode>0</recovery_mode>
            <recovery_expression/>
            <name>None cartridge toner - Cyan {HOST.NAME}</name>
            <correlation_mode>0</correlation_mode>
            <correlation_tag/>
            <url>http://{HOST.IP}</url>
            <status>0</status>
            <priority>3</priority>
            <description/>
            <type>0</type>
            <manual_close>0</manual_close>
            <dependencies/>
            <tags/>
        </trigger>
        <trigger>
            <expression>{Template Printer Konica Minolta bizhub C224e:developerblack.cartridge.procents.last()}&lt;1</expression>
            <recovery_mode>0</recovery_mode>
            <recovery_expression/>
            <name>None cartridge toner - Developer Cartridge Black {HOST.NAME}</name>
            <correlation_mode>0</correlation_mode>
            <correlation_tag/>
            <url>http://{HOST.IP}</url>
            <status>0</status>
            <priority>3</priority>
            <description/>
            <type>0</type>
            <manual_close>1</manual_close>
            <dependencies/>
            <tags/>
        </trigger>
        <trigger>
            <expression>{Template Printer Konica Minolta bizhub C224e:developercyan.cartridge.procents.last()}&lt;1</expression>
            <recovery_mode>0</recovery_mode>
            <recovery_expression/>
            <name>None cartridge toner - Developer Cartridge Cyan {HOST.NAME}</name>
            <correlation_mode>0</correlation_mode>
            <correlation_tag/>
            <url>http://{HOST.IP}</url>
            <status>0</status>
            <priority>3</priority>
            <description/>
            <type>0</type>
            <manual_close>1</manual_close>
            <dependencies/>
            <tags/>
        </trigger>
        <trigger>
            <expression>{Template Printer Konica Minolta bizhub C224e:developermagenta.cartridge.procents.last()}&lt;1</expression>
            <recovery_mode>0</recovery_mode>
            <recovery_expression/>
            <name>None cartridge toner - Developer Cartridge Magenta {HOST.NAME}</name>
            <correlation_mode>0</correlation_mode>
            <correlation_tag/>
            <url>http://{HOST.IP}</url>
            <status>0</status>
            <priority>3</priority>
            <description/>
            <type>0</type>
            <manual_close>0</manual_close>
            <dependencies/>
            <tags/>
        </trigger>
        <trigger>
            <expression>{Template Printer Konica Minolta bizhub C224e:developeryellow.cartridge.procents.last()}&lt;1</expression>
            <recovery_mode>0</recovery_mode>
            <recovery_expression/>
            <name>None cartridge toner - Developer Cartridge Yellow {HOST.NAME}</name>
            <correlation_mode>0</correlation_mode>
            <correlation_tag/>
            <url>http://{HOST.IP}</url>
            <status>0</status>
            <priority>3</priority>
            <description/>
            <type>0</type>
            <manual_close>0</manual_close>
            <dependencies/>
            <tags/>
        </trigger>
        <trigger>
            <expression>{Template Printer Konica Minolta bizhub C224e:drumblack.cartridge.procents.last()}&lt;1</expression>
            <recovery_mode>0</recovery_mode>
            <recovery_expression/>
            <name>None cartridge toner - Drum Cartridge Black {HOST.NAME}</name>
            <correlation_mode>0</correlation_mode>
            <correlation_tag/>
            <url>http://{HOST.IP}</url>
            <status>0</status>
            <priority>3</priority>
            <description/>
            <type>0</type>
            <manual_close>1</manual_close>
            <dependencies/>
            <tags/>
        </trigger>
        <trigger>
            <expression>{Template Printer Konica Minolta bizhub C224e:drumcyan.cartridge.procents.last()}&lt;1</expression>
            <recovery_mode>0</recovery_mode>
            <recovery_expression/>
            <name>None cartridge toner - Drum Cartridge Cyan {HOST.NAME}</name>
            <correlation_mode>0</correlation_mode>
            <correlation_tag/>
            <url>http://{HOST.IP}</url>
            <status>0</status>
            <priority>3</priority>
            <description/>
            <type>0</type>
            <manual_close>1</manual_close>
            <dependencies/>
            <tags/>
        </trigger>
        <trigger>
            <expression>{Template Printer Konica Minolta bizhub C224e:drummagenta.cartridge.procents.last()}&lt;1</expression>
            <recovery_mode>0</recovery_mode>
            <recovery_expression/>
            <name>None cartridge toner - Drum Cartridge Magenta {HOST.NAME}</name>
            <correlation_mode>0</correlation_mode>
            <correlation_tag/>
            <url>http://{HOST.IP}</url>
            <status>0</status>
            <priority>3</priority>
            <description/>
            <type>0</type>
            <manual_close>1</manual_close>
            <dependencies/>
            <tags/>
        </trigger>
        <trigger>
            <expression>{Template Printer Konica Minolta bizhub C224e:drumyellow.cartridge.procents.last()}&lt;1</expression>
            <recovery_mode>0</recovery_mode>
            <recovery_expression/>
            <name>None cartridge toner - Drum Cartridge Yellow {HOST.NAME}</name>
            <correlation_mode>0</correlation_mode>
            <correlation_tag/>
            <url>http://{HOST.IP}</url>
            <status>0</status>
            <priority>3</priority>
            <description/>
            <type>0</type>
            <manual_close>1</manual_close>
            <dependencies/>
            <tags/>
        </trigger>
        <trigger>
            <expression>{Template Printer Konica Minolta bizhub C224e:fuser.cartridge.procents.last()}&lt;1</expression>
            <recovery_mode>0</recovery_mode>
            <recovery_expression/>
            <name>None cartridge toner - Fuser Cartridge {HOST.NAME}</name>
            <correlation_mode>0</correlation_mode>
            <correlation_tag/>
            <url>http://{HOST.IP}</url>
            <status>0</status>
            <priority>3</priority>
            <description/>
            <type>0</type>
            <manual_close>1</manual_close>
            <dependencies/>
            <tags/>
        </trigger>
        <trigger>
            <expression>{Template Printer Konica Minolta bizhub C224e:magenta.cartridge.procents.last()}&lt;1</expression>
            <recovery_mode>0</recovery_mode>
            <recovery_expression/>
            <name>None cartridge toner - Magenta {HOST.NAME}</name>
            <correlation_mode>0</correlation_mode>
            <correlation_tag/>
            <url>http://{HOST.IP}</url>
            <status>0</status>
            <priority>3</priority>
            <description/>
            <type>0</type>
            <manual_close>0</manual_close>
            <dependencies/>
            <tags/>
        </trigger>
        <trigger>
            <expression>{Template Printer Konica Minolta bizhub C224e:ozone.cartridge.procents.last()}&lt;1</expression>
            <recovery_mode>0</recovery_mode>
            <recovery_expression/>
            <name>None cartridge toner - Ozone filter {HOST.NAME}</name>
            <correlation_mode>0</correlation_mode>
            <correlation_tag/>
            <url>http://{HOST.IP}</url>
            <status>0</status>
            <priority>3</priority>
            <description/>
            <type>0</type>
            <manual_close>1</manual_close>
            <dependencies/>
            <tags/>
        </trigger>
        <trigger>
            <expression>{Template Printer Konica Minolta bizhub C224e:belt.cartridge.procents.last()}&lt;1</expression>
            <recovery_mode>0</recovery_mode>
            <recovery_expression/>
            <name>None cartridge toner - Transfer Belt Unit {HOST.NAME}</name>
            <correlation_mode>0</correlation_mode>
            <correlation_tag/>
            <url>http://{HOST.IP}</url>
            <status>0</status>
            <priority>3</priority>
            <description/>
            <type>0</type>
            <manual_close>1</manual_close>
            <dependencies/>
            <tags/>
        </trigger>
        <trigger>
            <expression>{Template Printer Konica Minolta bizhub C224e:transferroller.cartridge.procents.last()}&lt;1</expression>
            <recovery_mode>0</recovery_mode>
            <recovery_expression/>
            <name>None cartridge toner - Transfer Roller Unit {HOST.NAME}</name>
            <correlation_mode>0</correlation_mode>
            <correlation_tag/>
            <url>http://{HOST.IP}</url>
            <status>0</status>
            <priority>3</priority>
            <description/>
            <type>0</type>
            <manual_close>1</manual_close>
            <dependencies/>
            <tags/>
        </trigger>
        <trigger>
            <expression>{Template Printer Konica Minolta bizhub C224e:yellow.cartridge.procents.last()}&lt;1</expression>
            <recovery_mode>0</recovery_mode>
            <recovery_expression/>
            <name>None cartridge toner - Yellow {HOST.NAME}</name>
            <correlation_mode>0</correlation_mode>
            <correlation_tag/>
            <url>http://{HOST.IP}</url>
            <status>0</status>
            <priority>3</priority>
            <description/>
            <type>0</type>
            <manual_close>0</manual_close>
            <dependencies/>
            <tags/>
        </trigger>
    </triggers>
</zabbix_export>
