<?xml version="1.0" encoding="UTF-8"?>
<zabbix_export>
    <version>3.4</version>
    <date>2017-10-05T14:38:31Z</date>
    <groups>
        <group>
            <name>Printers</name>
        </group>
        <group>
            <name>Printers/Printers Konica Minolta bizhub 36</name>
        </group>
        <group>
            <name>Templates</name>
        </group>
    </groups>
    <templates>
        <template>
            <template>Template Printer Konica Minolta bizhub 36</template>
            <name>Template Printer Konica Minolta bizhub 36</name>
            <description/>
            <groups>
                <group>
                    <name>Printers</name>
                </group>
                <group>
                    <name>Printers/Printers Konica Minolta bizhub 36</name>
                </group>
                <group>
                    <name>Templates</name>
                </group>
            </groups>
            <applications>
                <application>
                    <name>Consumables level</name>
                </application>
                <application>
                    <name>Consumables level %</name>
                </application>
                <application>
                    <name>Pages printed</name>
                </application>
                <application>
                    <name>Printer information</name>
                </application>
            </applications>
            <items>
                <item>
                    <name>Cartridge level % - Black</name>
                    <type>4</type>
                    <snmp_community>{$SNMP_COMMUNITY}</snmp_community>
                    <snmp_oid>1.3.6.1.2.1.43.11.1.1.9.1.1</snmp_oid>
                    <key>black.cartridge.toner</key>
                    <delay>30s</delay>
                    <history>7d</history>
                    <trends>365d</trends>
                    <status>0</status>
                    <value_type>3</value_type>
                    <allowed_hosts/>
                    <units>%</units>
                    <snmpv3_contextname/>
                    <snmpv3_securityname/>
                    <snmpv3_securitylevel>0</snmpv3_securitylevel>
                    <snmpv3_authprotocol>0</snmpv3_authprotocol>
                    <snmpv3_authpassphrase/>
                    <snmpv3_privprotocol>0</snmpv3_privprotocol>
                    <snmpv3_privpassphrase/>
                    <params/>
                    <ipmi_sensor/>
                    <authtype>0</authtype>
                    <username/>
                    <password/>
                    <publickey/>
                    <privatekey/>
                    <port>161</port>
                    <description/>
                    <inventory_link>0</inventory_link>
                    <applications>
                        <application>
                            <name>Consumables level %</name>
                        </application>
                    </applications>
                    <valuemap/>
                    <logtimefmt/>
                    <preprocessing/>
                    <jmx_endpoint/>
                    <master_item/>
                </item>
                <item>
                    <name>Cartridge level % - Developer Cartridge (Black)</name>
                    <type>4</type>
                    <snmp_community>{$SNMP_COMMUNITY}</snmp_community>
                    <snmp_oid>1.3.6.1.2.1.43.11.1.1.9.1.3</snmp_oid>
                    <key>developer.cartridge.procents</key>
                    <delay>30s</delay>
                    <history>7d</history>
                    <trends>365d</trends>
                    <status>0</status>
                    <value_type>3</value_type>
                    <allowed_hosts/>
                    <units>%</units>
                    <snmpv3_contextname/>
                    <snmpv3_securityname/>
                    <snmpv3_securitylevel>0</snmpv3_securitylevel>
                    <snmpv3_authprotocol>0</snmpv3_authprotocol>
                    <snmpv3_authpassphrase/>
                    <snmpv3_privprotocol>0</snmpv3_privprotocol>
                    <snmpv3_privpassphrase/>
                    <params/>
                    <ipmi_sensor/>
                    <authtype>0</authtype>
                    <username/>
                    <password/>
                    <publickey/>
                    <privatekey/>
                    <port>161</port>
                    <description/>
                    <inventory_link>0</inventory_link>
                    <applications>
                        <application>
                            <name>Consumables level %</name>
                        </application>
                    </applications>
                    <valuemap/>
                    <logtimefmt/>
                    <preprocessing/>
                    <jmx_endpoint/>
                    <master_item/>
                </item>
                <item>
                    <name>Cartridge level % - Developer Powder (Black)</name>
                    <type>4</type>
                    <snmp_community>{$SNMP_COMMUNITY}</snmp_community>
                    <snmp_oid>1.3.6.1.2.1.43.11.1.1.9.1.4</snmp_oid>
                    <key>developer.powder.procents</key>
                    <delay>30s</delay>
                    <history>7d</history>
                    <trends>365d</trends>
                    <status>0</status>
                    <value_type>3</value_type>
                    <allowed_hosts/>
                    <units>%</units>
                    <snmpv3_contextname/>
                    <snmpv3_securityname/>
                    <snmpv3_securitylevel>0</snmpv3_securitylevel>
                    <snmpv3_authprotocol>0</snmpv3_authprotocol>
                    <snmpv3_authpassphrase/>
                    <snmpv3_privprotocol>0</snmpv3_privprotocol>
                    <snmpv3_privpassphrase/>
                    <params/>
                    <ipmi_sensor/>
                    <authtype>0</authtype>
                    <username/>
                    <password/>
                    <publickey/>
                    <privatekey/>
                    <port>161</port>
                    <description/>
                    <inventory_link>0</inventory_link>
                    <applications>
                        <application>
                            <name>Consumables level %</name>
                        </application>
                    </applications>
                    <valuemap/>
                    <logtimefmt/>
                    <preprocessing/>
                    <jmx_endpoint/>
                    <master_item/>
                </item>
                <item>
                    <name>Cartridge level % - Drum Cartridge (Black)</name>
                    <type>4</type>
                    <snmp_community>{$SNMP_COMMUNITY}</snmp_community>
                    <snmp_oid>1.3.6.1.2.1.43.11.1.1.9.1.2</snmp_oid>
                    <key>drumcartridge.cartridge.procents</key>
                    <delay>30s</delay>
                    <history>7d</history>
                    <trends>365d</trends>
                    <status>0</status>
                    <value_type>3</value_type>
                    <allowed_hosts/>
                    <units>%</units>
                    <snmpv3_contextname/>
                    <snmpv3_securityname/>
                    <snmpv3_securitylevel>0</snmpv3_securitylevel>
                    <snmpv3_authprotocol>0</snmpv3_authprotocol>
                    <snmpv3_authpassphrase/>
                    <snmpv3_privprotocol>0</snmpv3_privprotocol>
                    <snmpv3_privpassphrase/>
                    <params/>
                    <ipmi_sensor/>
                    <authtype>0</authtype>
                    <username/>
                    <password/>
                    <publickey/>
                    <privatekey/>
                    <port>161</port>
                    <description/>
                    <inventory_link>0</inventory_link>
                    <applications>
                        <application>
                            <name>Consumables level %</name>
                        </application>
                    </applications>
                    <valuemap/>
                    <logtimefmt/>
                    <preprocessing/>
                    <jmx_endpoint/>
                    <master_item/>
                </item>
                <item>
                    <name>Cartridge level % - Fuser Unit</name>
                    <type>4</type>
                    <snmp_community>{$SNMP_COMMUNITY}</snmp_community>
                    <snmp_oid>1.3.6.1.2.1.43.11.1.1.9.1.5</snmp_oid>
                    <key>fuser.cartridge.procents</key>
                    <delay>30s</delay>
                    <history>7d</history>
                    <trends>365d</trends>
                    <status>0</status>
                    <value_type>3</value_type>
                    <allowed_hosts/>
                    <units>%</units>
                    <snmpv3_contextname/>
                    <snmpv3_securityname/>
                    <snmpv3_securitylevel>0</snmpv3_securitylevel>
                    <snmpv3_authprotocol>0</snmpv3_authprotocol>
                    <snmpv3_authpassphrase/>
                    <snmpv3_privprotocol>0</snmpv3_privprotocol>
                    <snmpv3_privpassphrase/>
                    <params/>
                    <ipmi_sensor/>
                    <authtype>0</authtype>
                    <username/>
                    <password/>
                    <publickey/>
                    <privatekey/>
                    <port>161</port>
                    <description/>
                    <inventory_link>0</inventory_link>
                    <applications>
                        <application>
                            <name>Consumables level %</name>
                        </application>
                    </applications>
                    <valuemap/>
                    <logtimefmt/>
                    <preprocessing/>
                    <jmx_endpoint/>
                    <master_item/>
                </item>
                <item>
                    <name>Printer error state</name>
                    <type>4</type>
                    <snmp_community>{$SNMP_COMMUNITY}</snmp_community>
                    <snmp_oid>1.3.6.1.2.1.25.3.5.1.2.1</snmp_oid>
                    <key>hrPrinterDetectedErrorState</key>
                    <delay>30s</delay>
                    <history>7d</history>
                    <trends>0</trends>
                    <status>0</status>
                    <value_type>4</value_type>
                    <allowed_hosts/>
                    <units/>
                    <snmpv3_contextname/>
                    <snmpv3_securityname/>
                    <snmpv3_securitylevel>0</snmpv3_securitylevel>
                    <snmpv3_authprotocol>0</snmpv3_authprotocol>
                    <snmpv3_authpassphrase/>
                    <snmpv3_privprotocol>0</snmpv3_privprotocol>
                    <snmpv3_privpassphrase/>
                    <params/>
                    <ipmi_sensor/>
                    <authtype>0</authtype>
                    <username/>
                    <password/>
                    <publickey/>
                    <privatekey/>
                    <port>161</port>
                    <description/>
                    <inventory_link>0</inventory_link>
                    <applications>
                        <application>
                            <name>Printer information</name>
                        </application>
                    </applications>
                    <valuemap/>
                    <logtimefmt/>
                    <preprocessing/>
                    <jmx_endpoint/>
                    <master_item/>
                </item>
                <item>
                    <name>Printer model</name>
                    <type>4</type>
                    <snmp_community>{$SNMP_COMMUNITY}</snmp_community>
                    <snmp_oid>1.3.6.1.2.1.25.3.2.1.3.1</snmp_oid>
                    <key>model</key>
                    <delay>3600</delay>
                    <history>90d</history>
                    <trends>0</trends>
                    <status>0</status>
                    <value_type>4</value_type>
                    <allowed_hosts/>
                    <units/>
                    <snmpv3_contextname/>
                    <snmpv3_securityname/>
                    <snmpv3_securitylevel>0</snmpv3_securitylevel>
                    <snmpv3_authprotocol>0</snmpv3_authprotocol>
                    <snmpv3_authpassphrase/>
                    <snmpv3_privprotocol>0</snmpv3_privprotocol>
                    <snmpv3_privpassphrase/>
                    <params/>
                    <ipmi_sensor/>
                    <authtype>0</authtype>
                    <username/>
                    <password/>
                    <publickey/>
                    <privatekey/>
                    <port>161</port>
                    <description/>
                    <inventory_link>0</inventory_link>
                    <applications>
                        <application>
                            <name>Printer information</name>
                        </application>
                    </applications>
                    <valuemap/>
                    <logtimefmt/>
                    <preprocessing/>
                    <jmx_endpoint/>
                    <master_item/>
                </item>
                <item>
                    <name>Cartridge level % - Ozone Filter</name>
                    <type>4</type>
                    <snmp_community>{$SNMP_COMMUNITY}</snmp_community>
                    <snmp_oid>1.3.6.1.2.1.43.11.1.1.9.1.7</snmp_oid>
                    <key>ozone.cartridge.procents</key>
                    <delay>30s</delay>
                    <history>7d</history>
                    <trends>365d</trends>
                    <status>0</status>
                    <value_type>3</value_type>
                    <allowed_hosts/>
                    <units>%</units>
                    <snmpv3_contextname/>
                    <snmpv3_securityname/>
                    <snmpv3_securitylevel>0</snmpv3_securitylevel>
                    <snmpv3_authprotocol>0</snmpv3_authprotocol>
                    <snmpv3_authpassphrase/>
                    <snmpv3_privprotocol>0</snmpv3_privprotocol>
                    <snmpv3_privpassphrase/>
                    <params/>
                    <ipmi_sensor/>
                    <authtype>0</authtype>
                    <username/>
                    <password/>
                    <publickey/>
                    <privatekey/>
                    <port>161</port>
                    <description/>
                    <inventory_link>0</inventory_link>
                    <applications>
                        <application>
                            <name>Consumables level %</name>
                        </application>
                    </applications>
                    <valuemap/>
                    <logtimefmt/>
                    <preprocessing/>
                    <jmx_endpoint/>
                    <master_item/>
                </item>
                <item>
                    <name>Pages printed - total</name>
                    <type>4</type>
                    <snmp_community>{$SNMP_COMMUNITY}</snmp_community>
                    <snmp_oid>1.3.6.1.2.1.43.10.2.1.4.1.1</snmp_oid>
                    <key>Pages_printed_total</key>
                    <delay>30s</delay>
                    <history>7d</history>
                    <trends>0</trends>
                    <status>0</status>
                    <value_type>4</value_type>
                    <allowed_hosts/>
                    <units/>
                    <snmpv3_contextname/>
                    <snmpv3_securityname/>
                    <snmpv3_securitylevel>0</snmpv3_securitylevel>
                    <snmpv3_authprotocol>0</snmpv3_authprotocol>
                    <snmpv3_authpassphrase/>
                    <snmpv3_privprotocol>0</snmpv3_privprotocol>
                    <snmpv3_privpassphrase/>
                    <params/>
                    <ipmi_sensor/>
                    <authtype>0</authtype>
                    <username/>
                    <password/>
                    <publickey/>
                    <privatekey/>
                    <port>161</port>
                    <description/>
                    <inventory_link>0</inventory_link>
                    <applications>
                        <application>
                            <name>Pages printed</name>
                        </application>
                    </applications>
                    <valuemap/>
                    <logtimefmt/>
                    <preprocessing/>
                    <jmx_endpoint/>
                    <master_item/>
                </item>
                <item>
                    <name>Cartridge level % - Paper Dust Remover</name>
                    <type>4</type>
                    <snmp_community>{$SNMP_COMMUNITY}</snmp_community>
                    <snmp_oid>1.3.6.1.2.1.43.11.1.1.9.1.8</snmp_oid>
                    <key>paperdustremover.cartridge.procents</key>
                    <delay>30s</delay>
                    <history>7d</history>
                    <trends>365d</trends>
                    <status>0</status>
                    <value_type>3</value_type>
                    <allowed_hosts/>
                    <units>%</units>
                    <snmpv3_contextname/>
                    <snmpv3_securityname/>
                    <snmpv3_securitylevel>0</snmpv3_securitylevel>
                    <snmpv3_authprotocol>0</snmpv3_authprotocol>
                    <snmpv3_authpassphrase/>
                    <snmpv3_privprotocol>0</snmpv3_privprotocol>
                    <snmpv3_privpassphrase/>
                    <params/>
                    <ipmi_sensor/>
                    <authtype>0</authtype>
                    <username/>
                    <password/>
                    <publickey/>
                    <privatekey/>
                    <port>161</port>
                    <description/>
                    <inventory_link>0</inventory_link>
                    <applications>
                        <application>
                            <name>Consumables level %</name>
                        </application>
                    </applications>
                    <valuemap/>
                    <logtimefmt/>
                    <preprocessing/>
                    <jmx_endpoint/>
                    <master_item/>
                </item>
                <item>
                    <name>Printer location</name>
                    <type>4</type>
                    <snmp_community>{$SNMP_COMMUNITY}</snmp_community>
                    <snmp_oid>1.3.6.1.2.1.1.6.0</snmp_oid>
                    <key>printer.location</key>
                    <delay>3600</delay>
                    <history>7d</history>
                    <trends>0</trends>
                    <status>0</status>
                    <value_type>4</value_type>
                    <allowed_hosts/>
                    <units/>
                    <snmpv3_contextname/>
                    <snmpv3_securityname/>
                    <snmpv3_securitylevel>0</snmpv3_securitylevel>
                    <snmpv3_authprotocol>0</snmpv3_authprotocol>
                    <snmpv3_authpassphrase/>
                    <snmpv3_privprotocol>0</snmpv3_privprotocol>
                    <snmpv3_privpassphrase/>
                    <params/>
                    <ipmi_sensor/>
                    <authtype>0</authtype>
                    <username/>
                    <password/>
                    <publickey/>
                    <privatekey/>
                    <port>161</port>
                    <description/>
                    <inventory_link>0</inventory_link>
                    <applications>
                        <application>
                            <name>Printer information</name>
                        </application>
                    </applications>
                    <valuemap/>
                    <logtimefmt/>
                    <preprocessing/>
                    <jmx_endpoint/>
                    <master_item/>
                </item>
                <item>
                    <name>Serial number</name>
                    <type>4</type>
                    <snmp_community>{$SNMP_COMMUNITY}</snmp_community>
                    <snmp_oid>1.3.6.1.2.1.43.5.1.1.17.1</snmp_oid>
                    <key>serial.number</key>
                    <delay>3600</delay>
                    <history>7d</history>
                    <trends>0</trends>
                    <status>0</status>
                    <value_type>4</value_type>
                    <allowed_hosts/>
                    <units/>
                    <snmpv3_contextname/>
                    <snmpv3_securityname/>
                    <snmpv3_securitylevel>0</snmpv3_securitylevel>
                    <snmpv3_authprotocol>0</snmpv3_authprotocol>
                    <snmpv3_authpassphrase/>
                    <snmpv3_privprotocol>0</snmpv3_privprotocol>
                    <snmpv3_privpassphrase/>
                    <params/>
                    <ipmi_sensor/>
                    <authtype>0</authtype>
                    <username/>
                    <password/>
                    <publickey/>
                    <privatekey/>
                    <port>161</port>
                    <description/>
                    <inventory_link>0</inventory_link>
                    <applications>
                        <application>
                            <name>Printer information</name>
                        </application>
                    </applications>
                    <valuemap/>
                    <logtimefmt/>
                    <preprocessing/>
                    <jmx_endpoint/>
                    <master_item/>
                </item>
                <item>
                    <name>Cartridge level % - Transfer Unit</name>
                    <type>4</type>
                    <snmp_community>{$SNMP_COMMUNITY}</snmp_community>
                    <snmp_oid>1.3.6.1.2.1.43.11.1.1.9.1.6</snmp_oid>
                    <key>transfer.cartridge.procents</key>
                    <delay>30s</delay>
                    <history>7d</history>
                    <trends>365d</trends>
                    <status>0</status>
                    <value_type>3</value_type>
                    <allowed_hosts/>
                    <units>%</units>
                    <snmpv3_contextname/>
                    <snmpv3_securityname/>
                    <snmpv3_securitylevel>0</snmpv3_securitylevel>
                    <snmpv3_authprotocol>0</snmpv3_authprotocol>
                    <snmpv3_authpassphrase/>
                    <snmpv3_privprotocol>0</snmpv3_privprotocol>
                    <snmpv3_privpassphrase/>
                    <params/>
                    <ipmi_sensor/>
                    <authtype>0</authtype>
                    <username/>
                    <password/>
                    <publickey/>
                    <privatekey/>
                    <port>161</port>
                    <description/>
                    <inventory_link>0</inventory_link>
                    <applications>
                        <application>
                            <name>Consumables level %</name>
                        </application>
                    </applications>
                    <valuemap/>
                    <logtimefmt/>
                    <preprocessing/>
                    <jmx_endpoint/>
                    <master_item/>
                </item>
            </items>
            <discovery_rules/>
            <httptests/>
            <macros/>
            <templates/>
            <screens/>
        </template>
    </templates>
    <triggers>
        <trigger>
            <expression>{Template Printer Konica Minolta bizhub 36:hrPrinterDetectedErrorState.str(00 00,30s)}=0</expression>
            <recovery_mode>0</recovery_mode>
            <recovery_expression/>
            <name>Error on Printer {HOST.NAME}</name>
            <correlation_mode>0</correlation_mode>
            <correlation_tag/>
            <url>http://{HOST.IP}</url>
            <status>0</status>
            <priority>2</priority>
            <description/>
            <type>0</type>
            <manual_close>1</manual_close>
            <dependencies/>
            <tags/>
        </trigger>
        <trigger>
            <expression>{Template Printer Konica Minolta bizhub 36:black.cartridge.toner.last()}&lt;6</expression>
            <recovery_mode>0</recovery_mode>
            <recovery_expression/>
            <name>Low cartridge toner - BLACK {HOST.NAME}</name>
            <correlation_mode>0</correlation_mode>
            <correlation_tag/>
            <url>http://{HOST.IP}</url>
            <status>0</status>
            <priority>1</priority>
            <description/>
            <type>0</type>
            <manual_close>0</manual_close>
            <dependencies>
                <dependency>
                    <name>None cartridge toner - BLACK {HOST.NAME}</name>
                    <expression>{Template Printer Konica Minolta bizhub 36:black.cartridge.toner.last()}&lt;1</expression>
                    <recovery_expression/>
                </dependency>
            </dependencies>
            <tags/>
        </trigger>
        <trigger>
            <expression>{Template Printer Konica Minolta bizhub 36:developer.cartridge.procents.last()}&lt;6</expression>
            <recovery_mode>0</recovery_mode>
            <recovery_expression/>
            <name>Low cartridge toner - Developer Cartridge {HOST.NAME}</name>
            <correlation_mode>0</correlation_mode>
            <correlation_tag/>
            <url>http://{HOST.IP}</url>
            <status>0</status>
            <priority>1</priority>
            <description/>
            <type>0</type>
            <manual_close>1</manual_close>
            <dependencies>
                <dependency>
                    <name>None cartridge toner - Developer Cartridge {HOST.NAME}</name>
                    <expression>{Template Printer Konica Minolta bizhub 36:developer.cartridge.procents.last()}&lt;1</expression>
                    <recovery_expression/>
                </dependency>
            </dependencies>
            <tags/>
        </trigger>
        <trigger>
            <expression>{Template Printer Konica Minolta bizhub 36:developer.powder.procents.last()}&lt;6</expression>
            <recovery_mode>0</recovery_mode>
            <recovery_expression/>
            <name>Low cartridge toner - Developer Powder {HOST.NAME}</name>
            <correlation_mode>0</correlation_mode>
            <correlation_tag/>
            <url>http://{HOST.IP}</url>
            <status>0</status>
            <priority>1</priority>
            <description/>
            <type>0</type>
            <manual_close>1</manual_close>
            <dependencies>
                <dependency>
                    <name>None cartridge toner - Developer Powder {HOST.NAME}</name>
                    <expression>{Template Printer Konica Minolta bizhub 36:developer.powder.procents.last()}&lt;1</expression>
                    <recovery_expression/>
                </dependency>
            </dependencies>
            <tags/>
        </trigger>
        <trigger>
            <expression>{Template Printer Konica Minolta bizhub 36:drumcartridge.cartridge.procents.last()}&lt;6</expression>
            <recovery_mode>0</recovery_mode>
            <recovery_expression/>
            <name>Low cartridge toner - Drum Cartridge {HOST.NAME}</name>
            <correlation_mode>0</correlation_mode>
            <correlation_tag/>
            <url>http://{HOST.IP}</url>
            <status>0</status>
            <priority>1</priority>
            <description/>
            <type>0</type>
            <manual_close>1</manual_close>
            <dependencies>
                <dependency>
                    <name>None cartridge toner - Drum Cartridge {HOST.NAME}</name>
                    <expression>{Template Printer Konica Minolta bizhub 36:drumcartridge.cartridge.procents.last()}&lt;1</expression>
                    <recovery_expression/>
                </dependency>
            </dependencies>
            <tags/>
        </trigger>
        <trigger>
            <expression>{Template Printer Konica Minolta bizhub 36:fuser.cartridge.procents.last()}&lt;6</expression>
            <recovery_mode>0</recovery_mode>
            <recovery_expression/>
            <name>Low cartridge toner - Fuser Cartridge {HOST.NAME}</name>
            <correlation_mode>0</correlation_mode>
            <correlation_tag/>
            <url>http://{HOST.IP}</url>
            <status>0</status>
            <priority>1</priority>
            <description/>
            <type>0</type>
            <manual_close>1</manual_close>
            <dependencies>
                <dependency>
                    <name>None cartridge toner - Fuser Cartridge {HOST.NAME}</name>
                    <expression>{Template Printer Konica Minolta bizhub 36:fuser.cartridge.procents.last()}&lt;1</expression>
                    <recovery_expression/>
                </dependency>
            </dependencies>
            <tags/>
        </trigger>
        <trigger>
            <expression>{Template Printer Konica Minolta bizhub 36:ozone.cartridge.procents.last()}&lt;6</expression>
            <recovery_mode>0</recovery_mode>
            <recovery_expression/>
            <name>Low cartridge toner - Ozone filter {HOST.NAME}</name>
            <correlation_mode>0</correlation_mode>
            <correlation_tag/>
            <url>http://{HOST.IP}</url>
            <status>0</status>
            <priority>1</priority>
            <description/>
            <type>0</type>
            <manual_close>1</manual_close>
            <dependencies>
                <dependency>
                    <name>None cartridge toner - Ozone filter {HOST.NAME}</name>
                    <expression>{Template Printer Konica Minolta bizhub 36:ozone.cartridge.procents.last()}&lt;1</expression>
                    <recovery_expression/>
                </dependency>
            </dependencies>
            <tags/>
        </trigger>
        <trigger>
            <expression>{Template Printer Konica Minolta bizhub 36:paperdustremover.cartridge.procents.last()}&lt;6</expression>
            <recovery_mode>0</recovery_mode>
            <recovery_expression/>
            <name>Low cartridge toner - Paper Dust remover {HOST.NAME}</name>
            <correlation_mode>0</correlation_mode>
            <correlation_tag/>
            <url>http://{HOST.IP}</url>
            <status>0</status>
            <priority>1</priority>
            <description/>
            <type>0</type>
            <manual_close>1</manual_close>
            <dependencies>
                <dependency>
                    <name>None cartridge toner - Paper Dust remover {HOST.NAME}</name>
                    <expression>{Template Printer Konica Minolta bizhub 36:paperdustremover.cartridge.procents.last()}&lt;1</expression>
                    <recovery_expression/>
                </dependency>
            </dependencies>
            <tags/>
        </trigger>
        <trigger>
            <expression>{Template Printer Konica Minolta bizhub 36:transfer.cartridge.procents.last()}&lt;6</expression>
            <recovery_mode>0</recovery_mode>
            <recovery_expression/>
            <name>Low cartridge toner - Transfer Unit {HOST.NAME}</name>
            <correlation_mode>0</correlation_mode>
            <correlation_tag/>
            <url>http://{HOST.IP}</url>
            <status>0</status>
            <priority>1</priority>
            <description/>
            <type>0</type>
            <manual_close>1</manual_close>
            <dependencies>
                <dependency>
                    <name>None cartridge toner - Transfer Unit {HOST.NAME}</name>
                    <expression>{Template Printer Konica Minolta bizhub 36:transfer.cartridge.procents.last()}&lt;1</expression>
                    <recovery_expression/>
                </dependency>
            </dependencies>
            <tags/>
        </trigger>
        <trigger>
            <expression>{Template Printer Konica Minolta bizhub 36:black.cartridge.toner.last()}&lt;1</expression>
            <recovery_mode>0</recovery_mode>
            <recovery_expression/>
            <name>None cartridge toner - BLACK {HOST.NAME}</name>
            <correlation_mode>0</correlation_mode>
            <correlation_tag/>
            <url>http://{HOST.IP}</url>
            <status>0</status>
            <priority>3</priority>
            <description/>
            <type>0</type>
            <manual_close>0</manual_close>
            <dependencies/>
            <tags/>
        </trigger>
        <trigger>
            <expression>{Template Printer Konica Minolta bizhub 36:developer.cartridge.procents.last()}&lt;1</expression>
            <recovery_mode>0</recovery_mode>
            <recovery_expression/>
            <name>None cartridge toner - Developer Cartridge {HOST.NAME}</name>
            <correlation_mode>0</correlation_mode>
            <correlation_tag/>
            <url>http://{HOST.IP}</url>
            <status>0</status>
            <priority>3</priority>
            <description/>
            <type>0</type>
            <manual_close>1</manual_close>
            <dependencies/>
            <tags/>
        </trigger>
        <trigger>
            <expression>{Template Printer Konica Minolta bizhub 36:developer.powder.procents.last()}&lt;1</expression>
            <recovery_mode>0</recovery_mode>
            <recovery_expression/>
            <name>None cartridge toner - Developer Powder {HOST.NAME}</name>
            <correlation_mode>0</correlation_mode>
            <correlation_tag/>
            <url>http://{HOST.IP}</url>
            <status>0</status>
            <priority>3</priority>
            <description/>
            <type>0</type>
            <manual_close>1</manual_close>
            <dependencies/>
            <tags/>
        </trigger>
        <trigger>
            <expression>{Template Printer Konica Minolta bizhub 36:drumcartridge.cartridge.procents.last()}&lt;1</expression>
            <recovery_mode>0</recovery_mode>
            <recovery_expression/>
            <name>None cartridge toner - Drum Cartridge {HOST.NAME}</name>
            <correlation_mode>0</correlation_mode>
            <correlation_tag/>
            <url>http://{HOST.IP}</url>
            <status>0</status>
            <priority>3</priority>
            <description/>
            <type>0</type>
            <manual_close>1</manual_close>
            <dependencies/>
            <tags/>
        </trigger>
        <trigger>
            <expression>{Template Printer Konica Minolta bizhub 36:fuser.cartridge.procents.last()}&lt;1</expression>
            <recovery_mode>0</recovery_mode>
            <recovery_expression/>
            <name>None cartridge toner - Fuser Cartridge {HOST.NAME}</name>
            <correlation_mode>0</correlation_mode>
            <correlation_tag/>
            <url>http://{HOST.IP}</url>
            <status>0</status>
            <priority>3</priority>
            <description/>
            <type>0</type>
            <manual_close>1</manual_close>
            <dependencies/>
            <tags/>
        </trigger>
        <trigger>
            <expression>{Template Printer Konica Minolta bizhub 36:ozone.cartridge.procents.last()}&lt;1</expression>
            <recovery_mode>0</recovery_mode>
            <recovery_expression/>
            <name>None cartridge toner - Ozone filter {HOST.NAME}</name>
            <correlation_mode>0</correlation_mode>
            <correlation_tag/>
            <url>http://{HOST.IP}</url>
            <status>0</status>
            <priority>3</priority>
            <description/>
            <type>0</type>
            <manual_close>1</manual_close>
            <dependencies/>
            <tags/>
        </trigger>
        <trigger>
            <expression>{Template Printer Konica Minolta bizhub 36:paperdustremover.cartridge.procents.last()}&lt;1</expression>
            <recovery_mode>0</recovery_mode>
            <recovery_expression/>
            <name>None cartridge toner - Paper Dust remover {HOST.NAME}</name>
            <correlation_mode>0</correlation_mode>
            <correlation_tag/>
            <url>http://{HOST.IP}</url>
            <status>0</status>
            <priority>3</priority>
            <description/>
            <type>0</type>
            <manual_close>1</manual_close>
            <dependencies/>
            <tags/>
        </trigger>
        <trigger>
            <expression>{Template Printer Konica Minolta bizhub 36:transfer.cartridge.procents.last()}&lt;1</expression>
            <recovery_mode>0</recovery_mode>
            <recovery_expression/>
            <name>None cartridge toner - Transfer Unit {HOST.NAME}</name>
            <correlation_mode>0</correlation_mode>
            <correlation_tag/>
            <url>http://{HOST.IP}</url>
            <status>0</status>
            <priority>3</priority>
            <description/>
            <type>0</type>
            <manual_close>1</manual_close>
            <dependencies/>
            <tags/>
        </trigger>
    </triggers>
</zabbix_export>
