<?xml version="1.0" encoding="UTF-8"?>
<zabbix_export>
    <version>2.0</version>
    <date>2013-09-20T07:48:15Z</date>
    <groups>
        <group>
            <name>ZBX-FORTINET-TEMPLATES</name>
        </group>
    </groups>
    <templates>
        <template>
            <template>ZBX-FORTINET-MEMORY</template>
            <name>ZBX-FORTINET-MEMORY</name>
            <groups>
                <group>
                    <name>ZBX-FORTINET-TEMPLATES</name>
                </group>
            </groups>
            <applications>
                <application>
                    <name>Memory</name>
                </application>
            </applications>
            <items>
                <item>
                    <name>Kernel Buffer</name>
                    <type>4</type>
                    <snmp_community>{$SNMP_COMMUNITY}</snmp_community>
                    <multiplier>1</multiplier>
                    <snmp_oid>.1.3.6.1.4.1.12356.101.4.6.1.4.0</snmp_oid>
                    <key>fgSIAdvMemBuffer</key>
                    <delay>300</delay>
                    <history>7</history>
                    <trends>365</trends>
                    <status>0</status>
                    <value_type>3</value_type>
                    <allowed_hosts/>
                    <units>B</units>
                    <delta>0</delta>
                    <snmpv3_securityname/>
                    <snmpv3_securitylevel>0</snmpv3_securitylevel>
                    <snmpv3_authpassphrase/>
                    <snmpv3_privpassphrase/>
                    <formula>1024</formula>
                    <delay_flex/>
                    <params/>
                    <ipmi_sensor/>
                    <data_type>0</data_type>
                    <authtype>0</authtype>
                    <username/>
                    <password/>
                    <publickey/>
                    <privatekey/>
                    <port/>
                    <description/>
                    <inventory_link>0</inventory_link>
                    <applications>
                        <application>
                            <name>Memory</name>
                        </application>
                    </applications>
                    <valuemap/>
                </item>
                <item>
                    <name>Kernel Cache(Active)</name>
                    <type>4</type>
                    <snmp_community>{$SNMP_COMMUNITY}</snmp_community>
                    <multiplier>1</multiplier>
                    <snmp_oid>.1.3.6.1.4.1.12356.101.4.6.1.2.0</snmp_oid>
                    <key>fgSIAdvMemCacheActive</key>
                    <delay>300</delay>
                    <history>7</history>
                    <trends>365</trends>
                    <status>0</status>
                    <value_type>3</value_type>
                    <allowed_hosts/>
                    <units>B</units>
                    <delta>0</delta>
                    <snmpv3_securityname/>
                    <snmpv3_securitylevel>0</snmpv3_securitylevel>
                    <snmpv3_authpassphrase/>
                    <snmpv3_privpassphrase/>
                    <formula>1024</formula>
                    <delay_flex/>
                    <params/>
                    <ipmi_sensor/>
                    <data_type>0</data_type>
                    <authtype>0</authtype>
                    <username/>
                    <password/>
                    <publickey/>
                    <privatekey/>
                    <port/>
                    <description/>
                    <inventory_link>0</inventory_link>
                    <applications>
                        <application>
                            <name>Memory</name>
                        </application>
                    </applications>
                    <valuemap/>
                </item>
                <item>
                    <name>Kernel Cache(Inactive)</name>
                    <type>4</type>
                    <snmp_community>{$SNMP_COMMUNITY}</snmp_community>
                    <multiplier>1</multiplier>
                    <snmp_oid>.1.3.6.1.4.1.12356.101.4.6.1.3.0</snmp_oid>
                    <key>fgSIAdvMemCacheInactive</key>
                    <delay>300</delay>
                    <history>7</history>
                    <trends>365</trends>
                    <status>0</status>
                    <value_type>3</value_type>
                    <allowed_hosts/>
                    <units>B</units>
                    <delta>0</delta>
                    <snmpv3_securityname/>
                    <snmpv3_securitylevel>0</snmpv3_securitylevel>
                    <snmpv3_authpassphrase/>
                    <snmpv3_privpassphrase/>
                    <formula>1024</formula>
                    <delay_flex/>
                    <params/>
                    <ipmi_sensor/>
                    <data_type>0</data_type>
                    <authtype>0</authtype>
                    <username/>
                    <password/>
                    <publickey/>
                    <privatekey/>
                    <port/>
                    <description/>
                    <inventory_link>0</inventory_link>
                    <applications>
                        <application>
                            <name>Memory</name>
                        </application>
                    </applications>
                    <valuemap/>
                </item>
                <item>
                    <name>Kernel Conserve Enter Threshold</name>
                    <type>4</type>
                    <snmp_community>{$SNMP_COMMUNITY}</snmp_community>
                    <multiplier>1</multiplier>
                    <snmp_oid>.1.3.6.1.4.1.12356.101.4.6.1.5.0</snmp_oid>
                    <key>fgSIAdvMemEnterKerConsThrsh</key>
                    <delay>300</delay>
                    <history>7</history>
                    <trends>365</trends>
                    <status>0</status>
                    <value_type>3</value_type>
                    <allowed_hosts/>
                    <units>B</units>
                    <delta>0</delta>
                    <snmpv3_securityname/>
                    <snmpv3_securitylevel>0</snmpv3_securitylevel>
                    <snmpv3_authpassphrase/>
                    <snmpv3_privpassphrase/>
                    <formula>1024</formula>
                    <delay_flex/>
                    <params/>
                    <ipmi_sensor/>
                    <data_type>0</data_type>
                    <authtype>0</authtype>
                    <username/>
                    <password/>
                    <publickey/>
                    <privatekey/>
                    <port/>
                    <description/>
                    <inventory_link>0</inventory_link>
                    <applications>
                        <application>
                            <name>Memory</name>
                        </application>
                    </applications>
                    <valuemap/>
                </item>
                <item>
                    <name>Kernel Conserve Leave Threshold</name>
                    <type>4</type>
                    <snmp_community>{$SNMP_COMMUNITY}</snmp_community>
                    <multiplier>1</multiplier>
                    <snmp_oid>.1.3.6.1.4.1.12356.101.4.6.1.6.0</snmp_oid>
                    <key>fgSIAdvMemLeaveKerConsThrsh</key>
                    <delay>300</delay>
                    <history>7</history>
                    <trends>365</trends>
                    <status>0</status>
                    <value_type>3</value_type>
                    <allowed_hosts/>
                    <units>B</units>
                    <delta>0</delta>
                    <snmpv3_securityname/>
                    <snmpv3_securitylevel>0</snmpv3_securitylevel>
                    <snmpv3_authpassphrase/>
                    <snmpv3_privpassphrase/>
                    <formula>1024</formula>
                    <delay_flex/>
                    <params/>
                    <ipmi_sensor/>
                    <data_type>0</data_type>
                    <authtype>0</authtype>
                    <username/>
                    <password/>
                    <publickey/>
                    <privatekey/>
                    <port/>
                    <description/>
                    <inventory_link>0</inventory_link>
                    <applications>
                        <application>
                            <name>Memory</name>
                        </application>
                    </applications>
                    <valuemap/>
                </item>
                <item>
                    <name>Kernel Page Cache</name>
                    <type>4</type>
                    <snmp_community>{$SNMP_COMMUNITY}</snmp_community>
                    <multiplier>1</multiplier>
                    <snmp_oid>.1.3.6.1.4.1.12356.101.4.6.1.1.0</snmp_oid>
                    <key>fgSIAdvMemPageCache</key>
                    <delay>300</delay>
                    <history>7</history>
                    <trends>365</trends>
                    <status>0</status>
                    <value_type>3</value_type>
                    <allowed_hosts/>
                    <units>B</units>
                    <delta>0</delta>
                    <snmpv3_securityname/>
                    <snmpv3_securitylevel>0</snmpv3_securitylevel>
                    <snmpv3_authpassphrase/>
                    <snmpv3_privpassphrase/>
                    <formula>1024</formula>
                    <delay_flex/>
                    <params/>
                    <ipmi_sensor/>
                    <data_type>0</data_type>
                    <authtype>0</authtype>
                    <username/>
                    <password/>
                    <publickey/>
                    <privatekey/>
                    <port/>
                    <description/>
                    <inventory_link>0</inventory_link>
                    <applications>
                        <application>
                            <name>Memory</name>
                        </application>
                    </applications>
                    <valuemap/>
                </item>
                <item>
                    <name>Low Memory Capacity</name>
                    <type>4</type>
                    <snmp_community>{$SNMP_COMMUNITY}</snmp_community>
                    <multiplier>1</multiplier>
                    <snmp_oid>.1.3.6.1.4.1.12356.101.4.1.10.0</snmp_oid>
                    <key>fgSysLowMemCapacity</key>
                    <delay>300</delay>
                    <history>7</history>
                    <trends>365</trends>
                    <status>0</status>
                    <value_type>3</value_type>
                    <allowed_hosts/>
                    <units>B</units>
                    <delta>0</delta>
                    <snmpv3_securityname/>
                    <snmpv3_securitylevel>0</snmpv3_securitylevel>
                    <snmpv3_authpassphrase/>
                    <snmpv3_privpassphrase/>
                    <formula>1024</formula>
                    <delay_flex/>
                    <params/>
                    <ipmi_sensor/>
                    <data_type>0</data_type>
                    <authtype>0</authtype>
                    <username/>
                    <password/>
                    <publickey/>
                    <privatekey/>
                    <port/>
                    <description/>
                    <inventory_link>0</inventory_link>
                    <applications>
                        <application>
                            <name>Memory</name>
                        </application>
                    </applications>
                    <valuemap/>
                </item>
                <item>
                    <name>Low Memory Usage</name>
                    <type>15</type>
                    <snmp_community/>
                    <multiplier>0</multiplier>
                    <snmp_oid/>
                    <key>fgSysLowMemUsageBytes</key>
                    <delay>300</delay>
                    <history>7</history>
                    <trends>365</trends>
                    <status>0</status>
                    <value_type>0</value_type>
                    <allowed_hosts/>
                    <units>B</units>
                    <delta>0</delta>
                    <snmpv3_securityname/>
                    <snmpv3_securitylevel>0</snmpv3_securitylevel>
                    <snmpv3_authpassphrase/>
                    <snmpv3_privpassphrase/>
                    <formula>1</formula>
                    <delay_flex/>
                    <params>last(fgSysLowMemCapacity)*last(fgSysLowMemUsage)/100</params>
                    <ipmi_sensor/>
                    <data_type>0</data_type>
                    <authtype>0</authtype>
                    <username/>
                    <password/>
                    <publickey/>
                    <privatekey/>
                    <port/>
                    <description/>
                    <inventory_link>0</inventory_link>
                    <applications>
                        <application>
                            <name>Memory</name>
                        </application>
                    </applications>
                    <valuemap/>
                </item>
                <item>
                    <name>Low Memory Usage(%)</name>
                    <type>4</type>
                    <snmp_community>{$SNMP_COMMUNITY}</snmp_community>
                    <multiplier>0</multiplier>
                    <snmp_oid>.1.3.6.1.4.1.12356.101.4.1.9.0</snmp_oid>
                    <key>fgSysLowMemUsage</key>
                    <delay>300</delay>
                    <history>7</history>
                    <trends>365</trends>
                    <status>0</status>
                    <value_type>0</value_type>
                    <allowed_hosts/>
                    <units>%</units>
                    <delta>0</delta>
                    <snmpv3_securityname/>
                    <snmpv3_securitylevel>0</snmpv3_securitylevel>
                    <snmpv3_authpassphrase/>
                    <snmpv3_privpassphrase/>
                    <formula>1</formula>
                    <delay_flex/>
                    <params/>
                    <ipmi_sensor/>
                    <data_type>0</data_type>
                    <authtype>0</authtype>
                    <username/>
                    <password/>
                    <publickey/>
                    <privatekey/>
                    <port/>
                    <description/>
                    <inventory_link>0</inventory_link>
                    <applications>
                        <application>
                            <name>Memory</name>
                        </application>
                    </applications>
                    <valuemap/>
                </item>
                <item>
                    <name>Proxy Conserve Enter Threshold</name>
                    <type>4</type>
                    <snmp_community>{$SNMP_COMMUNITY}</snmp_community>
                    <multiplier>1</multiplier>
                    <snmp_oid>.1.3.6.1.4.1.12356.101.4.6.1.7.0</snmp_oid>
                    <key>fgSIAdvMemEnterProxyConsThrsh</key>
                    <delay>300</delay>
                    <history>7</history>
                    <trends>365</trends>
                    <status>0</status>
                    <value_type>3</value_type>
                    <allowed_hosts/>
                    <units>B</units>
                    <delta>0</delta>
                    <snmpv3_securityname/>
                    <snmpv3_securitylevel>0</snmpv3_securitylevel>
                    <snmpv3_authpassphrase/>
                    <snmpv3_privpassphrase/>
                    <formula>1024</formula>
                    <delay_flex/>
                    <params/>
                    <ipmi_sensor/>
                    <data_type>0</data_type>
                    <authtype>0</authtype>
                    <username/>
                    <password/>
                    <publickey/>
                    <privatekey/>
                    <port/>
                    <description/>
                    <inventory_link>0</inventory_link>
                    <applications>
                        <application>
                            <name>Memory</name>
                        </application>
                    </applications>
                    <valuemap/>
                </item>
                <item>
                    <name>Proxy Conserve Leave Threshold</name>
                    <type>4</type>
                    <snmp_community>{$SNMP_COMMUNITY}</snmp_community>
                    <multiplier>1</multiplier>
                    <snmp_oid>.1.3.6.1.4.1.12356.101.4.6.1.8.0</snmp_oid>
                    <key>fgSIAdvMemLeaveProxyConsThrsh</key>
                    <delay>300</delay>
                    <history>7</history>
                    <trends>365</trends>
                    <status>0</status>
                    <value_type>3</value_type>
                    <allowed_hosts/>
                    <units>B</units>
                    <delta>0</delta>
                    <snmpv3_securityname/>
                    <snmpv3_securitylevel>0</snmpv3_securitylevel>
                    <snmpv3_authpassphrase/>
                    <snmpv3_privpassphrase/>
                    <formula>1024</formula>
                    <delay_flex/>
                    <params/>
                    <ipmi_sensor/>
                    <data_type>0</data_type>
                    <authtype>0</authtype>
                    <username/>
                    <password/>
                    <publickey/>
                    <privatekey/>
                    <port/>
                    <description/>
                    <inventory_link>0</inventory_link>
                    <applications>
                        <application>
                            <name>Memory</name>
                        </application>
                    </applications>
                    <valuemap/>
                </item>
                <item>
                    <name>System Memory Capacity</name>
                    <type>4</type>
                    <snmp_community>{$SNMP_COMMUNITY}</snmp_community>
                    <multiplier>1</multiplier>
                    <snmp_oid>.1.3.6.1.4.1.12356.101.4.1.5.0</snmp_oid>
                    <key>fgSysMemCapacity</key>
                    <delay>300</delay>
                    <history>7</history>
                    <trends>365</trends>
                    <status>0</status>
                    <value_type>3</value_type>
                    <allowed_hosts/>
                    <units>B</units>
                    <delta>0</delta>
                    <snmpv3_securityname/>
                    <snmpv3_securitylevel>0</snmpv3_securitylevel>
                    <snmpv3_authpassphrase/>
                    <snmpv3_privpassphrase/>
                    <formula>1024</formula>
                    <delay_flex/>
                    <params/>
                    <ipmi_sensor/>
                    <data_type>0</data_type>
                    <authtype>0</authtype>
                    <username/>
                    <password/>
                    <publickey/>
                    <privatekey/>
                    <port/>
                    <description/>
                    <inventory_link>0</inventory_link>
                    <applications>
                        <application>
                            <name>Memory</name>
                        </application>
                    </applications>
                    <valuemap/>
                </item>
                <item>
                    <name>System Memory Usage</name>
                    <type>15</type>
                    <snmp_community/>
                    <multiplier>0</multiplier>
                    <snmp_oid/>
                    <key>fgSysMemUsageBytes</key>
                    <delay>300</delay>
                    <history>7</history>
                    <trends>365</trends>
                    <status>0</status>
                    <value_type>0</value_type>
                    <allowed_hosts/>
                    <units>B</units>
                    <delta>0</delta>
                    <snmpv3_securityname/>
                    <snmpv3_securitylevel>0</snmpv3_securitylevel>
                    <snmpv3_authpassphrase/>
                    <snmpv3_privpassphrase/>
                    <formula>1</formula>
                    <delay_flex/>
                    <params>last(fgSysMemCapacity)*last(fgSysMemUsage)/100</params>
                    <ipmi_sensor/>
                    <data_type>0</data_type>
                    <authtype>0</authtype>
                    <username/>
                    <password/>
                    <publickey/>
                    <privatekey/>
                    <port/>
                    <description/>
                    <inventory_link>0</inventory_link>
                    <applications>
                        <application>
                            <name>Memory</name>
                        </application>
                    </applications>
                    <valuemap/>
                </item>
                <item>
                    <name>System Memory Usage(%)</name>
                    <type>4</type>
                    <snmp_community>{$SNMP_COMMUNITY}</snmp_community>
                    <multiplier>0</multiplier>
                    <snmp_oid>.1.3.6.1.4.1.12356.101.4.1.4.0</snmp_oid>
                    <key>fgSysMemUsage</key>
                    <delay>300</delay>
                    <history>7</history>
                    <trends>365</trends>
                    <status>0</status>
                    <value_type>0</value_type>
                    <allowed_hosts/>
                    <units>%</units>
                    <delta>0</delta>
                    <snmpv3_securityname/>
                    <snmpv3_securitylevel>0</snmpv3_securitylevel>
                    <snmpv3_authpassphrase/>
                    <snmpv3_privpassphrase/>
                    <formula>1</formula>
                    <delay_flex/>
                    <params/>
                    <ipmi_sensor/>
                    <data_type>0</data_type>
                    <authtype>0</authtype>
                    <username/>
                    <password/>
                    <publickey/>
                    <privatekey/>
                    <port/>
                    <description/>
                    <inventory_link>0</inventory_link>
                    <applications>
                        <application>
                            <name>Memory</name>
                        </application>
                    </applications>
                    <valuemap/>
                </item>
                <item>
                    <name>System Memory Usage(used-)</name>
                    <type>15</type>
                    <snmp_community/>
                    <multiplier>0</multiplier>
                    <snmp_oid/>
                    <key>fgSysMemUsageBytesUsed-</key>
                    <delay>300</delay>
                    <history>7</history>
                    <trends>365</trends>
                    <status>0</status>
                    <value_type>0</value_type>
                    <allowed_hosts/>
                    <units>B</units>
                    <delta>0</delta>
                    <snmpv3_securityname/>
                    <snmpv3_securitylevel>0</snmpv3_securitylevel>
                    <snmpv3_authpassphrase/>
                    <snmpv3_privpassphrase/>
                    <formula>1</formula>
                    <delay_flex/>
                    <params>(last(fgSysMemCapacity)*last(fgSysMemUsage)/100) - (last(fgSIAdvMemBuffer)+last(fgSIAdvMemPageCache))</params>
                    <ipmi_sensor/>
                    <data_type>0</data_type>
                    <authtype>0</authtype>
                    <username/>
                    <password/>
                    <publickey/>
                    <privatekey/>
                    <port/>
                    <description/>
                    <inventory_link>0</inventory_link>
                    <applications>
                        <application>
                            <name>Memory</name>
                        </application>
                    </applications>
                    <valuemap/>
                </item>
            </items>
            <discovery_rules/>
            <macros/>
            <templates/>
            <screens/>
        </template>
    </templates>
    <triggers>
        <trigger>
            <expression>({ZBX-FORTINET-MEMORY:fgSysMemUsageBytesUsed-.avg(600)}/{ZBX-FORTINET-MEMORY:fgSysMemCapacity.avg(600)})&gt;50</expression>
            <name>Memory usage(used-) exceeded 50%</name>
            <url/>
            <status>0</status>
            <priority>4</priority>
            <description/>
            <type>0</type>
            <dependencies/>
        </trigger>
        <trigger>
            <expression>{ZBX-FORTINET-MEMORY:fgSysMemUsage.avg(600)}&gt;60 &amp; {ZBX-FORTINET-MEMORY:fgSysMemUsage.avg(600)}&lt;70</expression>
            <name>Memory usage exceeded 60%</name>
            <url/>
            <status>0</status>
            <priority>2</priority>
            <description/>
            <type>0</type>
            <dependencies/>
        </trigger>
        <trigger>
            <expression>{ZBX-FORTINET-MEMORY:fgSysMemUsage.avg(600)}&gt;70 &amp; {ZBX-FORTINET-MEMORY:fgSysMemUsage.avg(600)}&lt;80</expression>
            <name>Memory usage exceeded 70%</name>
            <url/>
            <status>0</status>
            <priority>3</priority>
            <description/>
            <type>0</type>
            <dependencies/>
        </trigger>
        <trigger>
            <expression>{ZBX-FORTINET-MEMORY:fgSysMemUsage.avg(600)}&gt;80</expression>
            <name>Memory usage exceeded 80%</name>
            <url/>
            <status>0</status>
            <priority>4</priority>
            <description/>
            <type>0</type>
            <dependencies/>
        </trigger>
    </triggers>
    <graphs>
        <graph>
            <name>Memory Usage</name>
            <width>900</width>
            <height>200</height>
            <yaxismin>0.0000</yaxismin>
            <yaxismax>100.0000</yaxismax>
            <show_work_period>1</show_work_period>
            <show_triggers>1</show_triggers>
            <type>0</type>
            <show_legend>1</show_legend>
            <show_3d>0</show_3d>
            <percent_left>0.0000</percent_left>
            <percent_right>0.0000</percent_right>
            <ymin_type_1>1</ymin_type_1>
            <ymax_type_1>2</ymax_type_1>
            <ymin_item_1>0</ymin_item_1>
            <ymax_item_1>
                <host>ZBX-FORTINET-MEMORY</host>
                <key>fgSysMemCapacity</key>
            </ymax_item_1>
            <graph_items>
                <graph_item>
                    <sortorder>6</sortorder>
                    <drawtype>0</drawtype>
                    <color>FFFF00</color>
                    <yaxisside>0</yaxisside>
                    <calc_fnc>2</calc_fnc>
                    <type>0</type>
                    <item>
                        <host>ZBX-FORTINET-MEMORY</host>
                        <key>fgSIAdvMemBuffer</key>
                    </item>
                </graph_item>
                <graph_item>
                    <sortorder>7</sortorder>
                    <drawtype>0</drawtype>
                    <color>C800C8</color>
                    <yaxisside>0</yaxisside>
                    <calc_fnc>2</calc_fnc>
                    <type>0</type>
                    <item>
                        <host>ZBX-FORTINET-MEMORY</host>
                        <key>fgSIAdvMemCacheActive</key>
                    </item>
                </graph_item>
                <graph_item>
                    <sortorder>8</sortorder>
                    <drawtype>0</drawtype>
                    <color>FF00FF</color>
                    <yaxisside>0</yaxisside>
                    <calc_fnc>2</calc_fnc>
                    <type>0</type>
                    <item>
                        <host>ZBX-FORTINET-MEMORY</host>
                        <key>fgSIAdvMemCacheInactive</key>
                    </item>
                </graph_item>
                <graph_item>
                    <sortorder>5</sortorder>
                    <drawtype>0</drawtype>
                    <color>C8C800</color>
                    <yaxisside>0</yaxisside>
                    <calc_fnc>2</calc_fnc>
                    <type>0</type>
                    <item>
                        <host>ZBX-FORTINET-MEMORY</host>
                        <key>fgSIAdvMemPageCache</key>
                    </item>
                </graph_item>
                <graph_item>
                    <sortorder>0</sortorder>
                    <drawtype>4</drawtype>
                    <color>000099</color>
                    <yaxisside>0</yaxisside>
                    <calc_fnc>2</calc_fnc>
                    <type>0</type>
                    <item>
                        <host>ZBX-FORTINET-MEMORY</host>
                        <key>fgSysMemCapacity</key>
                    </item>
                </graph_item>
                <graph_item>
                    <sortorder>1</sortorder>
                    <drawtype>2</drawtype>
                    <color>009999</color>
                    <yaxisside>0</yaxisside>
                    <calc_fnc>2</calc_fnc>
                    <type>0</type>
                    <item>
                        <host>ZBX-FORTINET-MEMORY</host>
                        <key>fgSysMemUsageBytes</key>
                    </item>
                </graph_item>
                <graph_item>
                    <sortorder>3</sortorder>
                    <drawtype>4</drawtype>
                    <color>0000FF</color>
                    <yaxisside>0</yaxisside>
                    <calc_fnc>2</calc_fnc>
                    <type>0</type>
                    <item>
                        <host>ZBX-FORTINET-MEMORY</host>
                        <key>fgSysLowMemCapacity</key>
                    </item>
                </graph_item>
                <graph_item>
                    <sortorder>4</sortorder>
                    <drawtype>2</drawtype>
                    <color>00FFFF</color>
                    <yaxisside>0</yaxisside>
                    <calc_fnc>2</calc_fnc>
                    <type>0</type>
                    <item>
                        <host>ZBX-FORTINET-MEMORY</host>
                        <key>fgSysLowMemUsageBytes</key>
                    </item>
                </graph_item>
                <graph_item>
                    <sortorder>2</sortorder>
                    <drawtype>2</drawtype>
                    <color>C80000</color>
                    <yaxisside>0</yaxisside>
                    <calc_fnc>2</calc_fnc>
                    <type>0</type>
                    <item>
                        <host>ZBX-FORTINET-MEMORY</host>
                        <key>fgSysMemUsageBytesUsed-</key>
                    </item>
                </graph_item>
            </graph_items>
        </graph>
    </graphs>
</zabbix_export>
