<?xml version="1.0" encoding="UTF-8"?>
<zabbix_export>
    <version>2.0</version>
    <date>2014-02-05T07:50:30Z</date>
    <groups>
        <group>
            <name>Шаблоны - Серверы</name>
        </group>
    </groups>
    <templates>
        <template>
            <template>bl7000_RU</template>
            <name>HP C7000 Chassis</name>
            <groups>
                <group>
                    <name>Шаблоны - Серверы</name>
                </group>
            </groups>
            <applications>
                <application>
                    <name>Инвентарные данные</name>
                </application>
                <application>
                    <name>Окружающая среда</name>
                </application>
                <application>
                    <name>Состояние</name>
                </application>
            </applications>
            <items>
                <item>
                    <name>FW версия Шасси</name>
                    <type>4</type>
                    <snmp_community>{$COMMUNITY}</snmp_community>
                    <multiplier>0</multiplier>
                    <snmp_oid>cpqRackCommonEnclosureFWRev.1</snmp_oid>
                    <key>cpqRackCommonEnclosureFWRev.1</key>
                    <delay>72000</delay>
                    <history>10</history>
                    <trends>365</trends>
                    <status>0</status>
                    <value_type>4</value_type>
                    <allowed_hosts/>
                    <units/>
                    <delta>0</delta>
                    <snmpv3_contextname/>
                    <snmpv3_securityname/>
                    <snmpv3_securitylevel>0</snmpv3_securitylevel>
                    <snmpv3_authprotocol>0</snmpv3_authprotocol>
                    <snmpv3_authpassphrase/>
                    <snmpv3_privprotocol>0</snmpv3_privprotocol>
                    <snmpv3_privpassphrase/>
                    <formula>1</formula>
                    <delay_flex/>
                    <params/>
                    <ipmi_sensor/>
                    <data_type>0</data_type>
                    <authtype>0</authtype>
                    <username/>
                    <password/>
                    <publickey/>
                    <privatekey/>
                    <port>161</port>
                    <description/>
                    <inventory_link>16</inventory_link>
                    <applications>
                        <application>
                            <name>Инвентарные данные</name>
                        </application>
                    </applications>
                    <valuemap/>
                </item>
                <item>
                    <name>S/N Шасси</name>
                    <type>4</type>
                    <snmp_community>{$COMMUNITY}</snmp_community>
                    <multiplier>0</multiplier>
                    <snmp_oid>cpqRackCommonEnclosureSerialNum.1</snmp_oid>
                    <key>cpqRackCommonEnclosureSerialNum.1</key>
                    <delay>72000</delay>
                    <history>10</history>
                    <trends>365</trends>
                    <status>0</status>
                    <value_type>4</value_type>
                    <allowed_hosts/>
                    <units/>
                    <delta>0</delta>
                    <snmpv3_contextname/>
                    <snmpv3_securityname/>
                    <snmpv3_securitylevel>0</snmpv3_securitylevel>
                    <snmpv3_authprotocol>0</snmpv3_authprotocol>
                    <snmpv3_authpassphrase/>
                    <snmpv3_privprotocol>0</snmpv3_privprotocol>
                    <snmpv3_privpassphrase/>
                    <formula>1</formula>
                    <delay_flex/>
                    <params/>
                    <ipmi_sensor/>
                    <data_type>0</data_type>
                    <authtype>0</authtype>
                    <username/>
                    <password/>
                    <publickey/>
                    <privatekey/>
                    <port>161</port>
                    <description/>
                    <inventory_link>8</inventory_link>
                    <applications>
                        <application>
                            <name>Инвентарные данные</name>
                        </application>
                    </applications>
                    <valuemap/>
                </item>
                <item>
                    <name>Uptime сервера</name>
                    <type>4</type>
                    <snmp_community>{$COMMUNITY}</snmp_community>
                    <multiplier>1</multiplier>
                    <snmp_oid>sysUpTime.0</snmp_oid>
                    <key>sysUpTime.0</key>
                    <delay>300</delay>
                    <history>30</history>
                    <trends>90</trends>
                    <status>0</status>
                    <value_type>3</value_type>
                    <allowed_hosts/>
                    <units>uptime</units>
                    <delta>0</delta>
                    <snmpv3_contextname/>
                    <snmpv3_securityname/>
                    <snmpv3_securitylevel>0</snmpv3_securitylevel>
                    <snmpv3_authprotocol>0</snmpv3_authprotocol>
                    <snmpv3_authpassphrase/>
                    <snmpv3_privprotocol>0</snmpv3_privprotocol>
                    <snmpv3_privpassphrase/>
                    <formula>0.01</formula>
                    <delay_flex/>
                    <params/>
                    <ipmi_sensor/>
                    <data_type>0</data_type>
                    <authtype>0</authtype>
                    <username/>
                    <password/>
                    <publickey/>
                    <privatekey/>
                    <port>161</port>
                    <description/>
                    <inventory_link>0</inventory_link>
                    <applications>
                        <application>
                            <name>Состояние</name>
                        </application>
                    </applications>
                    <valuemap/>
                </item>
                <item>
                    <name>Состояние питания</name>
                    <type>4</type>
                    <snmp_community>{$COMMUNITY}</snmp_community>
                    <multiplier>0</multiplier>
                    <snmp_oid>cpqRackPowerEnclosureRedundant.1</snmp_oid>
                    <key>cpqRackPowerEnclosureRedundant.1</key>
                    <delay>600</delay>
                    <history>30</history>
                    <trends>90</trends>
                    <status>0</status>
                    <value_type>3</value_type>
                    <allowed_hosts/>
                    <units/>
                    <delta>0</delta>
                    <snmpv3_contextname/>
                    <snmpv3_securityname/>
                    <snmpv3_securitylevel>0</snmpv3_securitylevel>
                    <snmpv3_authprotocol>0</snmpv3_authprotocol>
                    <snmpv3_authpassphrase/>
                    <snmpv3_privprotocol>0</snmpv3_privprotocol>
                    <snmpv3_privpassphrase/>
                    <formula>1</formula>
                    <delay_flex/>
                    <params/>
                    <ipmi_sensor/>
                    <data_type>0</data_type>
                    <authtype>0</authtype>
                    <username/>
                    <password/>
                    <publickey/>
                    <privatekey/>
                    <port>161</port>
                    <description/>
                    <inventory_link>0</inventory_link>
                    <applications>
                        <application>
                            <name>Состояние</name>
                        </application>
                    </applications>
                    <valuemap>
                        <name>C7000 - Отказоустойчивость питания</name>
                    </valuemap>
                </item>
            </items>
            <discovery_rules>
                <discovery_rule>
                    <name>BAY-Слоты шасси</name>
                    <type>4</type>
                    <snmp_community>{$COMMUNITY}</snmp_community>
                    <snmp_oid>cpqRackServerBladeName</snmp_oid>
                    <key>snmp.discovery_bays</key>
                    <delay>43200</delay>
                    <status>0</status>
                    <allowed_hosts/>
                    <snmpv3_contextname/>
                    <snmpv3_securityname/>
                    <snmpv3_securitylevel>0</snmpv3_securitylevel>
                    <snmpv3_authprotocol>0</snmpv3_authprotocol>
                    <snmpv3_authpassphrase/>
                    <snmpv3_privprotocol>0</snmpv3_privprotocol>
                    <snmpv3_privpassphrase/>
                    <delay_flex/>
                    <params/>
                    <ipmi_sensor/>
                    <authtype>0</authtype>
                    <username/>
                    <password/>
                    <publickey/>
                    <privatekey/>
                    <port>161</port>
                    <filter>{#SNMPVALUE}:@HP_Chassis</filter>
                    <lifetime>1</lifetime>
                    <description/>
                    <item_prototypes>
                        <item_prototype>
                            <name>PN Лезвия {#SNMPVALUE} (Слот: {#SNMPINDEX})</name>
                            <type>4</type>
                            <snmp_community>{$COMMUNITY}</snmp_community>
                            <multiplier>0</multiplier>
                            <snmp_oid>cpqRackServerBladePartNumber.{#SNMPINDEX}</snmp_oid>
                            <key>cpqRackServerBladePartNumber.[&quot;{#SNMPINDEX}&quot;]</key>
                            <delay>3600</delay>
                            <history>90</history>
                            <trends>365</trends>
                            <status>0</status>
                            <value_type>4</value_type>
                            <allowed_hosts/>
                            <units/>
                            <delta>0</delta>
                            <snmpv3_contextname/>
                            <snmpv3_securityname/>
                            <snmpv3_securitylevel>0</snmpv3_securitylevel>
                            <snmpv3_authprotocol>0</snmpv3_authprotocol>
                            <snmpv3_authpassphrase/>
                            <snmpv3_privprotocol>0</snmpv3_privprotocol>
                            <snmpv3_privpassphrase/>
                            <formula>1</formula>
                            <delay_flex/>
                            <params/>
                            <ipmi_sensor/>
                            <data_type>0</data_type>
                            <authtype>0</authtype>
                            <username/>
                            <password/>
                            <publickey/>
                            <privatekey/>
                            <port>161</port>
                            <description/>
                            <inventory_link>0</inventory_link>
                            <applications>
                                <application>
                                    <name>Инвентарные данные</name>
                                </application>
                            </applications>
                            <valuemap/>
                        </item_prototype>
                        <item_prototype>
                            <name>SN Лезвия {#SNMPVALUE} (Слот: {#SNMPINDEX})</name>
                            <type>4</type>
                            <snmp_community>{$COMMUNITY}</snmp_community>
                            <multiplier>0</multiplier>
                            <snmp_oid>cpqRackServerBladeSerialNum.{#SNMPINDEX}</snmp_oid>
                            <key>cpqRackServerBladeSerialNum.[&quot;{#SNMPINDEX}&quot;]</key>
                            <delay>3600</delay>
                            <history>90</history>
                            <trends>365</trends>
                            <status>0</status>
                            <value_type>4</value_type>
                            <allowed_hosts/>
                            <units/>
                            <delta>0</delta>
                            <snmpv3_contextname/>
                            <snmpv3_securityname/>
                            <snmpv3_securitylevel>0</snmpv3_securitylevel>
                            <snmpv3_authprotocol>0</snmpv3_authprotocol>
                            <snmpv3_authpassphrase/>
                            <snmpv3_privprotocol>0</snmpv3_privprotocol>
                            <snmpv3_privpassphrase/>
                            <formula>1</formula>
                            <delay_flex/>
                            <params/>
                            <ipmi_sensor/>
                            <data_type>0</data_type>
                            <authtype>0</authtype>
                            <username/>
                            <password/>
                            <publickey/>
                            <privatekey/>
                            <port>161</port>
                            <description/>
                            <inventory_link>0</inventory_link>
                            <applications>
                                <application>
                                    <name>Инвентарные данные</name>
                                </application>
                            </applications>
                            <valuemap/>
                        </item_prototype>
                        <item_prototype>
                            <name>Статус Лезвия {#SNMPVALUE} (Слот: {#SNMPINDEX})</name>
                            <type>4</type>
                            <snmp_community>{$COMMUNITY}</snmp_community>
                            <multiplier>0</multiplier>
                            <snmp_oid>cpqRackServerBladeStatus.{#SNMPINDEX}</snmp_oid>
                            <key>cpqRackServerBladeStatus.[&quot;{#SNMPINDEX}&quot;]</key>
                            <delay>180</delay>
                            <history>45</history>
                            <trends>180</trends>
                            <status>0</status>
                            <value_type>3</value_type>
                            <allowed_hosts/>
                            <units/>
                            <delta>0</delta>
                            <snmpv3_contextname/>
                            <snmpv3_securityname/>
                            <snmpv3_securitylevel>0</snmpv3_securitylevel>
                            <snmpv3_authprotocol>0</snmpv3_authprotocol>
                            <snmpv3_authpassphrase/>
                            <snmpv3_privprotocol>0</snmpv3_privprotocol>
                            <snmpv3_privpassphrase/>
                            <formula>1</formula>
                            <delay_flex/>
                            <params/>
                            <ipmi_sensor/>
                            <data_type>0</data_type>
                            <authtype>0</authtype>
                            <username/>
                            <password/>
                            <publickey/>
                            <privatekey/>
                            <port>161</port>
                            <description/>
                            <inventory_link>0</inventory_link>
                            <applications>
                                <application>
                                    <name>Состояние</name>
                                </application>
                            </applications>
                            <valuemap>
                                <name>C7000 - Health Status</name>
                            </valuemap>
                        </item_prototype>
                    </item_prototypes>
                    <trigger_prototypes>
                        <trigger_prototype>
                            <expression>{bl7000_RU:cpqRackServerBladeStatus.[&quot;{#SNMPINDEX}&quot;].last()}#2</expression>
                            <name>Статус лезвия {#SNMPVALUE} в слоте {#SNMPINDEX}</name>
                            <url/>
                            <status>0</status>
                            <priority>4</priority>
                            <description/>
                            <type>0</type>
                        </trigger_prototype>
                    </trigger_prototypes>
                    <graph_prototypes/>
                    <host_prototypes/>
                </discovery_rule>
                <discovery_rule>
                    <name>Interconnect-модули</name>
                    <type>4</type>
                    <snmp_community>{$COMMUNITY}</snmp_community>
                    <snmp_oid>cpqRackNetConnectorPresent</snmp_oid>
                    <key>snmp.discovery_net</key>
                    <delay>43200</delay>
                    <status>0</status>
                    <allowed_hosts/>
                    <snmpv3_contextname/>
                    <snmpv3_securityname/>
                    <snmpv3_securitylevel>0</snmpv3_securitylevel>
                    <snmpv3_authprotocol>0</snmpv3_authprotocol>
                    <snmpv3_authpassphrase/>
                    <snmpv3_privprotocol>0</snmpv3_privprotocol>
                    <snmpv3_privpassphrase/>
                    <delay_flex/>
                    <params/>
                    <ipmi_sensor/>
                    <authtype>0</authtype>
                    <username/>
                    <password/>
                    <publickey/>
                    <privatekey/>
                    <port>161</port>
                    <filter>{#SNMPVALUE}:@HP_isPresent</filter>
                    <lifetime>1</lifetime>
                    <description/>
                    <item_prototypes>
                        <item_prototype>
                            <name>PN Interconnect-модуля (Слот: {#SNMPINDEX})</name>
                            <type>4</type>
                            <snmp_community>{$COMMUNITY}</snmp_community>
                            <multiplier>0</multiplier>
                            <snmp_oid>cpqRackNetConnectorPartNumber.{#SNMPINDEX}</snmp_oid>
                            <key>cpqRackNetConnectorPartNumber.[&quot;{#SNMPINDEX}&quot;]</key>
                            <delay>3600</delay>
                            <history>10</history>
                            <trends>365</trends>
                            <status>0</status>
                            <value_type>4</value_type>
                            <allowed_hosts/>
                            <units/>
                            <delta>0</delta>
                            <snmpv3_contextname/>
                            <snmpv3_securityname/>
                            <snmpv3_securitylevel>0</snmpv3_securitylevel>
                            <snmpv3_authprotocol>0</snmpv3_authprotocol>
                            <snmpv3_authpassphrase/>
                            <snmpv3_privprotocol>0</snmpv3_privprotocol>
                            <snmpv3_privpassphrase/>
                            <formula>1</formula>
                            <delay_flex/>
                            <params/>
                            <ipmi_sensor/>
                            <data_type>0</data_type>
                            <authtype>0</authtype>
                            <username/>
                            <password/>
                            <publickey/>
                            <privatekey/>
                            <port>161</port>
                            <description/>
                            <inventory_link>0</inventory_link>
                            <applications>
                                <application>
                                    <name>Инвентарные данные</name>
                                </application>
                            </applications>
                            <valuemap/>
                        </item_prototype>
                        <item_prototype>
                            <name>SN Interconnect-модуля (Слот: {#SNMPINDEX})</name>
                            <type>4</type>
                            <snmp_community>{$COMMUNITY}</snmp_community>
                            <multiplier>0</multiplier>
                            <snmp_oid>cpqRackNetConnectorSerialNum.{#SNMPINDEX}</snmp_oid>
                            <key>cpqRackNetConnectorSerialNum.[&quot;{#SNMPINDEX}&quot;]</key>
                            <delay>3600</delay>
                            <history>10</history>
                            <trends>365</trends>
                            <status>0</status>
                            <value_type>4</value_type>
                            <allowed_hosts/>
                            <units/>
                            <delta>0</delta>
                            <snmpv3_contextname/>
                            <snmpv3_securityname/>
                            <snmpv3_securitylevel>0</snmpv3_securitylevel>
                            <snmpv3_authprotocol>0</snmpv3_authprotocol>
                            <snmpv3_authpassphrase/>
                            <snmpv3_privprotocol>0</snmpv3_privprotocol>
                            <snmpv3_privpassphrase/>
                            <formula>1</formula>
                            <delay_flex/>
                            <params/>
                            <ipmi_sensor/>
                            <data_type>0</data_type>
                            <authtype>0</authtype>
                            <username/>
                            <password/>
                            <publickey/>
                            <privatekey/>
                            <port>161</port>
                            <description/>
                            <inventory_link>0</inventory_link>
                            <applications>
                                <application>
                                    <name>Инвентарные данные</name>
                                </application>
                            </applications>
                            <valuemap/>
                        </item_prototype>
                    </item_prototypes>
                    <trigger_prototypes/>
                    <graph_prototypes/>
                    <host_prototypes/>
                </discovery_rule>
                <discovery_rule>
                    <name>Блоки питания</name>
                    <type>4</type>
                    <snmp_community>{$COMMUNITY}</snmp_community>
                    <snmp_oid>cpqRackPowerSupplyPresent</snmp_oid>
                    <key>snmp.discovery_power</key>
                    <delay>43200</delay>
                    <status>0</status>
                    <allowed_hosts/>
                    <snmpv3_contextname/>
                    <snmpv3_securityname/>
                    <snmpv3_securitylevel>0</snmpv3_securitylevel>
                    <snmpv3_authprotocol>0</snmpv3_authprotocol>
                    <snmpv3_authpassphrase/>
                    <snmpv3_privprotocol>0</snmpv3_privprotocol>
                    <snmpv3_privpassphrase/>
                    <delay_flex/>
                    <params/>
                    <ipmi_sensor/>
                    <authtype>0</authtype>
                    <username/>
                    <password/>
                    <publickey/>
                    <privatekey/>
                    <port>161</port>
                    <filter>{#SNMPVALUE}:@HP_power</filter>
                    <lifetime>1</lifetime>
                    <description/>
                    <item_prototypes>
                        <item_prototype>
                            <name>Выходная нагрузка БП {#SNMPINDEX}</name>
                            <type>4</type>
                            <snmp_community>{$COMMUNITY}</snmp_community>
                            <multiplier>0</multiplier>
                            <snmp_oid>cpqRackPowerSupplyCurPwrOutput.{#SNMPINDEX}</snmp_oid>
                            <key>cpqRackPowerSupplyCurPwrOutput.[&quot;{#SNMPINDEX}&quot;]</key>
                            <delay>600</delay>
                            <history>60</history>
                            <trends>180</trends>
                            <status>0</status>
                            <value_type>3</value_type>
                            <allowed_hosts/>
                            <units>W</units>
                            <delta>0</delta>
                            <snmpv3_contextname/>
                            <snmpv3_securityname/>
                            <snmpv3_securitylevel>0</snmpv3_securitylevel>
                            <snmpv3_authprotocol>0</snmpv3_authprotocol>
                            <snmpv3_authpassphrase/>
                            <snmpv3_privprotocol>0</snmpv3_privprotocol>
                            <snmpv3_privpassphrase/>
                            <formula>1</formula>
                            <delay_flex/>
                            <params/>
                            <ipmi_sensor/>
                            <data_type>0</data_type>
                            <authtype>0</authtype>
                            <username/>
                            <password/>
                            <publickey/>
                            <privatekey/>
                            <port>161</port>
                            <description/>
                            <inventory_link>0</inventory_link>
                            <applications>
                                <application>
                                    <name>Состояние</name>
                                </application>
                            </applications>
                            <valuemap/>
                        </item_prototype>
                        <item_prototype>
                            <name>Статус БП {#SNMPINDEX}</name>
                            <type>4</type>
                            <snmp_community>{$COMMUNITY}</snmp_community>
                            <multiplier>0</multiplier>
                            <snmp_oid>cpqRackPowerSupplyStatus.{#SNMPINDEX}</snmp_oid>
                            <key>cpqRackPowerSupplyStatus.[&quot;{#SNMPINDEX}&quot;]</key>
                            <delay>600</delay>
                            <history>60</history>
                            <trends>180</trends>
                            <status>0</status>
                            <value_type>3</value_type>
                            <allowed_hosts/>
                            <units/>
                            <delta>0</delta>
                            <snmpv3_contextname/>
                            <snmpv3_securityname/>
                            <snmpv3_securitylevel>0</snmpv3_securitylevel>
                            <snmpv3_authprotocol>0</snmpv3_authprotocol>
                            <snmpv3_authpassphrase/>
                            <snmpv3_privprotocol>0</snmpv3_privprotocol>
                            <snmpv3_privpassphrase/>
                            <formula>1</formula>
                            <delay_flex/>
                            <params/>
                            <ipmi_sensor/>
                            <data_type>0</data_type>
                            <authtype>0</authtype>
                            <username/>
                            <password/>
                            <publickey/>
                            <privatekey/>
                            <port>161</port>
                            <description/>
                            <inventory_link>0</inventory_link>
                            <applications>
                                <application>
                                    <name>Состояние</name>
                                </application>
                            </applications>
                            <valuemap>
                                <name>C7000 - Power status</name>
                            </valuemap>
                        </item_prototype>
                        <item_prototype>
                            <name>Статус входа БП {#SNMPINDEX}</name>
                            <type>4</type>
                            <snmp_community>{$COMMUNITY}</snmp_community>
                            <multiplier>0</multiplier>
                            <snmp_oid>cpqRackPowerSupplyInputLineStatus.{#SNMPINDEX}</snmp_oid>
                            <key>cpqRackPowerSupplyInputLineStatus.[&quot;{#SNMPINDEX}&quot;]</key>
                            <delay>600</delay>
                            <history>60</history>
                            <trends>180</trends>
                            <status>0</status>
                            <value_type>3</value_type>
                            <allowed_hosts/>
                            <units/>
                            <delta>0</delta>
                            <snmpv3_contextname/>
                            <snmpv3_securityname/>
                            <snmpv3_securitylevel>0</snmpv3_securitylevel>
                            <snmpv3_authprotocol>0</snmpv3_authprotocol>
                            <snmpv3_authpassphrase/>
                            <snmpv3_privprotocol>0</snmpv3_privprotocol>
                            <snmpv3_privpassphrase/>
                            <formula>1</formula>
                            <delay_flex/>
                            <params/>
                            <ipmi_sensor/>
                            <data_type>0</data_type>
                            <authtype>0</authtype>
                            <username/>
                            <password/>
                            <publickey/>
                            <privatekey/>
                            <port>161</port>
                            <description/>
                            <inventory_link>0</inventory_link>
                            <applications>
                                <application>
                                    <name>Состояние</name>
                                </application>
                            </applications>
                            <valuemap>
                                <name>C7000 - Input power status</name>
                            </valuemap>
                        </item_prototype>
                    </item_prototypes>
                    <trigger_prototypes>
                        <trigger_prototype>
                            <expression>{bl7000_RU:cpqRackPowerSupplyStatus.[&quot;{#SNMPINDEX}&quot;].last()}#1</expression>
                            <name>Статус БП {#SNMINDEX}</name>
                            <url/>
                            <status>0</status>
                            <priority>4</priority>
                            <description/>
                            <type>0</type>
                        </trigger_prototype>
                        <trigger_prototype>
                            <expression>{bl7000_RU:cpqRackPowerSupplyInputLineStatus.[&quot;{#SNMPINDEX}&quot;].last()}#1</expression>
                            <name>Статус входного напряжения БП {#SNMPINDEX}</name>
                            <url/>
                            <status>0</status>
                            <priority>4</priority>
                            <description/>
                            <type>0</type>
                        </trigger_prototype>
                    </trigger_prototypes>
                    <graph_prototypes>
                        <graph_prototype>
                            <name>Нагрузка на БП {#SNMPINDEX}</name>
                            <width>900</width>
                            <height>200</height>
                            <yaxismin>0.0000</yaxismin>
                            <yaxismax>100.0000</yaxismax>
                            <show_work_period>1</show_work_period>
                            <show_triggers>1</show_triggers>
                            <type>0</type>
                            <show_legend>1</show_legend>
                            <show_3d>0</show_3d>
                            <percent_left>0.0000</percent_left>
                            <percent_right>0.0000</percent_right>
                            <ymin_type_1>0</ymin_type_1>
                            <ymax_type_1>0</ymax_type_1>
                            <ymin_item_1>0</ymin_item_1>
                            <ymax_item_1>0</ymax_item_1>
                            <graph_items>
                                <graph_item>
                                    <sortorder>0</sortorder>
                                    <drawtype>2</drawtype>
                                    <color>C80000</color>
                                    <yaxisside>0</yaxisside>
                                    <calc_fnc>2</calc_fnc>
                                    <type>0</type>
                                    <item>
                                        <host>bl7000_RU</host>
                                        <key>cpqRackPowerSupplyCurPwrOutput.[&quot;{#SNMPINDEX}&quot;]</key>
                                    </item>
                                </graph_item>
                            </graph_items>
                        </graph_prototype>
                    </graph_prototypes>
                    <host_prototypes/>
                </discovery_rule>
                <discovery_rule>
                    <name>Вентиляторные модули</name>
                    <type>4</type>
                    <snmp_community>{$COMMUNITY}</snmp_community>
                    <snmp_oid>cpqRackCommonEnclosureFanPresent</snmp_oid>
                    <key>snmp.discovery_fans</key>
                    <delay>43200</delay>
                    <status>0</status>
                    <allowed_hosts/>
                    <snmpv3_contextname/>
                    <snmpv3_securityname/>
                    <snmpv3_securitylevel>0</snmpv3_securitylevel>
                    <snmpv3_authprotocol>0</snmpv3_authprotocol>
                    <snmpv3_authpassphrase/>
                    <snmpv3_privprotocol>0</snmpv3_privprotocol>
                    <snmpv3_privpassphrase/>
                    <delay_flex/>
                    <params/>
                    <ipmi_sensor/>
                    <authtype>0</authtype>
                    <username/>
                    <password/>
                    <publickey/>
                    <privatekey/>
                    <port>161</port>
                    <filter>{#SNMPVALUE}:@HP_isPresent</filter>
                    <lifetime>1</lifetime>
                    <description/>
                    <item_prototypes>
                        <item_prototype>
                            <name>Статус Вентиляторного модуля {#SNMPINDEX}</name>
                            <type>4</type>
                            <snmp_community>{$COMMUNITY}</snmp_community>
                            <multiplier>0</multiplier>
                            <snmp_oid>cpqRackCommonEnclosureFanCondition.{#SNMPINDEX}</snmp_oid>
                            <key>cpqRackCommonEnclosureFanCondition.[&quot;{#SNMPINDEX}&quot;]</key>
                            <delay>600</delay>
                            <history>60</history>
                            <trends>90</trends>
                            <status>0</status>
                            <value_type>3</value_type>
                            <allowed_hosts/>
                            <units/>
                            <delta>0</delta>
                            <snmpv3_contextname/>
                            <snmpv3_securityname/>
                            <snmpv3_securitylevel>0</snmpv3_securitylevel>
                            <snmpv3_authprotocol>0</snmpv3_authprotocol>
                            <snmpv3_authpassphrase/>
                            <snmpv3_privprotocol>0</snmpv3_privprotocol>
                            <snmpv3_privpassphrase/>
                            <formula>1</formula>
                            <delay_flex/>
                            <params/>
                            <ipmi_sensor/>
                            <data_type>0</data_type>
                            <authtype>0</authtype>
                            <username/>
                            <password/>
                            <publickey/>
                            <privatekey/>
                            <port>161</port>
                            <description/>
                            <inventory_link>0</inventory_link>
                            <applications>
                                <application>
                                    <name>Состояние</name>
                                </application>
                            </applications>
                            <valuemap>
                                <name>C7000 - Health Status</name>
                            </valuemap>
                        </item_prototype>
                    </item_prototypes>
                    <trigger_prototypes>
                        <trigger_prototype>
                            <expression>{bl7000_RU:cpqRackCommonEnclosureFanCondition.[&quot;{#SNMPINDEX}&quot;].last()}#2</expression>
                            <name>Состояние вентиляторного модуля {#SNMPINDEX}</name>
                            <url/>
                            <status>0</status>
                            <priority>4</priority>
                            <description/>
                            <type>0</type>
                        </trigger_prototype>
                    </trigger_prototypes>
                    <graph_prototypes/>
                    <host_prototypes/>
                </discovery_rule>
                <discovery_rule>
                    <name>Температурные датчики</name>
                    <type>4</type>
                    <snmp_community>{$COMMUNITY}</snmp_community>
                    <snmp_oid>cpqRackCommonEnclosureTempLocation</snmp_oid>
                    <key>snmp.discovery_env</key>
                    <delay>43200</delay>
                    <status>0</status>
                    <allowed_hosts/>
                    <snmpv3_contextname/>
                    <snmpv3_securityname/>
                    <snmpv3_securitylevel>0</snmpv3_securitylevel>
                    <snmpv3_authprotocol>0</snmpv3_authprotocol>
                    <snmpv3_authpassphrase/>
                    <snmpv3_privprotocol>0</snmpv3_privprotocol>
                    <snmpv3_privpassphrase/>
                    <delay_flex/>
                    <params/>
                    <ipmi_sensor/>
                    <authtype>0</authtype>
                    <username/>
                    <password/>
                    <publickey/>
                    <privatekey/>
                    <port>161</port>
                    <filter>{#SNMPVALUE}:@HP_env</filter>
                    <lifetime>1</lifetime>
                    <description/>
                    <item_prototypes>
                        <item_prototype>
                            <name>Критическая температура ({#SNMPVALUE} ID: {#SNMPINDEX})</name>
                            <type>4</type>
                            <snmp_community>{$COMMUNITY}</snmp_community>
                            <multiplier>0</multiplier>
                            <snmp_oid>cpqRackCommonEnclosureTempThreshold.{#SNMPINDEX}</snmp_oid>
                            <key>cpqRackCommonEnclosureTempThreshold.[&quot;{#SNMPINDEX}&quot;]</key>
                            <delay>300</delay>
                            <history>60</history>
                            <trends>180</trends>
                            <status>0</status>
                            <value_type>3</value_type>
                            <allowed_hosts/>
                            <units>C</units>
                            <delta>0</delta>
                            <snmpv3_contextname/>
                            <snmpv3_securityname/>
                            <snmpv3_securitylevel>0</snmpv3_securitylevel>
                            <snmpv3_authprotocol>0</snmpv3_authprotocol>
                            <snmpv3_authpassphrase/>
                            <snmpv3_privprotocol>0</snmpv3_privprotocol>
                            <snmpv3_privpassphrase/>
                            <formula>1</formula>
                            <delay_flex/>
                            <params/>
                            <ipmi_sensor/>
                            <data_type>0</data_type>
                            <authtype>0</authtype>
                            <username/>
                            <password/>
                            <publickey/>
                            <privatekey/>
                            <port>161</port>
                            <description/>
                            <inventory_link>0</inventory_link>
                            <applications>
                                <application>
                                    <name>Окружающая среда</name>
                                </application>
                            </applications>
                            <valuemap/>
                        </item_prototype>
                        <item_prototype>
                            <name>Температура ({#SNMPVALUE}, ID: {#SNMPINDEX})</name>
                            <type>4</type>
                            <snmp_community>{$COMMUNITY}</snmp_community>
                            <multiplier>0</multiplier>
                            <snmp_oid>cpqRackCommonEnclosureTempCurrent.{#SNMPINDEX}</snmp_oid>
                            <key>cpqRackCommonEnclosureTempCurrent.[&quot;{#SNMPINDEX}&quot;]</key>
                            <delay>300</delay>
                            <history>60</history>
                            <trends>180</trends>
                            <status>0</status>
                            <value_type>3</value_type>
                            <allowed_hosts/>
                            <units>C</units>
                            <delta>0</delta>
                            <snmpv3_contextname/>
                            <snmpv3_securityname/>
                            <snmpv3_securitylevel>0</snmpv3_securitylevel>
                            <snmpv3_authprotocol>0</snmpv3_authprotocol>
                            <snmpv3_authpassphrase/>
                            <snmpv3_privprotocol>0</snmpv3_privprotocol>
                            <snmpv3_privpassphrase/>
                            <formula>1</formula>
                            <delay_flex/>
                            <params/>
                            <ipmi_sensor/>
                            <data_type>0</data_type>
                            <authtype>0</authtype>
                            <username/>
                            <password/>
                            <publickey/>
                            <privatekey/>
                            <port>161</port>
                            <description/>
                            <inventory_link>0</inventory_link>
                            <applications>
                                <application>
                                    <name>Окружающая среда</name>
                                </application>
                            </applications>
                            <valuemap/>
                        </item_prototype>
                    </item_prototypes>
                    <trigger_prototypes>
                        <trigger_prototype>
                            <expression>{bl7000_RU:cpqRackCommonEnclosureTempThreshold.[&quot;{#SNMPINDEX}&quot;].last()}-{bl7000_RU:cpqRackCommonEnclosureTempCurrent.[&quot;{#SNMPINDEX}&quot;].last()}&lt;10 &amp; {bl7000_RU:cpqRackCommonEnclosureTempCurrent.[&quot;{#SNMPINDEX}&quot;].last()}&gt;0</expression>
                            <name>Температура {#SNMPVALUE} близка к критичной (10C)</name>
                            <url/>
                            <status>0</status>
                            <priority>4</priority>
                            <description/>
                            <type>0</type>
                        </trigger_prototype>
                        <trigger_prototype>
                            <expression>{bl7000_RU:cpqRackCommonEnclosureTempThreshold.[&quot;{#SNMPINDEX}&quot;].last()}-{bl7000_RU:cpqRackCommonEnclosureTempCurrent.[&quot;{#SNMPINDEX}&quot;].last()}&lt;20 &amp; {bl7000_RU:cpqRackCommonEnclosureTempCurrent.[&quot;{#SNMPINDEX}&quot;].last()}&gt;0</expression>
                            <name>Температура {#SNMPVALUE} близка к критичной (20C)</name>
                            <url/>
                            <status>0</status>
                            <priority>3</priority>
                            <description/>
                            <type>0</type>
                        </trigger_prototype>
                    </trigger_prototypes>
                    <graph_prototypes>
                        <graph_prototype>
                            <name>Температура на датчике {#SNMPVALUE} (ID: {#SNMPINDEX})</name>
                            <width>900</width>
                            <height>200</height>
                            <yaxismin>0.0000</yaxismin>
                            <yaxismax>100.0000</yaxismax>
                            <show_work_period>1</show_work_period>
                            <show_triggers>1</show_triggers>
                            <type>0</type>
                            <show_legend>1</show_legend>
                            <show_3d>0</show_3d>
                            <percent_left>0.0000</percent_left>
                            <percent_right>0.0000</percent_right>
                            <ymin_type_1>0</ymin_type_1>
                            <ymax_type_1>0</ymax_type_1>
                            <ymin_item_1>0</ymin_item_1>
                            <ymax_item_1>0</ymax_item_1>
                            <graph_items>
                                <graph_item>
                                    <sortorder>0</sortorder>
                                    <drawtype>5</drawtype>
                                    <color>0000DD</color>
                                    <yaxisside>0</yaxisside>
                                    <calc_fnc>4</calc_fnc>
                                    <type>0</type>
                                    <item>
                                        <host>bl7000_RU</host>
                                        <key>cpqRackCommonEnclosureTempCurrent.[&quot;{#SNMPINDEX}&quot;]</key>
                                    </item>
                                </graph_item>
                                <graph_item>
                                    <sortorder>1</sortorder>
                                    <drawtype>0</drawtype>
                                    <color>990000</color>
                                    <yaxisside>0</yaxisside>
                                    <calc_fnc>4</calc_fnc>
                                    <type>0</type>
                                    <item>
                                        <host>bl7000_RU</host>
                                        <key>cpqRackCommonEnclosureTempThreshold.[&quot;{#SNMPINDEX}&quot;]</key>
                                    </item>
                                </graph_item>
                            </graph_items>
                        </graph_prototype>
                    </graph_prototypes>
                    <host_prototypes/>
                </discovery_rule>
            </discovery_rules>
            <macros/>
            <templates/>
            <screens/>
        </template>
    </templates>
    <triggers>
        <trigger>
            <expression>{bl7000_RU:sysUpTime.0.nodata(1200)}=1</expression>
            <name>{HOST.NAME} : Нет данных более 20 мин.</name>
            <url/>
            <status>0</status>
            <priority>3</priority>
            <description/>
            <type>0</type>
            <dependencies/>
        </trigger>
        <trigger>
            <expression>{bl7000_RU:sysUpTime.0.last()}&lt;600</expression>
            <name>{HOST.NAME} был перезагружен</name>
            <url/>
            <status>0</status>
            <priority>1</priority>
            <description/>
            <type>0</type>
            <dependencies/>
        </trigger>
        <trigger>
            <expression>{bl7000_RU:cpqRackPowerEnclosureRedundant.1.last()}#3</expression>
            <name>Отказоустойчивость питания блейд-шасси {HOST.NAME}</name>
            <url/>
            <status>0</status>
            <priority>3</priority>
            <description/>
            <type>0</type>
            <dependencies/>
        </trigger>
    </triggers>
</zabbix_export>
