<?xml version="1.0" encoding="UTF-8"?>
<zabbix_export>
    <version>4.0</version>
    <date>2020-02-12T18:51:45Z</date>
    <groups>
        <group>
            <name>Templates/Applications</name>
        </group>
    </groups>
    <templates>
        <template>
            <template>TEMPLATE-PRINT-SERVER</template>
            <name>TEMPLATE-PRINT-SERVER</name>
            <description/>
            <groups>
                <group>
                    <name>Templates/Applications</name>
                </group>
            </groups>
            <applications>
                <application>
                    <name>Serviço Print Spooler</name>
                </application>
            </applications>
            <items>
                <item>
                    <name>Serviço Print Spooler</name>
                    <type>0</type>
                    <snmp_community/>
                    <snmp_oid/>
                    <key>service.info[Spooler]</key>
                    <delay>30s</delay>
                    <history>90d</history>
                    <trends>365d</trends>
                    <status>0</status>
                    <value_type>3</value_type>
                    <allowed_hosts/>
                    <units/>
                    <snmpv3_contextname/>
                    <snmpv3_securityname/>
                    <snmpv3_securitylevel>0</snmpv3_securitylevel>
                    <snmpv3_authprotocol>0</snmpv3_authprotocol>
                    <snmpv3_authpassphrase/>
                    <snmpv3_privprotocol>0</snmpv3_privprotocol>
                    <snmpv3_privpassphrase/>
                    <params/>
                    <ipmi_sensor/>
                    <authtype>0</authtype>
                    <username/>
                    <password/>
                    <publickey/>
                    <privatekey/>
                    <port/>
                    <description/>
                    <inventory_link>0</inventory_link>
                    <applications>
                        <application>
                            <name>Serviço Print Spooler</name>
                        </application>
                    </applications>
                    <valuemap>
                        <name>Windows service state</name>
                    </valuemap>
                    <logtimefmt/>
                    <preprocessing/>
                    <jmx_endpoint/>
                    <timeout>3s</timeout>
                    <url/>
                    <query_fields/>
                    <posts/>
                    <status_codes>200</status_codes>
                    <follow_redirects>1</follow_redirects>
                    <post_type>0</post_type>
                    <http_proxy/>
                    <headers/>
                    <retrieve_mode>0</retrieve_mode>
                    <request_method>0</request_method>
                    <output_format>0</output_format>
                    <allow_traps>0</allow_traps>
                    <ssl_cert_file/>
                    <ssl_key_file/>
                    <ssl_key_password/>
                    <verify_peer>0</verify_peer>
                    <verify_host>0</verify_host>
                    <master_item/>
                </item>
            </items>
            <discovery_rules>
                <discovery_rule>
                    <name>Descoberta de Impressoras LLD</name>
                    <type>0</type>
                    <snmp_community/>
                    <snmp_oid/>
                    <key>discovery.print[DISCOVERY]</key>
                    <delay>1d</delay>
                    <status>0</status>
                    <allowed_hosts/>
                    <snmpv3_contextname/>
                    <snmpv3_securityname/>
                    <snmpv3_securitylevel>0</snmpv3_securitylevel>
                    <snmpv3_authprotocol>0</snmpv3_authprotocol>
                    <snmpv3_authpassphrase/>
                    <snmpv3_privprotocol>0</snmpv3_privprotocol>
                    <snmpv3_privpassphrase/>
                    <params/>
                    <ipmi_sensor/>
                    <authtype>0</authtype>
                    <username/>
                    <password/>
                    <publickey/>
                    <privatekey/>
                    <port/>
                    <filter>
                        <evaltype>0</evaltype>
                        <formula/>
                        <conditions/>
                    </filter>
                    <lifetime>0d</lifetime>
                    <description/>
                    <item_prototypes>
                        <item_prototype>
                            <name>Histórico de Impressões</name>
                            <type>0</type>
                            <snmp_community/>
                            <snmp_oid/>
                            <key>discovery.print[HISTORICO,&quot;{#IMPRESSORAS}&quot;]</key>
                            <delay>15s</delay>
                            <history>7d</history>
                            <trends>0</trends>
                            <status>0</status>
                            <value_type>4</value_type>
                            <allowed_hosts/>
                            <units/>
                            <snmpv3_contextname/>
                            <snmpv3_securityname/>
                            <snmpv3_securitylevel>0</snmpv3_securitylevel>
                            <snmpv3_authprotocol>0</snmpv3_authprotocol>
                            <snmpv3_authpassphrase/>
                            <snmpv3_privprotocol>0</snmpv3_privprotocol>
                            <snmpv3_privpassphrase/>
                            <params/>
                            <ipmi_sensor/>
                            <authtype>0</authtype>
                            <username/>
                            <password/>
                            <publickey/>
                            <privatekey/>
                            <port/>
                            <description/>
                            <inventory_link>0</inventory_link>
                            <applications/>
                            <valuemap/>
                            <logtimefmt/>
                            <preprocessing/>
                            <jmx_endpoint/>
                            <timeout>3s</timeout>
                            <url/>
                            <query_fields/>
                            <posts/>
                            <status_codes>200</status_codes>
                            <follow_redirects>1</follow_redirects>
                            <post_type>0</post_type>
                            <http_proxy/>
                            <headers/>
                            <retrieve_mode>0</retrieve_mode>
                            <request_method>0</request_method>
                            <output_format>0</output_format>
                            <allow_traps>0</allow_traps>
                            <ssl_cert_file/>
                            <ssl_key_file/>
                            <ssl_key_password/>
                            <verify_peer>0</verify_peer>
                            <verify_host>0</verify_host>
                            <application_prototypes>
                                <application_prototype>
                                    <name>Informacoes da Impressora {#IMPRESSORAS}</name>
                                </application_prototype>
                            </application_prototypes>
                            <master_item/>
                        </item_prototype>
                        <item_prototype>
                            <name>IP da Impressora</name>
                            <type>0</type>
                            <snmp_community/>
                            <snmp_oid/>
                            <key>discovery.print[IP,&quot;{#IMPRESSORAS}&quot;]</key>
                            <delay>1d</delay>
                            <history>7d</history>
                            <trends>0</trends>
                            <status>0</status>
                            <value_type>4</value_type>
                            <allowed_hosts/>
                            <units/>
                            <snmpv3_contextname/>
                            <snmpv3_securityname/>
                            <snmpv3_securitylevel>0</snmpv3_securitylevel>
                            <snmpv3_authprotocol>0</snmpv3_authprotocol>
                            <snmpv3_authpassphrase/>
                            <snmpv3_privprotocol>0</snmpv3_privprotocol>
                            <snmpv3_privpassphrase/>
                            <params/>
                            <ipmi_sensor/>
                            <authtype>0</authtype>
                            <username/>
                            <password/>
                            <publickey/>
                            <privatekey/>
                            <port/>
                            <description/>
                            <inventory_link>0</inventory_link>
                            <applications/>
                            <valuemap/>
                            <logtimefmt/>
                            <preprocessing/>
                            <jmx_endpoint/>
                            <timeout>3s</timeout>
                            <url/>
                            <query_fields/>
                            <posts/>
                            <status_codes>200</status_codes>
                            <follow_redirects>1</follow_redirects>
                            <post_type>0</post_type>
                            <http_proxy/>
                            <headers/>
                            <retrieve_mode>0</retrieve_mode>
                            <request_method>0</request_method>
                            <output_format>0</output_format>
                            <allow_traps>0</allow_traps>
                            <ssl_cert_file/>
                            <ssl_key_file/>
                            <ssl_key_password/>
                            <verify_peer>0</verify_peer>
                            <verify_host>0</verify_host>
                            <application_prototypes>
                                <application_prototype>
                                    <name>Informacoes da Impressora {#IMPRESSORAS}</name>
                                </application_prototype>
                            </application_prototypes>
                            <master_item/>
                        </item_prototype>
                        <item_prototype>
                            <name>Nome da Impressora</name>
                            <type>0</type>
                            <snmp_community/>
                            <snmp_oid/>
                            <key>discovery.print[NOME,&quot;{#IMPRESSORAS}&quot;]</key>
                            <delay>1d</delay>
                            <history>7d</history>
                            <trends>0</trends>
                            <status>0</status>
                            <value_type>4</value_type>
                            <allowed_hosts/>
                            <units/>
                            <snmpv3_contextname/>
                            <snmpv3_securityname/>
                            <snmpv3_securitylevel>0</snmpv3_securitylevel>
                            <snmpv3_authprotocol>0</snmpv3_authprotocol>
                            <snmpv3_authpassphrase/>
                            <snmpv3_privprotocol>0</snmpv3_privprotocol>
                            <snmpv3_privpassphrase/>
                            <params/>
                            <ipmi_sensor/>
                            <authtype>0</authtype>
                            <username/>
                            <password/>
                            <publickey/>
                            <privatekey/>
                            <port/>
                            <description/>
                            <inventory_link>0</inventory_link>
                            <applications/>
                            <valuemap/>
                            <logtimefmt/>
                            <preprocessing/>
                            <jmx_endpoint/>
                            <timeout>3s</timeout>
                            <url/>
                            <query_fields/>
                            <posts/>
                            <status_codes>200</status_codes>
                            <follow_redirects>1</follow_redirects>
                            <post_type>0</post_type>
                            <http_proxy/>
                            <headers/>
                            <retrieve_mode>0</retrieve_mode>
                            <request_method>0</request_method>
                            <output_format>0</output_format>
                            <allow_traps>0</allow_traps>
                            <ssl_cert_file/>
                            <ssl_key_file/>
                            <ssl_key_password/>
                            <verify_peer>0</verify_peer>
                            <verify_host>0</verify_host>
                            <application_prototypes>
                                <application_prototype>
                                    <name>Informacoes da Impressora {#IMPRESSORAS}</name>
                                </application_prototype>
                            </application_prototypes>
                            <master_item/>
                        </item_prototype>
                        <item_prototype>
                            <name>Status da Impressora</name>
                            <type>0</type>
                            <snmp_community/>
                            <snmp_oid/>
                            <key>discovery.print[STATUS,&quot;{#IMPRESSORAS}&quot;]</key>
                            <delay>1m</delay>
                            <history>7d</history>
                            <trends>365d</trends>
                            <status>0</status>
                            <value_type>3</value_type>
                            <allowed_hosts/>
                            <units/>
                            <snmpv3_contextname/>
                            <snmpv3_securityname/>
                            <snmpv3_securitylevel>0</snmpv3_securitylevel>
                            <snmpv3_authprotocol>0</snmpv3_authprotocol>
                            <snmpv3_authpassphrase/>
                            <snmpv3_privprotocol>0</snmpv3_privprotocol>
                            <snmpv3_privpassphrase/>
                            <params/>
                            <ipmi_sensor/>
                            <authtype>0</authtype>
                            <username/>
                            <password/>
                            <publickey/>
                            <privatekey/>
                            <port/>
                            <description/>
                            <inventory_link>0</inventory_link>
                            <applications/>
                            <valuemap>
                                <name>Status da Impressora</name>
                            </valuemap>
                            <logtimefmt/>
                            <preprocessing/>
                            <jmx_endpoint/>
                            <timeout>3s</timeout>
                            <url/>
                            <query_fields/>
                            <posts/>
                            <status_codes>200</status_codes>
                            <follow_redirects>1</follow_redirects>
                            <post_type>0</post_type>
                            <http_proxy/>
                            <headers/>
                            <retrieve_mode>0</retrieve_mode>
                            <request_method>0</request_method>
                            <output_format>0</output_format>
                            <allow_traps>0</allow_traps>
                            <ssl_cert_file/>
                            <ssl_key_file/>
                            <ssl_key_password/>
                            <verify_peer>0</verify_peer>
                            <verify_host>0</verify_host>
                            <application_prototypes>
                                <application_prototype>
                                    <name>Informacoes da Impressora {#IMPRESSORAS}</name>
                                </application_prototype>
                            </application_prototypes>
                            <master_item/>
                        </item_prototype>
                    </item_prototypes>
                    <trigger_prototypes>
                        <trigger_prototype>
                            <expression>{TEMPLATE-PRINT-SERVER:discovery.print[STATUS,&quot;{#IMPRESSORAS}&quot;].max(#3)}=9</expression>
                            <recovery_mode>0</recovery_mode>
                            <recovery_expression/>
                            <name>Verificar Impressora {#IMPRESSORAS}</name>
                            <correlation_mode>0</correlation_mode>
                            <correlation_tag/>
                            <url/>
                            <status>0</status>
                            <priority>4</priority>
                            <description/>
                            <type>0</type>
                            <manual_close>0</manual_close>
                            <dependencies/>
                            <tags/>
                        </trigger_prototype>
                    </trigger_prototypes>
                    <graph_prototypes/>
                    <host_prototypes/>
                    <jmx_endpoint/>
                    <timeout>3s</timeout>
                    <url/>
                    <query_fields/>
                    <posts/>
                    <status_codes>200</status_codes>
                    <follow_redirects>1</follow_redirects>
                    <post_type>0</post_type>
                    <http_proxy/>
                    <headers/>
                    <retrieve_mode>0</retrieve_mode>
                    <request_method>0</request_method>
                    <allow_traps>0</allow_traps>
                    <ssl_cert_file/>
                    <ssl_key_file/>
                    <ssl_key_password/>
                    <verify_peer>0</verify_peer>
                    <verify_host>0</verify_host>
                </discovery_rule>
            </discovery_rules>
            <httptests/>
            <macros/>
            <templates/>
            <screens/>
        </template>
    </templates>
    <triggers>
        <trigger>
            <expression>{TEMPLATE-PRINT-SERVER:service.info[Spooler].last(#3)}&lt;&gt;0</expression>
            <recovery_mode>0</recovery_mode>
            <recovery_expression/>
            <name>Serviço Print Spooler Parado</name>
            <correlation_mode>0</correlation_mode>
            <correlation_tag/>
            <url/>
            <status>0</status>
            <priority>4</priority>
            <description/>
            <type>0</type>
            <manual_close>0</manual_close>
            <dependencies/>
            <tags/>
        </trigger>
    </triggers>
    <value_maps>
        <value_map>
            <name>Status da Impressora</name>
            <mappings>
                <mapping>
                    <value>0</value>
                    <newvalue>Ok</newvalue>
                </mapping>
                <mapping>
                    <value>2</value>
                    <newvalue>Ok</newvalue>
                </mapping>
                <mapping>
                    <value>3</value>
                    <newvalue>Pouco Papel</newvalue>
                </mapping>
                <mapping>
                    <value>4</value>
                    <newvalue>Sem Papel</newvalue>
                </mapping>
                <mapping>
                    <value>7</value>
                    <newvalue>Gaveta Aberta</newvalue>
                </mapping>
                <mapping>
                    <value>9</value>
                    <newvalue>Offline</newvalue>
                </mapping>
            </mappings>
        </value_map>
        <value_map>
            <name>Windows service state</name>
            <mappings>
                <mapping>
                    <value>0</value>
                    <newvalue>Executando</newvalue>
                </mapping>
                <mapping>
                    <value>1</value>
                    <newvalue>Pausado</newvalue>
                </mapping>
                <mapping>
                    <value>2</value>
                    <newvalue>Iniciar Pendente</newvalue>
                </mapping>
                <mapping>
                    <value>3</value>
                    <newvalue>Pausa Pendente</newvalue>
                </mapping>
                <mapping>
                    <value>4</value>
                    <newvalue>Continuar Pendente</newvalue>
                </mapping>
                <mapping>
                    <value>5</value>
                    <newvalue>Parar Pendente</newvalue>
                </mapping>
                <mapping>
                    <value>6</value>
                    <newvalue>Parado</newvalue>
                </mapping>
                <mapping>
                    <value>7</value>
                    <newvalue>Desconhecido</newvalue>
                </mapping>
                <mapping>
                    <value>255</value>
                    <newvalue>Serviço não encontrado</newvalue>
                </mapping>
            </mappings>
        </value_map>
    </value_maps>
</zabbix_export>
